ISO-10303-21;
HEADER;
FILE_DESCRIPTION(('KiCad electronic assembly'),'2;1');
FILE_NAME('board.step','2026-10-02T11:02:55',('Pcbnew'),('Kicad'),
  'Open CASCADE STEP processor 7.6','KiCad to STEP converter','Unknown'
  );
FILE_SCHEMA(('AUTOMOTIVE_DESIGN { 1 0 10303 214 1 1 1 1 }'));
ENDSEC;
DATA;
#1 = APPLICATION_PROTOCOL_DEFINITION('international standard',
  'automotive_design',2000,#2);
#2 = APPLICATION_CONTEXT(
  'core data for automotive mechanical design processes');
#3 = SHAPE_DEFINITION_REPRESENTATION(#4,#10);
#4 = PRODUCT_DEFINITION_SHAPE('','',#5);
#5 = PRODUCT_DEFINITION('design','',#6,#9);
#6 = PRODUCT_DEFINITION_FORMATION('','',#7);
#7 = PRODUCT('board 1','board 1','',(#8));
#8 = PRODUCT_CONTEXT('',#2,'mechanical');
#9 = PRODUCT_DEFINITION_CONTEXT('part definition',#2,'design');
#10 = SHAPE_REPRESENTATION('',(#11,#15),#19);
#11 = AXIS2_PLACEMENT_3D('',#12,#13,#14);
#12 = CARTESIAN_POINT('',(0.,0.,0.));
#13 = DIRECTION('',(0.,0.,1.));
#14 = DIRECTION('',(1.,0.,-0.));
#15 = AXIS2_PLACEMENT_3D('',#16,#17,#18);
#16 = CARTESIAN_POINT('',(0.,0.,0.));
#17 = DIRECTION('',(0.,0.,1.));
#18 = DIRECTION('',(1.,0.,-0.));
#19 = ( GEOMETRIC_REPRESENTATION_CONTEXT(3) 
GLOBAL_UNCERTAINTY_ASSIGNED_CONTEXT((#23)) GLOBAL_UNIT_ASSIGNED_CONTEXT(
(#20,#21,#22)) REPRESENTATION_CONTEXT('Context #1',
  '3D Context with UNIT and UNCERTAINTY') );
#20 = ( LENGTH_UNIT() NAMED_UNIT(*) SI_UNIT(.MILLI.,.METRE.) );
#21 = ( NAMED_UNIT(*) PLANE_ANGLE_UNIT() SI_UNIT($,.RADIAN.) );
#22 = ( NAMED_UNIT(*) SI_UNIT($,.STERADIAN.) SOLID_ANGLE_UNIT() );
#23 = UNCERTAINTY_MEASURE_WITH_UNIT(LENGTH_MEASURE(1.E-07),#20,
  'distance_accuracy_value','confusion accuracy');
#24 = PRODUCT_RELATED_PRODUCT_CATEGORY('part',$,(#7));
#25 = SHAPE_DEFINITION_REPRESENTATION(#26,#32);
#26 = PRODUCT_DEFINITION_SHAPE('','',#27);
#27 = PRODUCT_DEFINITION('design','',#28,#31);
#28 = PRODUCT_DEFINITION_FORMATION('','',#29);
#29 = PRODUCT('rl_fc_f405 PCB','rl_fc_f405 PCB','',(#30));
#30 = PRODUCT_CONTEXT('',#2,'mechanical');
#31 = PRODUCT_DEFINITION_CONTEXT('part definition',#2,'design');
#32 = ADVANCED_BREP_SHAPE_REPRESENTATION('',(#11,#33),#12667);
#33 = MANIFOLD_SOLID_BREP('',#34);
#34 = CLOSED_SHELL('',(#35,#155,#231,#307,#4845,#8448,#8475,#8502,#8529,
    #8556,#8583,#8610,#8637,#8664,#8691,#8718,#8745,#8772,#8799,#8826,
    #8853,#8880,#8907,#8934,#8961,#8988,#9015,#9042,#9069,#9096,#9123,
    #9150,#9177,#9204,#9231,#9258,#9285,#9312,#9339,#9366,#9393,#9420,
    #9447,#9474,#9501,#9528,#9555,#9582,#9609,#9636,#9663,#9690,#9717,
    #9744,#9771,#9798,#9825,#9852,#9879,#9906,#9933,#9960,#9967,#9994,
    #10021,#10048,#10075,#10102,#10129,#10156,#10183,#10210,#10237,
    #10264,#10291,#10318,#10345,#10372,#10399,#10426,#10473,#10500,
    #10527,#10554,#10581,#10608,#10635,#10662,#10689,#10716,#10743,
    #10770,#10797,#10824,#10851,#10878,#10905,#10932,#10959,#10966,
    #10993,#11040,#11067,#11094,#11121,#11148,#11175,#11202,#11229,
    #11256,#11283,#11310,#11337,#11364,#11391,#11418,#11445,#11472,
    #11499,#11526,#11533,#11560,#11607,#11634,#11661,#11688,#11715,
    #11742,#11769,#11796,#11823,#11850,#11877,#11904,#11931,#11958,
    #11985,#12012,#12039,#12066,#12093,#12100,#12147,#12174,#12201,
    #12228,#12255,#12282,#12309,#12336,#12363,#12390,#12417,#12444,
    #12471,#12498,#12525,#12552,#12579,#12606,#12633,#12640));
#35 = ADVANCED_FACE('',(#36),#50,.T.);
#36 = FACE_BOUND('',#37,.T.);
#37 = EDGE_LOOP('',(#38,#73,#101,#129));
#38 = ORIENTED_EDGE('',*,*,#39,.T.);
#39 = EDGE_CURVE('',#40,#42,#44,.T.);
#40 = VERTEX_POINT('',#41);
#41 = CARTESIAN_POINT('',(133.335893,-100.018863,0.));
#42 = VERTEX_POINT('',#43);
#43 = CARTESIAN_POINT('',(133.335893,-100.018863,1.6));
#44 = SURFACE_CURVE('',#45,(#49,#61),.PCURVE_S1.);
#45 = LINE('',#46,#47);
#46 = CARTESIAN_POINT('',(133.335893,-100.018863,0.));
#47 = VECTOR('',#48,1.);
#48 = DIRECTION('',(0.,0.,1.));
#49 = PCURVE('',#50,#55);
#50 = PLANE('',#51);
#51 = AXIS2_PLACEMENT_3D('',#52,#53,#54);
#52 = CARTESIAN_POINT('',(133.335893,-100.018863,0.));
#53 = DIRECTION('',(0.167506224545,0.985871018308,-0.));
#54 = DIRECTION('',(0.985871018308,-0.167506224545,0.));
#55 = DEFINITIONAL_REPRESENTATION('',(#56),#60);
#56 = LINE('',#57,#58);
#57 = CARTESIAN_POINT('',(0.,0.));
#58 = VECTOR('',#59,1.);
#59 = DIRECTION('',(0.,-1.));
#60 = ( GEOMETRIC_REPRESENTATION_CONTEXT(2) 
PARAMETRIC_REPRESENTATION_CONTEXT() REPRESENTATION_CONTEXT('2D SPACE',''
  ) );
#61 = PCURVE('',#62,#67);
#62 = PLANE('',#63);
#63 = AXIS2_PLACEMENT_3D('',#64,#65,#66);
#64 = CARTESIAN_POINT('',(133.,-100.,0.));
#65 = DIRECTION('',(5.606942121021E-02,0.998426872638,-0.));
#66 = DIRECTION('',(0.998426872638,-5.606942121021E-02,0.));
#67 = DEFINITIONAL_REPRESENTATION('',(#68),#72);
#68 = LINE('',#69,#70);
#69 = CARTESIAN_POINT('',(0.336422235023,0.));
#70 = VECTOR('',#71,1.);
#71 = DIRECTION('',(0.,-1.));
#72 = ( GEOMETRIC_REPRESENTATION_CONTEXT(2) 
PARAMETRIC_REPRESENTATION_CONTEXT() REPRESENTATION_CONTEXT('2D SPACE',''
  ) );
#73 = ORIENTED_EDGE('',*,*,#74,.T.);
#74 = EDGE_CURVE('',#42,#75,#77,.T.);
#75 = VERTEX_POINT('',#76);
#76 = CARTESIAN_POINT('',(133.667563,-100.075216,1.6));
#77 = SURFACE_CURVE('',#78,(#82,#89),.PCURVE_S1.);
#78 = LINE('',#79,#80);
#79 = CARTESIAN_POINT('',(133.335893,-100.018863,1.6));
#80 = VECTOR('',#81,1.);
#81 = DIRECTION('',(0.985871018308,-0.167506224545,0.));
#82 = PCURVE('',#50,#83);
#83 = DEFINITIONAL_REPRESENTATION('',(#84),#88);
#84 = LINE('',#85,#86);
#85 = CARTESIAN_POINT('',(0.,-1.6));
#86 = VECTOR('',#87,1.);
#87 = DIRECTION('',(1.,0.));
#88 = ( GEOMETRIC_REPRESENTATION_CONTEXT(2) 
PARAMETRIC_REPRESENTATION_CONTEXT() REPRESENTATION_CONTEXT('2D SPACE',''
  ) );
#89 = PCURVE('',#90,#95);
#90 = PLANE('',#91);
#91 = AXIS2_PLACEMENT_3D('',#92,#93,#94);
#92 = CARTESIAN_POINT('',(118.,-118.,1.6));
#93 = DIRECTION('',(-0.,-0.,-1.));
#94 = DIRECTION('',(-1.,0.,0.));
#95 = DEFINITIONAL_REPRESENTATION('',(#96),#100);
#96 = LINE('',#97,#98);
#97 = CARTESIAN_POINT('',(-15.335893,17.981137));
#98 = VECTOR('',#99,1.);
#99 = DIRECTION('',(-0.985871018308,-0.167506224545));
#100 = ( GEOMETRIC_REPRESENTATION_CONTEXT(2) 
PARAMETRIC_REPRESENTATION_CONTEXT() REPRESENTATION_CONTEXT('2D SPACE',''
  ) );
#101 = ORIENTED_EDGE('',*,*,#102,.F.);
#102 = EDGE_CURVE('',#103,#75,#105,.T.);
#103 = VERTEX_POINT('',#104);
#104 = CARTESIAN_POINT('',(133.667563,-100.075216,0.));
#105 = SURFACE_CURVE('',#106,(#110,#117),.PCURVE_S1.);
#106 = LINE('',#107,#108);
#107 = CARTESIAN_POINT('',(133.667563,-100.075216,0.));
#108 = VECTOR('',#109,1.);
#109 = DIRECTION('',(0.,0.,1.));
#110 = PCURVE('',#50,#111);
#111 = DEFINITIONAL_REPRESENTATION('',(#112),#116);
#112 = LINE('',#113,#114);
#113 = CARTESIAN_POINT('',(0.336423318914,0.));
#114 = VECTOR('',#115,1.);
#115 = DIRECTION('',(0.,-1.));
#116 = ( GEOMETRIC_REPRESENTATION_CONTEXT(2) 
PARAMETRIC_REPRESENTATION_CONTEXT() REPRESENTATION_CONTEXT('2D SPACE',''
  ) );
#117 = PCURVE('',#118,#123);
#118 = PLANE('',#119);
#119 = AXIS2_PLACEMENT_3D('',#120,#121,#122);
#120 = CARTESIAN_POINT('',(133.667563,-100.075216,0.));
#121 = DIRECTION('',(0.276836513242,0.960917033326,-0.));
#122 = DIRECTION('',(0.960917033326,-0.276836513242,0.));
#123 = DEFINITIONAL_REPRESENTATION('',(#124),#128);
#124 = LINE('',#125,#126);
#125 = CARTESIAN_POINT('',(0.,0.));
#126 = VECTOR('',#127,1.);
#127 = DIRECTION('',(0.,-1.));
#128 = ( GEOMETRIC_REPRESENTATION_CONTEXT(2) 
PARAMETRIC_REPRESENTATION_CONTEXT() REPRESENTATION_CONTEXT('2D SPACE',''
  ) );
#129 = ORIENTED_EDGE('',*,*,#130,.F.);
#130 = EDGE_CURVE('',#40,#103,#131,.T.);
#131 = SURFACE_CURVE('',#132,(#136,#143),.PCURVE_S1.);
#132 = LINE('',#133,#134);
#133 = CARTESIAN_POINT('',(133.335893,-100.018863,0.));
#134 = VECTOR('',#135,1.);
#135 = DIRECTION('',(0.985871018308,-0.167506224545,0.));
#136 = PCURVE('',#50,#137);
#137 = DEFINITIONAL_REPRESENTATION('',(#138),#142);
#138 = LINE('',#139,#140);
#139 = CARTESIAN_POINT('',(0.,0.));
#140 = VECTOR('',#141,1.);
#141 = DIRECTION('',(1.,0.));
#142 = ( GEOMETRIC_REPRESENTATION_CONTEXT(2) 
PARAMETRIC_REPRESENTATION_CONTEXT() REPRESENTATION_CONTEXT('2D SPACE',''
  ) );
#143 = PCURVE('',#144,#149);
#144 = PLANE('',#145);
#145 = AXIS2_PLACEMENT_3D('',#146,#147,#148);
#146 = CARTESIAN_POINT('',(118.,-118.,0.));
#147 = DIRECTION('',(-0.,-0.,-1.));
#148 = DIRECTION('',(-1.,0.,0.));
#149 = DEFINITIONAL_REPRESENTATION('',(#150),#154);
#150 = LINE('',#151,#152);
#151 = CARTESIAN_POINT('',(-15.335893,17.981137));
#152 = VECTOR('',#153,1.);
#153 = DIRECTION('',(-0.985871018308,-0.167506224545));
#154 = ( GEOMETRIC_REPRESENTATION_CONTEXT(2) 
PARAMETRIC_REPRESENTATION_CONTEXT() REPRESENTATION_CONTEXT('2D SPACE',''
  ) );
#155 = ADVANCED_FACE('',(#156),#62,.T.);
#156 = FACE_BOUND('',#157,.T.);
#157 = EDGE_LOOP('',(#158,#188,#209,#210));
#158 = ORIENTED_EDGE('',*,*,#159,.T.);
#159 = EDGE_CURVE('',#160,#162,#164,.T.);
#160 = VERTEX_POINT('',#161);
#161 = CARTESIAN_POINT('',(133.,-100.,0.));
#162 = VERTEX_POINT('',#163);
#163 = CARTESIAN_POINT('',(133.,-100.,1.6));
#164 = SURFACE_CURVE('',#165,(#169,#176),.PCURVE_S1.);
#165 = LINE('',#166,#167);
#166 = CARTESIAN_POINT('',(133.,-100.,0.));
#167 = VECTOR('',#168,1.);
#168 = DIRECTION('',(0.,0.,1.));
#169 = PCURVE('',#62,#170);
#170 = DEFINITIONAL_REPRESENTATION('',(#171),#175);
#171 = LINE('',#172,#173);
#172 = CARTESIAN_POINT('',(0.,0.));
#173 = VECTOR('',#174,1.);
#174 = DIRECTION('',(0.,-1.));
#175 = ( GEOMETRIC_REPRESENTATION_CONTEXT(2) 
PARAMETRIC_REPRESENTATION_CONTEXT() REPRESENTATION_CONTEXT('2D SPACE',''
  ) );
#176 = PCURVE('',#177,#182);
#177 = PLANE('',#178);
#178 = AXIS2_PLACEMENT_3D('',#179,#180,#181);
#179 = CARTESIAN_POINT('',(103.,-100.,0.));
#180 = DIRECTION('',(0.,1.,0.));
#181 = DIRECTION('',(1.,0.,0.));
#182 = DEFINITIONAL_REPRESENTATION('',(#183),#187);
#183 = LINE('',#184,#185);
#184 = CARTESIAN_POINT('',(30.,0.));
#185 = VECTOR('',#186,1.);
#186 = DIRECTION('',(0.,-1.));
#187 = ( GEOMETRIC_REPRESENTATION_CONTEXT(2) 
PARAMETRIC_REPRESENTATION_CONTEXT() REPRESENTATION_CONTEXT('2D SPACE',''
  ) );
#188 = ORIENTED_EDGE('',*,*,#189,.T.);
#189 = EDGE_CURVE('',#162,#42,#190,.T.);
#190 = SURFACE_CURVE('',#191,(#195,#202),.PCURVE_S1.);
#191 = LINE('',#192,#193);
#192 = CARTESIAN_POINT('',(133.,-100.,1.6));
#193 = VECTOR('',#194,1.);
#194 = DIRECTION('',(0.998426872638,-5.606942121021E-02,0.));
#195 = PCURVE('',#62,#196);
#196 = DEFINITIONAL_REPRESENTATION('',(#197),#201);
#197 = LINE('',#198,#199);
#198 = CARTESIAN_POINT('',(0.,-1.6));
#199 = VECTOR('',#200,1.);
#200 = DIRECTION('',(1.,0.));
#201 = ( GEOMETRIC_REPRESENTATION_CONTEXT(2) 
PARAMETRIC_REPRESENTATION_CONTEXT() REPRESENTATION_CONTEXT('2D SPACE',''
  ) );
#202 = PCURVE('',#90,#203);
#203 = DEFINITIONAL_REPRESENTATION('',(#204),#208);
#204 = LINE('',#205,#206);
#205 = CARTESIAN_POINT('',(-15.,18.));
#206 = VECTOR('',#207,1.);
#207 = DIRECTION('',(-0.998426872638,-5.606942121021E-02));
#208 = ( GEOMETRIC_REPRESENTATION_CONTEXT(2) 
PARAMETRIC_REPRESENTATION_CONTEXT() REPRESENTATION_CONTEXT('2D SPACE',''
  ) );
#209 = ORIENTED_EDGE('',*,*,#39,.F.);
#210 = ORIENTED_EDGE('',*,*,#211,.F.);
#211 = EDGE_CURVE('',#160,#40,#212,.T.);
#212 = SURFACE_CURVE('',#213,(#217,#224),.PCURVE_S1.);
#213 = LINE('',#214,#215);
#214 = CARTESIAN_POINT('',(133.,-100.,0.));
#215 = VECTOR('',#216,1.);
#216 = DIRECTION('',(0.998426872638,-5.606942121021E-02,0.));
#217 = PCURVE('',#62,#218);
#218 = DEFINITIONAL_REPRESENTATION('',(#219),#223);
#219 = LINE('',#220,#221);
#220 = CARTESIAN_POINT('',(0.,0.));
#221 = VECTOR('',#222,1.);
#222 = DIRECTION('',(1.,0.));
#223 = ( GEOMETRIC_REPRESENTATION_CONTEXT(2) 
PARAMETRIC_REPRESENTATION_CONTEXT() REPRESENTATION_CONTEXT('2D SPACE',''
  ) );
#224 = PCURVE('',#144,#225);
#225 = DEFINITIONAL_REPRESENTATION('',(#226),#230);
#226 = LINE('',#227,#228);
#227 = CARTESIAN_POINT('',(-15.,18.));
#228 = VECTOR('',#229,1.);
#229 = DIRECTION('',(-0.998426872638,-5.606942121021E-02));
#230 = ( GEOMETRIC_REPRESENTATION_CONTEXT(2) 
PARAMETRIC_REPRESENTATION_CONTEXT() REPRESENTATION_CONTEXT('2D SPACE',''
  ) );
#231 = ADVANCED_FACE('',(#232),#118,.T.);
#232 = FACE_BOUND('',#233,.T.);
#233 = EDGE_LOOP('',(#234,#235,#258,#286));
#234 = ORIENTED_EDGE('',*,*,#102,.T.);
#235 = ORIENTED_EDGE('',*,*,#236,.T.);
#236 = EDGE_CURVE('',#75,#237,#239,.T.);
#237 = VERTEX_POINT('',#238);
#238 = CARTESIAN_POINT('',(133.990837,-100.16835,1.6));
#239 = SURFACE_CURVE('',#240,(#244,#251),.PCURVE_S1.);
#240 = LINE('',#241,#242);
#241 = CARTESIAN_POINT('',(133.667563,-100.075216,1.6));
#242 = VECTOR('',#243,1.);
#243 = DIRECTION('',(0.960917033326,-0.276836513242,0.));
#244 = PCURVE('',#118,#245);
#245 = DEFINITIONAL_REPRESENTATION('',(#246),#250);
#246 = LINE('',#247,#248);
#247 = CARTESIAN_POINT('',(0.,-1.6));
#248 = VECTOR('',#249,1.);
#249 = DIRECTION('',(1.,0.));
#250 = ( GEOMETRIC_REPRESENTATION_CONTEXT(2) 
PARAMETRIC_REPRESENTATION_CONTEXT() REPRESENTATION_CONTEXT('2D SPACE',''
  ) );
#251 = PCURVE('',#90,#252);
#252 = DEFINITIONAL_REPRESENTATION('',(#253),#257);
#253 = LINE('',#254,#255);
#254 = CARTESIAN_POINT('',(-15.667563,17.924784));
#255 = VECTOR('',#256,1.);
#256 = DIRECTION('',(-0.960917033326,-0.276836513242));
#257 = ( GEOMETRIC_REPRESENTATION_CONTEXT(2) 
PARAMETRIC_REPRESENTATION_CONTEXT() REPRESENTATION_CONTEXT('2D SPACE',''
  ) );
#258 = ORIENTED_EDGE('',*,*,#259,.F.);
#259 = EDGE_CURVE('',#260,#237,#262,.T.);
#260 = VERTEX_POINT('',#261);
#261 = CARTESIAN_POINT('',(133.990837,-100.16835,0.));
#262 = SURFACE_CURVE('',#263,(#267,#274),.PCURVE_S1.);
#263 = LINE('',#264,#265);
#264 = CARTESIAN_POINT('',(133.990837,-100.16835,0.));
#265 = VECTOR('',#266,1.);
#266 = DIRECTION('',(0.,0.,1.));
#267 = PCURVE('',#118,#268);
#268 = DEFINITIONAL_REPRESENTATION('',(#269),#273);
#269 = LINE('',#270,#271);
#270 = CARTESIAN_POINT('',(0.336422384856,0.));
#271 = VECTOR('',#272,1.);
#272 = DIRECTION('',(0.,-1.));
#273 = ( GEOMETRIC_REPRESENTATION_CONTEXT(2) 
PARAMETRIC_REPRESENTATION_CONTEXT() REPRESENTATION_CONTEXT('2D SPACE',''
  ) );
#274 = PCURVE('',#275,#280);
#275 = PLANE('',#276);
#276 = AXIS2_PLACEMENT_3D('',#277,#278,#279);
#277 = CARTESIAN_POINT('',(133.990837,-100.16835,0.));
#278 = DIRECTION('',(0.382682483027,0.92387992574,-0.));
#279 = DIRECTION('',(0.92387992574,-0.382682483027,0.));
#280 = DEFINITIONAL_REPRESENTATION('',(#281),#285);
#281 = LINE('',#282,#283);
#282 = CARTESIAN_POINT('',(0.,0.));
#283 = VECTOR('',#284,1.);
#284 = DIRECTION('',(0.,-1.));
#285 = ( GEOMETRIC_REPRESENTATION_CONTEXT(2) 
PARAMETRIC_REPRESENTATION_CONTEXT() REPRESENTATION_CONTEXT('2D SPACE',''
  ) );
#286 = ORIENTED_EDGE('',*,*,#287,.F.);
#287 = EDGE_CURVE('',#103,#260,#288,.T.);
#288 = SURFACE_CURVE('',#289,(#293,#300),.PCURVE_S1.);
#289 = LINE('',#290,#291);
#290 = CARTESIAN_POINT('',(133.667563,-100.075216,0.));
#291 = VECTOR('',#292,1.);
#292 = DIRECTION('',(0.960917033326,-0.276836513242,0.));
#293 = PCURVE('',#118,#294);
#294 = DEFINITIONAL_REPRESENTATION('',(#295),#299);
#295 = LINE('',#296,#297);
#296 = CARTESIAN_POINT('',(0.,0.));
#297 = VECTOR('',#298,1.);
#298 = DIRECTION('',(1.,0.));
#299 = ( GEOMETRIC_REPRESENTATION_CONTEXT(2) 
PARAMETRIC_REPRESENTATION_CONTEXT() REPRESENTATION_CONTEXT('2D SPACE',''
  ) );
#300 = PCURVE('',#144,#301);
#301 = DEFINITIONAL_REPRESENTATION('',(#302),#306);
#302 = LINE('',#303,#304);
#303 = CARTESIAN_POINT('',(-15.667563,17.924784));
#304 = VECTOR('',#305,1.);
#305 = DIRECTION('',(-0.960917033326,-0.276836513242));
#306 = ( GEOMETRIC_REPRESENTATION_CONTEXT(2) 
PARAMETRIC_REPRESENTATION_CONTEXT() REPRESENTATION_CONTEXT('2D SPACE',''
  ) );
#307 = ADVANCED_FACE('',(#308,#1897,#1932,#1967,#2002,#2037,#2072,#2107,
    #2142,#2177,#2212,#2247,#2282,#2317,#2352,#2387,#2422,#2457,#2492,
    #3054,#3089,#3651,#3686,#4248,#4810),#144,.T.);
#308 = FACE_BOUND('',#309,.T.);
#309 = EDGE_LOOP('',(#310,#311,#312,#335,#363,#391,#419,#447,#475,#503,
    #531,#559,#587,#615,#643,#671,#699,#727,#755,#783,#811,#839,#867,
    #895,#923,#951,#979,#1007,#1035,#1063,#1091,#1119,#1147,#1175,#1203,
    #1231,#1259,#1287,#1315,#1343,#1371,#1399,#1427,#1455,#1483,#1511,
    #1539,#1567,#1595,#1623,#1651,#1679,#1707,#1735,#1763,#1791,#1819,
    #1847,#1875,#1896));
#310 = ORIENTED_EDGE('',*,*,#130,.T.);
#311 = ORIENTED_EDGE('',*,*,#287,.T.);
#312 = ORIENTED_EDGE('',*,*,#313,.T.);
#313 = EDGE_CURVE('',#260,#314,#316,.T.);
#314 = VERTEX_POINT('',#315);
#315 = CARTESIAN_POINT('',(134.301651,-100.297093,0.));
#316 = SURFACE_CURVE('',#317,(#321,#328),.PCURVE_S1.);
#317 = LINE('',#318,#319);
#318 = CARTESIAN_POINT('',(133.990837,-100.16835,0.));
#319 = VECTOR('',#320,1.);
#320 = DIRECTION('',(0.92387992574,-0.382682483027,0.));
#321 = PCURVE('',#144,#322);
#322 = DEFINITIONAL_REPRESENTATION('',(#323),#327);
#323 = LINE('',#324,#325);
#324 = CARTESIAN_POINT('',(-15.990837,17.83165));
#325 = VECTOR('',#326,1.);
#326 = DIRECTION('',(-0.92387992574,-0.382682483027));
#327 = ( GEOMETRIC_REPRESENTATION_CONTEXT(2) 
PARAMETRIC_REPRESENTATION_CONTEXT() REPRESENTATION_CONTEXT('2D SPACE',''
  ) );
#328 = PCURVE('',#275,#329);
#329 = DEFINITIONAL_REPRESENTATION('',(#330),#334);
#330 = LINE('',#331,#332);
#331 = CARTESIAN_POINT('',(0.,0.));
#332 = VECTOR('',#333,1.);
#333 = DIRECTION('',(1.,0.));
#334 = ( GEOMETRIC_REPRESENTATION_CONTEXT(2) 
PARAMETRIC_REPRESENTATION_CONTEXT() REPRESENTATION_CONTEXT('2D SPACE',''
  ) );
#335 = ORIENTED_EDGE('',*,*,#336,.T.);
#336 = EDGE_CURVE('',#314,#337,#339,.T.);
#337 = VERTEX_POINT('',#338);
#338 = CARTESIAN_POINT('',(134.596096,-100.459827,0.));
#339 = SURFACE_CURVE('',#340,(#344,#351),.PCURVE_S1.);
#340 = LINE('',#341,#342);
#341 = CARTESIAN_POINT('',(134.301651,-100.297093,0.));
#342 = VECTOR('',#343,1.);
#343 = DIRECTION('',(0.875223421007,-0.483718888737,0.));
#344 = PCURVE('',#144,#345);
#345 = DEFINITIONAL_REPRESENTATION('',(#346),#350);
#346 = LINE('',#347,#348);
#347 = CARTESIAN_POINT('',(-16.301651,17.702907));
#348 = VECTOR('',#349,1.);
#349 = DIRECTION('',(-0.875223421007,-0.483718888737));
#350 = ( GEOMETRIC_REPRESENTATION_CONTEXT(2) 
PARAMETRIC_REPRESENTATION_CONTEXT() REPRESENTATION_CONTEXT('2D SPACE',''
  ) );
#351 = PCURVE('',#352,#357);
#352 = PLANE('',#353);
#353 = AXIS2_PLACEMENT_3D('',#354,#355,#356);
#354 = CARTESIAN_POINT('',(134.301651,-100.297093,0.));
#355 = DIRECTION('',(0.483718888737,0.875223421007,-0.));
#356 = DIRECTION('',(0.875223421007,-0.483718888737,0.));
#357 = DEFINITIONAL_REPRESENTATION('',(#358),#362);
#358 = LINE('',#359,#360);
#359 = CARTESIAN_POINT('',(0.,0.));
#360 = VECTOR('',#361,1.);
#361 = DIRECTION('',(1.,0.));
#362 = ( GEOMETRIC_REPRESENTATION_CONTEXT(2) 
PARAMETRIC_REPRESENTATION_CONTEXT() REPRESENTATION_CONTEXT('2D SPACE',''
  ) );
#363 = ORIENTED_EDGE('',*,*,#364,.T.);
#364 = EDGE_CURVE('',#337,#365,#367,.T.);
#365 = VERTEX_POINT('',#366);
#366 = CARTESIAN_POINT('',(134.870469,-100.654506,0.));
#367 = SURFACE_CURVE('',#368,(#372,#379),.PCURVE_S1.);
#368 = LINE('',#369,#370);
#369 = CARTESIAN_POINT('',(134.596096,-100.459827,0.));
#370 = VECTOR('',#371,1.);
#371 = DIRECTION('',(0.815559501739,-0.578673223091,0.));
#372 = PCURVE('',#144,#373);
#373 = DEFINITIONAL_REPRESENTATION('',(#374),#378);
#374 = LINE('',#375,#376);
#375 = CARTESIAN_POINT('',(-16.596096,17.540173));
#376 = VECTOR('',#377,1.);
#377 = DIRECTION('',(-0.815559501739,-0.578673223091));
#378 = ( GEOMETRIC_REPRESENTATION_CONTEXT(2) 
PARAMETRIC_REPRESENTATION_CONTEXT() REPRESENTATION_CONTEXT('2D SPACE',''
  ) );
#379 = PCURVE('',#380,#385);
#380 = PLANE('',#381);
#381 = AXIS2_PLACEMENT_3D('',#382,#383,#384);
#382 = CARTESIAN_POINT('',(134.596096,-100.459827,0.));
#383 = DIRECTION('',(0.578673223091,0.815559501739,-0.));
#384 = DIRECTION('',(0.815559501739,-0.578673223091,0.));
#385 = DEFINITIONAL_REPRESENTATION('',(#386),#390);
#386 = LINE('',#387,#388);
#387 = CARTESIAN_POINT('',(0.,0.));
#388 = VECTOR('',#389,1.);
#389 = DIRECTION('',(1.,0.));
#390 = ( GEOMETRIC_REPRESENTATION_CONTEXT(2) 
PARAMETRIC_REPRESENTATION_CONTEXT() REPRESENTATION_CONTEXT('2D SPACE',''
  ) );
#391 = ORIENTED_EDGE('',*,*,#392,.T.);
#392 = EDGE_CURVE('',#365,#393,#395,.T.);
#393 = VERTEX_POINT('',#394);
#394 = CARTESIAN_POINT('',(135.12132,-100.87868,0.));
#395 = SURFACE_CURVE('',#396,(#400,#407),.PCURVE_S1.);
#396 = LINE('',#397,#398);
#397 = CARTESIAN_POINT('',(134.870469,-100.654506,0.));
#398 = VECTOR('',#399,1.);
#399 = DIRECTION('',(0.7456424001,-0.666346314744,0.));
#400 = PCURVE('',#144,#401);
#401 = DEFINITIONAL_REPRESENTATION('',(#402),#406);
#402 = LINE('',#403,#404);
#403 = CARTESIAN_POINT('',(-16.870469,17.345494));
#404 = VECTOR('',#405,1.);
#405 = DIRECTION('',(-0.7456424001,-0.666346314744));
#406 = ( GEOMETRIC_REPRESENTATION_CONTEXT(2) 
PARAMETRIC_REPRESENTATION_CONTEXT() REPRESENTATION_CONTEXT('2D SPACE',''
  ) );
#407 = PCURVE('',#408,#413);
#408 = PLANE('',#409);
#409 = AXIS2_PLACEMENT_3D('',#410,#411,#412);
#410 = CARTESIAN_POINT('',(134.870469,-100.654506,0.));
#411 = DIRECTION('',(0.666346314744,0.7456424001,-0.));
#412 = DIRECTION('',(0.7456424001,-0.666346314744,0.));
#413 = DEFINITIONAL_REPRESENTATION('',(#414),#418);
#414 = LINE('',#415,#416);
#415 = CARTESIAN_POINT('',(0.,0.));
#416 = VECTOR('',#417,1.);
#417 = DIRECTION('',(1.,0.));
#418 = ( GEOMETRIC_REPRESENTATION_CONTEXT(2) 
PARAMETRIC_REPRESENTATION_CONTEXT() REPRESENTATION_CONTEXT('2D SPACE',''
  ) );
#419 = ORIENTED_EDGE('',*,*,#420,.T.);
#420 = EDGE_CURVE('',#393,#421,#423,.T.);
#421 = VERTEX_POINT('',#422);
#422 = CARTESIAN_POINT('',(135.345494,-101.129531,0.));
#423 = SURFACE_CURVE('',#424,(#428,#435),.PCURVE_S1.);
#424 = LINE('',#425,#426);
#425 = CARTESIAN_POINT('',(135.12132,-100.87868,0.));
#426 = VECTOR('',#427,1.);
#427 = DIRECTION('',(0.666346314744,-0.7456424001,0.));
#428 = PCURVE('',#144,#429);
#429 = DEFINITIONAL_REPRESENTATION('',(#430),#434);
#430 = LINE('',#431,#432);
#431 = CARTESIAN_POINT('',(-17.12132,17.12132));
#432 = VECTOR('',#433,1.);
#433 = DIRECTION('',(-0.666346314744,-0.7456424001));
#434 = ( GEOMETRIC_REPRESENTATION_CONTEXT(2) 
PARAMETRIC_REPRESENTATION_CONTEXT() REPRESENTATION_CONTEXT('2D SPACE',''
  ) );
#435 = PCURVE('',#436,#441);
#436 = PLANE('',#437);
#437 = AXIS2_PLACEMENT_3D('',#438,#439,#440);
#438 = CARTESIAN_POINT('',(135.12132,-100.87868,0.));
#439 = DIRECTION('',(0.7456424001,0.666346314744,-0.));
#440 = DIRECTION('',(0.666346314744,-0.7456424001,0.));
#441 = DEFINITIONAL_REPRESENTATION('',(#442),#446);
#442 = LINE('',#443,#444);
#443 = CARTESIAN_POINT('',(0.,0.));
#444 = VECTOR('',#445,1.);
#445 = DIRECTION('',(1.,0.));
#446 = ( GEOMETRIC_REPRESENTATION_CONTEXT(2) 
PARAMETRIC_REPRESENTATION_CONTEXT() REPRESENTATION_CONTEXT('2D SPACE',''
  ) );
#447 = ORIENTED_EDGE('',*,*,#448,.T.);
#448 = EDGE_CURVE('',#421,#449,#451,.T.);
#449 = VERTEX_POINT('',#450);
#450 = CARTESIAN_POINT('',(135.540173,-101.403904,0.));
#451 = SURFACE_CURVE('',#452,(#456,#463),.PCURVE_S1.);
#452 = LINE('',#453,#454);
#453 = CARTESIAN_POINT('',(135.345494,-101.129531,0.));
#454 = VECTOR('',#455,1.);
#455 = DIRECTION('',(0.578673223091,-0.815559501739,0.));
#456 = PCURVE('',#144,#457);
#457 = DEFINITIONAL_REPRESENTATION('',(#458),#462);
#458 = LINE('',#459,#460);
#459 = CARTESIAN_POINT('',(-17.345494,16.870469));
#460 = VECTOR('',#461,1.);
#461 = DIRECTION('',(-0.578673223091,-0.815559501739));
#462 = ( GEOMETRIC_REPRESENTATION_CONTEXT(2) 
PARAMETRIC_REPRESENTATION_CONTEXT() REPRESENTATION_CONTEXT('2D SPACE',''
  ) );
#463 = PCURVE('',#464,#469);
#464 = PLANE('',#465);
#465 = AXIS2_PLACEMENT_3D('',#466,#467,#468);
#466 = CARTESIAN_POINT('',(135.345494,-101.129531,0.));
#467 = DIRECTION('',(0.815559501739,0.578673223091,-0.));
#468 = DIRECTION('',(0.578673223091,-0.815559501739,0.));
#469 = DEFINITIONAL_REPRESENTATION('',(#470),#474);
#470 = LINE('',#471,#472);
#471 = CARTESIAN_POINT('',(0.,0.));
#472 = VECTOR('',#473,1.);
#473 = DIRECTION('',(1.,0.));
#474 = ( GEOMETRIC_REPRESENTATION_CONTEXT(2) 
PARAMETRIC_REPRESENTATION_CONTEXT() REPRESENTATION_CONTEXT('2D SPACE',''
  ) );
#475 = ORIENTED_EDGE('',*,*,#476,.T.);
#476 = EDGE_CURVE('',#449,#477,#479,.T.);
#477 = VERTEX_POINT('',#478);
#478 = CARTESIAN_POINT('',(135.702907,-101.698349,0.));
#479 = SURFACE_CURVE('',#480,(#484,#491),.PCURVE_S1.);
#480 = LINE('',#481,#482);
#481 = CARTESIAN_POINT('',(135.540173,-101.403904,0.));
#482 = VECTOR('',#483,1.);
#483 = DIRECTION('',(0.483718888737,-0.875223421007,0.));
#484 = PCURVE('',#144,#485);
#485 = DEFINITIONAL_REPRESENTATION('',(#486),#490);
#486 = LINE('',#487,#488);
#487 = CARTESIAN_POINT('',(-17.540173,16.596096));
#488 = VECTOR('',#489,1.);
#489 = DIRECTION('',(-0.483718888737,-0.875223421007));
#490 = ( GEOMETRIC_REPRESENTATION_CONTEXT(2) 
PARAMETRIC_REPRESENTATION_CONTEXT() REPRESENTATION_CONTEXT('2D SPACE',''
  ) );
#491 = PCURVE('',#492,#497);
#492 = PLANE('',#493);
#493 = AXIS2_PLACEMENT_3D('',#494,#495,#496);
#494 = CARTESIAN_POINT('',(135.540173,-101.403904,0.));
#495 = DIRECTION('',(0.875223421007,0.483718888737,-0.));
#496 = DIRECTION('',(0.483718888737,-0.875223421007,0.));
#497 = DEFINITIONAL_REPRESENTATION('',(#498),#502);
#498 = LINE('',#499,#500);
#499 = CARTESIAN_POINT('',(0.,0.));
#500 = VECTOR('',#501,1.);
#501 = DIRECTION('',(1.,0.));
#502 = ( GEOMETRIC_REPRESENTATION_CONTEXT(2) 
PARAMETRIC_REPRESENTATION_CONTEXT() REPRESENTATION_CONTEXT('2D SPACE',''
  ) );
#503 = ORIENTED_EDGE('',*,*,#504,.T.);
#504 = EDGE_CURVE('',#477,#505,#507,.T.);
#505 = VERTEX_POINT('',#506);
#506 = CARTESIAN_POINT('',(135.83165,-102.009163,0.));
#507 = SURFACE_CURVE('',#508,(#512,#519),.PCURVE_S1.);
#508 = LINE('',#509,#510);
#509 = CARTESIAN_POINT('',(135.702907,-101.698349,0.));
#510 = VECTOR('',#511,1.);
#511 = DIRECTION('',(0.382682483027,-0.92387992574,0.));
#512 = PCURVE('',#144,#513);
#513 = DEFINITIONAL_REPRESENTATION('',(#514),#518);
#514 = LINE('',#515,#516);
#515 = CARTESIAN_POINT('',(-17.702907,16.301651));
#516 = VECTOR('',#517,1.);
#517 = DIRECTION('',(-0.382682483027,-0.92387992574));
#518 = ( GEOMETRIC_REPRESENTATION_CONTEXT(2) 
PARAMETRIC_REPRESENTATION_CONTEXT() REPRESENTATION_CONTEXT('2D SPACE',''
  ) );
#519 = PCURVE('',#520,#525);
#520 = PLANE('',#521);
#521 = AXIS2_PLACEMENT_3D('',#522,#523,#524);
#522 = CARTESIAN_POINT('',(135.702907,-101.698349,0.));
#523 = DIRECTION('',(0.92387992574,0.382682483027,-0.));
#524 = DIRECTION('',(0.382682483027,-0.92387992574,0.));
#525 = DEFINITIONAL_REPRESENTATION('',(#526),#530);
#526 = LINE('',#527,#528);
#527 = CARTESIAN_POINT('',(0.,0.));
#528 = VECTOR('',#529,1.);
#529 = DIRECTION('',(1.,0.));
#530 = ( GEOMETRIC_REPRESENTATION_CONTEXT(2) 
PARAMETRIC_REPRESENTATION_CONTEXT() REPRESENTATION_CONTEXT('2D SPACE',''
  ) );
#531 = ORIENTED_EDGE('',*,*,#532,.T.);
#532 = EDGE_CURVE('',#505,#533,#535,.T.);
#533 = VERTEX_POINT('',#534);
#534 = CARTESIAN_POINT('',(135.924784,-102.332437,0.));
#535 = SURFACE_CURVE('',#536,(#540,#547),.PCURVE_S1.);
#536 = LINE('',#537,#538);
#537 = CARTESIAN_POINT('',(135.83165,-102.009163,0.));
#538 = VECTOR('',#539,1.);
#539 = DIRECTION('',(0.276836513242,-0.960917033326,0.));
#540 = PCURVE('',#144,#541);
#541 = DEFINITIONAL_REPRESENTATION('',(#542),#546);
#542 = LINE('',#543,#544);
#543 = CARTESIAN_POINT('',(-17.83165,15.990837));
#544 = VECTOR('',#545,1.);
#545 = DIRECTION('',(-0.276836513242,-0.960917033326));
#546 = ( GEOMETRIC_REPRESENTATION_CONTEXT(2) 
PARAMETRIC_REPRESENTATION_CONTEXT() REPRESENTATION_CONTEXT('2D SPACE',''
  ) );
#547 = PCURVE('',#548,#553);
#548 = PLANE('',#549);
#549 = AXIS2_PLACEMENT_3D('',#550,#551,#552);
#550 = CARTESIAN_POINT('',(135.83165,-102.009163,0.));
#551 = DIRECTION('',(0.960917033326,0.276836513242,-0.));
#552 = DIRECTION('',(0.276836513242,-0.960917033326,0.));
#553 = DEFINITIONAL_REPRESENTATION('',(#554),#558);
#554 = LINE('',#555,#556);
#555 = CARTESIAN_POINT('',(0.,0.));
#556 = VECTOR('',#557,1.);
#557 = DIRECTION('',(1.,0.));
#558 = ( GEOMETRIC_REPRESENTATION_CONTEXT(2) 
PARAMETRIC_REPRESENTATION_CONTEXT() REPRESENTATION_CONTEXT('2D SPACE',''
  ) );
#559 = ORIENTED_EDGE('',*,*,#560,.T.);
#560 = EDGE_CURVE('',#533,#561,#563,.T.);
#561 = VERTEX_POINT('',#562);
#562 = CARTESIAN_POINT('',(135.981137,-102.664107,0.));
#563 = SURFACE_CURVE('',#564,(#568,#575),.PCURVE_S1.);
#564 = LINE('',#565,#566);
#565 = CARTESIAN_POINT('',(135.924784,-102.332437,0.));
#566 = VECTOR('',#567,1.);
#567 = DIRECTION('',(0.167506224545,-0.985871018308,0.));
#568 = PCURVE('',#144,#569);
#569 = DEFINITIONAL_REPRESENTATION('',(#570),#574);
#570 = LINE('',#571,#572);
#571 = CARTESIAN_POINT('',(-17.924784,15.667563));
#572 = VECTOR('',#573,1.);
#573 = DIRECTION('',(-0.167506224545,-0.985871018308));
#574 = ( GEOMETRIC_REPRESENTATION_CONTEXT(2) 
PARAMETRIC_REPRESENTATION_CONTEXT() REPRESENTATION_CONTEXT('2D SPACE',''
  ) );
#575 = PCURVE('',#576,#581);
#576 = PLANE('',#577);
#577 = AXIS2_PLACEMENT_3D('',#578,#579,#580);
#578 = CARTESIAN_POINT('',(135.924784,-102.332437,0.));
#579 = DIRECTION('',(0.985871018308,0.167506224545,-0.));
#580 = DIRECTION('',(0.167506224545,-0.985871018308,0.));
#581 = DEFINITIONAL_REPRESENTATION('',(#582),#586);
#582 = LINE('',#583,#584);
#583 = CARTESIAN_POINT('',(0.,0.));
#584 = VECTOR('',#585,1.);
#585 = DIRECTION('',(1.,0.));
#586 = ( GEOMETRIC_REPRESENTATION_CONTEXT(2) 
PARAMETRIC_REPRESENTATION_CONTEXT() REPRESENTATION_CONTEXT('2D SPACE',''
  ) );
#587 = ORIENTED_EDGE('',*,*,#588,.T.);
#588 = EDGE_CURVE('',#561,#589,#591,.T.);
#589 = VERTEX_POINT('',#590);
#590 = CARTESIAN_POINT('',(136.,-103.,0.));
#591 = SURFACE_CURVE('',#592,(#596,#603),.PCURVE_S1.);
#592 = LINE('',#593,#594);
#593 = CARTESIAN_POINT('',(135.981137,-102.664107,0.));
#594 = VECTOR('',#595,1.);
#595 = DIRECTION('',(5.606942121025E-02,-0.998426872638,0.));
#596 = PCURVE('',#144,#597);
#597 = DEFINITIONAL_REPRESENTATION('',(#598),#602);
#598 = LINE('',#599,#600);
#599 = CARTESIAN_POINT('',(-17.981137,15.335893));
#600 = VECTOR('',#601,1.);
#601 = DIRECTION('',(-5.606942121025E-02,-0.998426872638));
#602 = ( GEOMETRIC_REPRESENTATION_CONTEXT(2) 
PARAMETRIC_REPRESENTATION_CONTEXT() REPRESENTATION_CONTEXT('2D SPACE',''
  ) );
#603 = PCURVE('',#604,#609);
#604 = PLANE('',#605);
#605 = AXIS2_PLACEMENT_3D('',#606,#607,#608);
#606 = CARTESIAN_POINT('',(135.981137,-102.664107,0.));
#607 = DIRECTION('',(0.998426872638,5.606942121025E-02,-0.));
#608 = DIRECTION('',(5.606942121025E-02,-0.998426872638,0.));
#609 = DEFINITIONAL_REPRESENTATION('',(#610),#614);
#610 = LINE('',#611,#612);
#611 = CARTESIAN_POINT('',(0.,0.));
#612 = VECTOR('',#613,1.);
#613 = DIRECTION('',(1.,0.));
#614 = ( GEOMETRIC_REPRESENTATION_CONTEXT(2) 
PARAMETRIC_REPRESENTATION_CONTEXT() REPRESENTATION_CONTEXT('2D SPACE',''
  ) );
#615 = ORIENTED_EDGE('',*,*,#616,.T.);
#616 = EDGE_CURVE('',#589,#617,#619,.T.);
#617 = VERTEX_POINT('',#618);
#618 = CARTESIAN_POINT('',(136.,-133.,0.));
#619 = SURFACE_CURVE('',#620,(#624,#631),.PCURVE_S1.);
#620 = LINE('',#621,#622);
#621 = CARTESIAN_POINT('',(136.,-103.,0.));
#622 = VECTOR('',#623,1.);
#623 = DIRECTION('',(0.,-1.,0.));
#624 = PCURVE('',#144,#625);
#625 = DEFINITIONAL_REPRESENTATION('',(#626),#630);
#626 = LINE('',#627,#628);
#627 = CARTESIAN_POINT('',(-18.,15.));
#628 = VECTOR('',#629,1.);
#629 = DIRECTION('',(0.,-1.));
#630 = ( GEOMETRIC_REPRESENTATION_CONTEXT(2) 
PARAMETRIC_REPRESENTATION_CONTEXT() REPRESENTATION_CONTEXT('2D SPACE',''
  ) );
#631 = PCURVE('',#632,#637);
#632 = PLANE('',#633);
#633 = AXIS2_PLACEMENT_3D('',#634,#635,#636);
#634 = CARTESIAN_POINT('',(136.,-103.,0.));
#635 = DIRECTION('',(1.,0.,-0.));
#636 = DIRECTION('',(0.,-1.,0.));
#637 = DEFINITIONAL_REPRESENTATION('',(#638),#642);
#638 = LINE('',#639,#640);
#639 = CARTESIAN_POINT('',(0.,0.));
#640 = VECTOR('',#641,1.);
#641 = DIRECTION('',(1.,0.));
#642 = ( GEOMETRIC_REPRESENTATION_CONTEXT(2) 
PARAMETRIC_REPRESENTATION_CONTEXT() REPRESENTATION_CONTEXT('2D SPACE',''
  ) );
#643 = ORIENTED_EDGE('',*,*,#644,.T.);
#644 = EDGE_CURVE('',#617,#645,#647,.T.);
#645 = VERTEX_POINT('',#646);
#646 = CARTESIAN_POINT('',(135.981137,-133.335893,0.));
#647 = SURFACE_CURVE('',#648,(#652,#659),.PCURVE_S1.);
#648 = LINE('',#649,#650);
#649 = CARTESIAN_POINT('',(136.,-133.,0.));
#650 = VECTOR('',#651,1.);
#651 = DIRECTION('',(-5.606942121025E-02,-0.998426872638,0.));
#652 = PCURVE('',#144,#653);
#653 = DEFINITIONAL_REPRESENTATION('',(#654),#658);
#654 = LINE('',#655,#656);
#655 = CARTESIAN_POINT('',(-18.,-15.));
#656 = VECTOR('',#657,1.);
#657 = DIRECTION('',(5.606942121025E-02,-0.998426872638));
#658 = ( GEOMETRIC_REPRESENTATION_CONTEXT(2) 
PARAMETRIC_REPRESENTATION_CONTEXT() REPRESENTATION_CONTEXT('2D SPACE',''
  ) );
#659 = PCURVE('',#660,#665);
#660 = PLANE('',#661);
#661 = AXIS2_PLACEMENT_3D('',#662,#663,#664);
#662 = CARTESIAN_POINT('',(136.,-133.,0.));
#663 = DIRECTION('',(0.998426872638,-5.606942121025E-02,0.));
#664 = DIRECTION('',(-5.606942121025E-02,-0.998426872638,0.));
#665 = DEFINITIONAL_REPRESENTATION('',(#666),#670);
#666 = LINE('',#667,#668);
#667 = CARTESIAN_POINT('',(0.,0.));
#668 = VECTOR('',#669,1.);
#669 = DIRECTION('',(1.,0.));
#670 = ( GEOMETRIC_REPRESENTATION_CONTEXT(2) 
PARAMETRIC_REPRESENTATION_CONTEXT() REPRESENTATION_CONTEXT('2D SPACE',''
  ) );
#671 = ORIENTED_EDGE('',*,*,#672,.T.);
#672 = EDGE_CURVE('',#645,#673,#675,.T.);
#673 = VERTEX_POINT('',#674);
#674 = CARTESIAN_POINT('',(135.924784,-133.667563,0.));
#675 = SURFACE_CURVE('',#676,(#680,#687),.PCURVE_S1.);
#676 = LINE('',#677,#678);
#677 = CARTESIAN_POINT('',(135.981137,-133.335893,0.));
#678 = VECTOR('',#679,1.);
#679 = DIRECTION('',(-0.167506224545,-0.985871018308,0.));
#680 = PCURVE('',#144,#681);
#681 = DEFINITIONAL_REPRESENTATION('',(#682),#686);
#682 = LINE('',#683,#684);
#683 = CARTESIAN_POINT('',(-17.981137,-15.335893));
#684 = VECTOR('',#685,1.);
#685 = DIRECTION('',(0.167506224545,-0.985871018308));
#686 = ( GEOMETRIC_REPRESENTATION_CONTEXT(2) 
PARAMETRIC_REPRESENTATION_CONTEXT() REPRESENTATION_CONTEXT('2D SPACE',''
  ) );
#687 = PCURVE('',#688,#693);
#688 = PLANE('',#689);
#689 = AXIS2_PLACEMENT_3D('',#690,#691,#692);
#690 = CARTESIAN_POINT('',(135.981137,-133.335893,0.));
#691 = DIRECTION('',(0.985871018308,-0.167506224545,0.));
#692 = DIRECTION('',(-0.167506224545,-0.985871018308,0.));
#693 = DEFINITIONAL_REPRESENTATION('',(#694),#698);
#694 = LINE('',#695,#696);
#695 = CARTESIAN_POINT('',(0.,0.));
#696 = VECTOR('',#697,1.);
#697 = DIRECTION('',(1.,0.));
#698 = ( GEOMETRIC_REPRESENTATION_CONTEXT(2) 
PARAMETRIC_REPRESENTATION_CONTEXT() REPRESENTATION_CONTEXT('2D SPACE',''
  ) );
#699 = ORIENTED_EDGE('',*,*,#700,.T.);
#700 = EDGE_CURVE('',#673,#701,#703,.T.);
#701 = VERTEX_POINT('',#702);
#702 = CARTESIAN_POINT('',(135.83165,-133.990837,0.));
#703 = SURFACE_CURVE('',#704,(#708,#715),.PCURVE_S1.);
#704 = LINE('',#705,#706);
#705 = CARTESIAN_POINT('',(135.924784,-133.667563,0.));
#706 = VECTOR('',#707,1.);
#707 = DIRECTION('',(-0.276836513242,-0.960917033326,0.));
#708 = PCURVE('',#144,#709);
#709 = DEFINITIONAL_REPRESENTATION('',(#710),#714);
#710 = LINE('',#711,#712);
#711 = CARTESIAN_POINT('',(-17.924784,-15.667563));
#712 = VECTOR('',#713,1.);
#713 = DIRECTION('',(0.276836513242,-0.960917033326));
#714 = ( GEOMETRIC_REPRESENTATION_CONTEXT(2) 
PARAMETRIC_REPRESENTATION_CONTEXT() REPRESENTATION_CONTEXT('2D SPACE',''
  ) );
#715 = PCURVE('',#716,#721);
#716 = PLANE('',#717);
#717 = AXIS2_PLACEMENT_3D('',#718,#719,#720);
#718 = CARTESIAN_POINT('',(135.924784,-133.667563,0.));
#719 = DIRECTION('',(0.960917033326,-0.276836513242,0.));
#720 = DIRECTION('',(-0.276836513242,-0.960917033326,0.));
#721 = DEFINITIONAL_REPRESENTATION('',(#722),#726);
#722 = LINE('',#723,#724);
#723 = CARTESIAN_POINT('',(0.,0.));
#724 = VECTOR('',#725,1.);
#725 = DIRECTION('',(1.,0.));
#726 = ( GEOMETRIC_REPRESENTATION_CONTEXT(2) 
PARAMETRIC_REPRESENTATION_CONTEXT() REPRESENTATION_CONTEXT('2D SPACE',''
  ) );
#727 = ORIENTED_EDGE('',*,*,#728,.T.);
#728 = EDGE_CURVE('',#701,#729,#731,.T.);
#729 = VERTEX_POINT('',#730);
#730 = CARTESIAN_POINT('',(135.702907,-134.301651,0.));
#731 = SURFACE_CURVE('',#732,(#736,#743),.PCURVE_S1.);
#732 = LINE('',#733,#734);
#733 = CARTESIAN_POINT('',(135.83165,-133.990837,0.));
#734 = VECTOR('',#735,1.);
#735 = DIRECTION('',(-0.382682483027,-0.92387992574,0.));
#736 = PCURVE('',#144,#737);
#737 = DEFINITIONAL_REPRESENTATION('',(#738),#742);
#738 = LINE('',#739,#740);
#739 = CARTESIAN_POINT('',(-17.83165,-15.990837));
#740 = VECTOR('',#741,1.);
#741 = DIRECTION('',(0.382682483027,-0.92387992574));
#742 = ( GEOMETRIC_REPRESENTATION_CONTEXT(2) 
PARAMETRIC_REPRESENTATION_CONTEXT() REPRESENTATION_CONTEXT('2D SPACE',''
  ) );
#743 = PCURVE('',#744,#749);
#744 = PLANE('',#745);
#745 = AXIS2_PLACEMENT_3D('',#746,#747,#748);
#746 = CARTESIAN_POINT('',(135.83165,-133.990837,0.));
#747 = DIRECTION('',(0.92387992574,-0.382682483027,0.));
#748 = DIRECTION('',(-0.382682483027,-0.92387992574,0.));
#749 = DEFINITIONAL_REPRESENTATION('',(#750),#754);
#750 = LINE('',#751,#752);
#751 = CARTESIAN_POINT('',(0.,0.));
#752 = VECTOR('',#753,1.);
#753 = DIRECTION('',(1.,0.));
#754 = ( GEOMETRIC_REPRESENTATION_CONTEXT(2) 
PARAMETRIC_REPRESENTATION_CONTEXT() REPRESENTATION_CONTEXT('2D SPACE',''
  ) );
#755 = ORIENTED_EDGE('',*,*,#756,.T.);
#756 = EDGE_CURVE('',#729,#757,#759,.T.);
#757 = VERTEX_POINT('',#758);
#758 = CARTESIAN_POINT('',(135.540173,-134.596096,0.));
#759 = SURFACE_CURVE('',#760,(#764,#771),.PCURVE_S1.);
#760 = LINE('',#761,#762);
#761 = CARTESIAN_POINT('',(135.702907,-134.301651,0.));
#762 = VECTOR('',#763,1.);
#763 = DIRECTION('',(-0.483718888737,-0.875223421007,0.));
#764 = PCURVE('',#144,#765);
#765 = DEFINITIONAL_REPRESENTATION('',(#766),#770);
#766 = LINE('',#767,#768);
#767 = CARTESIAN_POINT('',(-17.702907,-16.301651));
#768 = VECTOR('',#769,1.);
#769 = DIRECTION('',(0.483718888737,-0.875223421007));
#770 = ( GEOMETRIC_REPRESENTATION_CONTEXT(2) 
PARAMETRIC_REPRESENTATION_CONTEXT() REPRESENTATION_CONTEXT('2D SPACE',''
  ) );
#771 = PCURVE('',#772,#777);
#772 = PLANE('',#773);
#773 = AXIS2_PLACEMENT_3D('',#774,#775,#776);
#774 = CARTESIAN_POINT('',(135.702907,-134.301651,0.));
#775 = DIRECTION('',(0.875223421007,-0.483718888737,0.));
#776 = DIRECTION('',(-0.483718888737,-0.875223421007,0.));
#777 = DEFINITIONAL_REPRESENTATION('',(#778),#782);
#778 = LINE('',#779,#780);
#779 = CARTESIAN_POINT('',(0.,0.));
#780 = VECTOR('',#781,1.);
#781 = DIRECTION('',(1.,0.));
#782 = ( GEOMETRIC_REPRESENTATION_CONTEXT(2) 
PARAMETRIC_REPRESENTATION_CONTEXT() REPRESENTATION_CONTEXT('2D SPACE',''
  ) );
#783 = ORIENTED_EDGE('',*,*,#784,.T.);
#784 = EDGE_CURVE('',#757,#785,#787,.T.);
#785 = VERTEX_POINT('',#786);
#786 = CARTESIAN_POINT('',(135.345494,-134.870469,0.));
#787 = SURFACE_CURVE('',#788,(#792,#799),.PCURVE_S1.);
#788 = LINE('',#789,#790);
#789 = CARTESIAN_POINT('',(135.540173,-134.596096,0.));
#790 = VECTOR('',#791,1.);
#791 = DIRECTION('',(-0.578673223091,-0.815559501739,0.));
#792 = PCURVE('',#144,#793);
#793 = DEFINITIONAL_REPRESENTATION('',(#794),#798);
#794 = LINE('',#795,#796);
#795 = CARTESIAN_POINT('',(-17.540173,-16.596096));
#796 = VECTOR('',#797,1.);
#797 = DIRECTION('',(0.578673223091,-0.815559501739));
#798 = ( GEOMETRIC_REPRESENTATION_CONTEXT(2) 
PARAMETRIC_REPRESENTATION_CONTEXT() REPRESENTATION_CONTEXT('2D SPACE',''
  ) );
#799 = PCURVE('',#800,#805);
#800 = PLANE('',#801);
#801 = AXIS2_PLACEMENT_3D('',#802,#803,#804);
#802 = CARTESIAN_POINT('',(135.540173,-134.596096,0.));
#803 = DIRECTION('',(0.815559501739,-0.578673223091,0.));
#804 = DIRECTION('',(-0.578673223091,-0.815559501739,0.));
#805 = DEFINITIONAL_REPRESENTATION('',(#806),#810);
#806 = LINE('',#807,#808);
#807 = CARTESIAN_POINT('',(0.,0.));
#808 = VECTOR('',#809,1.);
#809 = DIRECTION('',(1.,0.));
#810 = ( GEOMETRIC_REPRESENTATION_CONTEXT(2) 
PARAMETRIC_REPRESENTATION_CONTEXT() REPRESENTATION_CONTEXT('2D SPACE',''
  ) );
#811 = ORIENTED_EDGE('',*,*,#812,.T.);
#812 = EDGE_CURVE('',#785,#813,#815,.T.);
#813 = VERTEX_POINT('',#814);
#814 = CARTESIAN_POINT('',(135.12132,-135.12132,0.));
#815 = SURFACE_CURVE('',#816,(#820,#827),.PCURVE_S1.);
#816 = LINE('',#817,#818);
#817 = CARTESIAN_POINT('',(135.345494,-134.870469,0.));
#818 = VECTOR('',#819,1.);
#819 = DIRECTION('',(-0.666346314744,-0.7456424001,0.));
#820 = PCURVE('',#144,#821);
#821 = DEFINITIONAL_REPRESENTATION('',(#822),#826);
#822 = LINE('',#823,#824);
#823 = CARTESIAN_POINT('',(-17.345494,-16.870469));
#824 = VECTOR('',#825,1.);
#825 = DIRECTION('',(0.666346314744,-0.7456424001));
#826 = ( GEOMETRIC_REPRESENTATION_CONTEXT(2) 
PARAMETRIC_REPRESENTATION_CONTEXT() REPRESENTATION_CONTEXT('2D SPACE',''
  ) );
#827 = PCURVE('',#828,#833);
#828 = PLANE('',#829);
#829 = AXIS2_PLACEMENT_3D('',#830,#831,#832);
#830 = CARTESIAN_POINT('',(135.345494,-134.870469,0.));
#831 = DIRECTION('',(0.7456424001,-0.666346314744,0.));
#832 = DIRECTION('',(-0.666346314744,-0.7456424001,0.));
#833 = DEFINITIONAL_REPRESENTATION('',(#834),#838);
#834 = LINE('',#835,#836);
#835 = CARTESIAN_POINT('',(0.,0.));
#836 = VECTOR('',#837,1.);
#837 = DIRECTION('',(1.,0.));
#838 = ( GEOMETRIC_REPRESENTATION_CONTEXT(2) 
PARAMETRIC_REPRESENTATION_CONTEXT() REPRESENTATION_CONTEXT('2D SPACE',''
  ) );
#839 = ORIENTED_EDGE('',*,*,#840,.T.);
#840 = EDGE_CURVE('',#813,#841,#843,.T.);
#841 = VERTEX_POINT('',#842);
#842 = CARTESIAN_POINT('',(134.870469,-135.345494,0.));
#843 = SURFACE_CURVE('',#844,(#848,#855),.PCURVE_S1.);
#844 = LINE('',#845,#846);
#845 = CARTESIAN_POINT('',(135.12132,-135.12132,0.));
#846 = VECTOR('',#847,1.);
#847 = DIRECTION('',(-0.7456424001,-0.666346314744,0.));
#848 = PCURVE('',#144,#849);
#849 = DEFINITIONAL_REPRESENTATION('',(#850),#854);
#850 = LINE('',#851,#852);
#851 = CARTESIAN_POINT('',(-17.12132,-17.12132));
#852 = VECTOR('',#853,1.);
#853 = DIRECTION('',(0.7456424001,-0.666346314744));
#854 = ( GEOMETRIC_REPRESENTATION_CONTEXT(2) 
PARAMETRIC_REPRESENTATION_CONTEXT() REPRESENTATION_CONTEXT('2D SPACE',''
  ) );
#855 = PCURVE('',#856,#861);
#856 = PLANE('',#857);
#857 = AXIS2_PLACEMENT_3D('',#858,#859,#860);
#858 = CARTESIAN_POINT('',(135.12132,-135.12132,0.));
#859 = DIRECTION('',(0.666346314744,-0.7456424001,0.));
#860 = DIRECTION('',(-0.7456424001,-0.666346314744,0.));
#861 = DEFINITIONAL_REPRESENTATION('',(#862),#866);
#862 = LINE('',#863,#864);
#863 = CARTESIAN_POINT('',(0.,0.));
#864 = VECTOR('',#865,1.);
#865 = DIRECTION('',(1.,0.));
#866 = ( GEOMETRIC_REPRESENTATION_CONTEXT(2) 
PARAMETRIC_REPRESENTATION_CONTEXT() REPRESENTATION_CONTEXT('2D SPACE',''
  ) );
#867 = ORIENTED_EDGE('',*,*,#868,.T.);
#868 = EDGE_CURVE('',#841,#869,#871,.T.);
#869 = VERTEX_POINT('',#870);
#870 = CARTESIAN_POINT('',(134.596096,-135.540173,0.));
#871 = SURFACE_CURVE('',#872,(#876,#883),.PCURVE_S1.);
#872 = LINE('',#873,#874);
#873 = CARTESIAN_POINT('',(134.870469,-135.345494,0.));
#874 = VECTOR('',#875,1.);
#875 = DIRECTION('',(-0.815559501739,-0.578673223091,0.));
#876 = PCURVE('',#144,#877);
#877 = DEFINITIONAL_REPRESENTATION('',(#878),#882);
#878 = LINE('',#879,#880);
#879 = CARTESIAN_POINT('',(-16.870469,-17.345494));
#880 = VECTOR('',#881,1.);
#881 = DIRECTION('',(0.815559501739,-0.578673223091));
#882 = ( GEOMETRIC_REPRESENTATION_CONTEXT(2) 
PARAMETRIC_REPRESENTATION_CONTEXT() REPRESENTATION_CONTEXT('2D SPACE',''
  ) );
#883 = PCURVE('',#884,#889);
#884 = PLANE('',#885);
#885 = AXIS2_PLACEMENT_3D('',#886,#887,#888);
#886 = CARTESIAN_POINT('',(134.870469,-135.345494,0.));
#887 = DIRECTION('',(0.578673223091,-0.815559501739,0.));
#888 = DIRECTION('',(-0.815559501739,-0.578673223091,0.));
#889 = DEFINITIONAL_REPRESENTATION('',(#890),#894);
#890 = LINE('',#891,#892);
#891 = CARTESIAN_POINT('',(0.,0.));
#892 = VECTOR('',#893,1.);
#893 = DIRECTION('',(1.,0.));
#894 = ( GEOMETRIC_REPRESENTATION_CONTEXT(2) 
PARAMETRIC_REPRESENTATION_CONTEXT() REPRESENTATION_CONTEXT('2D SPACE',''
  ) );
#895 = ORIENTED_EDGE('',*,*,#896,.T.);
#896 = EDGE_CURVE('',#869,#897,#899,.T.);
#897 = VERTEX_POINT('',#898);
#898 = CARTESIAN_POINT('',(134.301651,-135.702907,0.));
#899 = SURFACE_CURVE('',#900,(#904,#911),.PCURVE_S1.);
#900 = LINE('',#901,#902);
#901 = CARTESIAN_POINT('',(134.596096,-135.540173,0.));
#902 = VECTOR('',#903,1.);
#903 = DIRECTION('',(-0.875223421007,-0.483718888737,0.));
#904 = PCURVE('',#144,#905);
#905 = DEFINITIONAL_REPRESENTATION('',(#906),#910);
#906 = LINE('',#907,#908);
#907 = CARTESIAN_POINT('',(-16.596096,-17.540173));
#908 = VECTOR('',#909,1.);
#909 = DIRECTION('',(0.875223421007,-0.483718888737));
#910 = ( GEOMETRIC_REPRESENTATION_CONTEXT(2) 
PARAMETRIC_REPRESENTATION_CONTEXT() REPRESENTATION_CONTEXT('2D SPACE',''
  ) );
#911 = PCURVE('',#912,#917);
#912 = PLANE('',#913);
#913 = AXIS2_PLACEMENT_3D('',#914,#915,#916);
#914 = CARTESIAN_POINT('',(134.596096,-135.540173,0.));
#915 = DIRECTION('',(0.483718888737,-0.875223421007,0.));
#916 = DIRECTION('',(-0.875223421007,-0.483718888737,0.));
#917 = DEFINITIONAL_REPRESENTATION('',(#918),#922);
#918 = LINE('',#919,#920);
#919 = CARTESIAN_POINT('',(0.,0.));
#920 = VECTOR('',#921,1.);
#921 = DIRECTION('',(1.,0.));
#922 = ( GEOMETRIC_REPRESENTATION_CONTEXT(2) 
PARAMETRIC_REPRESENTATION_CONTEXT() REPRESENTATION_CONTEXT('2D SPACE',''
  ) );
#923 = ORIENTED_EDGE('',*,*,#924,.T.);
#924 = EDGE_CURVE('',#897,#925,#927,.T.);
#925 = VERTEX_POINT('',#926);
#926 = CARTESIAN_POINT('',(133.990837,-135.83165,0.));
#927 = SURFACE_CURVE('',#928,(#932,#939),.PCURVE_S1.);
#928 = LINE('',#929,#930);
#929 = CARTESIAN_POINT('',(134.301651,-135.702907,0.));
#930 = VECTOR('',#931,1.);
#931 = DIRECTION('',(-0.92387992574,-0.382682483027,0.));
#932 = PCURVE('',#144,#933);
#933 = DEFINITIONAL_REPRESENTATION('',(#934),#938);
#934 = LINE('',#935,#936);
#935 = CARTESIAN_POINT('',(-16.301651,-17.702907));
#936 = VECTOR('',#937,1.);
#937 = DIRECTION('',(0.92387992574,-0.382682483027));
#938 = ( GEOMETRIC_REPRESENTATION_CONTEXT(2) 
PARAMETRIC_REPRESENTATION_CONTEXT() REPRESENTATION_CONTEXT('2D SPACE',''
  ) );
#939 = PCURVE('',#940,#945);
#940 = PLANE('',#941);
#941 = AXIS2_PLACEMENT_3D('',#942,#943,#944);
#942 = CARTESIAN_POINT('',(134.301651,-135.702907,0.));
#943 = DIRECTION('',(0.382682483027,-0.92387992574,0.));
#944 = DIRECTION('',(-0.92387992574,-0.382682483027,0.));
#945 = DEFINITIONAL_REPRESENTATION('',(#946),#950);
#946 = LINE('',#947,#948);
#947 = CARTESIAN_POINT('',(0.,0.));
#948 = VECTOR('',#949,1.);
#949 = DIRECTION('',(1.,0.));
#950 = ( GEOMETRIC_REPRESENTATION_CONTEXT(2) 
PARAMETRIC_REPRESENTATION_CONTEXT() REPRESENTATION_CONTEXT('2D SPACE',''
  ) );
#951 = ORIENTED_EDGE('',*,*,#952,.T.);
#952 = EDGE_CURVE('',#925,#953,#955,.T.);
#953 = VERTEX_POINT('',#954);
#954 = CARTESIAN_POINT('',(133.667563,-135.924784,0.));
#955 = SURFACE_CURVE('',#956,(#960,#967),.PCURVE_S1.);
#956 = LINE('',#957,#958);
#957 = CARTESIAN_POINT('',(133.990837,-135.83165,0.));
#958 = VECTOR('',#959,1.);
#959 = DIRECTION('',(-0.960917033326,-0.276836513242,0.));
#960 = PCURVE('',#144,#961);
#961 = DEFINITIONAL_REPRESENTATION('',(#962),#966);
#962 = LINE('',#963,#964);
#963 = CARTESIAN_POINT('',(-15.990837,-17.83165));
#964 = VECTOR('',#965,1.);
#965 = DIRECTION('',(0.960917033326,-0.276836513242));
#966 = ( GEOMETRIC_REPRESENTATION_CONTEXT(2) 
PARAMETRIC_REPRESENTATION_CONTEXT() REPRESENTATION_CONTEXT('2D SPACE',''
  ) );
#967 = PCURVE('',#968,#973);
#968 = PLANE('',#969);
#969 = AXIS2_PLACEMENT_3D('',#970,#971,#972);
#970 = CARTESIAN_POINT('',(133.990837,-135.83165,0.));
#971 = DIRECTION('',(0.276836513242,-0.960917033326,0.));
#972 = DIRECTION('',(-0.960917033326,-0.276836513242,0.));
#973 = DEFINITIONAL_REPRESENTATION('',(#974),#978);
#974 = LINE('',#975,#976);
#975 = CARTESIAN_POINT('',(0.,0.));
#976 = VECTOR('',#977,1.);
#977 = DIRECTION('',(1.,0.));
#978 = ( GEOMETRIC_REPRESENTATION_CONTEXT(2) 
PARAMETRIC_REPRESENTATION_CONTEXT() REPRESENTATION_CONTEXT('2D SPACE',''
  ) );
#979 = ORIENTED_EDGE('',*,*,#980,.T.);
#980 = EDGE_CURVE('',#953,#981,#983,.T.);
#981 = VERTEX_POINT('',#982);
#982 = CARTESIAN_POINT('',(133.335893,-135.981137,0.));
#983 = SURFACE_CURVE('',#984,(#988,#995),.PCURVE_S1.);
#984 = LINE('',#985,#986);
#985 = CARTESIAN_POINT('',(133.667563,-135.924784,0.));
#986 = VECTOR('',#987,1.);
#987 = DIRECTION('',(-0.985871018308,-0.167506224545,0.));
#988 = PCURVE('',#144,#989);
#989 = DEFINITIONAL_REPRESENTATION('',(#990),#994);
#990 = LINE('',#991,#992);
#991 = CARTESIAN_POINT('',(-15.667563,-17.924784));
#992 = VECTOR('',#993,1.);
#993 = DIRECTION('',(0.985871018308,-0.167506224545));
#994 = ( GEOMETRIC_REPRESENTATION_CONTEXT(2) 
PARAMETRIC_REPRESENTATION_CONTEXT() REPRESENTATION_CONTEXT('2D SPACE',''
  ) );
#995 = PCURVE('',#996,#1001);
#996 = PLANE('',#997);
#997 = AXIS2_PLACEMENT_3D('',#998,#999,#1000);
#998 = CARTESIAN_POINT('',(133.667563,-135.924784,0.));
#999 = DIRECTION('',(0.167506224545,-0.985871018308,0.));
#1000 = DIRECTION('',(-0.985871018308,-0.167506224545,0.));
#1001 = DEFINITIONAL_REPRESENTATION('',(#1002),#1006);
#1002 = LINE('',#1003,#1004);
#1003 = CARTESIAN_POINT('',(0.,0.));
#1004 = VECTOR('',#1005,1.);
#1005 = DIRECTION('',(1.,0.));
#1006 = ( GEOMETRIC_REPRESENTATION_CONTEXT(2) 
PARAMETRIC_REPRESENTATION_CONTEXT() REPRESENTATION_CONTEXT('2D SPACE',''
  ) );
#1007 = ORIENTED_EDGE('',*,*,#1008,.T.);
#1008 = EDGE_CURVE('',#981,#1009,#1011,.T.);
#1009 = VERTEX_POINT('',#1010);
#1010 = CARTESIAN_POINT('',(133.,-136.,0.));
#1011 = SURFACE_CURVE('',#1012,(#1016,#1023),.PCURVE_S1.);
#1012 = LINE('',#1013,#1014);
#1013 = CARTESIAN_POINT('',(133.335893,-135.981137,0.));
#1014 = VECTOR('',#1015,1.);
#1015 = DIRECTION('',(-0.998426872638,-5.606942121025E-02,0.));
#1016 = PCURVE('',#144,#1017);
#1017 = DEFINITIONAL_REPRESENTATION('',(#1018),#1022);
#1018 = LINE('',#1019,#1020);
#1019 = CARTESIAN_POINT('',(-15.335893,-17.981137));
#1020 = VECTOR('',#1021,1.);
#1021 = DIRECTION('',(0.998426872638,-5.606942121025E-02));
#1022 = ( GEOMETRIC_REPRESENTATION_CONTEXT(2) 
PARAMETRIC_REPRESENTATION_CONTEXT() REPRESENTATION_CONTEXT('2D SPACE',''
  ) );
#1023 = PCURVE('',#1024,#1029);
#1024 = PLANE('',#1025);
#1025 = AXIS2_PLACEMENT_3D('',#1026,#1027,#1028);
#1026 = CARTESIAN_POINT('',(133.335893,-135.981137,0.));
#1027 = DIRECTION('',(5.606942121025E-02,-0.998426872638,0.));
#1028 = DIRECTION('',(-0.998426872638,-5.606942121025E-02,0.));
#1029 = DEFINITIONAL_REPRESENTATION('',(#1030),#1034);
#1030 = LINE('',#1031,#1032);
#1031 = CARTESIAN_POINT('',(0.,0.));
#1032 = VECTOR('',#1033,1.);
#1033 = DIRECTION('',(1.,0.));
#1034 = ( GEOMETRIC_REPRESENTATION_CONTEXT(2) 
PARAMETRIC_REPRESENTATION_CONTEXT() REPRESENTATION_CONTEXT('2D SPACE',''
  ) );
#1035 = ORIENTED_EDGE('',*,*,#1036,.T.);
#1036 = EDGE_CURVE('',#1009,#1037,#1039,.T.);
#1037 = VERTEX_POINT('',#1038);
#1038 = CARTESIAN_POINT('',(103.,-136.,0.));
#1039 = SURFACE_CURVE('',#1040,(#1044,#1051),.PCURVE_S1.);
#1040 = LINE('',#1041,#1042);
#1041 = CARTESIAN_POINT('',(133.,-136.,0.));
#1042 = VECTOR('',#1043,1.);
#1043 = DIRECTION('',(-1.,0.,0.));
#1044 = PCURVE('',#144,#1045);
#1045 = DEFINITIONAL_REPRESENTATION('',(#1046),#1050);
#1046 = LINE('',#1047,#1048);
#1047 = CARTESIAN_POINT('',(-15.,-18.));
#1048 = VECTOR('',#1049,1.);
#1049 = DIRECTION('',(1.,0.));
#1050 = ( GEOMETRIC_REPRESENTATION_CONTEXT(2) 
PARAMETRIC_REPRESENTATION_CONTEXT() REPRESENTATION_CONTEXT('2D SPACE',''
  ) );
#1051 = PCURVE('',#1052,#1057);
#1052 = PLANE('',#1053);
#1053 = AXIS2_PLACEMENT_3D('',#1054,#1055,#1056);
#1054 = CARTESIAN_POINT('',(133.,-136.,0.));
#1055 = DIRECTION('',(0.,-1.,0.));
#1056 = DIRECTION('',(-1.,0.,0.));
#1057 = DEFINITIONAL_REPRESENTATION('',(#1058),#1062);
#1058 = LINE('',#1059,#1060);
#1059 = CARTESIAN_POINT('',(0.,-0.));
#1060 = VECTOR('',#1061,1.);
#1061 = DIRECTION('',(1.,0.));
#1062 = ( GEOMETRIC_REPRESENTATION_CONTEXT(2) 
PARAMETRIC_REPRESENTATION_CONTEXT() REPRESENTATION_CONTEXT('2D SPACE',''
  ) );
#1063 = ORIENTED_EDGE('',*,*,#1064,.T.);
#1064 = EDGE_CURVE('',#1037,#1065,#1067,.T.);
#1065 = VERTEX_POINT('',#1066);
#1066 = CARTESIAN_POINT('',(102.664107,-135.981137,0.));
#1067 = SURFACE_CURVE('',#1068,(#1072,#1079),.PCURVE_S1.);
#1068 = LINE('',#1069,#1070);
#1069 = CARTESIAN_POINT('',(103.,-136.,0.));
#1070 = VECTOR('',#1071,1.);
#1071 = DIRECTION('',(-0.998426872638,5.606942121025E-02,0.));
#1072 = PCURVE('',#144,#1073);
#1073 = DEFINITIONAL_REPRESENTATION('',(#1074),#1078);
#1074 = LINE('',#1075,#1076);
#1075 = CARTESIAN_POINT('',(15.,-18.));
#1076 = VECTOR('',#1077,1.);
#1077 = DIRECTION('',(0.998426872638,5.606942121025E-02));
#1078 = ( GEOMETRIC_REPRESENTATION_CONTEXT(2) 
PARAMETRIC_REPRESENTATION_CONTEXT() REPRESENTATION_CONTEXT('2D SPACE',''
  ) );
#1079 = PCURVE('',#1080,#1085);
#1080 = PLANE('',#1081);
#1081 = AXIS2_PLACEMENT_3D('',#1082,#1083,#1084);
#1082 = CARTESIAN_POINT('',(103.,-136.,0.));
#1083 = DIRECTION('',(-5.606942121025E-02,-0.998426872638,0.));
#1084 = DIRECTION('',(-0.998426872638,5.606942121025E-02,0.));
#1085 = DEFINITIONAL_REPRESENTATION('',(#1086),#1090);
#1086 = LINE('',#1087,#1088);
#1087 = CARTESIAN_POINT('',(0.,0.));
#1088 = VECTOR('',#1089,1.);
#1089 = DIRECTION('',(1.,0.));
#1090 = ( GEOMETRIC_REPRESENTATION_CONTEXT(2) 
PARAMETRIC_REPRESENTATION_CONTEXT() REPRESENTATION_CONTEXT('2D SPACE',''
  ) );
#1091 = ORIENTED_EDGE('',*,*,#1092,.T.);
#1092 = EDGE_CURVE('',#1065,#1093,#1095,.T.);
#1093 = VERTEX_POINT('',#1094);
#1094 = CARTESIAN_POINT('',(102.332437,-135.924784,0.));
#1095 = SURFACE_CURVE('',#1096,(#1100,#1107),.PCURVE_S1.);
#1096 = LINE('',#1097,#1098);
#1097 = CARTESIAN_POINT('',(102.664107,-135.981137,0.));
#1098 = VECTOR('',#1099,1.);
#1099 = DIRECTION('',(-0.985871018308,0.167506224545,0.));
#1100 = PCURVE('',#144,#1101);
#1101 = DEFINITIONAL_REPRESENTATION('',(#1102),#1106);
#1102 = LINE('',#1103,#1104);
#1103 = CARTESIAN_POINT('',(15.335893,-17.981137));
#1104 = VECTOR('',#1105,1.);
#1105 = DIRECTION('',(0.985871018308,0.167506224545));
#1106 = ( GEOMETRIC_REPRESENTATION_CONTEXT(2) 
PARAMETRIC_REPRESENTATION_CONTEXT() REPRESENTATION_CONTEXT('2D SPACE',''
  ) );
#1107 = PCURVE('',#1108,#1113);
#1108 = PLANE('',#1109);
#1109 = AXIS2_PLACEMENT_3D('',#1110,#1111,#1112);
#1110 = CARTESIAN_POINT('',(102.664107,-135.981137,0.));
#1111 = DIRECTION('',(-0.167506224545,-0.985871018308,0.));
#1112 = DIRECTION('',(-0.985871018308,0.167506224545,0.));
#1113 = DEFINITIONAL_REPRESENTATION('',(#1114),#1118);
#1114 = LINE('',#1115,#1116);
#1115 = CARTESIAN_POINT('',(0.,0.));
#1116 = VECTOR('',#1117,1.);
#1117 = DIRECTION('',(1.,0.));
#1118 = ( GEOMETRIC_REPRESENTATION_CONTEXT(2) 
PARAMETRIC_REPRESENTATION_CONTEXT() REPRESENTATION_CONTEXT('2D SPACE',''
  ) );
#1119 = ORIENTED_EDGE('',*,*,#1120,.T.);
#1120 = EDGE_CURVE('',#1093,#1121,#1123,.T.);
#1121 = VERTEX_POINT('',#1122);
#1122 = CARTESIAN_POINT('',(102.009163,-135.83165,0.));
#1123 = SURFACE_CURVE('',#1124,(#1128,#1135),.PCURVE_S1.);
#1124 = LINE('',#1125,#1126);
#1125 = CARTESIAN_POINT('',(102.332437,-135.924784,0.));
#1126 = VECTOR('',#1127,1.);
#1127 = DIRECTION('',(-0.960917033326,0.276836513242,0.));
#1128 = PCURVE('',#144,#1129);
#1129 = DEFINITIONAL_REPRESENTATION('',(#1130),#1134);
#1130 = LINE('',#1131,#1132);
#1131 = CARTESIAN_POINT('',(15.667563,-17.924784));
#1132 = VECTOR('',#1133,1.);
#1133 = DIRECTION('',(0.960917033326,0.276836513242));
#1134 = ( GEOMETRIC_REPRESENTATION_CONTEXT(2) 
PARAMETRIC_REPRESENTATION_CONTEXT() REPRESENTATION_CONTEXT('2D SPACE',''
  ) );
#1135 = PCURVE('',#1136,#1141);
#1136 = PLANE('',#1137);
#1137 = AXIS2_PLACEMENT_3D('',#1138,#1139,#1140);
#1138 = CARTESIAN_POINT('',(102.332437,-135.924784,0.));
#1139 = DIRECTION('',(-0.276836513242,-0.960917033326,0.));
#1140 = DIRECTION('',(-0.960917033326,0.276836513242,0.));
#1141 = DEFINITIONAL_REPRESENTATION('',(#1142),#1146);
#1142 = LINE('',#1143,#1144);
#1143 = CARTESIAN_POINT('',(0.,0.));
#1144 = VECTOR('',#1145,1.);
#1145 = DIRECTION('',(1.,0.));
#1146 = ( GEOMETRIC_REPRESENTATION_CONTEXT(2) 
PARAMETRIC_REPRESENTATION_CONTEXT() REPRESENTATION_CONTEXT('2D SPACE',''
  ) );
#1147 = ORIENTED_EDGE('',*,*,#1148,.T.);
#1148 = EDGE_CURVE('',#1121,#1149,#1151,.T.);
#1149 = VERTEX_POINT('',#1150);
#1150 = CARTESIAN_POINT('',(101.698349,-135.702907,0.));
#1151 = SURFACE_CURVE('',#1152,(#1156,#1163),.PCURVE_S1.);
#1152 = LINE('',#1153,#1154);
#1153 = CARTESIAN_POINT('',(102.009163,-135.83165,0.));
#1154 = VECTOR('',#1155,1.);
#1155 = DIRECTION('',(-0.92387992574,0.382682483027,0.));
#1156 = PCURVE('',#144,#1157);
#1157 = DEFINITIONAL_REPRESENTATION('',(#1158),#1162);
#1158 = LINE('',#1159,#1160);
#1159 = CARTESIAN_POINT('',(15.990837,-17.83165));
#1160 = VECTOR('',#1161,1.);
#1161 = DIRECTION('',(0.92387992574,0.382682483027));
#1162 = ( GEOMETRIC_REPRESENTATION_CONTEXT(2) 
PARAMETRIC_REPRESENTATION_CONTEXT() REPRESENTATION_CONTEXT('2D SPACE',''
  ) );
#1163 = PCURVE('',#1164,#1169);
#1164 = PLANE('',#1165);
#1165 = AXIS2_PLACEMENT_3D('',#1166,#1167,#1168);
#1166 = CARTESIAN_POINT('',(102.009163,-135.83165,0.));
#1167 = DIRECTION('',(-0.382682483027,-0.92387992574,0.));
#1168 = DIRECTION('',(-0.92387992574,0.382682483027,0.));
#1169 = DEFINITIONAL_REPRESENTATION('',(#1170),#1174);
#1170 = LINE('',#1171,#1172);
#1171 = CARTESIAN_POINT('',(0.,0.));
#1172 = VECTOR('',#1173,1.);
#1173 = DIRECTION('',(1.,0.));
#1174 = ( GEOMETRIC_REPRESENTATION_CONTEXT(2) 
PARAMETRIC_REPRESENTATION_CONTEXT() REPRESENTATION_CONTEXT('2D SPACE',''
  ) );
#1175 = ORIENTED_EDGE('',*,*,#1176,.T.);
#1176 = EDGE_CURVE('',#1149,#1177,#1179,.T.);
#1177 = VERTEX_POINT('',#1178);
#1178 = CARTESIAN_POINT('',(101.403904,-135.540173,0.));
#1179 = SURFACE_CURVE('',#1180,(#1184,#1191),.PCURVE_S1.);
#1180 = LINE('',#1181,#1182);
#1181 = CARTESIAN_POINT('',(101.698349,-135.702907,0.));
#1182 = VECTOR('',#1183,1.);
#1183 = DIRECTION('',(-0.875223421007,0.483718888737,0.));
#1184 = PCURVE('',#144,#1185);
#1185 = DEFINITIONAL_REPRESENTATION('',(#1186),#1190);
#1186 = LINE('',#1187,#1188);
#1187 = CARTESIAN_POINT('',(16.301651,-17.702907));
#1188 = VECTOR('',#1189,1.);
#1189 = DIRECTION('',(0.875223421007,0.483718888737));
#1190 = ( GEOMETRIC_REPRESENTATION_CONTEXT(2) 
PARAMETRIC_REPRESENTATION_CONTEXT() REPRESENTATION_CONTEXT('2D SPACE',''
  ) );
#1191 = PCURVE('',#1192,#1197);
#1192 = PLANE('',#1193);
#1193 = AXIS2_PLACEMENT_3D('',#1194,#1195,#1196);
#1194 = CARTESIAN_POINT('',(101.698349,-135.702907,0.));
#1195 = DIRECTION('',(-0.483718888737,-0.875223421007,0.));
#1196 = DIRECTION('',(-0.875223421007,0.483718888737,0.));
#1197 = DEFINITIONAL_REPRESENTATION('',(#1198),#1202);
#1198 = LINE('',#1199,#1200);
#1199 = CARTESIAN_POINT('',(0.,0.));
#1200 = VECTOR('',#1201,1.);
#1201 = DIRECTION('',(1.,0.));
#1202 = ( GEOMETRIC_REPRESENTATION_CONTEXT(2) 
PARAMETRIC_REPRESENTATION_CONTEXT() REPRESENTATION_CONTEXT('2D SPACE',''
  ) );
#1203 = ORIENTED_EDGE('',*,*,#1204,.T.);
#1204 = EDGE_CURVE('',#1177,#1205,#1207,.T.);
#1205 = VERTEX_POINT('',#1206);
#1206 = CARTESIAN_POINT('',(101.129531,-135.345494,0.));
#1207 = SURFACE_CURVE('',#1208,(#1212,#1219),.PCURVE_S1.);
#1208 = LINE('',#1209,#1210);
#1209 = CARTESIAN_POINT('',(101.403904,-135.540173,0.));
#1210 = VECTOR('',#1211,1.);
#1211 = DIRECTION('',(-0.815559501739,0.578673223091,0.));
#1212 = PCURVE('',#144,#1213);
#1213 = DEFINITIONAL_REPRESENTATION('',(#1214),#1218);
#1214 = LINE('',#1215,#1216);
#1215 = CARTESIAN_POINT('',(16.596096,-17.540173));
#1216 = VECTOR('',#1217,1.);
#1217 = DIRECTION('',(0.815559501739,0.578673223091));
#1218 = ( GEOMETRIC_REPRESENTATION_CONTEXT(2) 
PARAMETRIC_REPRESENTATION_CONTEXT() REPRESENTATION_CONTEXT('2D SPACE',''
  ) );
#1219 = PCURVE('',#1220,#1225);
#1220 = PLANE('',#1221);
#1221 = AXIS2_PLACEMENT_3D('',#1222,#1223,#1224);
#1222 = CARTESIAN_POINT('',(101.403904,-135.540173,0.));
#1223 = DIRECTION('',(-0.578673223091,-0.815559501739,0.));
#1224 = DIRECTION('',(-0.815559501739,0.578673223091,0.));
#1225 = DEFINITIONAL_REPRESENTATION('',(#1226),#1230);
#1226 = LINE('',#1227,#1228);
#1227 = CARTESIAN_POINT('',(0.,0.));
#1228 = VECTOR('',#1229,1.);
#1229 = DIRECTION('',(1.,0.));
#1230 = ( GEOMETRIC_REPRESENTATION_CONTEXT(2) 
PARAMETRIC_REPRESENTATION_CONTEXT() REPRESENTATION_CONTEXT('2D SPACE',''
  ) );
#1231 = ORIENTED_EDGE('',*,*,#1232,.T.);
#1232 = EDGE_CURVE('',#1205,#1233,#1235,.T.);
#1233 = VERTEX_POINT('',#1234);
#1234 = CARTESIAN_POINT('',(100.87868,-135.12132,0.));
#1235 = SURFACE_CURVE('',#1236,(#1240,#1247),.PCURVE_S1.);
#1236 = LINE('',#1237,#1238);
#1237 = CARTESIAN_POINT('',(101.129531,-135.345494,0.));
#1238 = VECTOR('',#1239,1.);
#1239 = DIRECTION('',(-0.7456424001,0.666346314744,0.));
#1240 = PCURVE('',#144,#1241);
#1241 = DEFINITIONAL_REPRESENTATION('',(#1242),#1246);
#1242 = LINE('',#1243,#1244);
#1243 = CARTESIAN_POINT('',(16.870469,-17.345494));
#1244 = VECTOR('',#1245,1.);
#1245 = DIRECTION('',(0.7456424001,0.666346314744));
#1246 = ( GEOMETRIC_REPRESENTATION_CONTEXT(2) 
PARAMETRIC_REPRESENTATION_CONTEXT() REPRESENTATION_CONTEXT('2D SPACE',''
  ) );
#1247 = PCURVE('',#1248,#1253);
#1248 = PLANE('',#1249);
#1249 = AXIS2_PLACEMENT_3D('',#1250,#1251,#1252);
#1250 = CARTESIAN_POINT('',(101.129531,-135.345494,0.));
#1251 = DIRECTION('',(-0.666346314744,-0.7456424001,0.));
#1252 = DIRECTION('',(-0.7456424001,0.666346314744,0.));
#1253 = DEFINITIONAL_REPRESENTATION('',(#1254),#1258);
#1254 = LINE('',#1255,#1256);
#1255 = CARTESIAN_POINT('',(0.,0.));
#1256 = VECTOR('',#1257,1.);
#1257 = DIRECTION('',(1.,0.));
#1258 = ( GEOMETRIC_REPRESENTATION_CONTEXT(2) 
PARAMETRIC_REPRESENTATION_CONTEXT() REPRESENTATION_CONTEXT('2D SPACE',''
  ) );
#1259 = ORIENTED_EDGE('',*,*,#1260,.T.);
#1260 = EDGE_CURVE('',#1233,#1261,#1263,.T.);
#1261 = VERTEX_POINT('',#1262);
#1262 = CARTESIAN_POINT('',(100.654506,-134.870469,0.));
#1263 = SURFACE_CURVE('',#1264,(#1268,#1275),.PCURVE_S1.);
#1264 = LINE('',#1265,#1266);
#1265 = CARTESIAN_POINT('',(100.87868,-135.12132,0.));
#1266 = VECTOR('',#1267,1.);
#1267 = DIRECTION('',(-0.666346314744,0.7456424001,0.));
#1268 = PCURVE('',#144,#1269);
#1269 = DEFINITIONAL_REPRESENTATION('',(#1270),#1274);
#1270 = LINE('',#1271,#1272);
#1271 = CARTESIAN_POINT('',(17.12132,-17.12132));
#1272 = VECTOR('',#1273,1.);
#1273 = DIRECTION('',(0.666346314744,0.7456424001));
#1274 = ( GEOMETRIC_REPRESENTATION_CONTEXT(2) 
PARAMETRIC_REPRESENTATION_CONTEXT() REPRESENTATION_CONTEXT('2D SPACE',''
  ) );
#1275 = PCURVE('',#1276,#1281);
#1276 = PLANE('',#1277);
#1277 = AXIS2_PLACEMENT_3D('',#1278,#1279,#1280);
#1278 = CARTESIAN_POINT('',(100.87868,-135.12132,0.));
#1279 = DIRECTION('',(-0.7456424001,-0.666346314744,0.));
#1280 = DIRECTION('',(-0.666346314744,0.7456424001,0.));
#1281 = DEFINITIONAL_REPRESENTATION('',(#1282),#1286);
#1282 = LINE('',#1283,#1284);
#1283 = CARTESIAN_POINT('',(0.,0.));
#1284 = VECTOR('',#1285,1.);
#1285 = DIRECTION('',(1.,0.));
#1286 = ( GEOMETRIC_REPRESENTATION_CONTEXT(2) 
PARAMETRIC_REPRESENTATION_CONTEXT() REPRESENTATION_CONTEXT('2D SPACE',''
  ) );
#1287 = ORIENTED_EDGE('',*,*,#1288,.T.);
#1288 = EDGE_CURVE('',#1261,#1289,#1291,.T.);
#1289 = VERTEX_POINT('',#1290);
#1290 = CARTESIAN_POINT('',(100.459827,-134.596096,0.));
#1291 = SURFACE_CURVE('',#1292,(#1296,#1303),.PCURVE_S1.);
#1292 = LINE('',#1293,#1294);
#1293 = CARTESIAN_POINT('',(100.654506,-134.870469,0.));
#1294 = VECTOR('',#1295,1.);
#1295 = DIRECTION('',(-0.578673223091,0.815559501739,0.));
#1296 = PCURVE('',#144,#1297);
#1297 = DEFINITIONAL_REPRESENTATION('',(#1298),#1302);
#1298 = LINE('',#1299,#1300);
#1299 = CARTESIAN_POINT('',(17.345494,-16.870469));
#1300 = VECTOR('',#1301,1.);
#1301 = DIRECTION('',(0.578673223091,0.815559501739));
#1302 = ( GEOMETRIC_REPRESENTATION_CONTEXT(2) 
PARAMETRIC_REPRESENTATION_CONTEXT() REPRESENTATION_CONTEXT('2D SPACE',''
  ) );
#1303 = PCURVE('',#1304,#1309);
#1304 = PLANE('',#1305);
#1305 = AXIS2_PLACEMENT_3D('',#1306,#1307,#1308);
#1306 = CARTESIAN_POINT('',(100.654506,-134.870469,0.));
#1307 = DIRECTION('',(-0.815559501739,-0.578673223091,0.));
#1308 = DIRECTION('',(-0.578673223091,0.815559501739,0.));
#1309 = DEFINITIONAL_REPRESENTATION('',(#1310),#1314);
#1310 = LINE('',#1311,#1312);
#1311 = CARTESIAN_POINT('',(0.,0.));
#1312 = VECTOR('',#1313,1.);
#1313 = DIRECTION('',(1.,0.));
#1314 = ( GEOMETRIC_REPRESENTATION_CONTEXT(2) 
PARAMETRIC_REPRESENTATION_CONTEXT() REPRESENTATION_CONTEXT('2D SPACE',''
  ) );
#1315 = ORIENTED_EDGE('',*,*,#1316,.T.);
#1316 = EDGE_CURVE('',#1289,#1317,#1319,.T.);
#1317 = VERTEX_POINT('',#1318);
#1318 = CARTESIAN_POINT('',(100.297093,-134.301651,0.));
#1319 = SURFACE_CURVE('',#1320,(#1324,#1331),.PCURVE_S1.);
#1320 = LINE('',#1321,#1322);
#1321 = CARTESIAN_POINT('',(100.459827,-134.596096,0.));
#1322 = VECTOR('',#1323,1.);
#1323 = DIRECTION('',(-0.483718888737,0.875223421007,0.));
#1324 = PCURVE('',#144,#1325);
#1325 = DEFINITIONAL_REPRESENTATION('',(#1326),#1330);
#1326 = LINE('',#1327,#1328);
#1327 = CARTESIAN_POINT('',(17.540173,-16.596096));
#1328 = VECTOR('',#1329,1.);
#1329 = DIRECTION('',(0.483718888737,0.875223421007));
#1330 = ( GEOMETRIC_REPRESENTATION_CONTEXT(2) 
PARAMETRIC_REPRESENTATION_CONTEXT() REPRESENTATION_CONTEXT('2D SPACE',''
  ) );
#1331 = PCURVE('',#1332,#1337);
#1332 = PLANE('',#1333);
#1333 = AXIS2_PLACEMENT_3D('',#1334,#1335,#1336);
#1334 = CARTESIAN_POINT('',(100.459827,-134.596096,0.));
#1335 = DIRECTION('',(-0.875223421007,-0.483718888737,0.));
#1336 = DIRECTION('',(-0.483718888737,0.875223421007,0.));
#1337 = DEFINITIONAL_REPRESENTATION('',(#1338),#1342);
#1338 = LINE('',#1339,#1340);
#1339 = CARTESIAN_POINT('',(0.,0.));
#1340 = VECTOR('',#1341,1.);
#1341 = DIRECTION('',(1.,0.));
#1342 = ( GEOMETRIC_REPRESENTATION_CONTEXT(2) 
PARAMETRIC_REPRESENTATION_CONTEXT() REPRESENTATION_CONTEXT('2D SPACE',''
  ) );
#1343 = ORIENTED_EDGE('',*,*,#1344,.T.);
#1344 = EDGE_CURVE('',#1317,#1345,#1347,.T.);
#1345 = VERTEX_POINT('',#1346);
#1346 = CARTESIAN_POINT('',(100.16835,-133.990837,0.));
#1347 = SURFACE_CURVE('',#1348,(#1352,#1359),.PCURVE_S1.);
#1348 = LINE('',#1349,#1350);
#1349 = CARTESIAN_POINT('',(100.297093,-134.301651,0.));
#1350 = VECTOR('',#1351,1.);
#1351 = DIRECTION('',(-0.382682483027,0.92387992574,0.));
#1352 = PCURVE('',#144,#1353);
#1353 = DEFINITIONAL_REPRESENTATION('',(#1354),#1358);
#1354 = LINE('',#1355,#1356);
#1355 = CARTESIAN_POINT('',(17.702907,-16.301651));
#1356 = VECTOR('',#1357,1.);
#1357 = DIRECTION('',(0.382682483027,0.92387992574));
#1358 = ( GEOMETRIC_REPRESENTATION_CONTEXT(2) 
PARAMETRIC_REPRESENTATION_CONTEXT() REPRESENTATION_CONTEXT('2D SPACE',''
  ) );
#1359 = PCURVE('',#1360,#1365);
#1360 = PLANE('',#1361);
#1361 = AXIS2_PLACEMENT_3D('',#1362,#1363,#1364);
#1362 = CARTESIAN_POINT('',(100.297093,-134.301651,0.));
#1363 = DIRECTION('',(-0.92387992574,-0.382682483027,0.));
#1364 = DIRECTION('',(-0.382682483027,0.92387992574,0.));
#1365 = DEFINITIONAL_REPRESENTATION('',(#1366),#1370);
#1366 = LINE('',#1367,#1368);
#1367 = CARTESIAN_POINT('',(0.,0.));
#1368 = VECTOR('',#1369,1.);
#1369 = DIRECTION('',(1.,0.));
#1370 = ( GEOMETRIC_REPRESENTATION_CONTEXT(2) 
PARAMETRIC_REPRESENTATION_CONTEXT() REPRESENTATION_CONTEXT('2D SPACE',''
  ) );
#1371 = ORIENTED_EDGE('',*,*,#1372,.T.);
#1372 = EDGE_CURVE('',#1345,#1373,#1375,.T.);
#1373 = VERTEX_POINT('',#1374);
#1374 = CARTESIAN_POINT('',(100.075216,-133.667563,0.));
#1375 = SURFACE_CURVE('',#1376,(#1380,#1387),.PCURVE_S1.);
#1376 = LINE('',#1377,#1378);
#1377 = CARTESIAN_POINT('',(100.16835,-133.990837,0.));
#1378 = VECTOR('',#1379,1.);
#1379 = DIRECTION('',(-0.276836513242,0.960917033326,0.));
#1380 = PCURVE('',#144,#1381);
#1381 = DEFINITIONAL_REPRESENTATION('',(#1382),#1386);
#1382 = LINE('',#1383,#1384);
#1383 = CARTESIAN_POINT('',(17.83165,-15.990837));
#1384 = VECTOR('',#1385,1.);
#1385 = DIRECTION('',(0.276836513242,0.960917033326));
#1386 = ( GEOMETRIC_REPRESENTATION_CONTEXT(2) 
PARAMETRIC_REPRESENTATION_CONTEXT() REPRESENTATION_CONTEXT('2D SPACE',''
  ) );
#1387 = PCURVE('',#1388,#1393);
#1388 = PLANE('',#1389);
#1389 = AXIS2_PLACEMENT_3D('',#1390,#1391,#1392);
#1390 = CARTESIAN_POINT('',(100.16835,-133.990837,0.));
#1391 = DIRECTION('',(-0.960917033326,-0.276836513242,0.));
#1392 = DIRECTION('',(-0.276836513242,0.960917033326,0.));
#1393 = DEFINITIONAL_REPRESENTATION('',(#1394),#1398);
#1394 = LINE('',#1395,#1396);
#1395 = CARTESIAN_POINT('',(0.,0.));
#1396 = VECTOR('',#1397,1.);
#1397 = DIRECTION('',(1.,0.));
#1398 = ( GEOMETRIC_REPRESENTATION_CONTEXT(2) 
PARAMETRIC_REPRESENTATION_CONTEXT() REPRESENTATION_CONTEXT('2D SPACE',''
  ) );
#1399 = ORIENTED_EDGE('',*,*,#1400,.T.);
#1400 = EDGE_CURVE('',#1373,#1401,#1403,.T.);
#1401 = VERTEX_POINT('',#1402);
#1402 = CARTESIAN_POINT('',(100.018863,-133.335893,0.));
#1403 = SURFACE_CURVE('',#1404,(#1408,#1415),.PCURVE_S1.);
#1404 = LINE('',#1405,#1406);
#1405 = CARTESIAN_POINT('',(100.075216,-133.667563,0.));
#1406 = VECTOR('',#1407,1.);
#1407 = DIRECTION('',(-0.167506224545,0.985871018308,0.));
#1408 = PCURVE('',#144,#1409);
#1409 = DEFINITIONAL_REPRESENTATION('',(#1410),#1414);
#1410 = LINE('',#1411,#1412);
#1411 = CARTESIAN_POINT('',(17.924784,-15.667563));
#1412 = VECTOR('',#1413,1.);
#1413 = DIRECTION('',(0.167506224545,0.985871018308));
#1414 = ( GEOMETRIC_REPRESENTATION_CONTEXT(2) 
PARAMETRIC_REPRESENTATION_CONTEXT() REPRESENTATION_CONTEXT('2D SPACE',''
  ) );
#1415 = PCURVE('',#1416,#1421);
#1416 = PLANE('',#1417);
#1417 = AXIS2_PLACEMENT_3D('',#1418,#1419,#1420);
#1418 = CARTESIAN_POINT('',(100.075216,-133.667563,0.));
#1419 = DIRECTION('',(-0.985871018308,-0.167506224545,0.));
#1420 = DIRECTION('',(-0.167506224545,0.985871018308,0.));
#1421 = DEFINITIONAL_REPRESENTATION('',(#1422),#1426);
#1422 = LINE('',#1423,#1424);
#1423 = CARTESIAN_POINT('',(0.,0.));
#1424 = VECTOR('',#1425,1.);
#1425 = DIRECTION('',(1.,0.));
#1426 = ( GEOMETRIC_REPRESENTATION_CONTEXT(2) 
PARAMETRIC_REPRESENTATION_CONTEXT() REPRESENTATION_CONTEXT('2D SPACE',''
  ) );
#1427 = ORIENTED_EDGE('',*,*,#1428,.T.);
#1428 = EDGE_CURVE('',#1401,#1429,#1431,.T.);
#1429 = VERTEX_POINT('',#1430);
#1430 = CARTESIAN_POINT('',(100.,-133.,0.));
#1431 = SURFACE_CURVE('',#1432,(#1436,#1443),.PCURVE_S1.);
#1432 = LINE('',#1433,#1434);
#1433 = CARTESIAN_POINT('',(100.018863,-133.335893,0.));
#1434 = VECTOR('',#1435,1.);
#1435 = DIRECTION('',(-5.606942121021E-02,0.998426872638,0.));
#1436 = PCURVE('',#144,#1437);
#1437 = DEFINITIONAL_REPRESENTATION('',(#1438),#1442);
#1438 = LINE('',#1439,#1440);
#1439 = CARTESIAN_POINT('',(17.981137,-15.335893));
#1440 = VECTOR('',#1441,1.);
#1441 = DIRECTION('',(5.606942121021E-02,0.998426872638));
#1442 = ( GEOMETRIC_REPRESENTATION_CONTEXT(2) 
PARAMETRIC_REPRESENTATION_CONTEXT() REPRESENTATION_CONTEXT('2D SPACE',''
  ) );
#1443 = PCURVE('',#1444,#1449);
#1444 = PLANE('',#1445);
#1445 = AXIS2_PLACEMENT_3D('',#1446,#1447,#1448);
#1446 = CARTESIAN_POINT('',(100.018863,-133.335893,0.));
#1447 = DIRECTION('',(-0.998426872638,-5.606942121021E-02,0.));
#1448 = DIRECTION('',(-5.606942121021E-02,0.998426872638,0.));
#1449 = DEFINITIONAL_REPRESENTATION('',(#1450),#1454);
#1450 = LINE('',#1451,#1452);
#1451 = CARTESIAN_POINT('',(0.,0.));
#1452 = VECTOR('',#1453,1.);
#1453 = DIRECTION('',(1.,0.));
#1454 = ( GEOMETRIC_REPRESENTATION_CONTEXT(2) 
PARAMETRIC_REPRESENTATION_CONTEXT() REPRESENTATION_CONTEXT('2D SPACE',''
  ) );
#1455 = ORIENTED_EDGE('',*,*,#1456,.T.);
#1456 = EDGE_CURVE('',#1429,#1457,#1459,.T.);
#1457 = VERTEX_POINT('',#1458);
#1458 = CARTESIAN_POINT('',(100.,-103.,0.));
#1459 = SURFACE_CURVE('',#1460,(#1464,#1471),.PCURVE_S1.);
#1460 = LINE('',#1461,#1462);
#1461 = CARTESIAN_POINT('',(100.,-133.,0.));
#1462 = VECTOR('',#1463,1.);
#1463 = DIRECTION('',(0.,1.,0.));
#1464 = PCURVE('',#144,#1465);
#1465 = DEFINITIONAL_REPRESENTATION('',(#1466),#1470);
#1466 = LINE('',#1467,#1468);
#1467 = CARTESIAN_POINT('',(18.,-15.));
#1468 = VECTOR('',#1469,1.);
#1469 = DIRECTION('',(0.,1.));
#1470 = ( GEOMETRIC_REPRESENTATION_CONTEXT(2) 
PARAMETRIC_REPRESENTATION_CONTEXT() REPRESENTATION_CONTEXT('2D SPACE',''
  ) );
#1471 = PCURVE('',#1472,#1477);
#1472 = PLANE('',#1473);
#1473 = AXIS2_PLACEMENT_3D('',#1474,#1475,#1476);
#1474 = CARTESIAN_POINT('',(100.,-133.,0.));
#1475 = DIRECTION('',(-1.,0.,0.));
#1476 = DIRECTION('',(0.,1.,0.));
#1477 = DEFINITIONAL_REPRESENTATION('',(#1478),#1482);
#1478 = LINE('',#1479,#1480);
#1479 = CARTESIAN_POINT('',(0.,0.));
#1480 = VECTOR('',#1481,1.);
#1481 = DIRECTION('',(1.,0.));
#1482 = ( GEOMETRIC_REPRESENTATION_CONTEXT(2) 
PARAMETRIC_REPRESENTATION_CONTEXT() REPRESENTATION_CONTEXT('2D SPACE',''
  ) );
#1483 = ORIENTED_EDGE('',*,*,#1484,.T.);
#1484 = EDGE_CURVE('',#1457,#1485,#1487,.T.);
#1485 = VERTEX_POINT('',#1486);
#1486 = CARTESIAN_POINT('',(100.018863,-102.664107,0.));
#1487 = SURFACE_CURVE('',#1488,(#1492,#1499),.PCURVE_S1.);
#1488 = LINE('',#1489,#1490);
#1489 = CARTESIAN_POINT('',(100.,-103.,0.));
#1490 = VECTOR('',#1491,1.);
#1491 = DIRECTION('',(5.606942121021E-02,0.998426872638,0.));
#1492 = PCURVE('',#144,#1493);
#1493 = DEFINITIONAL_REPRESENTATION('',(#1494),#1498);
#1494 = LINE('',#1495,#1496);
#1495 = CARTESIAN_POINT('',(18.,15.));
#1496 = VECTOR('',#1497,1.);
#1497 = DIRECTION('',(-5.606942121021E-02,0.998426872638));
#1498 = ( GEOMETRIC_REPRESENTATION_CONTEXT(2) 
PARAMETRIC_REPRESENTATION_CONTEXT() REPRESENTATION_CONTEXT('2D SPACE',''
  ) );
#1499 = PCURVE('',#1500,#1505);
#1500 = PLANE('',#1501);
#1501 = AXIS2_PLACEMENT_3D('',#1502,#1503,#1504);
#1502 = CARTESIAN_POINT('',(100.,-103.,0.));
#1503 = DIRECTION('',(-0.998426872638,5.606942121021E-02,0.));
#1504 = DIRECTION('',(5.606942121021E-02,0.998426872638,0.));
#1505 = DEFINITIONAL_REPRESENTATION('',(#1506),#1510);
#1506 = LINE('',#1507,#1508);
#1507 = CARTESIAN_POINT('',(0.,0.));
#1508 = VECTOR('',#1509,1.);
#1509 = DIRECTION('',(1.,0.));
#1510 = ( GEOMETRIC_REPRESENTATION_CONTEXT(2) 
PARAMETRIC_REPRESENTATION_CONTEXT() REPRESENTATION_CONTEXT('2D SPACE',''
  ) );
#1511 = ORIENTED_EDGE('',*,*,#1512,.T.);
#1512 = EDGE_CURVE('',#1485,#1513,#1515,.T.);
#1513 = VERTEX_POINT('',#1514);
#1514 = CARTESIAN_POINT('',(100.075216,-102.332437,0.));
#1515 = SURFACE_CURVE('',#1516,(#1520,#1527),.PCURVE_S1.);
#1516 = LINE('',#1517,#1518);
#1517 = CARTESIAN_POINT('',(100.018863,-102.664107,0.));
#1518 = VECTOR('',#1519,1.);
#1519 = DIRECTION('',(0.167506224545,0.985871018308,0.));
#1520 = PCURVE('',#144,#1521);
#1521 = DEFINITIONAL_REPRESENTATION('',(#1522),#1526);
#1522 = LINE('',#1523,#1524);
#1523 = CARTESIAN_POINT('',(17.981137,15.335893));
#1524 = VECTOR('',#1525,1.);
#1525 = DIRECTION('',(-0.167506224545,0.985871018308));
#1526 = ( GEOMETRIC_REPRESENTATION_CONTEXT(2) 
PARAMETRIC_REPRESENTATION_CONTEXT() REPRESENTATION_CONTEXT('2D SPACE',''
  ) );
#1527 = PCURVE('',#1528,#1533);
#1528 = PLANE('',#1529);
#1529 = AXIS2_PLACEMENT_3D('',#1530,#1531,#1532);
#1530 = CARTESIAN_POINT('',(100.018863,-102.664107,0.));
#1531 = DIRECTION('',(-0.985871018308,0.167506224545,0.));
#1532 = DIRECTION('',(0.167506224545,0.985871018308,0.));
#1533 = DEFINITIONAL_REPRESENTATION('',(#1534),#1538);
#1534 = LINE('',#1535,#1536);
#1535 = CARTESIAN_POINT('',(0.,0.));
#1536 = VECTOR('',#1537,1.);
#1537 = DIRECTION('',(1.,0.));
#1538 = ( GEOMETRIC_REPRESENTATION_CONTEXT(2) 
PARAMETRIC_REPRESENTATION_CONTEXT() REPRESENTATION_CONTEXT('2D SPACE',''
  ) );
#1539 = ORIENTED_EDGE('',*,*,#1540,.T.);
#1540 = EDGE_CURVE('',#1513,#1541,#1543,.T.);
#1541 = VERTEX_POINT('',#1542);
#1542 = CARTESIAN_POINT('',(100.16835,-102.009163,0.));
#1543 = SURFACE_CURVE('',#1544,(#1548,#1555),.PCURVE_S1.);
#1544 = LINE('',#1545,#1546);
#1545 = CARTESIAN_POINT('',(100.075216,-102.332437,0.));
#1546 = VECTOR('',#1547,1.);
#1547 = DIRECTION('',(0.276836513242,0.960917033326,0.));
#1548 = PCURVE('',#144,#1549);
#1549 = DEFINITIONAL_REPRESENTATION('',(#1550),#1554);
#1550 = LINE('',#1551,#1552);
#1551 = CARTESIAN_POINT('',(17.924784,15.667563));
#1552 = VECTOR('',#1553,1.);
#1553 = DIRECTION('',(-0.276836513242,0.960917033326));
#1554 = ( GEOMETRIC_REPRESENTATION_CONTEXT(2) 
PARAMETRIC_REPRESENTATION_CONTEXT() REPRESENTATION_CONTEXT('2D SPACE',''
  ) );
#1555 = PCURVE('',#1556,#1561);
#1556 = PLANE('',#1557);
#1557 = AXIS2_PLACEMENT_3D('',#1558,#1559,#1560);
#1558 = CARTESIAN_POINT('',(100.075216,-102.332437,0.));
#1559 = DIRECTION('',(-0.960917033326,0.276836513242,0.));
#1560 = DIRECTION('',(0.276836513242,0.960917033326,0.));
#1561 = DEFINITIONAL_REPRESENTATION('',(#1562),#1566);
#1562 = LINE('',#1563,#1564);
#1563 = CARTESIAN_POINT('',(0.,0.));
#1564 = VECTOR('',#1565,1.);
#1565 = DIRECTION('',(1.,0.));
#1566 = ( GEOMETRIC_REPRESENTATION_CONTEXT(2) 
PARAMETRIC_REPRESENTATION_CONTEXT() REPRESENTATION_CONTEXT('2D SPACE',''
  ) );
#1567 = ORIENTED_EDGE('',*,*,#1568,.T.);
#1568 = EDGE_CURVE('',#1541,#1569,#1571,.T.);
#1569 = VERTEX_POINT('',#1570);
#1570 = CARTESIAN_POINT('',(100.297093,-101.698349,0.));
#1571 = SURFACE_CURVE('',#1572,(#1576,#1583),.PCURVE_S1.);
#1572 = LINE('',#1573,#1574);
#1573 = CARTESIAN_POINT('',(100.16835,-102.009163,0.));
#1574 = VECTOR('',#1575,1.);
#1575 = DIRECTION('',(0.382682483027,0.92387992574,0.));
#1576 = PCURVE('',#144,#1577);
#1577 = DEFINITIONAL_REPRESENTATION('',(#1578),#1582);
#1578 = LINE('',#1579,#1580);
#1579 = CARTESIAN_POINT('',(17.83165,15.990837));
#1580 = VECTOR('',#1581,1.);
#1581 = DIRECTION('',(-0.382682483027,0.92387992574));
#1582 = ( GEOMETRIC_REPRESENTATION_CONTEXT(2) 
PARAMETRIC_REPRESENTATION_CONTEXT() REPRESENTATION_CONTEXT('2D SPACE',''
  ) );
#1583 = PCURVE('',#1584,#1589);
#1584 = PLANE('',#1585);
#1585 = AXIS2_PLACEMENT_3D('',#1586,#1587,#1588);
#1586 = CARTESIAN_POINT('',(100.16835,-102.009163,0.));
#1587 = DIRECTION('',(-0.92387992574,0.382682483027,0.));
#1588 = DIRECTION('',(0.382682483027,0.92387992574,0.));
#1589 = DEFINITIONAL_REPRESENTATION('',(#1590),#1594);
#1590 = LINE('',#1591,#1592);
#1591 = CARTESIAN_POINT('',(0.,0.));
#1592 = VECTOR('',#1593,1.);
#1593 = DIRECTION('',(1.,0.));
#1594 = ( GEOMETRIC_REPRESENTATION_CONTEXT(2) 
PARAMETRIC_REPRESENTATION_CONTEXT() REPRESENTATION_CONTEXT('2D SPACE',''
  ) );
#1595 = ORIENTED_EDGE('',*,*,#1596,.T.);
#1596 = EDGE_CURVE('',#1569,#1597,#1599,.T.);
#1597 = VERTEX_POINT('',#1598);
#1598 = CARTESIAN_POINT('',(100.459827,-101.403904,0.));
#1599 = SURFACE_CURVE('',#1600,(#1604,#1611),.PCURVE_S1.);
#1600 = LINE('',#1601,#1602);
#1601 = CARTESIAN_POINT('',(100.297093,-101.698349,0.));
#1602 = VECTOR('',#1603,1.);
#1603 = DIRECTION('',(0.483718888737,0.875223421007,0.));
#1604 = PCURVE('',#144,#1605);
#1605 = DEFINITIONAL_REPRESENTATION('',(#1606),#1610);
#1606 = LINE('',#1607,#1608);
#1607 = CARTESIAN_POINT('',(17.702907,16.301651));
#1608 = VECTOR('',#1609,1.);
#1609 = DIRECTION('',(-0.483718888737,0.875223421007));
#1610 = ( GEOMETRIC_REPRESENTATION_CONTEXT(2) 
PARAMETRIC_REPRESENTATION_CONTEXT() REPRESENTATION_CONTEXT('2D SPACE',''
  ) );
#1611 = PCURVE('',#1612,#1617);
#1612 = PLANE('',#1613);
#1613 = AXIS2_PLACEMENT_3D('',#1614,#1615,#1616);
#1614 = CARTESIAN_POINT('',(100.297093,-101.698349,0.));
#1615 = DIRECTION('',(-0.875223421007,0.483718888737,0.));
#1616 = DIRECTION('',(0.483718888737,0.875223421007,0.));
#1617 = DEFINITIONAL_REPRESENTATION('',(#1618),#1622);
#1618 = LINE('',#1619,#1620);
#1619 = CARTESIAN_POINT('',(0.,0.));
#1620 = VECTOR('',#1621,1.);
#1621 = DIRECTION('',(1.,0.));
#1622 = ( GEOMETRIC_REPRESENTATION_CONTEXT(2) 
PARAMETRIC_REPRESENTATION_CONTEXT() REPRESENTATION_CONTEXT('2D SPACE',''
  ) );
#1623 = ORIENTED_EDGE('',*,*,#1624,.T.);
#1624 = EDGE_CURVE('',#1597,#1625,#1627,.T.);
#1625 = VERTEX_POINT('',#1626);
#1626 = CARTESIAN_POINT('',(100.654506,-101.129531,0.));
#1627 = SURFACE_CURVE('',#1628,(#1632,#1639),.PCURVE_S1.);
#1628 = LINE('',#1629,#1630);
#1629 = CARTESIAN_POINT('',(100.459827,-101.403904,0.));
#1630 = VECTOR('',#1631,1.);
#1631 = DIRECTION('',(0.578673223091,0.815559501739,0.));
#1632 = PCURVE('',#144,#1633);
#1633 = DEFINITIONAL_REPRESENTATION('',(#1634),#1638);
#1634 = LINE('',#1635,#1636);
#1635 = CARTESIAN_POINT('',(17.540173,16.596096));
#1636 = VECTOR('',#1637,1.);
#1637 = DIRECTION('',(-0.578673223091,0.815559501739));
#1638 = ( GEOMETRIC_REPRESENTATION_CONTEXT(2) 
PARAMETRIC_REPRESENTATION_CONTEXT() REPRESENTATION_CONTEXT('2D SPACE',''
  ) );
#1639 = PCURVE('',#1640,#1645);
#1640 = PLANE('',#1641);
#1641 = AXIS2_PLACEMENT_3D('',#1642,#1643,#1644);
#1642 = CARTESIAN_POINT('',(100.459827,-101.403904,0.));
#1643 = DIRECTION('',(-0.815559501739,0.578673223091,0.));
#1644 = DIRECTION('',(0.578673223091,0.815559501739,0.));
#1645 = DEFINITIONAL_REPRESENTATION('',(#1646),#1650);
#1646 = LINE('',#1647,#1648);
#1647 = CARTESIAN_POINT('',(0.,0.));
#1648 = VECTOR('',#1649,1.);
#1649 = DIRECTION('',(1.,0.));
#1650 = ( GEOMETRIC_REPRESENTATION_CONTEXT(2) 
PARAMETRIC_REPRESENTATION_CONTEXT() REPRESENTATION_CONTEXT('2D SPACE',''
  ) );
#1651 = ORIENTED_EDGE('',*,*,#1652,.T.);
#1652 = EDGE_CURVE('',#1625,#1653,#1655,.T.);
#1653 = VERTEX_POINT('',#1654);
#1654 = CARTESIAN_POINT('',(100.87868,-100.87868,0.));
#1655 = SURFACE_CURVE('',#1656,(#1660,#1667),.PCURVE_S1.);
#1656 = LINE('',#1657,#1658);
#1657 = CARTESIAN_POINT('',(100.654506,-101.129531,0.));
#1658 = VECTOR('',#1659,1.);
#1659 = DIRECTION('',(0.666346314744,0.7456424001,0.));
#1660 = PCURVE('',#144,#1661);
#1661 = DEFINITIONAL_REPRESENTATION('',(#1662),#1666);
#1662 = LINE('',#1663,#1664);
#1663 = CARTESIAN_POINT('',(17.345494,16.870469));
#1664 = VECTOR('',#1665,1.);
#1665 = DIRECTION('',(-0.666346314744,0.7456424001));
#1666 = ( GEOMETRIC_REPRESENTATION_CONTEXT(2) 
PARAMETRIC_REPRESENTATION_CONTEXT() REPRESENTATION_CONTEXT('2D SPACE',''
  ) );
#1667 = PCURVE('',#1668,#1673);
#1668 = PLANE('',#1669);
#1669 = AXIS2_PLACEMENT_3D('',#1670,#1671,#1672);
#1670 = CARTESIAN_POINT('',(100.654506,-101.129531,0.));
#1671 = DIRECTION('',(-0.7456424001,0.666346314744,0.));
#1672 = DIRECTION('',(0.666346314744,0.7456424001,0.));
#1673 = DEFINITIONAL_REPRESENTATION('',(#1674),#1678);
#1674 = LINE('',#1675,#1676);
#1675 = CARTESIAN_POINT('',(0.,0.));
#1676 = VECTOR('',#1677,1.);
#1677 = DIRECTION('',(1.,0.));
#1678 = ( GEOMETRIC_REPRESENTATION_CONTEXT(2) 
PARAMETRIC_REPRESENTATION_CONTEXT() REPRESENTATION_CONTEXT('2D SPACE',''
  ) );
#1679 = ORIENTED_EDGE('',*,*,#1680,.T.);
#1680 = EDGE_CURVE('',#1653,#1681,#1683,.T.);
#1681 = VERTEX_POINT('',#1682);
#1682 = CARTESIAN_POINT('',(101.129531,-100.654506,0.));
#1683 = SURFACE_CURVE('',#1684,(#1688,#1695),.PCURVE_S1.);
#1684 = LINE('',#1685,#1686);
#1685 = CARTESIAN_POINT('',(100.87868,-100.87868,0.));
#1686 = VECTOR('',#1687,1.);
#1687 = DIRECTION('',(0.7456424001,0.666346314744,0.));
#1688 = PCURVE('',#144,#1689);
#1689 = DEFINITIONAL_REPRESENTATION('',(#1690),#1694);
#1690 = LINE('',#1691,#1692);
#1691 = CARTESIAN_POINT('',(17.12132,17.12132));
#1692 = VECTOR('',#1693,1.);
#1693 = DIRECTION('',(-0.7456424001,0.666346314744));
#1694 = ( GEOMETRIC_REPRESENTATION_CONTEXT(2) 
PARAMETRIC_REPRESENTATION_CONTEXT() REPRESENTATION_CONTEXT('2D SPACE',''
  ) );
#1695 = PCURVE('',#1696,#1701);
#1696 = PLANE('',#1697);
#1697 = AXIS2_PLACEMENT_3D('',#1698,#1699,#1700);
#1698 = CARTESIAN_POINT('',(100.87868,-100.87868,0.));
#1699 = DIRECTION('',(-0.666346314744,0.7456424001,0.));
#1700 = DIRECTION('',(0.7456424001,0.666346314744,0.));
#1701 = DEFINITIONAL_REPRESENTATION('',(#1702),#1706);
#1702 = LINE('',#1703,#1704);
#1703 = CARTESIAN_POINT('',(0.,0.));
#1704 = VECTOR('',#1705,1.);
#1705 = DIRECTION('',(1.,0.));
#1706 = ( GEOMETRIC_REPRESENTATION_CONTEXT(2) 
PARAMETRIC_REPRESENTATION_CONTEXT() REPRESENTATION_CONTEXT('2D SPACE',''
  ) );
#1707 = ORIENTED_EDGE('',*,*,#1708,.T.);
#1708 = EDGE_CURVE('',#1681,#1709,#1711,.T.);
#1709 = VERTEX_POINT('',#1710);
#1710 = CARTESIAN_POINT('',(101.403904,-100.459827,0.));
#1711 = SURFACE_CURVE('',#1712,(#1716,#1723),.PCURVE_S1.);
#1712 = LINE('',#1713,#1714);
#1713 = CARTESIAN_POINT('',(101.129531,-100.654506,0.));
#1714 = VECTOR('',#1715,1.);
#1715 = DIRECTION('',(0.815559501739,0.578673223091,0.));
#1716 = PCURVE('',#144,#1717);
#1717 = DEFINITIONAL_REPRESENTATION('',(#1718),#1722);
#1718 = LINE('',#1719,#1720);
#1719 = CARTESIAN_POINT('',(16.870469,17.345494));
#1720 = VECTOR('',#1721,1.);
#1721 = DIRECTION('',(-0.815559501739,0.578673223091));
#1722 = ( GEOMETRIC_REPRESENTATION_CONTEXT(2) 
PARAMETRIC_REPRESENTATION_CONTEXT() REPRESENTATION_CONTEXT('2D SPACE',''
  ) );
#1723 = PCURVE('',#1724,#1729);
#1724 = PLANE('',#1725);
#1725 = AXIS2_PLACEMENT_3D('',#1726,#1727,#1728);
#1726 = CARTESIAN_POINT('',(101.129531,-100.654506,0.));
#1727 = DIRECTION('',(-0.578673223091,0.815559501739,0.));
#1728 = DIRECTION('',(0.815559501739,0.578673223091,0.));
#1729 = DEFINITIONAL_REPRESENTATION('',(#1730),#1734);
#1730 = LINE('',#1731,#1732);
#1731 = CARTESIAN_POINT('',(0.,0.));
#1732 = VECTOR('',#1733,1.);
#1733 = DIRECTION('',(1.,0.));
#1734 = ( GEOMETRIC_REPRESENTATION_CONTEXT(2) 
PARAMETRIC_REPRESENTATION_CONTEXT() REPRESENTATION_CONTEXT('2D SPACE',''
  ) );
#1735 = ORIENTED_EDGE('',*,*,#1736,.T.);
#1736 = EDGE_CURVE('',#1709,#1737,#1739,.T.);
#1737 = VERTEX_POINT('',#1738);
#1738 = CARTESIAN_POINT('',(101.698349,-100.297093,0.));
#1739 = SURFACE_CURVE('',#1740,(#1744,#1751),.PCURVE_S1.);
#1740 = LINE('',#1741,#1742);
#1741 = CARTESIAN_POINT('',(101.403904,-100.459827,0.));
#1742 = VECTOR('',#1743,1.);
#1743 = DIRECTION('',(0.875223421007,0.483718888737,0.));
#1744 = PCURVE('',#144,#1745);
#1745 = DEFINITIONAL_REPRESENTATION('',(#1746),#1750);
#1746 = LINE('',#1747,#1748);
#1747 = CARTESIAN_POINT('',(16.596096,17.540173));
#1748 = VECTOR('',#1749,1.);
#1749 = DIRECTION('',(-0.875223421007,0.483718888737));
#1750 = ( GEOMETRIC_REPRESENTATION_CONTEXT(2) 
PARAMETRIC_REPRESENTATION_CONTEXT() REPRESENTATION_CONTEXT('2D SPACE',''
  ) );
#1751 = PCURVE('',#1752,#1757);
#1752 = PLANE('',#1753);
#1753 = AXIS2_PLACEMENT_3D('',#1754,#1755,#1756);
#1754 = CARTESIAN_POINT('',(101.403904,-100.459827,0.));
#1755 = DIRECTION('',(-0.483718888737,0.875223421007,0.));
#1756 = DIRECTION('',(0.875223421007,0.483718888737,0.));
#1757 = DEFINITIONAL_REPRESENTATION('',(#1758),#1762);
#1758 = LINE('',#1759,#1760);
#1759 = CARTESIAN_POINT('',(0.,0.));
#1760 = VECTOR('',#1761,1.);
#1761 = DIRECTION('',(1.,0.));
#1762 = ( GEOMETRIC_REPRESENTATION_CONTEXT(2) 
PARAMETRIC_REPRESENTATION_CONTEXT() REPRESENTATION_CONTEXT('2D SPACE',''
  ) );
#1763 = ORIENTED_EDGE('',*,*,#1764,.T.);
#1764 = EDGE_CURVE('',#1737,#1765,#1767,.T.);
#1765 = VERTEX_POINT('',#1766);
#1766 = CARTESIAN_POINT('',(102.009163,-100.16835,0.));
#1767 = SURFACE_CURVE('',#1768,(#1772,#1779),.PCURVE_S1.);
#1768 = LINE('',#1769,#1770);
#1769 = CARTESIAN_POINT('',(101.698349,-100.297093,0.));
#1770 = VECTOR('',#1771,1.);
#1771 = DIRECTION('',(0.92387992574,0.382682483027,0.));
#1772 = PCURVE('',#144,#1773);
#1773 = DEFINITIONAL_REPRESENTATION('',(#1774),#1778);
#1774 = LINE('',#1775,#1776);
#1775 = CARTESIAN_POINT('',(16.301651,17.702907));
#1776 = VECTOR('',#1777,1.);
#1777 = DIRECTION('',(-0.92387992574,0.382682483027));
#1778 = ( GEOMETRIC_REPRESENTATION_CONTEXT(2) 
PARAMETRIC_REPRESENTATION_CONTEXT() REPRESENTATION_CONTEXT('2D SPACE',''
  ) );
#1779 = PCURVE('',#1780,#1785);
#1780 = PLANE('',#1781);
#1781 = AXIS2_PLACEMENT_3D('',#1782,#1783,#1784);
#1782 = CARTESIAN_POINT('',(101.698349,-100.297093,0.));
#1783 = DIRECTION('',(-0.382682483027,0.92387992574,0.));
#1784 = DIRECTION('',(0.92387992574,0.382682483027,0.));
#1785 = DEFINITIONAL_REPRESENTATION('',(#1786),#1790);
#1786 = LINE('',#1787,#1788);
#1787 = CARTESIAN_POINT('',(0.,0.));
#1788 = VECTOR('',#1789,1.);
#1789 = DIRECTION('',(1.,0.));
#1790 = ( GEOMETRIC_REPRESENTATION_CONTEXT(2) 
PARAMETRIC_REPRESENTATION_CONTEXT() REPRESENTATION_CONTEXT('2D SPACE',''
  ) );
#1791 = ORIENTED_EDGE('',*,*,#1792,.T.);
#1792 = EDGE_CURVE('',#1765,#1793,#1795,.T.);
#1793 = VERTEX_POINT('',#1794);
#1794 = CARTESIAN_POINT('',(102.332437,-100.075216,0.));
#1795 = SURFACE_CURVE('',#1796,(#1800,#1807),.PCURVE_S1.);
#1796 = LINE('',#1797,#1798);
#1797 = CARTESIAN_POINT('',(102.009163,-100.16835,0.));
#1798 = VECTOR('',#1799,1.);
#1799 = DIRECTION('',(0.960917033326,0.276836513242,0.));
#1800 = PCURVE('',#144,#1801);
#1801 = DEFINITIONAL_REPRESENTATION('',(#1802),#1806);
#1802 = LINE('',#1803,#1804);
#1803 = CARTESIAN_POINT('',(15.990837,17.83165));
#1804 = VECTOR('',#1805,1.);
#1805 = DIRECTION('',(-0.960917033326,0.276836513242));
#1806 = ( GEOMETRIC_REPRESENTATION_CONTEXT(2) 
PARAMETRIC_REPRESENTATION_CONTEXT() REPRESENTATION_CONTEXT('2D SPACE',''
  ) );
#1807 = PCURVE('',#1808,#1813);
#1808 = PLANE('',#1809);
#1809 = AXIS2_PLACEMENT_3D('',#1810,#1811,#1812);
#1810 = CARTESIAN_POINT('',(102.009163,-100.16835,0.));
#1811 = DIRECTION('',(-0.276836513242,0.960917033326,0.));
#1812 = DIRECTION('',(0.960917033326,0.276836513242,0.));
#1813 = DEFINITIONAL_REPRESENTATION('',(#1814),#1818);
#1814 = LINE('',#1815,#1816);
#1815 = CARTESIAN_POINT('',(0.,0.));
#1816 = VECTOR('',#1817,1.);
#1817 = DIRECTION('',(1.,0.));
#1818 = ( GEOMETRIC_REPRESENTATION_CONTEXT(2) 
PARAMETRIC_REPRESENTATION_CONTEXT() REPRESENTATION_CONTEXT('2D SPACE',''
  ) );
#1819 = ORIENTED_EDGE('',*,*,#1820,.T.);
#1820 = EDGE_CURVE('',#1793,#1821,#1823,.T.);
#1821 = VERTEX_POINT('',#1822);
#1822 = CARTESIAN_POINT('',(102.664107,-100.018863,0.));
#1823 = SURFACE_CURVE('',#1824,(#1828,#1835),.PCURVE_S1.);
#1824 = LINE('',#1825,#1826);
#1825 = CARTESIAN_POINT('',(102.332437,-100.075216,0.));
#1826 = VECTOR('',#1827,1.);
#1827 = DIRECTION('',(0.985871018308,0.167506224545,0.));
#1828 = PCURVE('',#144,#1829);
#1829 = DEFINITIONAL_REPRESENTATION('',(#1830),#1834);
#1830 = LINE('',#1831,#1832);
#1831 = CARTESIAN_POINT('',(15.667563,17.924784));
#1832 = VECTOR('',#1833,1.);
#1833 = DIRECTION('',(-0.985871018308,0.167506224545));
#1834 = ( GEOMETRIC_REPRESENTATION_CONTEXT(2) 
PARAMETRIC_REPRESENTATION_CONTEXT() REPRESENTATION_CONTEXT('2D SPACE',''
  ) );
#1835 = PCURVE('',#1836,#1841);
#1836 = PLANE('',#1837);
#1837 = AXIS2_PLACEMENT_3D('',#1838,#1839,#1840);
#1838 = CARTESIAN_POINT('',(102.332437,-100.075216,0.));
#1839 = DIRECTION('',(-0.167506224545,0.985871018308,0.));
#1840 = DIRECTION('',(0.985871018308,0.167506224545,0.));
#1841 = DEFINITIONAL_REPRESENTATION('',(#1842),#1846);
#1842 = LINE('',#1843,#1844);
#1843 = CARTESIAN_POINT('',(0.,0.));
#1844 = VECTOR('',#1845,1.);
#1845 = DIRECTION('',(1.,0.));
#1846 = ( GEOMETRIC_REPRESENTATION_CONTEXT(2) 
PARAMETRIC_REPRESENTATION_CONTEXT() REPRESENTATION_CONTEXT('2D SPACE',''
  ) );
#1847 = ORIENTED_EDGE('',*,*,#1848,.T.);
#1848 = EDGE_CURVE('',#1821,#1849,#1851,.T.);
#1849 = VERTEX_POINT('',#1850);
#1850 = CARTESIAN_POINT('',(103.,-100.,0.));
#1851 = SURFACE_CURVE('',#1852,(#1856,#1863),.PCURVE_S1.);
#1852 = LINE('',#1853,#1854);
#1853 = CARTESIAN_POINT('',(102.664107,-100.018863,0.));
#1854 = VECTOR('',#1855,1.);
#1855 = DIRECTION('',(0.998426872638,5.606942121021E-02,0.));
#1856 = PCURVE('',#144,#1857);
#1857 = DEFINITIONAL_REPRESENTATION('',(#1858),#1862);
#1858 = LINE('',#1859,#1860);
#1859 = CARTESIAN_POINT('',(15.335893,17.981137));
#1860 = VECTOR('',#1861,1.);
#1861 = DIRECTION('',(-0.998426872638,5.606942121021E-02));
#1862 = ( GEOMETRIC_REPRESENTATION_CONTEXT(2) 
PARAMETRIC_REPRESENTATION_CONTEXT() REPRESENTATION_CONTEXT('2D SPACE',''
  ) );
#1863 = PCURVE('',#1864,#1869);
#1864 = PLANE('',#1865);
#1865 = AXIS2_PLACEMENT_3D('',#1866,#1867,#1868);
#1866 = CARTESIAN_POINT('',(102.664107,-100.018863,0.));
#1867 = DIRECTION('',(-5.606942121021E-02,0.998426872638,0.));
#1868 = DIRECTION('',(0.998426872638,5.606942121021E-02,0.));
#1869 = DEFINITIONAL_REPRESENTATION('',(#1870),#1874);
#1870 = LINE('',#1871,#1872);
#1871 = CARTESIAN_POINT('',(0.,0.));
#1872 = VECTOR('',#1873,1.);
#1873 = DIRECTION('',(1.,0.));
#1874 = ( GEOMETRIC_REPRESENTATION_CONTEXT(2) 
PARAMETRIC_REPRESENTATION_CONTEXT() REPRESENTATION_CONTEXT('2D SPACE',''
  ) );
#1875 = ORIENTED_EDGE('',*,*,#1876,.T.);
#1876 = EDGE_CURVE('',#1849,#160,#1877,.T.);
#1877 = SURFACE_CURVE('',#1878,(#1882,#1889),.PCURVE_S1.);
#1878 = LINE('',#1879,#1880);
#1879 = CARTESIAN_POINT('',(103.,-100.,0.));
#1880 = VECTOR('',#1881,1.);
#1881 = DIRECTION('',(1.,0.,0.));
#1882 = PCURVE('',#144,#1883);
#1883 = DEFINITIONAL_REPRESENTATION('',(#1884),#1888);
#1884 = LINE('',#1885,#1886);
#1885 = CARTESIAN_POINT('',(15.,18.));
#1886 = VECTOR('',#1887,1.);
#1887 = DIRECTION('',(-1.,0.));
#1888 = ( GEOMETRIC_REPRESENTATION_CONTEXT(2) 
PARAMETRIC_REPRESENTATION_CONTEXT() REPRESENTATION_CONTEXT('2D SPACE',''
  ) );
#1889 = PCURVE('',#177,#1890);
#1890 = DEFINITIONAL_REPRESENTATION('',(#1891),#1895);
#1891 = LINE('',#1892,#1893);
#1892 = CARTESIAN_POINT('',(0.,0.));
#1893 = VECTOR('',#1894,1.);
#1894 = DIRECTION('',(1.,0.));
#1895 = ( GEOMETRIC_REPRESENTATION_CONTEXT(2) 
PARAMETRIC_REPRESENTATION_CONTEXT() REPRESENTATION_CONTEXT('2D SPACE',''
  ) );
#1896 = ORIENTED_EDGE('',*,*,#211,.T.);
#1897 = FACE_BOUND('',#1898,.T.);
#1898 = EDGE_LOOP('',(#1899));
#1899 = ORIENTED_EDGE('',*,*,#1900,.T.);
#1900 = EDGE_CURVE('',#1901,#1901,#1903,.T.);
#1901 = VERTEX_POINT('',#1902);
#1902 = CARTESIAN_POINT('',(134.85,-133.25,0.));
#1903 = SURFACE_CURVE('',#1904,(#1909,#1920),.PCURVE_S1.);
#1904 = CIRCLE('',#1905,1.6);
#1905 = AXIS2_PLACEMENT_3D('',#1906,#1907,#1908);
#1906 = CARTESIAN_POINT('',(133.25,-133.25,0.));
#1907 = DIRECTION('',(0.,0.,1.));
#1908 = DIRECTION('',(1.,0.,-0.));
#1909 = PCURVE('',#144,#1910);
#1910 = DEFINITIONAL_REPRESENTATION('',(#1911),#1919);
#1911 = ( BOUNDED_CURVE() B_SPLINE_CURVE(2,(#1912,#1913,#1914,#1915,
#1916,#1917,#1918),.UNSPECIFIED.,.T.,.F.) B_SPLINE_CURVE_WITH_KNOTS((1,2
    ,2,2,2,1),(-2.094395102393,0.,2.094395102393,4.188790204786,
6.28318530718,8.377580409573),.UNSPECIFIED.) CURVE() 
GEOMETRIC_REPRESENTATION_ITEM() RATIONAL_B_SPLINE_CURVE((1.,0.5,1.,0.5,
1.,0.5,1.)) REPRESENTATION_ITEM('') );
#1912 = CARTESIAN_POINT('',(-16.85,-15.25));
#1913 = CARTESIAN_POINT('',(-16.85,-12.47871870789));
#1914 = CARTESIAN_POINT('',(-14.45,-13.86435935394));
#1915 = CARTESIAN_POINT('',(-12.05,-15.25));
#1916 = CARTESIAN_POINT('',(-14.45,-16.63564064605));
#1917 = CARTESIAN_POINT('',(-16.85,-18.02128129211));
#1918 = CARTESIAN_POINT('',(-16.85,-15.25));
#1919 = ( GEOMETRIC_REPRESENTATION_CONTEXT(2) 
PARAMETRIC_REPRESENTATION_CONTEXT() REPRESENTATION_CONTEXT('2D SPACE',''
  ) );
#1920 = PCURVE('',#1921,#1926);
#1921 = CYLINDRICAL_SURFACE('',#1922,1.6);
#1922 = AXIS2_PLACEMENT_3D('',#1923,#1924,#1925);
#1923 = CARTESIAN_POINT('',(133.25,-133.25,-1.E-02));
#1924 = DIRECTION('',(0.,0.,1.));
#1925 = DIRECTION('',(1.,0.,-0.));
#1926 = DEFINITIONAL_REPRESENTATION('',(#1927),#1931);
#1927 = LINE('',#1928,#1929);
#1928 = CARTESIAN_POINT('',(0.,1.E-02));
#1929 = VECTOR('',#1930,1.);
#1930 = DIRECTION('',(1.,0.));
#1931 = ( GEOMETRIC_REPRESENTATION_CONTEXT(2) 
PARAMETRIC_REPRESENTATION_CONTEXT() REPRESENTATION_CONTEXT('2D SPACE',''
  ) );
#1932 = FACE_BOUND('',#1933,.T.);
#1933 = EDGE_LOOP('',(#1934));
#1934 = ORIENTED_EDGE('',*,*,#1935,.T.);
#1935 = EDGE_CURVE('',#1936,#1936,#1938,.T.);
#1936 = VERTEX_POINT('',#1937);
#1937 = CARTESIAN_POINT('',(134.325,-124.81,0.));
#1938 = SURFACE_CURVE('',#1939,(#1944,#1955),.PCURVE_S1.);
#1939 = CIRCLE('',#1940,0.325);
#1940 = AXIS2_PLACEMENT_3D('',#1941,#1942,#1943);
#1941 = CARTESIAN_POINT('',(134.,-124.81,0.));
#1942 = DIRECTION('',(0.,0.,1.));
#1943 = DIRECTION('',(1.,0.,-0.));
#1944 = PCURVE('',#144,#1945);
#1945 = DEFINITIONAL_REPRESENTATION('',(#1946),#1954);
#1946 = ( BOUNDED_CURVE() B_SPLINE_CURVE(2,(#1947,#1948,#1949,#1950,
#1951,#1952,#1953),.UNSPECIFIED.,.T.,.F.) B_SPLINE_CURVE_WITH_KNOTS((1,2
    ,2,2,2,1),(-2.094395102393,0.,2.094395102393,4.188790204786,
6.28318530718,8.377580409573),.UNSPECIFIED.) CURVE() 
GEOMETRIC_REPRESENTATION_ITEM() RATIONAL_B_SPLINE_CURVE((1.,0.5,1.,0.5,
1.,0.5,1.)) REPRESENTATION_ITEM('') );
#1947 = CARTESIAN_POINT('',(-16.325,-6.81));
#1948 = CARTESIAN_POINT('',(-16.325,-6.24708348754));
#1949 = CARTESIAN_POINT('',(-15.8375,-6.52854174377));
#1950 = CARTESIAN_POINT('',(-15.35,-6.81));
#1951 = CARTESIAN_POINT('',(-15.8375,-7.09145825623));
#1952 = CARTESIAN_POINT('',(-16.325,-7.37291651246));
#1953 = CARTESIAN_POINT('',(-16.325,-6.81));
#1954 = ( GEOMETRIC_REPRESENTATION_CONTEXT(2) 
PARAMETRIC_REPRESENTATION_CONTEXT() REPRESENTATION_CONTEXT('2D SPACE',''
  ) );
#1955 = PCURVE('',#1956,#1961);
#1956 = CYLINDRICAL_SURFACE('',#1957,0.325);
#1957 = AXIS2_PLACEMENT_3D('',#1958,#1959,#1960);
#1958 = CARTESIAN_POINT('',(134.,-124.81,-1.E-02));
#1959 = DIRECTION('',(0.,0.,1.));
#1960 = DIRECTION('',(1.,0.,-0.));
#1961 = DEFINITIONAL_REPRESENTATION('',(#1962),#1966);
#1962 = LINE('',#1963,#1964);
#1963 = CARTESIAN_POINT('',(0.,1.E-02));
#1964 = VECTOR('',#1965,1.);
#1965 = DIRECTION('',(1.,0.));
#1966 = ( GEOMETRIC_REPRESENTATION_CONTEXT(2) 
PARAMETRIC_REPRESENTATION_CONTEXT() REPRESENTATION_CONTEXT('2D SPACE',''
  ) );
#1967 = FACE_BOUND('',#1968,.T.);
#1968 = EDGE_LOOP('',(#1969));
#1969 = ORIENTED_EDGE('',*,*,#1970,.T.);
#1970 = EDGE_CURVE('',#1971,#1971,#1973,.T.);
#1971 = VERTEX_POINT('',#1972);
#1972 = CARTESIAN_POINT('',(134.325,-123.54,0.));
#1973 = SURFACE_CURVE('',#1974,(#1979,#1990),.PCURVE_S1.);
#1974 = CIRCLE('',#1975,0.325);
#1975 = AXIS2_PLACEMENT_3D('',#1976,#1977,#1978);
#1976 = CARTESIAN_POINT('',(134.,-123.54,0.));
#1977 = DIRECTION('',(0.,0.,1.));
#1978 = DIRECTION('',(1.,0.,-0.));
#1979 = PCURVE('',#144,#1980);
#1980 = DEFINITIONAL_REPRESENTATION('',(#1981),#1989);
#1981 = ( BOUNDED_CURVE() B_SPLINE_CURVE(2,(#1982,#1983,#1984,#1985,
#1986,#1987,#1988),.UNSPECIFIED.,.T.,.F.) B_SPLINE_CURVE_WITH_KNOTS((1,2
    ,2,2,2,1),(-2.094395102393,0.,2.094395102393,4.188790204786,
6.28318530718,8.377580409573),.UNSPECIFIED.) CURVE() 
GEOMETRIC_REPRESENTATION_ITEM() RATIONAL_B_SPLINE_CURVE((1.,0.5,1.,0.5,
1.,0.5,1.)) REPRESENTATION_ITEM('') );
#1982 = CARTESIAN_POINT('',(-16.325,-5.54));
#1983 = CARTESIAN_POINT('',(-16.325,-4.97708348754));
#1984 = CARTESIAN_POINT('',(-15.8375,-5.25854174377));
#1985 = CARTESIAN_POINT('',(-15.35,-5.54));
#1986 = CARTESIAN_POINT('',(-15.8375,-5.82145825623));
#1987 = CARTESIAN_POINT('',(-16.325,-6.10291651246));
#1988 = CARTESIAN_POINT('',(-16.325,-5.54));
#1989 = ( GEOMETRIC_REPRESENTATION_CONTEXT(2) 
PARAMETRIC_REPRESENTATION_CONTEXT() REPRESENTATION_CONTEXT('2D SPACE',''
  ) );
#1990 = PCURVE('',#1991,#1996);
#1991 = CYLINDRICAL_SURFACE('',#1992,0.325);
#1992 = AXIS2_PLACEMENT_3D('',#1993,#1994,#1995);
#1993 = CARTESIAN_POINT('',(134.,-123.54,-1.E-02));
#1994 = DIRECTION('',(0.,0.,1.));
#1995 = DIRECTION('',(1.,0.,-0.));
#1996 = DEFINITIONAL_REPRESENTATION('',(#1997),#2001);
#1997 = LINE('',#1998,#1999);
#1998 = CARTESIAN_POINT('',(0.,1.E-02));
#1999 = VECTOR('',#2000,1.);
#2000 = DIRECTION('',(1.,0.));
#2001 = ( GEOMETRIC_REPRESENTATION_CONTEXT(2) 
PARAMETRIC_REPRESENTATION_CONTEXT() REPRESENTATION_CONTEXT('2D SPACE',''
  ) );
#2002 = FACE_BOUND('',#2003,.T.);
#2003 = EDGE_LOOP('',(#2004));
#2004 = ORIENTED_EDGE('',*,*,#2005,.T.);
#2005 = EDGE_CURVE('',#2006,#2006,#2008,.T.);
#2006 = VERTEX_POINT('',#2007);
#2007 = CARTESIAN_POINT('',(134.325,-122.27,0.));
#2008 = SURFACE_CURVE('',#2009,(#2014,#2025),.PCURVE_S1.);
#2009 = CIRCLE('',#2010,0.325);
#2010 = AXIS2_PLACEMENT_3D('',#2011,#2012,#2013);
#2011 = CARTESIAN_POINT('',(134.,-122.27,0.));
#2012 = DIRECTION('',(0.,0.,1.));
#2013 = DIRECTION('',(1.,0.,-0.));
#2014 = PCURVE('',#144,#2015);
#2015 = DEFINITIONAL_REPRESENTATION('',(#2016),#2024);
#2016 = ( BOUNDED_CURVE() B_SPLINE_CURVE(2,(#2017,#2018,#2019,#2020,
#2021,#2022,#2023),.UNSPECIFIED.,.T.,.F.) B_SPLINE_CURVE_WITH_KNOTS((1,2
    ,2,2,2,1),(-2.094395102393,0.,2.094395102393,4.188790204786,
6.28318530718,8.377580409573),.UNSPECIFIED.) CURVE() 
GEOMETRIC_REPRESENTATION_ITEM() RATIONAL_B_SPLINE_CURVE((1.,0.5,1.,0.5,
1.,0.5,1.)) REPRESENTATION_ITEM('') );
#2017 = CARTESIAN_POINT('',(-16.325,-4.27));
#2018 = CARTESIAN_POINT('',(-16.325,-3.70708348754));
#2019 = CARTESIAN_POINT('',(-15.8375,-3.98854174377));
#2020 = CARTESIAN_POINT('',(-15.35,-4.27));
#2021 = CARTESIAN_POINT('',(-15.8375,-4.55145825623));
#2022 = CARTESIAN_POINT('',(-16.325,-4.83291651246));
#2023 = CARTESIAN_POINT('',(-16.325,-4.27));
#2024 = ( GEOMETRIC_REPRESENTATION_CONTEXT(2) 
PARAMETRIC_REPRESENTATION_CONTEXT() REPRESENTATION_CONTEXT('2D SPACE',''
  ) );
#2025 = PCURVE('',#2026,#2031);
#2026 = CYLINDRICAL_SURFACE('',#2027,0.325);
#2027 = AXIS2_PLACEMENT_3D('',#2028,#2029,#2030);
#2028 = CARTESIAN_POINT('',(134.,-122.27,-1.E-02));
#2029 = DIRECTION('',(0.,0.,1.));
#2030 = DIRECTION('',(1.,0.,-0.));
#2031 = DEFINITIONAL_REPRESENTATION('',(#2032),#2036);
#2032 = LINE('',#2033,#2034);
#2033 = CARTESIAN_POINT('',(0.,1.E-02));
#2034 = VECTOR('',#2035,1.);
#2035 = DIRECTION('',(1.,0.));
#2036 = ( GEOMETRIC_REPRESENTATION_CONTEXT(2) 
PARAMETRIC_REPRESENTATION_CONTEXT() REPRESENTATION_CONTEXT('2D SPACE',''
  ) );
#2037 = FACE_BOUND('',#2038,.T.);
#2038 = EDGE_LOOP('',(#2039));
#2039 = ORIENTED_EDGE('',*,*,#2040,.T.);
#2040 = EDGE_CURVE('',#2041,#2041,#2043,.T.);
#2041 = VERTEX_POINT('',#2042);
#2042 = CARTESIAN_POINT('',(134.325,-121.,0.));
#2043 = SURFACE_CURVE('',#2044,(#2049,#2060),.PCURVE_S1.);
#2044 = CIRCLE('',#2045,0.325);
#2045 = AXIS2_PLACEMENT_3D('',#2046,#2047,#2048);
#2046 = CARTESIAN_POINT('',(134.,-121.,0.));
#2047 = DIRECTION('',(0.,0.,1.));
#2048 = DIRECTION('',(1.,0.,-0.));
#2049 = PCURVE('',#144,#2050);
#2050 = DEFINITIONAL_REPRESENTATION('',(#2051),#2059);
#2051 = ( BOUNDED_CURVE() B_SPLINE_CURVE(2,(#2052,#2053,#2054,#2055,
#2056,#2057,#2058),.UNSPECIFIED.,.T.,.F.) B_SPLINE_CURVE_WITH_KNOTS((1,2
    ,2,2,2,1),(-2.094395102393,0.,2.094395102393,4.188790204786,
6.28318530718,8.377580409573),.UNSPECIFIED.) CURVE() 
GEOMETRIC_REPRESENTATION_ITEM() RATIONAL_B_SPLINE_CURVE((1.,0.5,1.,0.5,
1.,0.5,1.)) REPRESENTATION_ITEM('') );
#2052 = CARTESIAN_POINT('',(-16.325,-3.));
#2053 = CARTESIAN_POINT('',(-16.325,-2.43708348754));
#2054 = CARTESIAN_POINT('',(-15.8375,-2.71854174377));
#2055 = CARTESIAN_POINT('',(-15.35,-3.));
#2056 = CARTESIAN_POINT('',(-15.8375,-3.28145825623));
#2057 = CARTESIAN_POINT('',(-16.325,-3.56291651246));
#2058 = CARTESIAN_POINT('',(-16.325,-3.));
#2059 = ( GEOMETRIC_REPRESENTATION_CONTEXT(2) 
PARAMETRIC_REPRESENTATION_CONTEXT() REPRESENTATION_CONTEXT('2D SPACE',''
  ) );
#2060 = PCURVE('',#2061,#2066);
#2061 = CYLINDRICAL_SURFACE('',#2062,0.325);
#2062 = AXIS2_PLACEMENT_3D('',#2063,#2064,#2065);
#2063 = CARTESIAN_POINT('',(134.,-121.,-1.E-02));
#2064 = DIRECTION('',(0.,0.,1.));
#2065 = DIRECTION('',(1.,0.,-0.));
#2066 = DEFINITIONAL_REPRESENTATION('',(#2067),#2071);
#2067 = LINE('',#2068,#2069);
#2068 = CARTESIAN_POINT('',(0.,1.E-02));
#2069 = VECTOR('',#2070,1.);
#2070 = DIRECTION('',(1.,0.));
#2071 = ( GEOMETRIC_REPRESENTATION_CONTEXT(2) 
PARAMETRIC_REPRESENTATION_CONTEXT() REPRESENTATION_CONTEXT('2D SPACE',''
  ) );
#2072 = FACE_BOUND('',#2073,.T.);
#2073 = EDGE_LOOP('',(#2074));
#2074 = ORIENTED_EDGE('',*,*,#2075,.T.);
#2075 = EDGE_CURVE('',#2076,#2076,#2078,.T.);
#2076 = VERTEX_POINT('',#2077);
#2077 = CARTESIAN_POINT('',(115.55,-133.,0.));
#2078 = SURFACE_CURVE('',#2079,(#2084,#2095),.PCURVE_S1.);
#2079 = CIRCLE('',#2080,1.05);
#2080 = AXIS2_PLACEMENT_3D('',#2081,#2082,#2083);
#2081 = CARTESIAN_POINT('',(114.5,-133.,0.));
#2082 = DIRECTION('',(0.,0.,1.));
#2083 = DIRECTION('',(1.,0.,-0.));
#2084 = PCURVE('',#144,#2085);
#2085 = DEFINITIONAL_REPRESENTATION('',(#2086),#2094);
#2086 = ( BOUNDED_CURVE() B_SPLINE_CURVE(2,(#2087,#2088,#2089,#2090,
#2091,#2092,#2093),.UNSPECIFIED.,.T.,.F.) B_SPLINE_CURVE_WITH_KNOTS((1,2
    ,2,2,2,1),(-2.094395102393,0.,2.094395102393,4.188790204786,
6.28318530718,8.377580409573),.UNSPECIFIED.) CURVE() 
GEOMETRIC_REPRESENTATION_ITEM() RATIONAL_B_SPLINE_CURVE((1.,0.5,1.,0.5,
1.,0.5,1.)) REPRESENTATION_ITEM('') );
#2087 = CARTESIAN_POINT('',(2.45,-15.));
#2088 = CARTESIAN_POINT('',(2.45,-13.18134665205));
#2089 = CARTESIAN_POINT('',(4.025,-14.09067332602));
#2090 = CARTESIAN_POINT('',(5.6,-15.));
#2091 = CARTESIAN_POINT('',(4.025,-15.90932667397));
#2092 = CARTESIAN_POINT('',(2.45,-16.81865334794));
#2093 = CARTESIAN_POINT('',(2.45,-15.));
#2094 = ( GEOMETRIC_REPRESENTATION_CONTEXT(2) 
PARAMETRIC_REPRESENTATION_CONTEXT() REPRESENTATION_CONTEXT('2D SPACE',''
  ) );
#2095 = PCURVE('',#2096,#2101);
#2096 = CYLINDRICAL_SURFACE('',#2097,1.05);
#2097 = AXIS2_PLACEMENT_3D('',#2098,#2099,#2100);
#2098 = CARTESIAN_POINT('',(114.5,-133.,-1.E-02));
#2099 = DIRECTION('',(0.,0.,1.));
#2100 = DIRECTION('',(1.,0.,-0.));
#2101 = DEFINITIONAL_REPRESENTATION('',(#2102),#2106);
#2102 = LINE('',#2103,#2104);
#2103 = CARTESIAN_POINT('',(0.,1.E-02));
#2104 = VECTOR('',#2105,1.);
#2105 = DIRECTION('',(1.,0.));
#2106 = ( GEOMETRIC_REPRESENTATION_CONTEXT(2) 
PARAMETRIC_REPRESENTATION_CONTEXT() REPRESENTATION_CONTEXT('2D SPACE',''
  ) );
#2107 = FACE_BOUND('',#2108,.T.);
#2108 = EDGE_LOOP('',(#2109));
#2109 = ORIENTED_EDGE('',*,*,#2110,.T.);
#2110 = EDGE_CURVE('',#2111,#2111,#2113,.T.);
#2111 = VERTEX_POINT('',#2112);
#2112 = CARTESIAN_POINT('',(109.55,-133.,0.));
#2113 = SURFACE_CURVE('',#2114,(#2119,#2130),.PCURVE_S1.);
#2114 = CIRCLE('',#2115,1.05);
#2115 = AXIS2_PLACEMENT_3D('',#2116,#2117,#2118);
#2116 = CARTESIAN_POINT('',(108.5,-133.,0.));
#2117 = DIRECTION('',(0.,0.,1.));
#2118 = DIRECTION('',(1.,0.,-0.));
#2119 = PCURVE('',#144,#2120);
#2120 = DEFINITIONAL_REPRESENTATION('',(#2121),#2129);
#2121 = ( BOUNDED_CURVE() B_SPLINE_CURVE(2,(#2122,#2123,#2124,#2125,
#2126,#2127,#2128),.UNSPECIFIED.,.T.,.F.) B_SPLINE_CURVE_WITH_KNOTS((1,2
    ,2,2,2,1),(-2.094395102393,0.,2.094395102393,4.188790204786,
6.28318530718,8.377580409573),.UNSPECIFIED.) CURVE() 
GEOMETRIC_REPRESENTATION_ITEM() RATIONAL_B_SPLINE_CURVE((1.,0.5,1.,0.5,
1.,0.5,1.)) REPRESENTATION_ITEM('') );
#2122 = CARTESIAN_POINT('',(8.45,-15.));
#2123 = CARTESIAN_POINT('',(8.45,-13.18134665205));
#2124 = CARTESIAN_POINT('',(10.025,-14.09067332602));
#2125 = CARTESIAN_POINT('',(11.6,-15.));
#2126 = CARTESIAN_POINT('',(10.025,-15.90932667397));
#2127 = CARTESIAN_POINT('',(8.45,-16.81865334794));
#2128 = CARTESIAN_POINT('',(8.45,-15.));
#2129 = ( GEOMETRIC_REPRESENTATION_CONTEXT(2) 
PARAMETRIC_REPRESENTATION_CONTEXT() REPRESENTATION_CONTEXT('2D SPACE',''
  ) );
#2130 = PCURVE('',#2131,#2136);
#2131 = CYLINDRICAL_SURFACE('',#2132,1.05);
#2132 = AXIS2_PLACEMENT_3D('',#2133,#2134,#2135);
#2133 = CARTESIAN_POINT('',(108.5,-133.,-1.E-02));
#2134 = DIRECTION('',(0.,0.,1.));
#2135 = DIRECTION('',(1.,0.,-0.));
#2136 = DEFINITIONAL_REPRESENTATION('',(#2137),#2141);
#2137 = LINE('',#2138,#2139);
#2138 = CARTESIAN_POINT('',(0.,1.E-02));
#2139 = VECTOR('',#2140,1.);
#2140 = DIRECTION('',(1.,0.));
#2141 = ( GEOMETRIC_REPRESENTATION_CONTEXT(2) 
PARAMETRIC_REPRESENTATION_CONTEXT() REPRESENTATION_CONTEXT('2D SPACE',''
  ) );
#2142 = FACE_BOUND('',#2143,.T.);
#2143 = EDGE_LOOP('',(#2144));
#2144 = ORIENTED_EDGE('',*,*,#2145,.T.);
#2145 = EDGE_CURVE('',#2146,#2146,#2148,.T.);
#2146 = VERTEX_POINT('',#2147);
#2147 = CARTESIAN_POINT('',(104.35,-133.25,0.));
#2148 = SURFACE_CURVE('',#2149,(#2154,#2165),.PCURVE_S1.);
#2149 = CIRCLE('',#2150,1.6);
#2150 = AXIS2_PLACEMENT_3D('',#2151,#2152,#2153);
#2151 = CARTESIAN_POINT('',(102.75,-133.25,0.));
#2152 = DIRECTION('',(0.,0.,1.));
#2153 = DIRECTION('',(1.,0.,-0.));
#2154 = PCURVE('',#144,#2155);
#2155 = DEFINITIONAL_REPRESENTATION('',(#2156),#2164);
#2156 = ( BOUNDED_CURVE() B_SPLINE_CURVE(2,(#2157,#2158,#2159,#2160,
#2161,#2162,#2163),.UNSPECIFIED.,.T.,.F.) B_SPLINE_CURVE_WITH_KNOTS((1,2
    ,2,2,2,1),(-2.094395102393,0.,2.094395102393,4.188790204786,
6.28318530718,8.377580409573),.UNSPECIFIED.) CURVE() 
GEOMETRIC_REPRESENTATION_ITEM() RATIONAL_B_SPLINE_CURVE((1.,0.5,1.,0.5,
1.,0.5,1.)) REPRESENTATION_ITEM('') );
#2157 = CARTESIAN_POINT('',(13.65,-15.25));
#2158 = CARTESIAN_POINT('',(13.65,-12.47871870789));
#2159 = CARTESIAN_POINT('',(16.05,-13.86435935394));
#2160 = CARTESIAN_POINT('',(18.45,-15.25));
#2161 = CARTESIAN_POINT('',(16.05,-16.63564064605));
#2162 = CARTESIAN_POINT('',(13.65,-18.02128129211));
#2163 = CARTESIAN_POINT('',(13.65,-15.25));
#2164 = ( GEOMETRIC_REPRESENTATION_CONTEXT(2) 
PARAMETRIC_REPRESENTATION_CONTEXT() REPRESENTATION_CONTEXT('2D SPACE',''
  ) );
#2165 = PCURVE('',#2166,#2171);
#2166 = CYLINDRICAL_SURFACE('',#2167,1.6);
#2167 = AXIS2_PLACEMENT_3D('',#2168,#2169,#2170);
#2168 = CARTESIAN_POINT('',(102.75,-133.25,-1.E-02));
#2169 = DIRECTION('',(0.,0.,1.));
#2170 = DIRECTION('',(1.,0.,-0.));
#2171 = DEFINITIONAL_REPRESENTATION('',(#2172),#2176);
#2172 = LINE('',#2173,#2174);
#2173 = CARTESIAN_POINT('',(0.,1.E-02));
#2174 = VECTOR('',#2175,1.);
#2175 = DIRECTION('',(1.,0.));
#2176 = ( GEOMETRIC_REPRESENTATION_CONTEXT(2) 
PARAMETRIC_REPRESENTATION_CONTEXT() REPRESENTATION_CONTEXT('2D SPACE',''
  ) );
#2177 = FACE_BOUND('',#2178,.T.);
#2178 = EDGE_LOOP('',(#2179));
#2179 = ORIENTED_EDGE('',*,*,#2180,.T.);
#2180 = EDGE_CURVE('',#2181,#2181,#2183,.T.);
#2181 = VERTEX_POINT('',#2182);
#2182 = CARTESIAN_POINT('',(108.45,-120.1,0.));
#2183 = SURFACE_CURVE('',#2184,(#2189,#2200),.PCURVE_S1.);
#2184 = CIRCLE('',#2185,0.15);
#2185 = AXIS2_PLACEMENT_3D('',#2186,#2187,#2188);
#2186 = CARTESIAN_POINT('',(108.3,-120.1,0.));
#2187 = DIRECTION('',(0.,0.,1.));
#2188 = DIRECTION('',(1.,0.,-0.));
#2189 = PCURVE('',#144,#2190);
#2190 = DEFINITIONAL_REPRESENTATION('',(#2191),#2199);
#2191 = ( BOUNDED_CURVE() B_SPLINE_CURVE(2,(#2192,#2193,#2194,#2195,
#2196,#2197,#2198),.UNSPECIFIED.,.T.,.F.) B_SPLINE_CURVE_WITH_KNOTS((1,2
    ,2,2,2,1),(-2.094395102393,0.,2.094395102393,4.188790204786,
6.28318530718,8.377580409573),.UNSPECIFIED.) CURVE() 
GEOMETRIC_REPRESENTATION_ITEM() RATIONAL_B_SPLINE_CURVE((1.,0.5,1.,0.5,
1.,0.5,1.)) REPRESENTATION_ITEM('') );
#2192 = CARTESIAN_POINT('',(9.55,-2.1));
#2193 = CARTESIAN_POINT('',(9.55,-1.840192378865));
#2194 = CARTESIAN_POINT('',(9.775,-1.970096189432));
#2195 = CARTESIAN_POINT('',(10.,-2.1));
#2196 = CARTESIAN_POINT('',(9.775,-2.229903810568));
#2197 = CARTESIAN_POINT('',(9.55,-2.359807621135));
#2198 = CARTESIAN_POINT('',(9.55,-2.1));
#2199 = ( GEOMETRIC_REPRESENTATION_CONTEXT(2) 
PARAMETRIC_REPRESENTATION_CONTEXT() REPRESENTATION_CONTEXT('2D SPACE',''
  ) );
#2200 = PCURVE('',#2201,#2206);
#2201 = CYLINDRICAL_SURFACE('',#2202,0.15);
#2202 = AXIS2_PLACEMENT_3D('',#2203,#2204,#2205);
#2203 = CARTESIAN_POINT('',(108.3,-120.1,-1.E-02));
#2204 = DIRECTION('',(0.,0.,1.));
#2205 = DIRECTION('',(1.,0.,-0.));
#2206 = DEFINITIONAL_REPRESENTATION('',(#2207),#2211);
#2207 = LINE('',#2208,#2209);
#2208 = CARTESIAN_POINT('',(0.,1.E-02));
#2209 = VECTOR('',#2210,1.);
#2210 = DIRECTION('',(1.,0.));
#2211 = ( GEOMETRIC_REPRESENTATION_CONTEXT(2) 
PARAMETRIC_REPRESENTATION_CONTEXT() REPRESENTATION_CONTEXT('2D SPACE',''
  ) );
#2212 = FACE_BOUND('',#2213,.T.);
#2213 = EDGE_LOOP('',(#2214));
#2214 = ORIENTED_EDGE('',*,*,#2215,.T.);
#2215 = EDGE_CURVE('',#2216,#2216,#2218,.T.);
#2216 = VERTEX_POINT('',#2217);
#2217 = CARTESIAN_POINT('',(107.25,-120.1,0.));
#2218 = SURFACE_CURVE('',#2219,(#2224,#2235),.PCURVE_S1.);
#2219 = CIRCLE('',#2220,0.15);
#2220 = AXIS2_PLACEMENT_3D('',#2221,#2222,#2223);
#2221 = CARTESIAN_POINT('',(107.1,-120.1,0.));
#2222 = DIRECTION('',(0.,0.,1.));
#2223 = DIRECTION('',(1.,0.,-0.));
#2224 = PCURVE('',#144,#2225);
#2225 = DEFINITIONAL_REPRESENTATION('',(#2226),#2234);
#2226 = ( BOUNDED_CURVE() B_SPLINE_CURVE(2,(#2227,#2228,#2229,#2230,
#2231,#2232,#2233),.UNSPECIFIED.,.T.,.F.) B_SPLINE_CURVE_WITH_KNOTS((1,2
    ,2,2,2,1),(-2.094395102393,0.,2.094395102393,4.188790204786,
6.28318530718,8.377580409573),.UNSPECIFIED.) CURVE() 
GEOMETRIC_REPRESENTATION_ITEM() RATIONAL_B_SPLINE_CURVE((1.,0.5,1.,0.5,
1.,0.5,1.)) REPRESENTATION_ITEM('') );
#2227 = CARTESIAN_POINT('',(10.75,-2.1));
#2228 = CARTESIAN_POINT('',(10.75,-1.840192378865));
#2229 = CARTESIAN_POINT('',(10.975,-1.970096189432));
#2230 = CARTESIAN_POINT('',(11.2,-2.1));
#2231 = CARTESIAN_POINT('',(10.975,-2.229903810568));
#2232 = CARTESIAN_POINT('',(10.75,-2.359807621135));
#2233 = CARTESIAN_POINT('',(10.75,-2.1));
#2234 = ( GEOMETRIC_REPRESENTATION_CONTEXT(2) 
PARAMETRIC_REPRESENTATION_CONTEXT() REPRESENTATION_CONTEXT('2D SPACE',''
  ) );
#2235 = PCURVE('',#2236,#2241);
#2236 = CYLINDRICAL_SURFACE('',#2237,0.15);
#2237 = AXIS2_PLACEMENT_3D('',#2238,#2239,#2240);
#2238 = CARTESIAN_POINT('',(107.1,-120.1,-1.E-02));
#2239 = DIRECTION('',(0.,0.,1.));
#2240 = DIRECTION('',(1.,0.,-0.));
#2241 = DEFINITIONAL_REPRESENTATION('',(#2242),#2246);
#2242 = LINE('',#2243,#2244);
#2243 = CARTESIAN_POINT('',(0.,1.E-02));
#2244 = VECTOR('',#2245,1.);
#2245 = DIRECTION('',(1.,0.));
#2246 = ( GEOMETRIC_REPRESENTATION_CONTEXT(2) 
PARAMETRIC_REPRESENTATION_CONTEXT() REPRESENTATION_CONTEXT('2D SPACE',''
  ) );
#2247 = FACE_BOUND('',#2248,.T.);
#2248 = EDGE_LOOP('',(#2249));
#2249 = ORIENTED_EDGE('',*,*,#2250,.T.);
#2250 = EDGE_CURVE('',#2251,#2251,#2253,.T.);
#2251 = VERTEX_POINT('',#2252);
#2252 = CARTESIAN_POINT('',(105.95,-120.1,0.));
#2253 = SURFACE_CURVE('',#2254,(#2259,#2270),.PCURVE_S1.);
#2254 = CIRCLE('',#2255,0.15);
#2255 = AXIS2_PLACEMENT_3D('',#2256,#2257,#2258);
#2256 = CARTESIAN_POINT('',(105.8,-120.1,0.));
#2257 = DIRECTION('',(0.,0.,1.));
#2258 = DIRECTION('',(1.,0.,-0.));
#2259 = PCURVE('',#144,#2260);
#2260 = DEFINITIONAL_REPRESENTATION('',(#2261),#2269);
#2261 = ( BOUNDED_CURVE() B_SPLINE_CURVE(2,(#2262,#2263,#2264,#2265,
#2266,#2267,#2268),.UNSPECIFIED.,.T.,.F.) B_SPLINE_CURVE_WITH_KNOTS((1,2
    ,2,2,2,1),(-2.094395102393,0.,2.094395102393,4.188790204786,
6.28318530718,8.377580409573),.UNSPECIFIED.) CURVE() 
GEOMETRIC_REPRESENTATION_ITEM() RATIONAL_B_SPLINE_CURVE((1.,0.5,1.,0.5,
1.,0.5,1.)) REPRESENTATION_ITEM('') );
#2262 = CARTESIAN_POINT('',(12.05,-2.1));
#2263 = CARTESIAN_POINT('',(12.05,-1.840192378865));
#2264 = CARTESIAN_POINT('',(12.275,-1.970096189432));
#2265 = CARTESIAN_POINT('',(12.5,-2.1));
#2266 = CARTESIAN_POINT('',(12.275,-2.229903810568));
#2267 = CARTESIAN_POINT('',(12.05,-2.359807621135));
#2268 = CARTESIAN_POINT('',(12.05,-2.1));
#2269 = ( GEOMETRIC_REPRESENTATION_CONTEXT(2) 
PARAMETRIC_REPRESENTATION_CONTEXT() REPRESENTATION_CONTEXT('2D SPACE',''
  ) );
#2270 = PCURVE('',#2271,#2276);
#2271 = CYLINDRICAL_SURFACE('',#2272,0.15);
#2272 = AXIS2_PLACEMENT_3D('',#2273,#2274,#2275);
#2273 = CARTESIAN_POINT('',(105.8,-120.1,-1.E-02));
#2274 = DIRECTION('',(0.,0.,1.));
#2275 = DIRECTION('',(1.,0.,-0.));
#2276 = DEFINITIONAL_REPRESENTATION('',(#2277),#2281);
#2277 = LINE('',#2278,#2279);
#2278 = CARTESIAN_POINT('',(0.,1.E-02));
#2279 = VECTOR('',#2280,1.);
#2280 = DIRECTION('',(1.,0.));
#2281 = ( GEOMETRIC_REPRESENTATION_CONTEXT(2) 
PARAMETRIC_REPRESENTATION_CONTEXT() REPRESENTATION_CONTEXT('2D SPACE',''
  ) );
#2282 = FACE_BOUND('',#2283,.T.);
#2283 = EDGE_LOOP('',(#2284));
#2284 = ORIENTED_EDGE('',*,*,#2285,.T.);
#2285 = EDGE_CURVE('',#2286,#2286,#2288,.T.);
#2286 = VERTEX_POINT('',#2287);
#2287 = CARTESIAN_POINT('',(108.45,-118.9,0.));
#2288 = SURFACE_CURVE('',#2289,(#2294,#2305),.PCURVE_S1.);
#2289 = CIRCLE('',#2290,0.15);
#2290 = AXIS2_PLACEMENT_3D('',#2291,#2292,#2293);
#2291 = CARTESIAN_POINT('',(108.3,-118.9,0.));
#2292 = DIRECTION('',(0.,0.,1.));
#2293 = DIRECTION('',(1.,0.,-0.));
#2294 = PCURVE('',#144,#2295);
#2295 = DEFINITIONAL_REPRESENTATION('',(#2296),#2304);
#2296 = ( BOUNDED_CURVE() B_SPLINE_CURVE(2,(#2297,#2298,#2299,#2300,
#2301,#2302,#2303),.UNSPECIFIED.,.T.,.F.) B_SPLINE_CURVE_WITH_KNOTS((1,2
    ,2,2,2,1),(-2.094395102393,0.,2.094395102393,4.188790204786,
6.28318530718,8.377580409573),.UNSPECIFIED.) CURVE() 
GEOMETRIC_REPRESENTATION_ITEM() RATIONAL_B_SPLINE_CURVE((1.,0.5,1.,0.5,
1.,0.5,1.)) REPRESENTATION_ITEM('') );
#2297 = CARTESIAN_POINT('',(9.55,-0.9));
#2298 = CARTESIAN_POINT('',(9.55,-0.640192378865));
#2299 = CARTESIAN_POINT('',(9.775,-0.770096189432));
#2300 = CARTESIAN_POINT('',(10.,-0.9));
#2301 = CARTESIAN_POINT('',(9.775,-1.029903810568));
#2302 = CARTESIAN_POINT('',(9.55,-1.159807621135));
#2303 = CARTESIAN_POINT('',(9.55,-0.9));
#2304 = ( GEOMETRIC_REPRESENTATION_CONTEXT(2) 
PARAMETRIC_REPRESENTATION_CONTEXT() REPRESENTATION_CONTEXT('2D SPACE',''
  ) );
#2305 = PCURVE('',#2306,#2311);
#2306 = CYLINDRICAL_SURFACE('',#2307,0.15);
#2307 = AXIS2_PLACEMENT_3D('',#2308,#2309,#2310);
#2308 = CARTESIAN_POINT('',(108.3,-118.9,-1.E-02));
#2309 = DIRECTION('',(0.,0.,1.));
#2310 = DIRECTION('',(1.,0.,-0.));
#2311 = DEFINITIONAL_REPRESENTATION('',(#2312),#2316);
#2312 = LINE('',#2313,#2314);
#2313 = CARTESIAN_POINT('',(0.,1.E-02));
#2314 = VECTOR('',#2315,1.);
#2315 = DIRECTION('',(1.,0.));
#2316 = ( GEOMETRIC_REPRESENTATION_CONTEXT(2) 
PARAMETRIC_REPRESENTATION_CONTEXT() REPRESENTATION_CONTEXT('2D SPACE',''
  ) );
#2317 = FACE_BOUND('',#2318,.T.);
#2318 = EDGE_LOOP('',(#2319));
#2319 = ORIENTED_EDGE('',*,*,#2320,.T.);
#2320 = EDGE_CURVE('',#2321,#2321,#2323,.T.);
#2321 = VERTEX_POINT('',#2322);
#2322 = CARTESIAN_POINT('',(107.25,-118.9,0.));
#2323 = SURFACE_CURVE('',#2324,(#2329,#2340),.PCURVE_S1.);
#2324 = CIRCLE('',#2325,0.15);
#2325 = AXIS2_PLACEMENT_3D('',#2326,#2327,#2328);
#2326 = CARTESIAN_POINT('',(107.1,-118.9,0.));
#2327 = DIRECTION('',(0.,0.,1.));
#2328 = DIRECTION('',(1.,0.,-0.));
#2329 = PCURVE('',#144,#2330);
#2330 = DEFINITIONAL_REPRESENTATION('',(#2331),#2339);
#2331 = ( BOUNDED_CURVE() B_SPLINE_CURVE(2,(#2332,#2333,#2334,#2335,
#2336,#2337,#2338),.UNSPECIFIED.,.T.,.F.) B_SPLINE_CURVE_WITH_KNOTS((1,2
    ,2,2,2,1),(-2.094395102393,0.,2.094395102393,4.188790204786,
6.28318530718,8.377580409573),.UNSPECIFIED.) CURVE() 
GEOMETRIC_REPRESENTATION_ITEM() RATIONAL_B_SPLINE_CURVE((1.,0.5,1.,0.5,
1.,0.5,1.)) REPRESENTATION_ITEM('') );
#2332 = CARTESIAN_POINT('',(10.75,-0.9));
#2333 = CARTESIAN_POINT('',(10.75,-0.640192378865));
#2334 = CARTESIAN_POINT('',(10.975,-0.770096189432));
#2335 = CARTESIAN_POINT('',(11.2,-0.9));
#2336 = CARTESIAN_POINT('',(10.975,-1.029903810568));
#2337 = CARTESIAN_POINT('',(10.75,-1.159807621135));
#2338 = CARTESIAN_POINT('',(10.75,-0.9));
#2339 = ( GEOMETRIC_REPRESENTATION_CONTEXT(2) 
PARAMETRIC_REPRESENTATION_CONTEXT() REPRESENTATION_CONTEXT('2D SPACE',''
  ) );
#2340 = PCURVE('',#2341,#2346);
#2341 = CYLINDRICAL_SURFACE('',#2342,0.15);
#2342 = AXIS2_PLACEMENT_3D('',#2343,#2344,#2345);
#2343 = CARTESIAN_POINT('',(107.1,-118.9,-1.E-02));
#2344 = DIRECTION('',(0.,0.,1.));
#2345 = DIRECTION('',(1.,0.,-0.));
#2346 = DEFINITIONAL_REPRESENTATION('',(#2347),#2351);
#2347 = LINE('',#2348,#2349);
#2348 = CARTESIAN_POINT('',(0.,1.E-02));
#2349 = VECTOR('',#2350,1.);
#2350 = DIRECTION('',(1.,0.));
#2351 = ( GEOMETRIC_REPRESENTATION_CONTEXT(2) 
PARAMETRIC_REPRESENTATION_CONTEXT() REPRESENTATION_CONTEXT('2D SPACE',''
  ) );
#2352 = FACE_BOUND('',#2353,.T.);
#2353 = EDGE_LOOP('',(#2354));
#2354 = ORIENTED_EDGE('',*,*,#2355,.T.);
#2355 = EDGE_CURVE('',#2356,#2356,#2358,.T.);
#2356 = VERTEX_POINT('',#2357);
#2357 = CARTESIAN_POINT('',(105.95,-118.9,0.));
#2358 = SURFACE_CURVE('',#2359,(#2364,#2375),.PCURVE_S1.);
#2359 = CIRCLE('',#2360,0.15);
#2360 = AXIS2_PLACEMENT_3D('',#2361,#2362,#2363);
#2361 = CARTESIAN_POINT('',(105.8,-118.9,0.));
#2362 = DIRECTION('',(0.,0.,1.));
#2363 = DIRECTION('',(1.,0.,-0.));
#2364 = PCURVE('',#144,#2365);
#2365 = DEFINITIONAL_REPRESENTATION('',(#2366),#2374);
#2366 = ( BOUNDED_CURVE() B_SPLINE_CURVE(2,(#2367,#2368,#2369,#2370,
#2371,#2372,#2373),.UNSPECIFIED.,.T.,.F.) B_SPLINE_CURVE_WITH_KNOTS((1,2
    ,2,2,2,1),(-2.094395102393,0.,2.094395102393,4.188790204786,
6.28318530718,8.377580409573),.UNSPECIFIED.) CURVE() 
GEOMETRIC_REPRESENTATION_ITEM() RATIONAL_B_SPLINE_CURVE((1.,0.5,1.,0.5,
1.,0.5,1.)) REPRESENTATION_ITEM('') );
#2367 = CARTESIAN_POINT('',(12.05,-0.9));
#2368 = CARTESIAN_POINT('',(12.05,-0.640192378865));
#2369 = CARTESIAN_POINT('',(12.275,-0.770096189432));
#2370 = CARTESIAN_POINT('',(12.5,-0.9));
#2371 = CARTESIAN_POINT('',(12.275,-1.029903810568));
#2372 = CARTESIAN_POINT('',(12.05,-1.159807621135));
#2373 = CARTESIAN_POINT('',(12.05,-0.9));
#2374 = ( GEOMETRIC_REPRESENTATION_CONTEXT(2) 
PARAMETRIC_REPRESENTATION_CONTEXT() REPRESENTATION_CONTEXT('2D SPACE',''
  ) );
#2375 = PCURVE('',#2376,#2381);
#2376 = CYLINDRICAL_SURFACE('',#2377,0.15);
#2377 = AXIS2_PLACEMENT_3D('',#2378,#2379,#2380);
#2378 = CARTESIAN_POINT('',(105.8,-118.9,-1.E-02));
#2379 = DIRECTION('',(0.,0.,1.));
#2380 = DIRECTION('',(1.,0.,-0.));
#2381 = DEFINITIONAL_REPRESENTATION('',(#2382),#2386);
#2382 = LINE('',#2383,#2384);
#2383 = CARTESIAN_POINT('',(0.,1.E-02));
#2384 = VECTOR('',#2385,1.);
#2385 = DIRECTION('',(1.,0.));
#2386 = ( GEOMETRIC_REPRESENTATION_CONTEXT(2) 
PARAMETRIC_REPRESENTATION_CONTEXT() REPRESENTATION_CONTEXT('2D SPACE',''
  ) );
#2387 = FACE_BOUND('',#2388,.T.);
#2388 = EDGE_LOOP('',(#2389));
#2389 = ORIENTED_EDGE('',*,*,#2390,.T.);
#2390 = EDGE_CURVE('',#2391,#2391,#2393,.T.);
#2391 = VERTEX_POINT('',#2392);
#2392 = CARTESIAN_POINT('',(104.85,-120.1,0.));
#2393 = SURFACE_CURVE('',#2394,(#2399,#2410),.PCURVE_S1.);
#2394 = CIRCLE('',#2395,0.15);
#2395 = AXIS2_PLACEMENT_3D('',#2396,#2397,#2398);
#2396 = CARTESIAN_POINT('',(104.7,-120.1,0.));
#2397 = DIRECTION('',(0.,0.,1.));
#2398 = DIRECTION('',(1.,0.,-0.));
#2399 = PCURVE('',#144,#2400);
#2400 = DEFINITIONAL_REPRESENTATION('',(#2401),#2409);
#2401 = ( BOUNDED_CURVE() B_SPLINE_CURVE(2,(#2402,#2403,#2404,#2405,
#2406,#2407,#2408),.UNSPECIFIED.,.T.,.F.) B_SPLINE_CURVE_WITH_KNOTS((1,2
    ,2,2,2,1),(-2.094395102393,0.,2.094395102393,4.188790204786,
6.28318530718,8.377580409573),.UNSPECIFIED.) CURVE() 
GEOMETRIC_REPRESENTATION_ITEM() RATIONAL_B_SPLINE_CURVE((1.,0.5,1.,0.5,
1.,0.5,1.)) REPRESENTATION_ITEM('') );
#2402 = CARTESIAN_POINT('',(13.15,-2.1));
#2403 = CARTESIAN_POINT('',(13.15,-1.840192378865));
#2404 = CARTESIAN_POINT('',(13.375,-1.970096189432));
#2405 = CARTESIAN_POINT('',(13.6,-2.1));
#2406 = CARTESIAN_POINT('',(13.375,-2.229903810568));
#2407 = CARTESIAN_POINT('',(13.15,-2.359807621135));
#2408 = CARTESIAN_POINT('',(13.15,-2.1));
#2409 = ( GEOMETRIC_REPRESENTATION_CONTEXT(2) 
PARAMETRIC_REPRESENTATION_CONTEXT() REPRESENTATION_CONTEXT('2D SPACE',''
  ) );
#2410 = PCURVE('',#2411,#2416);
#2411 = CYLINDRICAL_SURFACE('',#2412,0.15);
#2412 = AXIS2_PLACEMENT_3D('',#2413,#2414,#2415);
#2413 = CARTESIAN_POINT('',(104.7,-120.1,-1.E-02));
#2414 = DIRECTION('',(0.,0.,1.));
#2415 = DIRECTION('',(1.,0.,-0.));
#2416 = DEFINITIONAL_REPRESENTATION('',(#2417),#2421);
#2417 = LINE('',#2418,#2419);
#2418 = CARTESIAN_POINT('',(0.,1.E-02));
#2419 = VECTOR('',#2420,1.);
#2420 = DIRECTION('',(1.,0.));
#2421 = ( GEOMETRIC_REPRESENTATION_CONTEXT(2) 
PARAMETRIC_REPRESENTATION_CONTEXT() REPRESENTATION_CONTEXT('2D SPACE',''
  ) );
#2422 = FACE_BOUND('',#2423,.T.);
#2423 = EDGE_LOOP('',(#2424));
#2424 = ORIENTED_EDGE('',*,*,#2425,.T.);
#2425 = EDGE_CURVE('',#2426,#2426,#2428,.T.);
#2426 = VERTEX_POINT('',#2427);
#2427 = CARTESIAN_POINT('',(104.85,-118.9,0.));
#2428 = SURFACE_CURVE('',#2429,(#2434,#2445),.PCURVE_S1.);
#2429 = CIRCLE('',#2430,0.15);
#2430 = AXIS2_PLACEMENT_3D('',#2431,#2432,#2433);
#2431 = CARTESIAN_POINT('',(104.7,-118.9,0.));
#2432 = DIRECTION('',(0.,0.,1.));
#2433 = DIRECTION('',(1.,0.,-0.));
#2434 = PCURVE('',#144,#2435);
#2435 = DEFINITIONAL_REPRESENTATION('',(#2436),#2444);
#2436 = ( BOUNDED_CURVE() B_SPLINE_CURVE(2,(#2437,#2438,#2439,#2440,
#2441,#2442,#2443),.UNSPECIFIED.,.T.,.F.) B_SPLINE_CURVE_WITH_KNOTS((1,2
    ,2,2,2,1),(-2.094395102393,0.,2.094395102393,4.188790204786,
6.28318530718,8.377580409573),.UNSPECIFIED.) CURVE() 
GEOMETRIC_REPRESENTATION_ITEM() RATIONAL_B_SPLINE_CURVE((1.,0.5,1.,0.5,
1.,0.5,1.)) REPRESENTATION_ITEM('') );
#2437 = CARTESIAN_POINT('',(13.15,-0.9));
#2438 = CARTESIAN_POINT('',(13.15,-0.640192378865));
#2439 = CARTESIAN_POINT('',(13.375,-0.770096189432));
#2440 = CARTESIAN_POINT('',(13.6,-0.9));
#2441 = CARTESIAN_POINT('',(13.375,-1.029903810568));
#2442 = CARTESIAN_POINT('',(13.15,-1.159807621135));
#2443 = CARTESIAN_POINT('',(13.15,-0.9));
#2444 = ( GEOMETRIC_REPRESENTATION_CONTEXT(2) 
PARAMETRIC_REPRESENTATION_CONTEXT() REPRESENTATION_CONTEXT('2D SPACE',''
  ) );
#2445 = PCURVE('',#2446,#2451);
#2446 = CYLINDRICAL_SURFACE('',#2447,0.15);
#2447 = AXIS2_PLACEMENT_3D('',#2448,#2449,#2450);
#2448 = CARTESIAN_POINT('',(104.7,-118.9,-1.E-02));
#2449 = DIRECTION('',(0.,0.,1.));
#2450 = DIRECTION('',(1.,0.,-0.));
#2451 = DEFINITIONAL_REPRESENTATION('',(#2452),#2456);
#2452 = LINE('',#2453,#2454);
#2453 = CARTESIAN_POINT('',(0.,1.E-02));
#2454 = VECTOR('',#2455,1.);
#2455 = DIRECTION('',(1.,0.));
#2456 = ( GEOMETRIC_REPRESENTATION_CONTEXT(2) 
PARAMETRIC_REPRESENTATION_CONTEXT() REPRESENTATION_CONTEXT('2D SPACE',''
  ) );
#2457 = FACE_BOUND('',#2458,.T.);
#2458 = EDGE_LOOP('',(#2459));
#2459 = ORIENTED_EDGE('',*,*,#2460,.T.);
#2460 = EDGE_CURVE('',#2461,#2461,#2463,.T.);
#2461 = VERTEX_POINT('',#2462);
#2462 = CARTESIAN_POINT('',(134.85,-102.75,0.));
#2463 = SURFACE_CURVE('',#2464,(#2469,#2480),.PCURVE_S1.);
#2464 = CIRCLE('',#2465,1.6);
#2465 = AXIS2_PLACEMENT_3D('',#2466,#2467,#2468);
#2466 = CARTESIAN_POINT('',(133.25,-102.75,0.));
#2467 = DIRECTION('',(0.,0.,1.));
#2468 = DIRECTION('',(1.,0.,-0.));
#2469 = PCURVE('',#144,#2470);
#2470 = DEFINITIONAL_REPRESENTATION('',(#2471),#2479);
#2471 = ( BOUNDED_CURVE() B_SPLINE_CURVE(2,(#2472,#2473,#2474,#2475,
#2476,#2477,#2478),.UNSPECIFIED.,.T.,.F.) B_SPLINE_CURVE_WITH_KNOTS((1,2
    ,2,2,2,1),(-2.094395102393,0.,2.094395102393,4.188790204786,
6.28318530718,8.377580409573),.UNSPECIFIED.) CURVE() 
GEOMETRIC_REPRESENTATION_ITEM() RATIONAL_B_SPLINE_CURVE((1.,0.5,1.,0.5,
1.,0.5,1.)) REPRESENTATION_ITEM('') );
#2472 = CARTESIAN_POINT('',(-16.85,15.25));
#2473 = CARTESIAN_POINT('',(-16.85,18.02128129211));
#2474 = CARTESIAN_POINT('',(-14.45,16.635640646055));
#2475 = CARTESIAN_POINT('',(-12.05,15.25));
#2476 = CARTESIAN_POINT('',(-14.45,13.864359353945));
#2477 = CARTESIAN_POINT('',(-16.85,12.47871870789));
#2478 = CARTESIAN_POINT('',(-16.85,15.25));
#2479 = ( GEOMETRIC_REPRESENTATION_CONTEXT(2) 
PARAMETRIC_REPRESENTATION_CONTEXT() REPRESENTATION_CONTEXT('2D SPACE',''
  ) );
#2480 = PCURVE('',#2481,#2486);
#2481 = CYLINDRICAL_SURFACE('',#2482,1.6);
#2482 = AXIS2_PLACEMENT_3D('',#2483,#2484,#2485);
#2483 = CARTESIAN_POINT('',(133.25,-102.75,-1.E-02));
#2484 = DIRECTION('',(0.,0.,1.));
#2485 = DIRECTION('',(1.,0.,-0.));
#2486 = DEFINITIONAL_REPRESENTATION('',(#2487),#2491);
#2487 = LINE('',#2488,#2489);
#2488 = CARTESIAN_POINT('',(0.,1.E-02));
#2489 = VECTOR('',#2490,1.);
#2490 = DIRECTION('',(1.,0.));
#2491 = ( GEOMETRIC_REPRESENTATION_CONTEXT(2) 
PARAMETRIC_REPRESENTATION_CONTEXT() REPRESENTATION_CONTEXT('2D SPACE',''
  ) );
#2492 = FACE_BOUND('',#2493,.T.);
#2493 = EDGE_LOOP('',(#2494,#2524,#2552,#2580,#2608,#2636,#2664,#2692,
    #2720,#2748,#2776,#2804,#2832,#2860,#2888,#2916,#2944,#2972,#3000,
    #3028));
#2494 = ORIENTED_EDGE('',*,*,#2495,.F.);
#2495 = EDGE_CURVE('',#2496,#2498,#2500,.T.);
#2496 = VERTEX_POINT('',#2497);
#2497 = CARTESIAN_POINT('',(123.525108,-104.999875,0.));
#2498 = VERTEX_POINT('',#2499);
#2499 = CARTESIAN_POINT('',(123.564935,-104.89707,0.));
#2500 = SURFACE_CURVE('',#2501,(#2505,#2512),.PCURVE_S1.);
#2501 = LINE('',#2502,#2503);
#2502 = CARTESIAN_POINT('',(123.525108,-104.999875,0.));
#2503 = VECTOR('',#2504,1.);
#2504 = DIRECTION('',(0.361242697938,0.932471829701,0.));
#2505 = PCURVE('',#144,#2506);
#2506 = DEFINITIONAL_REPRESENTATION('',(#2507),#2511);
#2507 = LINE('',#2508,#2509);
#2508 = CARTESIAN_POINT('',(-5.525108,13.000125));
#2509 = VECTOR('',#2510,1.);
#2510 = DIRECTION('',(-0.361242697938,0.932471829701));
#2511 = ( GEOMETRIC_REPRESENTATION_CONTEXT(2) 
PARAMETRIC_REPRESENTATION_CONTEXT() REPRESENTATION_CONTEXT('2D SPACE',''
  ) );
#2512 = PCURVE('',#2513,#2518);
#2513 = PLANE('',#2514);
#2514 = AXIS2_PLACEMENT_3D('',#2515,#2516,#2517);
#2515 = CARTESIAN_POINT('',(123.525108,-104.999875,0.));
#2516 = DIRECTION('',(-0.932471829701,0.361242697938,0.));
#2517 = DIRECTION('',(0.361242697938,0.932471829701,0.));
#2518 = DEFINITIONAL_REPRESENTATION('',(#2519),#2523);
#2519 = LINE('',#2520,#2521);
#2520 = CARTESIAN_POINT('',(0.,0.));
#2521 = VECTOR('',#2522,1.);
#2522 = DIRECTION('',(1.,0.));
#2523 = ( GEOMETRIC_REPRESENTATION_CONTEXT(2) 
PARAMETRIC_REPRESENTATION_CONTEXT() REPRESENTATION_CONTEXT('2D SPACE',''
  ) );
#2524 = ORIENTED_EDGE('',*,*,#2525,.F.);
#2525 = EDGE_CURVE('',#2526,#2496,#2528,.T.);
#2526 = VERTEX_POINT('',#2527);
#2527 = CARTESIAN_POINT('',(123.52,-105.055,0.));
#2528 = SURFACE_CURVE('',#2529,(#2533,#2540),.PCURVE_S1.);
#2529 = LINE('',#2530,#2531);
#2530 = CARTESIAN_POINT('',(123.52,-105.055,0.));
#2531 = VECTOR('',#2532,1.);
#2532 = DIRECTION('',(9.22668640424E-02,0.995734314865,0.));
#2533 = PCURVE('',#144,#2534);
#2534 = DEFINITIONAL_REPRESENTATION('',(#2535),#2539);
#2535 = LINE('',#2536,#2537);
#2536 = CARTESIAN_POINT('',(-5.52,12.945));
#2537 = VECTOR('',#2538,1.);
#2538 = DIRECTION('',(-9.22668640424E-02,0.995734314865));
#2539 = ( GEOMETRIC_REPRESENTATION_CONTEXT(2) 
PARAMETRIC_REPRESENTATION_CONTEXT() REPRESENTATION_CONTEXT('2D SPACE',''
  ) );
#2540 = PCURVE('',#2541,#2546);
#2541 = PLANE('',#2542);
#2542 = AXIS2_PLACEMENT_3D('',#2543,#2544,#2545);
#2543 = CARTESIAN_POINT('',(123.52,-105.055,0.));
#2544 = DIRECTION('',(-0.995734314865,9.22668640424E-02,0.));
#2545 = DIRECTION('',(9.22668640424E-02,0.995734314865,0.));
#2546 = DEFINITIONAL_REPRESENTATION('',(#2547),#2551);
#2547 = LINE('',#2548,#2549);
#2548 = CARTESIAN_POINT('',(0.,0.));
#2549 = VECTOR('',#2550,1.);
#2550 = DIRECTION('',(1.,0.));
#2551 = ( GEOMETRIC_REPRESENTATION_CONTEXT(2) 
PARAMETRIC_REPRESENTATION_CONTEXT() REPRESENTATION_CONTEXT('2D SPACE',''
  ) );
#2552 = ORIENTED_EDGE('',*,*,#2553,.F.);
#2553 = EDGE_CURVE('',#2554,#2526,#2556,.T.);
#2554 = VERTEX_POINT('',#2555);
#2555 = CARTESIAN_POINT('',(123.52,-106.155,0.));
#2556 = SURFACE_CURVE('',#2557,(#2561,#2568),.PCURVE_S1.);
#2557 = LINE('',#2558,#2559);
#2558 = CARTESIAN_POINT('',(123.52,-106.155,0.));
#2559 = VECTOR('',#2560,1.);
#2560 = DIRECTION('',(0.,1.,0.));
#2561 = PCURVE('',#144,#2562);
#2562 = DEFINITIONAL_REPRESENTATION('',(#2563),#2567);
#2563 = LINE('',#2564,#2565);
#2564 = CARTESIAN_POINT('',(-5.52,11.845));
#2565 = VECTOR('',#2566,1.);
#2566 = DIRECTION('',(0.,1.));
#2567 = ( GEOMETRIC_REPRESENTATION_CONTEXT(2) 
PARAMETRIC_REPRESENTATION_CONTEXT() REPRESENTATION_CONTEXT('2D SPACE',''
  ) );
#2568 = PCURVE('',#2569,#2574);
#2569 = PLANE('',#2570);
#2570 = AXIS2_PLACEMENT_3D('',#2571,#2572,#2573);
#2571 = CARTESIAN_POINT('',(123.52,-106.155,0.));
#2572 = DIRECTION('',(-1.,0.,0.));
#2573 = DIRECTION('',(0.,1.,0.));
#2574 = DEFINITIONAL_REPRESENTATION('',(#2575),#2579);
#2575 = LINE('',#2576,#2577);
#2576 = CARTESIAN_POINT('',(0.,0.));
#2577 = VECTOR('',#2578,1.);
#2578 = DIRECTION('',(1.,0.));
#2579 = ( GEOMETRIC_REPRESENTATION_CONTEXT(2) 
PARAMETRIC_REPRESENTATION_CONTEXT() REPRESENTATION_CONTEXT('2D SPACE',''
  ) );
#2580 = ORIENTED_EDGE('',*,*,#2581,.F.);
#2581 = EDGE_CURVE('',#2582,#2554,#2584,.T.);
#2582 = VERTEX_POINT('',#2583);
#2583 = CARTESIAN_POINT('',(123.540258,-106.263372,0.));
#2584 = SURFACE_CURVE('',#2585,(#2589,#2596),.PCURVE_S1.);
#2585 = LINE('',#2586,#2587);
#2586 = CARTESIAN_POINT('',(123.540258,-106.263372,0.));
#2587 = VECTOR('',#2588,1.);
#2588 = DIRECTION('',(-0.183747434241,0.982973489169,0.));
#2589 = PCURVE('',#144,#2590);
#2590 = DEFINITIONAL_REPRESENTATION('',(#2591),#2595);
#2591 = LINE('',#2592,#2593);
#2592 = CARTESIAN_POINT('',(-5.540258,11.736628));
#2593 = VECTOR('',#2594,1.);
#2594 = DIRECTION('',(0.183747434241,0.982973489169));
#2595 = ( GEOMETRIC_REPRESENTATION_CONTEXT(2) 
PARAMETRIC_REPRESENTATION_CONTEXT() REPRESENTATION_CONTEXT('2D SPACE',''
  ) );
#2596 = PCURVE('',#2597,#2602);
#2597 = PLANE('',#2598);
#2598 = AXIS2_PLACEMENT_3D('',#2599,#2600,#2601);
#2599 = CARTESIAN_POINT('',(123.540258,-106.263372,0.));
#2600 = DIRECTION('',(-0.982973489169,-0.183747434241,0.));
#2601 = DIRECTION('',(-0.183747434241,0.982973489169,0.));
#2602 = DEFINITIONAL_REPRESENTATION('',(#2603),#2607);
#2603 = LINE('',#2604,#2605);
#2604 = CARTESIAN_POINT('',(0.,0.));
#2605 = VECTOR('',#2606,1.);
#2606 = DIRECTION('',(1.,0.));
#2607 = ( GEOMETRIC_REPRESENTATION_CONTEXT(2) 
PARAMETRIC_REPRESENTATION_CONTEXT() REPRESENTATION_CONTEXT('2D SPACE',''
  ) );
#2608 = ORIENTED_EDGE('',*,*,#2609,.F.);
#2609 = EDGE_CURVE('',#2610,#2582,#2612,.T.);
#2610 = VERTEX_POINT('',#2611);
#2611 = CARTESIAN_POINT('',(123.598297,-106.357109,0.));
#2612 = SURFACE_CURVE('',#2613,(#2617,#2624),.PCURVE_S1.);
#2613 = LINE('',#2614,#2615);
#2614 = CARTESIAN_POINT('',(123.598297,-106.357109,0.));
#2615 = VECTOR('',#2616,1.);
#2616 = DIRECTION('',(-0.526428929276,0.850219137882,0.));
#2617 = PCURVE('',#144,#2618);
#2618 = DEFINITIONAL_REPRESENTATION('',(#2619),#2623);
#2619 = LINE('',#2620,#2621);
#2620 = CARTESIAN_POINT('',(-5.598297,11.642891));
#2621 = VECTOR('',#2622,1.);
#2622 = DIRECTION('',(0.526428929276,0.850219137882));
#2623 = ( GEOMETRIC_REPRESENTATION_CONTEXT(2) 
PARAMETRIC_REPRESENTATION_CONTEXT() REPRESENTATION_CONTEXT('2D SPACE',''
  ) );
#2624 = PCURVE('',#2625,#2630);
#2625 = PLANE('',#2626);
#2626 = AXIS2_PLACEMENT_3D('',#2627,#2628,#2629);
#2627 = CARTESIAN_POINT('',(123.598297,-106.357109,0.));
#2628 = DIRECTION('',(-0.850219137882,-0.526428929276,0.));
#2629 = DIRECTION('',(-0.526428929276,0.850219137882,0.));
#2630 = DEFINITIONAL_REPRESENTATION('',(#2631),#2635);
#2631 = LINE('',#2632,#2633);
#2632 = CARTESIAN_POINT('',(0.,0.));
#2633 = VECTOR('',#2634,1.);
#2634 = DIRECTION('',(1.,0.));
#2635 = ( GEOMETRIC_REPRESENTATION_CONTEXT(2) 
PARAMETRIC_REPRESENTATION_CONTEXT() REPRESENTATION_CONTEXT('2D SPACE',''
  ) );
#2636 = ORIENTED_EDGE('',*,*,#2637,.F.);
#2637 = EDGE_CURVE('',#2638,#2610,#2640,.T.);
#2638 = VERTEX_POINT('',#2639);
#2639 = CARTESIAN_POINT('',(123.686278,-106.423549,0.));
#2640 = SURFACE_CURVE('',#2641,(#2645,#2652),.PCURVE_S1.);
#2641 = LINE('',#2642,#2643);
#2642 = CARTESIAN_POINT('',(123.686278,-106.423549,0.));
#2643 = VECTOR('',#2644,1.);
#2644 = DIRECTION('',(-0.798017956254,0.60263367106,0.));
#2645 = PCURVE('',#144,#2646);
#2646 = DEFINITIONAL_REPRESENTATION('',(#2647),#2651);
#2647 = LINE('',#2648,#2649);
#2648 = CARTESIAN_POINT('',(-5.686278,11.576451));
#2649 = VECTOR('',#2650,1.);
#2650 = DIRECTION('',(0.798017956254,0.60263367106));
#2651 = ( GEOMETRIC_REPRESENTATION_CONTEXT(2) 
PARAMETRIC_REPRESENTATION_CONTEXT() REPRESENTATION_CONTEXT('2D SPACE',''
  ) );
#2652 = PCURVE('',#2653,#2658);
#2653 = PLANE('',#2654);
#2654 = AXIS2_PLACEMENT_3D('',#2655,#2656,#2657);
#2655 = CARTESIAN_POINT('',(123.686278,-106.423549,0.));
#2656 = DIRECTION('',(-0.60263367106,-0.798017956254,0.));
#2657 = DIRECTION('',(-0.798017956254,0.60263367106,0.));
#2658 = DEFINITIONAL_REPRESENTATION('',(#2659),#2663);
#2659 = LINE('',#2660,#2661);
#2660 = CARTESIAN_POINT('',(0.,0.));
#2661 = VECTOR('',#2662,1.);
#2662 = DIRECTION('',(1.,0.));
#2663 = ( GEOMETRIC_REPRESENTATION_CONTEXT(2) 
PARAMETRIC_REPRESENTATION_CONTEXT() REPRESENTATION_CONTEXT('2D SPACE',''
  ) );
#2664 = ORIENTED_EDGE('',*,*,#2665,.F.);
#2665 = EDGE_CURVE('',#2666,#2638,#2668,.T.);
#2666 = VERTEX_POINT('',#2667);
#2667 = CARTESIAN_POINT('',(123.792319,-106.45372,0.));
#2668 = SURFACE_CURVE('',#2669,(#2673,#2680),.PCURVE_S1.);
#2669 = LINE('',#2670,#2671);
#2670 = CARTESIAN_POINT('',(123.792319,-106.45372,0.));
#2671 = VECTOR('',#2672,1.);
#2672 = DIRECTION('',(-0.961826277748,0.273660759762,0.));
#2673 = PCURVE('',#144,#2674);
#2674 = DEFINITIONAL_REPRESENTATION('',(#2675),#2679);
#2675 = LINE('',#2676,#2677);
#2676 = CARTESIAN_POINT('',(-5.792319,11.54628));
#2677 = VECTOR('',#2678,1.);
#2678 = DIRECTION('',(0.961826277748,0.273660759762));
#2679 = ( GEOMETRIC_REPRESENTATION_CONTEXT(2) 
PARAMETRIC_REPRESENTATION_CONTEXT() REPRESENTATION_CONTEXT('2D SPACE',''
  ) );
#2680 = PCURVE('',#2681,#2686);
#2681 = PLANE('',#2682);
#2682 = AXIS2_PLACEMENT_3D('',#2683,#2684,#2685);
#2683 = CARTESIAN_POINT('',(123.792319,-106.45372,0.));
#2684 = DIRECTION('',(-0.273660759762,-0.961826277748,0.));
#2685 = DIRECTION('',(-0.961826277748,0.273660759762,0.));
#2686 = DEFINITIONAL_REPRESENTATION('',(#2687),#2691);
#2687 = LINE('',#2688,#2689);
#2688 = CARTESIAN_POINT('',(0.,0.));
#2689 = VECTOR('',#2690,1.);
#2690 = DIRECTION('',(1.,0.));
#2691 = ( GEOMETRIC_REPRESENTATION_CONTEXT(2) 
PARAMETRIC_REPRESENTATION_CONTEXT() REPRESENTATION_CONTEXT('2D SPACE',''
  ) );
#2692 = ORIENTED_EDGE('',*,*,#2693,.F.);
#2693 = EDGE_CURVE('',#2694,#2666,#2696,.T.);
#2694 = VERTEX_POINT('',#2695);
#2695 = CARTESIAN_POINT('',(123.902099,-106.443548,0.));
#2696 = SURFACE_CURVE('',#2697,(#2701,#2708),.PCURVE_S1.);
#2697 = LINE('',#2698,#2699);
#2698 = CARTESIAN_POINT('',(123.902099,-106.443548,0.));
#2699 = VECTOR('',#2700,1.);
#2700 = DIRECTION('',(-0.995734688848,-9.226282797371E-02,0.));
#2701 = PCURVE('',#144,#2702);
#2702 = DEFINITIONAL_REPRESENTATION('',(#2703),#2707);
#2703 = LINE('',#2704,#2705);
#2704 = CARTESIAN_POINT('',(-5.902099,11.556452));
#2705 = VECTOR('',#2706,1.);
#2706 = DIRECTION('',(0.995734688848,-9.226282797371E-02));
#2707 = ( GEOMETRIC_REPRESENTATION_CONTEXT(2) 
PARAMETRIC_REPRESENTATION_CONTEXT() REPRESENTATION_CONTEXT('2D SPACE',''
  ) );
#2708 = PCURVE('',#2709,#2714);
#2709 = PLANE('',#2710);
#2710 = AXIS2_PLACEMENT_3D('',#2711,#2712,#2713);
#2711 = CARTESIAN_POINT('',(123.902099,-106.443548,0.));
#2712 = DIRECTION('',(9.226282797371E-02,-0.995734688848,0.));
#2713 = DIRECTION('',(-0.995734688848,-9.226282797371E-02,0.));
#2714 = DEFINITIONAL_REPRESENTATION('',(#2715),#2719);
#2715 = LINE('',#2716,#2717);
#2716 = CARTESIAN_POINT('',(0.,0.));
#2717 = VECTOR('',#2718,1.);
#2718 = DIRECTION('',(1.,0.));
#2719 = ( GEOMETRIC_REPRESENTATION_CONTEXT(2) 
PARAMETRIC_REPRESENTATION_CONTEXT() REPRESENTATION_CONTEXT('2D SPACE',''
  ) );
#2720 = ORIENTED_EDGE('',*,*,#2721,.F.);
#2721 = EDGE_CURVE('',#2722,#2694,#2724,.T.);
#2722 = VERTEX_POINT('',#2723);
#2723 = CARTESIAN_POINT('',(124.00079,-106.394405,0.));
#2724 = SURFACE_CURVE('',#2725,(#2729,#2736),.PCURVE_S1.);
#2725 = LINE('',#2726,#2727);
#2726 = CARTESIAN_POINT('',(124.00079,-106.394405,0.));
#2727 = VECTOR('',#2728,1.);
#2728 = DIRECTION('',(-0.895160681354,-0.445743597327,0.));
#2729 = PCURVE('',#144,#2730);
#2730 = DEFINITIONAL_REPRESENTATION('',(#2731),#2735);
#2731 = LINE('',#2732,#2733);
#2732 = CARTESIAN_POINT('',(-6.00079,11.605595));
#2733 = VECTOR('',#2734,1.);
#2734 = DIRECTION('',(0.895160681354,-0.445743597327));
#2735 = ( GEOMETRIC_REPRESENTATION_CONTEXT(2) 
PARAMETRIC_REPRESENTATION_CONTEXT() REPRESENTATION_CONTEXT('2D SPACE',''
  ) );
#2736 = PCURVE('',#2737,#2742);
#2737 = PLANE('',#2738);
#2738 = AXIS2_PLACEMENT_3D('',#2739,#2740,#2741);
#2739 = CARTESIAN_POINT('',(124.00079,-106.394405,0.));
#2740 = DIRECTION('',(0.445743597327,-0.895160681354,0.));
#2741 = DIRECTION('',(-0.895160681354,-0.445743597327,0.));
#2742 = DEFINITIONAL_REPRESENTATION('',(#2743),#2747);
#2743 = LINE('',#2744,#2745);
#2744 = CARTESIAN_POINT('',(0.,0.));
#2745 = VECTOR('',#2746,1.);
#2746 = DIRECTION('',(1.,0.));
#2747 = ( GEOMETRIC_REPRESENTATION_CONTEXT(2) 
PARAMETRIC_REPRESENTATION_CONTEXT() REPRESENTATION_CONTEXT('2D SPACE',''
  ) );
#2748 = ORIENTED_EDGE('',*,*,#2749,.F.);
#2749 = EDGE_CURVE('',#2750,#2722,#2752,.T.);
#2750 = VERTEX_POINT('',#2751);
#2751 = CARTESIAN_POINT('',(124.075065,-106.31293,0.));
#2752 = SURFACE_CURVE('',#2753,(#2757,#2764),.PCURVE_S1.);
#2753 = LINE('',#2754,#2755);
#2754 = CARTESIAN_POINT('',(124.075065,-106.31293,0.));
#2755 = VECTOR('',#2756,1.);
#2756 = DIRECTION('',(-0.67369922817,-0.73900564948,0.));
#2757 = PCURVE('',#144,#2758);
#2758 = DEFINITIONAL_REPRESENTATION('',(#2759),#2763);
#2759 = LINE('',#2760,#2761);
#2760 = CARTESIAN_POINT('',(-6.075065,11.68707));
#2761 = VECTOR('',#2762,1.);
#2762 = DIRECTION('',(0.67369922817,-0.73900564948));
#2763 = ( GEOMETRIC_REPRESENTATION_CONTEXT(2) 
PARAMETRIC_REPRESENTATION_CONTEXT() REPRESENTATION_CONTEXT('2D SPACE',''
  ) );
#2764 = PCURVE('',#2765,#2770);
#2765 = PLANE('',#2766);
#2766 = AXIS2_PLACEMENT_3D('',#2767,#2768,#2769);
#2767 = CARTESIAN_POINT('',(124.075065,-106.31293,0.));
#2768 = DIRECTION('',(0.73900564948,-0.67369922817,0.));
#2769 = DIRECTION('',(-0.67369922817,-0.73900564948,0.));
#2770 = DEFINITIONAL_REPRESENTATION('',(#2771),#2775);
#2771 = LINE('',#2772,#2773);
#2772 = CARTESIAN_POINT('',(0.,0.));
#2773 = VECTOR('',#2774,1.);
#2774 = DIRECTION('',(1.,0.));
#2775 = ( GEOMETRIC_REPRESENTATION_CONTEXT(2) 
PARAMETRIC_REPRESENTATION_CONTEXT() REPRESENTATION_CONTEXT('2D SPACE',''
  ) );
#2776 = ORIENTED_EDGE('',*,*,#2777,.F.);
#2777 = EDGE_CURVE('',#2778,#2750,#2780,.T.);
#2778 = VERTEX_POINT('',#2779);
#2779 = CARTESIAN_POINT('',(124.114892,-106.210125,0.));
#2780 = SURFACE_CURVE('',#2781,(#2785,#2792),.PCURVE_S1.);
#2781 = LINE('',#2782,#2783);
#2782 = CARTESIAN_POINT('',(124.114892,-106.210125,0.));
#2783 = VECTOR('',#2784,1.);
#2784 = DIRECTION('',(-0.361242697938,-0.932471829701,0.));
#2785 = PCURVE('',#144,#2786);
#2786 = DEFINITIONAL_REPRESENTATION('',(#2787),#2791);
#2787 = LINE('',#2788,#2789);
#2788 = CARTESIAN_POINT('',(-6.114892,11.789875));
#2789 = VECTOR('',#2790,1.);
#2790 = DIRECTION('',(0.361242697938,-0.932471829701));
#2791 = ( GEOMETRIC_REPRESENTATION_CONTEXT(2) 
PARAMETRIC_REPRESENTATION_CONTEXT() REPRESENTATION_CONTEXT('2D SPACE',''
  ) );
#2792 = PCURVE('',#2793,#2798);
#2793 = PLANE('',#2794);
#2794 = AXIS2_PLACEMENT_3D('',#2795,#2796,#2797);
#2795 = CARTESIAN_POINT('',(124.114892,-106.210125,0.));
#2796 = DIRECTION('',(0.932471829701,-0.361242697938,0.));
#2797 = DIRECTION('',(-0.361242697938,-0.932471829701,0.));
#2798 = DEFINITIONAL_REPRESENTATION('',(#2799),#2803);
#2799 = LINE('',#2800,#2801);
#2800 = CARTESIAN_POINT('',(0.,0.));
#2801 = VECTOR('',#2802,1.);
#2802 = DIRECTION('',(1.,0.));
#2803 = ( GEOMETRIC_REPRESENTATION_CONTEXT(2) 
PARAMETRIC_REPRESENTATION_CONTEXT() REPRESENTATION_CONTEXT('2D SPACE',''
  ) );
#2804 = ORIENTED_EDGE('',*,*,#2805,.F.);
#2805 = EDGE_CURVE('',#2806,#2778,#2808,.T.);
#2806 = VERTEX_POINT('',#2807);
#2807 = CARTESIAN_POINT('',(124.12,-106.155,0.));
#2808 = SURFACE_CURVE('',#2809,(#2813,#2820),.PCURVE_S1.);
#2809 = LINE('',#2810,#2811);
#2810 = CARTESIAN_POINT('',(124.12,-106.155,0.));
#2811 = VECTOR('',#2812,1.);
#2812 = DIRECTION('',(-9.22668640424E-02,-0.995734314865,0.));
#2813 = PCURVE('',#144,#2814);
#2814 = DEFINITIONAL_REPRESENTATION('',(#2815),#2819);
#2815 = LINE('',#2816,#2817);
#2816 = CARTESIAN_POINT('',(-6.12,11.845));
#2817 = VECTOR('',#2818,1.);
#2818 = DIRECTION('',(9.22668640424E-02,-0.995734314865));
#2819 = ( GEOMETRIC_REPRESENTATION_CONTEXT(2) 
PARAMETRIC_REPRESENTATION_CONTEXT() REPRESENTATION_CONTEXT('2D SPACE',''
  ) );
#2820 = PCURVE('',#2821,#2826);
#2821 = PLANE('',#2822);
#2822 = AXIS2_PLACEMENT_3D('',#2823,#2824,#2825);
#2823 = CARTESIAN_POINT('',(124.12,-106.155,0.));
#2824 = DIRECTION('',(0.995734314865,-9.22668640424E-02,0.));
#2825 = DIRECTION('',(-9.22668640424E-02,-0.995734314865,0.));
#2826 = DEFINITIONAL_REPRESENTATION('',(#2827),#2831);
#2827 = LINE('',#2828,#2829);
#2828 = CARTESIAN_POINT('',(0.,0.));
#2829 = VECTOR('',#2830,1.);
#2830 = DIRECTION('',(1.,0.));
#2831 = ( GEOMETRIC_REPRESENTATION_CONTEXT(2) 
PARAMETRIC_REPRESENTATION_CONTEXT() REPRESENTATION_CONTEXT('2D SPACE',''
  ) );
#2832 = ORIENTED_EDGE('',*,*,#2833,.F.);
#2833 = EDGE_CURVE('',#2834,#2806,#2836,.T.);
#2834 = VERTEX_POINT('',#2835);
#2835 = CARTESIAN_POINT('',(124.12,-105.055,0.));
#2836 = SURFACE_CURVE('',#2837,(#2841,#2848),.PCURVE_S1.);
#2837 = LINE('',#2838,#2839);
#2838 = CARTESIAN_POINT('',(124.12,-105.055,0.));
#2839 = VECTOR('',#2840,1.);
#2840 = DIRECTION('',(0.,-1.,0.));
#2841 = PCURVE('',#144,#2842);
#2842 = DEFINITIONAL_REPRESENTATION('',(#2843),#2847);
#2843 = LINE('',#2844,#2845);
#2844 = CARTESIAN_POINT('',(-6.12,12.945));
#2845 = VECTOR('',#2846,1.);
#2846 = DIRECTION('',(0.,-1.));
#2847 = ( GEOMETRIC_REPRESENTATION_CONTEXT(2) 
PARAMETRIC_REPRESENTATION_CONTEXT() REPRESENTATION_CONTEXT('2D SPACE',''
  ) );
#2848 = PCURVE('',#2849,#2854);
#2849 = PLANE('',#2850);
#2850 = AXIS2_PLACEMENT_3D('',#2851,#2852,#2853);
#2851 = CARTESIAN_POINT('',(124.12,-105.055,0.));
#2852 = DIRECTION('',(1.,0.,-0.));
#2853 = DIRECTION('',(0.,-1.,0.));
#2854 = DEFINITIONAL_REPRESENTATION('',(#2855),#2859);
#2855 = LINE('',#2856,#2857);
#2856 = CARTESIAN_POINT('',(0.,0.));
#2857 = VECTOR('',#2858,1.);
#2858 = DIRECTION('',(1.,0.));
#2859 = ( GEOMETRIC_REPRESENTATION_CONTEXT(2) 
PARAMETRIC_REPRESENTATION_CONTEXT() REPRESENTATION_CONTEXT('2D SPACE',''
  ) );
#2860 = ORIENTED_EDGE('',*,*,#2861,.F.);
#2861 = EDGE_CURVE('',#2862,#2834,#2864,.T.);
#2862 = VERTEX_POINT('',#2863);
#2863 = CARTESIAN_POINT('',(124.099742,-104.946628,0.));
#2864 = SURFACE_CURVE('',#2865,(#2869,#2876),.PCURVE_S1.);
#2865 = LINE('',#2866,#2867);
#2866 = CARTESIAN_POINT('',(124.099742,-104.946628,0.));
#2867 = VECTOR('',#2868,1.);
#2868 = DIRECTION('',(0.183747434241,-0.982973489169,0.));
#2869 = PCURVE('',#144,#2870);
#2870 = DEFINITIONAL_REPRESENTATION('',(#2871),#2875);
#2871 = LINE('',#2872,#2873);
#2872 = CARTESIAN_POINT('',(-6.099742,13.053372));
#2873 = VECTOR('',#2874,1.);
#2874 = DIRECTION('',(-0.183747434241,-0.982973489169));
#2875 = ( GEOMETRIC_REPRESENTATION_CONTEXT(2) 
PARAMETRIC_REPRESENTATION_CONTEXT() REPRESENTATION_CONTEXT('2D SPACE',''
  ) );
#2876 = PCURVE('',#2877,#2882);
#2877 = PLANE('',#2878);
#2878 = AXIS2_PLACEMENT_3D('',#2879,#2880,#2881);
#2879 = CARTESIAN_POINT('',(124.099742,-104.946628,0.));
#2880 = DIRECTION('',(0.982973489169,0.183747434241,-0.));
#2881 = DIRECTION('',(0.183747434241,-0.982973489169,0.));
#2882 = DEFINITIONAL_REPRESENTATION('',(#2883),#2887);
#2883 = LINE('',#2884,#2885);
#2884 = CARTESIAN_POINT('',(0.,0.));
#2885 = VECTOR('',#2886,1.);
#2886 = DIRECTION('',(1.,0.));
#2887 = ( GEOMETRIC_REPRESENTATION_CONTEXT(2) 
PARAMETRIC_REPRESENTATION_CONTEXT() REPRESENTATION_CONTEXT('2D SPACE',''
  ) );
#2888 = ORIENTED_EDGE('',*,*,#2889,.F.);
#2889 = EDGE_CURVE('',#2890,#2862,#2892,.T.);
#2890 = VERTEX_POINT('',#2891);
#2891 = CARTESIAN_POINT('',(124.041703,-104.852891,0.));
#2892 = SURFACE_CURVE('',#2893,(#2897,#2904),.PCURVE_S1.);
#2893 = LINE('',#2894,#2895);
#2894 = CARTESIAN_POINT('',(124.041703,-104.852891,0.));
#2895 = VECTOR('',#2896,1.);
#2896 = DIRECTION('',(0.526428929276,-0.850219137882,0.));
#2897 = PCURVE('',#144,#2898);
#2898 = DEFINITIONAL_REPRESENTATION('',(#2899),#2903);
#2899 = LINE('',#2900,#2901);
#2900 = CARTESIAN_POINT('',(-6.041703,13.147109));
#2901 = VECTOR('',#2902,1.);
#2902 = DIRECTION('',(-0.526428929276,-0.850219137882));
#2903 = ( GEOMETRIC_REPRESENTATION_CONTEXT(2) 
PARAMETRIC_REPRESENTATION_CONTEXT() REPRESENTATION_CONTEXT('2D SPACE',''
  ) );
#2904 = PCURVE('',#2905,#2910);
#2905 = PLANE('',#2906);
#2906 = AXIS2_PLACEMENT_3D('',#2907,#2908,#2909);
#2907 = CARTESIAN_POINT('',(124.041703,-104.852891,0.));
#2908 = DIRECTION('',(0.850219137882,0.526428929276,-0.));
#2909 = DIRECTION('',(0.526428929276,-0.850219137882,0.));
#2910 = DEFINITIONAL_REPRESENTATION('',(#2911),#2915);
#2911 = LINE('',#2912,#2913);
#2912 = CARTESIAN_POINT('',(0.,0.));
#2913 = VECTOR('',#2914,1.);
#2914 = DIRECTION('',(1.,0.));
#2915 = ( GEOMETRIC_REPRESENTATION_CONTEXT(2) 
PARAMETRIC_REPRESENTATION_CONTEXT() REPRESENTATION_CONTEXT('2D SPACE',''
  ) );
#2916 = ORIENTED_EDGE('',*,*,#2917,.F.);
#2917 = EDGE_CURVE('',#2918,#2890,#2920,.T.);
#2918 = VERTEX_POINT('',#2919);
#2919 = CARTESIAN_POINT('',(123.953722,-104.786451,0.));
#2920 = SURFACE_CURVE('',#2921,(#2925,#2932),.PCURVE_S1.);
#2921 = LINE('',#2922,#2923);
#2922 = CARTESIAN_POINT('',(123.953722,-104.786451,0.));
#2923 = VECTOR('',#2924,1.);
#2924 = DIRECTION('',(0.798017956254,-0.60263367106,0.));
#2925 = PCURVE('',#144,#2926);
#2926 = DEFINITIONAL_REPRESENTATION('',(#2927),#2931);
#2927 = LINE('',#2928,#2929);
#2928 = CARTESIAN_POINT('',(-5.953722,13.213549));
#2929 = VECTOR('',#2930,1.);
#2930 = DIRECTION('',(-0.798017956254,-0.60263367106));
#2931 = ( GEOMETRIC_REPRESENTATION_CONTEXT(2) 
PARAMETRIC_REPRESENTATION_CONTEXT() REPRESENTATION_CONTEXT('2D SPACE',''
  ) );
#2932 = PCURVE('',#2933,#2938);
#2933 = PLANE('',#2934);
#2934 = AXIS2_PLACEMENT_3D('',#2935,#2936,#2937);
#2935 = CARTESIAN_POINT('',(123.953722,-104.786451,0.));
#2936 = DIRECTION('',(0.60263367106,0.798017956254,-0.));
#2937 = DIRECTION('',(0.798017956254,-0.60263367106,0.));
#2938 = DEFINITIONAL_REPRESENTATION('',(#2939),#2943);
#2939 = LINE('',#2940,#2941);
#2940 = CARTESIAN_POINT('',(0.,0.));
#2941 = VECTOR('',#2942,1.);
#2942 = DIRECTION('',(1.,0.));
#2943 = ( GEOMETRIC_REPRESENTATION_CONTEXT(2) 
PARAMETRIC_REPRESENTATION_CONTEXT() REPRESENTATION_CONTEXT('2D SPACE',''
  ) );
#2944 = ORIENTED_EDGE('',*,*,#2945,.F.);
#2945 = EDGE_CURVE('',#2946,#2918,#2948,.T.);
#2946 = VERTEX_POINT('',#2947);
#2947 = CARTESIAN_POINT('',(123.847681,-104.75628,0.));
#2948 = SURFACE_CURVE('',#2949,(#2953,#2960),.PCURVE_S1.);
#2949 = LINE('',#2950,#2951);
#2950 = CARTESIAN_POINT('',(123.847681,-104.75628,0.));
#2951 = VECTOR('',#2952,1.);
#2952 = DIRECTION('',(0.961826277748,-0.273660759762,0.));
#2953 = PCURVE('',#144,#2954);
#2954 = DEFINITIONAL_REPRESENTATION('',(#2955),#2959);
#2955 = LINE('',#2956,#2957);
#2956 = CARTESIAN_POINT('',(-5.847681,13.24372));
#2957 = VECTOR('',#2958,1.);
#2958 = DIRECTION('',(-0.961826277748,-0.273660759762));
#2959 = ( GEOMETRIC_REPRESENTATION_CONTEXT(2) 
PARAMETRIC_REPRESENTATION_CONTEXT() REPRESENTATION_CONTEXT('2D SPACE',''
  ) );
#2960 = PCURVE('',#2961,#2966);
#2961 = PLANE('',#2962);
#2962 = AXIS2_PLACEMENT_3D('',#2963,#2964,#2965);
#2963 = CARTESIAN_POINT('',(123.847681,-104.75628,0.));
#2964 = DIRECTION('',(0.273660759762,0.961826277748,-0.));
#2965 = DIRECTION('',(0.961826277748,-0.273660759762,0.));
#2966 = DEFINITIONAL_REPRESENTATION('',(#2967),#2971);
#2967 = LINE('',#2968,#2969);
#2968 = CARTESIAN_POINT('',(0.,0.));
#2969 = VECTOR('',#2970,1.);
#2970 = DIRECTION('',(1.,0.));
#2971 = ( GEOMETRIC_REPRESENTATION_CONTEXT(2) 
PARAMETRIC_REPRESENTATION_CONTEXT() REPRESENTATION_CONTEXT('2D SPACE',''
  ) );
#2972 = ORIENTED_EDGE('',*,*,#2973,.F.);
#2973 = EDGE_CURVE('',#2974,#2946,#2976,.T.);
#2974 = VERTEX_POINT('',#2975);
#2975 = CARTESIAN_POINT('',(123.737901,-104.766452,0.));
#2976 = SURFACE_CURVE('',#2977,(#2981,#2988),.PCURVE_S1.);
#2977 = LINE('',#2978,#2979);
#2978 = CARTESIAN_POINT('',(123.737901,-104.766452,0.));
#2979 = VECTOR('',#2980,1.);
#2980 = DIRECTION('',(0.995734688848,9.226282797371E-02,0.));
#2981 = PCURVE('',#144,#2982);
#2982 = DEFINITIONAL_REPRESENTATION('',(#2983),#2987);
#2983 = LINE('',#2984,#2985);
#2984 = CARTESIAN_POINT('',(-5.737901,13.233548));
#2985 = VECTOR('',#2986,1.);
#2986 = DIRECTION('',(-0.995734688848,9.226282797371E-02));
#2987 = ( GEOMETRIC_REPRESENTATION_CONTEXT(2) 
PARAMETRIC_REPRESENTATION_CONTEXT() REPRESENTATION_CONTEXT('2D SPACE',''
  ) );
#2988 = PCURVE('',#2989,#2994);
#2989 = PLANE('',#2990);
#2990 = AXIS2_PLACEMENT_3D('',#2991,#2992,#2993);
#2991 = CARTESIAN_POINT('',(123.737901,-104.766452,0.));
#2992 = DIRECTION('',(-9.226282797371E-02,0.995734688848,0.));
#2993 = DIRECTION('',(0.995734688848,9.226282797371E-02,0.));
#2994 = DEFINITIONAL_REPRESENTATION('',(#2995),#2999);
#2995 = LINE('',#2996,#2997);
#2996 = CARTESIAN_POINT('',(0.,0.));
#2997 = VECTOR('',#2998,1.);
#2998 = DIRECTION('',(1.,0.));
#2999 = ( GEOMETRIC_REPRESENTATION_CONTEXT(2) 
PARAMETRIC_REPRESENTATION_CONTEXT() REPRESENTATION_CONTEXT('2D SPACE',''
  ) );
#3000 = ORIENTED_EDGE('',*,*,#3001,.F.);
#3001 = EDGE_CURVE('',#3002,#2974,#3004,.T.);
#3002 = VERTEX_POINT('',#3003);
#3003 = CARTESIAN_POINT('',(123.63921,-104.815595,0.));
#3004 = SURFACE_CURVE('',#3005,(#3009,#3016),.PCURVE_S1.);
#3005 = LINE('',#3006,#3007);
#3006 = CARTESIAN_POINT('',(123.63921,-104.815595,0.));
#3007 = VECTOR('',#3008,1.);
#3008 = DIRECTION('',(0.895160681354,0.445743597327,0.));
#3009 = PCURVE('',#144,#3010);
#3010 = DEFINITIONAL_REPRESENTATION('',(#3011),#3015);
#3011 = LINE('',#3012,#3013);
#3012 = CARTESIAN_POINT('',(-5.63921,13.184405));
#3013 = VECTOR('',#3014,1.);
#3014 = DIRECTION('',(-0.895160681354,0.445743597327));
#3015 = ( GEOMETRIC_REPRESENTATION_CONTEXT(2) 
PARAMETRIC_REPRESENTATION_CONTEXT() REPRESENTATION_CONTEXT('2D SPACE',''
  ) );
#3016 = PCURVE('',#3017,#3022);
#3017 = PLANE('',#3018);
#3018 = AXIS2_PLACEMENT_3D('',#3019,#3020,#3021);
#3019 = CARTESIAN_POINT('',(123.63921,-104.815595,0.));
#3020 = DIRECTION('',(-0.445743597327,0.895160681354,0.));
#3021 = DIRECTION('',(0.895160681354,0.445743597327,0.));
#3022 = DEFINITIONAL_REPRESENTATION('',(#3023),#3027);
#3023 = LINE('',#3024,#3025);
#3024 = CARTESIAN_POINT('',(0.,0.));
#3025 = VECTOR('',#3026,1.);
#3026 = DIRECTION('',(1.,0.));
#3027 = ( GEOMETRIC_REPRESENTATION_CONTEXT(2) 
PARAMETRIC_REPRESENTATION_CONTEXT() REPRESENTATION_CONTEXT('2D SPACE',''
  ) );
#3028 = ORIENTED_EDGE('',*,*,#3029,.F.);
#3029 = EDGE_CURVE('',#2498,#3002,#3030,.T.);
#3030 = SURFACE_CURVE('',#3031,(#3035,#3042),.PCURVE_S1.);
#3031 = LINE('',#3032,#3033);
#3032 = CARTESIAN_POINT('',(123.564935,-104.89707,0.));
#3033 = VECTOR('',#3034,1.);
#3034 = DIRECTION('',(0.67369922817,0.73900564948,0.));
#3035 = PCURVE('',#144,#3036);
#3036 = DEFINITIONAL_REPRESENTATION('',(#3037),#3041);
#3037 = LINE('',#3038,#3039);
#3038 = CARTESIAN_POINT('',(-5.564935,13.10293));
#3039 = VECTOR('',#3040,1.);
#3040 = DIRECTION('',(-0.67369922817,0.73900564948));
#3041 = ( GEOMETRIC_REPRESENTATION_CONTEXT(2) 
PARAMETRIC_REPRESENTATION_CONTEXT() REPRESENTATION_CONTEXT('2D SPACE',''
  ) );
#3042 = PCURVE('',#3043,#3048);
#3043 = PLANE('',#3044);
#3044 = AXIS2_PLACEMENT_3D('',#3045,#3046,#3047);
#3045 = CARTESIAN_POINT('',(123.564935,-104.89707,0.));
#3046 = DIRECTION('',(-0.73900564948,0.67369922817,0.));
#3047 = DIRECTION('',(0.67369922817,0.73900564948,0.));
#3048 = DEFINITIONAL_REPRESENTATION('',(#3049),#3053);
#3049 = LINE('',#3050,#3051);
#3050 = CARTESIAN_POINT('',(0.,0.));
#3051 = VECTOR('',#3052,1.);
#3052 = DIRECTION('',(1.,0.));
#3053 = ( GEOMETRIC_REPRESENTATION_CONTEXT(2) 
PARAMETRIC_REPRESENTATION_CONTEXT() REPRESENTATION_CONTEXT('2D SPACE',''
  ) );
#3054 = FACE_BOUND('',#3055,.T.);
#3055 = EDGE_LOOP('',(#3056));
#3056 = ORIENTED_EDGE('',*,*,#3057,.T.);
#3057 = EDGE_CURVE('',#3058,#3058,#3060,.T.);
#3058 = VERTEX_POINT('',#3059);
#3059 = CARTESIAN_POINT('',(122.715,-105.105,0.));
#3060 = SURFACE_CURVE('',#3061,(#3066,#3077),.PCURVE_S1.);
#3061 = CIRCLE('',#3062,0.325);
#3062 = AXIS2_PLACEMENT_3D('',#3063,#3064,#3065);
#3063 = CARTESIAN_POINT('',(122.39,-105.105,0.));
#3064 = DIRECTION('',(0.,0.,1.));
#3065 = DIRECTION('',(1.,0.,-0.));
#3066 = PCURVE('',#144,#3067);
#3067 = DEFINITIONAL_REPRESENTATION('',(#3068),#3076);
#3068 = ( BOUNDED_CURVE() B_SPLINE_CURVE(2,(#3069,#3070,#3071,#3072,
#3073,#3074,#3075),.UNSPECIFIED.,.T.,.F.) B_SPLINE_CURVE_WITH_KNOTS((1,2
    ,2,2,2,1),(-2.094395102393,0.,2.094395102393,4.188790204786,
6.28318530718,8.377580409573),.UNSPECIFIED.) CURVE() 
GEOMETRIC_REPRESENTATION_ITEM() RATIONAL_B_SPLINE_CURVE((1.,0.5,1.,0.5,
1.,0.5,1.)) REPRESENTATION_ITEM('') );
#3069 = CARTESIAN_POINT('',(-4.715,12.895));
#3070 = CARTESIAN_POINT('',(-4.715,13.45791651246));
#3071 = CARTESIAN_POINT('',(-4.2275,13.17645825623));
#3072 = CARTESIAN_POINT('',(-3.74,12.895));
#3073 = CARTESIAN_POINT('',(-4.2275,12.61354174377));
#3074 = CARTESIAN_POINT('',(-4.715,12.33208348754));
#3075 = CARTESIAN_POINT('',(-4.715,12.895));
#3076 = ( GEOMETRIC_REPRESENTATION_CONTEXT(2) 
PARAMETRIC_REPRESENTATION_CONTEXT() REPRESENTATION_CONTEXT('2D SPACE',''
  ) );
#3077 = PCURVE('',#3078,#3083);
#3078 = CYLINDRICAL_SURFACE('',#3079,0.325);
#3079 = AXIS2_PLACEMENT_3D('',#3080,#3081,#3082);
#3080 = CARTESIAN_POINT('',(122.39,-105.105,-1.E-02));
#3081 = DIRECTION('',(0.,0.,1.));
#3082 = DIRECTION('',(1.,0.,-0.));
#3083 = DEFINITIONAL_REPRESENTATION('',(#3084),#3088);
#3084 = LINE('',#3085,#3086);
#3085 = CARTESIAN_POINT('',(0.,1.E-02));
#3086 = VECTOR('',#3087,1.);
#3087 = DIRECTION('',(1.,0.));
#3088 = ( GEOMETRIC_REPRESENTATION_CONTEXT(2) 
PARAMETRIC_REPRESENTATION_CONTEXT() REPRESENTATION_CONTEXT('2D SPACE',''
  ) );
#3089 = FACE_BOUND('',#3090,.T.);
#3090 = EDGE_LOOP('',(#3091,#3121,#3149,#3177,#3205,#3233,#3261,#3289,
    #3317,#3345,#3373,#3401,#3429,#3457,#3485,#3513,#3541,#3569,#3597,
    #3625));
#3091 = ORIENTED_EDGE('',*,*,#3092,.F.);
#3092 = EDGE_CURVE('',#3093,#3095,#3097,.T.);
#3093 = VERTEX_POINT('',#3094);
#3094 = CARTESIAN_POINT('',(123.525108,-100.969875,0.));
#3095 = VERTEX_POINT('',#3096);
#3096 = CARTESIAN_POINT('',(123.564935,-100.86707,0.));
#3097 = SURFACE_CURVE('',#3098,(#3102,#3109),.PCURVE_S1.);
#3098 = LINE('',#3099,#3100);
#3099 = CARTESIAN_POINT('',(123.525108,-100.969875,0.));
#3100 = VECTOR('',#3101,1.);
#3101 = DIRECTION('',(0.361242697938,0.932471829701,0.));
#3102 = PCURVE('',#144,#3103);
#3103 = DEFINITIONAL_REPRESENTATION('',(#3104),#3108);
#3104 = LINE('',#3105,#3106);
#3105 = CARTESIAN_POINT('',(-5.525108,17.030125));
#3106 = VECTOR('',#3107,1.);
#3107 = DIRECTION('',(-0.361242697938,0.932471829701));
#3108 = ( GEOMETRIC_REPRESENTATION_CONTEXT(2) 
PARAMETRIC_REPRESENTATION_CONTEXT() REPRESENTATION_CONTEXT('2D SPACE',''
  ) );
#3109 = PCURVE('',#3110,#3115);
#3110 = PLANE('',#3111);
#3111 = AXIS2_PLACEMENT_3D('',#3112,#3113,#3114);
#3112 = CARTESIAN_POINT('',(123.525108,-100.969875,0.));
#3113 = DIRECTION('',(-0.932471829701,0.361242697938,0.));
#3114 = DIRECTION('',(0.361242697938,0.932471829701,0.));
#3115 = DEFINITIONAL_REPRESENTATION('',(#3116),#3120);
#3116 = LINE('',#3117,#3118);
#3117 = CARTESIAN_POINT('',(0.,0.));
#3118 = VECTOR('',#3119,1.);
#3119 = DIRECTION('',(1.,0.));
#3120 = ( GEOMETRIC_REPRESENTATION_CONTEXT(2) 
PARAMETRIC_REPRESENTATION_CONTEXT() REPRESENTATION_CONTEXT('2D SPACE',''
  ) );
#3121 = ORIENTED_EDGE('',*,*,#3122,.F.);
#3122 = EDGE_CURVE('',#3123,#3093,#3125,.T.);
#3123 = VERTEX_POINT('',#3124);
#3124 = CARTESIAN_POINT('',(123.52,-101.025,0.));
#3125 = SURFACE_CURVE('',#3126,(#3130,#3137),.PCURVE_S1.);
#3126 = LINE('',#3127,#3128);
#3127 = CARTESIAN_POINT('',(123.52,-101.025,0.));
#3128 = VECTOR('',#3129,1.);
#3129 = DIRECTION('',(9.22668640424E-02,0.995734314865,0.));
#3130 = PCURVE('',#144,#3131);
#3131 = DEFINITIONAL_REPRESENTATION('',(#3132),#3136);
#3132 = LINE('',#3133,#3134);
#3133 = CARTESIAN_POINT('',(-5.52,16.975));
#3134 = VECTOR('',#3135,1.);
#3135 = DIRECTION('',(-9.22668640424E-02,0.995734314865));
#3136 = ( GEOMETRIC_REPRESENTATION_CONTEXT(2) 
PARAMETRIC_REPRESENTATION_CONTEXT() REPRESENTATION_CONTEXT('2D SPACE',''
  ) );
#3137 = PCURVE('',#3138,#3143);
#3138 = PLANE('',#3139);
#3139 = AXIS2_PLACEMENT_3D('',#3140,#3141,#3142);
#3140 = CARTESIAN_POINT('',(123.52,-101.025,0.));
#3141 = DIRECTION('',(-0.995734314865,9.22668640424E-02,0.));
#3142 = DIRECTION('',(9.22668640424E-02,0.995734314865,0.));
#3143 = DEFINITIONAL_REPRESENTATION('',(#3144),#3148);
#3144 = LINE('',#3145,#3146);
#3145 = CARTESIAN_POINT('',(0.,0.));
#3146 = VECTOR('',#3147,1.);
#3147 = DIRECTION('',(1.,0.));
#3148 = ( GEOMETRIC_REPRESENTATION_CONTEXT(2) 
PARAMETRIC_REPRESENTATION_CONTEXT() REPRESENTATION_CONTEXT('2D SPACE',''
  ) );
#3149 = ORIENTED_EDGE('',*,*,#3150,.F.);
#3150 = EDGE_CURVE('',#3151,#3123,#3153,.T.);
#3151 = VERTEX_POINT('',#3152);
#3152 = CARTESIAN_POINT('',(123.52,-101.825,0.));
#3153 = SURFACE_CURVE('',#3154,(#3158,#3165),.PCURVE_S1.);
#3154 = LINE('',#3155,#3156);
#3155 = CARTESIAN_POINT('',(123.52,-101.825,0.));
#3156 = VECTOR('',#3157,1.);
#3157 = DIRECTION('',(0.,1.,0.));
#3158 = PCURVE('',#144,#3159);
#3159 = DEFINITIONAL_REPRESENTATION('',(#3160),#3164);
#3160 = LINE('',#3161,#3162);
#3161 = CARTESIAN_POINT('',(-5.52,16.175));
#3162 = VECTOR('',#3163,1.);
#3163 = DIRECTION('',(0.,1.));
#3164 = ( GEOMETRIC_REPRESENTATION_CONTEXT(2) 
PARAMETRIC_REPRESENTATION_CONTEXT() REPRESENTATION_CONTEXT('2D SPACE',''
  ) );
#3165 = PCURVE('',#3166,#3171);
#3166 = PLANE('',#3167);
#3167 = AXIS2_PLACEMENT_3D('',#3168,#3169,#3170);
#3168 = CARTESIAN_POINT('',(123.52,-101.825,0.));
#3169 = DIRECTION('',(-1.,0.,0.));
#3170 = DIRECTION('',(0.,1.,0.));
#3171 = DEFINITIONAL_REPRESENTATION('',(#3172),#3176);
#3172 = LINE('',#3173,#3174);
#3173 = CARTESIAN_POINT('',(0.,0.));
#3174 = VECTOR('',#3175,1.);
#3175 = DIRECTION('',(1.,0.));
#3176 = ( GEOMETRIC_REPRESENTATION_CONTEXT(2) 
PARAMETRIC_REPRESENTATION_CONTEXT() REPRESENTATION_CONTEXT('2D SPACE',''
  ) );
#3177 = ORIENTED_EDGE('',*,*,#3178,.F.);
#3178 = EDGE_CURVE('',#3179,#3151,#3181,.T.);
#3179 = VERTEX_POINT('',#3180);
#3180 = CARTESIAN_POINT('',(123.540258,-101.933372,0.));
#3181 = SURFACE_CURVE('',#3182,(#3186,#3193),.PCURVE_S1.);
#3182 = LINE('',#3183,#3184);
#3183 = CARTESIAN_POINT('',(123.540258,-101.933372,0.));
#3184 = VECTOR('',#3185,1.);
#3185 = DIRECTION('',(-0.183747434241,0.982973489169,0.));
#3186 = PCURVE('',#144,#3187);
#3187 = DEFINITIONAL_REPRESENTATION('',(#3188),#3192);
#3188 = LINE('',#3189,#3190);
#3189 = CARTESIAN_POINT('',(-5.540258,16.066628));
#3190 = VECTOR('',#3191,1.);
#3191 = DIRECTION('',(0.183747434241,0.982973489169));
#3192 = ( GEOMETRIC_REPRESENTATION_CONTEXT(2) 
PARAMETRIC_REPRESENTATION_CONTEXT() REPRESENTATION_CONTEXT('2D SPACE',''
  ) );
#3193 = PCURVE('',#3194,#3199);
#3194 = PLANE('',#3195);
#3195 = AXIS2_PLACEMENT_3D('',#3196,#3197,#3198);
#3196 = CARTESIAN_POINT('',(123.540258,-101.933372,0.));
#3197 = DIRECTION('',(-0.982973489169,-0.183747434241,0.));
#3198 = DIRECTION('',(-0.183747434241,0.982973489169,0.));
#3199 = DEFINITIONAL_REPRESENTATION('',(#3200),#3204);
#3200 = LINE('',#3201,#3202);
#3201 = CARTESIAN_POINT('',(0.,0.));
#3202 = VECTOR('',#3203,1.);
#3203 = DIRECTION('',(1.,0.));
#3204 = ( GEOMETRIC_REPRESENTATION_CONTEXT(2) 
PARAMETRIC_REPRESENTATION_CONTEXT() REPRESENTATION_CONTEXT('2D SPACE',''
  ) );
#3205 = ORIENTED_EDGE('',*,*,#3206,.F.);
#3206 = EDGE_CURVE('',#3207,#3179,#3209,.T.);
#3207 = VERTEX_POINT('',#3208);
#3208 = CARTESIAN_POINT('',(123.598297,-102.027109,0.));
#3209 = SURFACE_CURVE('',#3210,(#3214,#3221),.PCURVE_S1.);
#3210 = LINE('',#3211,#3212);
#3211 = CARTESIAN_POINT('',(123.598297,-102.027109,0.));
#3212 = VECTOR('',#3213,1.);
#3213 = DIRECTION('',(-0.526428929276,0.850219137882,0.));
#3214 = PCURVE('',#144,#3215);
#3215 = DEFINITIONAL_REPRESENTATION('',(#3216),#3220);
#3216 = LINE('',#3217,#3218);
#3217 = CARTESIAN_POINT('',(-5.598297,15.972891));
#3218 = VECTOR('',#3219,1.);
#3219 = DIRECTION('',(0.526428929276,0.850219137882));
#3220 = ( GEOMETRIC_REPRESENTATION_CONTEXT(2) 
PARAMETRIC_REPRESENTATION_CONTEXT() REPRESENTATION_CONTEXT('2D SPACE',''
  ) );
#3221 = PCURVE('',#3222,#3227);
#3222 = PLANE('',#3223);
#3223 = AXIS2_PLACEMENT_3D('',#3224,#3225,#3226);
#3224 = CARTESIAN_POINT('',(123.598297,-102.027109,0.));
#3225 = DIRECTION('',(-0.850219137882,-0.526428929276,0.));
#3226 = DIRECTION('',(-0.526428929276,0.850219137882,0.));
#3227 = DEFINITIONAL_REPRESENTATION('',(#3228),#3232);
#3228 = LINE('',#3229,#3230);
#3229 = CARTESIAN_POINT('',(0.,0.));
#3230 = VECTOR('',#3231,1.);
#3231 = DIRECTION('',(1.,0.));
#3232 = ( GEOMETRIC_REPRESENTATION_CONTEXT(2) 
PARAMETRIC_REPRESENTATION_CONTEXT() REPRESENTATION_CONTEXT('2D SPACE',''
  ) );
#3233 = ORIENTED_EDGE('',*,*,#3234,.F.);
#3234 = EDGE_CURVE('',#3235,#3207,#3237,.T.);
#3235 = VERTEX_POINT('',#3236);
#3236 = CARTESIAN_POINT('',(123.686278,-102.093549,0.));
#3237 = SURFACE_CURVE('',#3238,(#3242,#3249),.PCURVE_S1.);
#3238 = LINE('',#3239,#3240);
#3239 = CARTESIAN_POINT('',(123.686278,-102.093549,0.));
#3240 = VECTOR('',#3241,1.);
#3241 = DIRECTION('',(-0.798017956254,0.60263367106,0.));
#3242 = PCURVE('',#144,#3243);
#3243 = DEFINITIONAL_REPRESENTATION('',(#3244),#3248);
#3244 = LINE('',#3245,#3246);
#3245 = CARTESIAN_POINT('',(-5.686278,15.906451));
#3246 = VECTOR('',#3247,1.);
#3247 = DIRECTION('',(0.798017956254,0.60263367106));
#3248 = ( GEOMETRIC_REPRESENTATION_CONTEXT(2) 
PARAMETRIC_REPRESENTATION_CONTEXT() REPRESENTATION_CONTEXT('2D SPACE',''
  ) );
#3249 = PCURVE('',#3250,#3255);
#3250 = PLANE('',#3251);
#3251 = AXIS2_PLACEMENT_3D('',#3252,#3253,#3254);
#3252 = CARTESIAN_POINT('',(123.686278,-102.093549,0.));
#3253 = DIRECTION('',(-0.60263367106,-0.798017956254,0.));
#3254 = DIRECTION('',(-0.798017956254,0.60263367106,0.));
#3255 = DEFINITIONAL_REPRESENTATION('',(#3256),#3260);
#3256 = LINE('',#3257,#3258);
#3257 = CARTESIAN_POINT('',(0.,0.));
#3258 = VECTOR('',#3259,1.);
#3259 = DIRECTION('',(1.,0.));
#3260 = ( GEOMETRIC_REPRESENTATION_CONTEXT(2) 
PARAMETRIC_REPRESENTATION_CONTEXT() REPRESENTATION_CONTEXT('2D SPACE',''
  ) );
#3261 = ORIENTED_EDGE('',*,*,#3262,.F.);
#3262 = EDGE_CURVE('',#3263,#3235,#3265,.T.);
#3263 = VERTEX_POINT('',#3264);
#3264 = CARTESIAN_POINT('',(123.792319,-102.12372,0.));
#3265 = SURFACE_CURVE('',#3266,(#3270,#3277),.PCURVE_S1.);
#3266 = LINE('',#3267,#3268);
#3267 = CARTESIAN_POINT('',(123.792319,-102.12372,0.));
#3268 = VECTOR('',#3269,1.);
#3269 = DIRECTION('',(-0.961826277748,0.273660759762,0.));
#3270 = PCURVE('',#144,#3271);
#3271 = DEFINITIONAL_REPRESENTATION('',(#3272),#3276);
#3272 = LINE('',#3273,#3274);
#3273 = CARTESIAN_POINT('',(-5.792319,15.87628));
#3274 = VECTOR('',#3275,1.);
#3275 = DIRECTION('',(0.961826277748,0.273660759762));
#3276 = ( GEOMETRIC_REPRESENTATION_CONTEXT(2) 
PARAMETRIC_REPRESENTATION_CONTEXT() REPRESENTATION_CONTEXT('2D SPACE',''
  ) );
#3277 = PCURVE('',#3278,#3283);
#3278 = PLANE('',#3279);
#3279 = AXIS2_PLACEMENT_3D('',#3280,#3281,#3282);
#3280 = CARTESIAN_POINT('',(123.792319,-102.12372,0.));
#3281 = DIRECTION('',(-0.273660759762,-0.961826277748,0.));
#3282 = DIRECTION('',(-0.961826277748,0.273660759762,0.));
#3283 = DEFINITIONAL_REPRESENTATION('',(#3284),#3288);
#3284 = LINE('',#3285,#3286);
#3285 = CARTESIAN_POINT('',(0.,0.));
#3286 = VECTOR('',#3287,1.);
#3287 = DIRECTION('',(1.,0.));
#3288 = ( GEOMETRIC_REPRESENTATION_CONTEXT(2) 
PARAMETRIC_REPRESENTATION_CONTEXT() REPRESENTATION_CONTEXT('2D SPACE',''
  ) );
#3289 = ORIENTED_EDGE('',*,*,#3290,.F.);
#3290 = EDGE_CURVE('',#3291,#3263,#3293,.T.);
#3291 = VERTEX_POINT('',#3292);
#3292 = CARTESIAN_POINT('',(123.902099,-102.113548,0.));
#3293 = SURFACE_CURVE('',#3294,(#3298,#3305),.PCURVE_S1.);
#3294 = LINE('',#3295,#3296);
#3295 = CARTESIAN_POINT('',(123.902099,-102.113548,0.));
#3296 = VECTOR('',#3297,1.);
#3297 = DIRECTION('',(-0.995734688848,-9.226282797384E-02,0.));
#3298 = PCURVE('',#144,#3299);
#3299 = DEFINITIONAL_REPRESENTATION('',(#3300),#3304);
#3300 = LINE('',#3301,#3302);
#3301 = CARTESIAN_POINT('',(-5.902099,15.886452));
#3302 = VECTOR('',#3303,1.);
#3303 = DIRECTION('',(0.995734688848,-9.226282797384E-02));
#3304 = ( GEOMETRIC_REPRESENTATION_CONTEXT(2) 
PARAMETRIC_REPRESENTATION_CONTEXT() REPRESENTATION_CONTEXT('2D SPACE',''
  ) );
#3305 = PCURVE('',#3306,#3311);
#3306 = PLANE('',#3307);
#3307 = AXIS2_PLACEMENT_3D('',#3308,#3309,#3310);
#3308 = CARTESIAN_POINT('',(123.902099,-102.113548,0.));
#3309 = DIRECTION('',(9.226282797384E-02,-0.995734688848,0.));
#3310 = DIRECTION('',(-0.995734688848,-9.226282797384E-02,0.));
#3311 = DEFINITIONAL_REPRESENTATION('',(#3312),#3316);
#3312 = LINE('',#3313,#3314);
#3313 = CARTESIAN_POINT('',(0.,0.));
#3314 = VECTOR('',#3315,1.);
#3315 = DIRECTION('',(1.,0.));
#3316 = ( GEOMETRIC_REPRESENTATION_CONTEXT(2) 
PARAMETRIC_REPRESENTATION_CONTEXT() REPRESENTATION_CONTEXT('2D SPACE',''
  ) );
#3317 = ORIENTED_EDGE('',*,*,#3318,.F.);
#3318 = EDGE_CURVE('',#3319,#3291,#3321,.T.);
#3319 = VERTEX_POINT('',#3320);
#3320 = CARTESIAN_POINT('',(124.00079,-102.064405,0.));
#3321 = SURFACE_CURVE('',#3322,(#3326,#3333),.PCURVE_S1.);
#3322 = LINE('',#3323,#3324);
#3323 = CARTESIAN_POINT('',(124.00079,-102.064405,0.));
#3324 = VECTOR('',#3325,1.);
#3325 = DIRECTION('',(-0.895160681354,-0.445743597327,0.));
#3326 = PCURVE('',#144,#3327);
#3327 = DEFINITIONAL_REPRESENTATION('',(#3328),#3332);
#3328 = LINE('',#3329,#3330);
#3329 = CARTESIAN_POINT('',(-6.00079,15.935595));
#3330 = VECTOR('',#3331,1.);
#3331 = DIRECTION('',(0.895160681354,-0.445743597327));
#3332 = ( GEOMETRIC_REPRESENTATION_CONTEXT(2) 
PARAMETRIC_REPRESENTATION_CONTEXT() REPRESENTATION_CONTEXT('2D SPACE',''
  ) );
#3333 = PCURVE('',#3334,#3339);
#3334 = PLANE('',#3335);
#3335 = AXIS2_PLACEMENT_3D('',#3336,#3337,#3338);
#3336 = CARTESIAN_POINT('',(124.00079,-102.064405,0.));
#3337 = DIRECTION('',(0.445743597327,-0.895160681354,0.));
#3338 = DIRECTION('',(-0.895160681354,-0.445743597327,0.));
#3339 = DEFINITIONAL_REPRESENTATION('',(#3340),#3344);
#3340 = LINE('',#3341,#3342);
#3341 = CARTESIAN_POINT('',(0.,0.));
#3342 = VECTOR('',#3343,1.);
#3343 = DIRECTION('',(1.,0.));
#3344 = ( GEOMETRIC_REPRESENTATION_CONTEXT(2) 
PARAMETRIC_REPRESENTATION_CONTEXT() REPRESENTATION_CONTEXT('2D SPACE',''
  ) );
#3345 = ORIENTED_EDGE('',*,*,#3346,.F.);
#3346 = EDGE_CURVE('',#3347,#3319,#3349,.T.);
#3347 = VERTEX_POINT('',#3348);
#3348 = CARTESIAN_POINT('',(124.075065,-101.98293,0.));
#3349 = SURFACE_CURVE('',#3350,(#3354,#3361),.PCURVE_S1.);
#3350 = LINE('',#3351,#3352);
#3351 = CARTESIAN_POINT('',(124.075065,-101.98293,0.));
#3352 = VECTOR('',#3353,1.);
#3353 = DIRECTION('',(-0.67369922817,-0.73900564948,0.));
#3354 = PCURVE('',#144,#3355);
#3355 = DEFINITIONAL_REPRESENTATION('',(#3356),#3360);
#3356 = LINE('',#3357,#3358);
#3357 = CARTESIAN_POINT('',(-6.075065,16.01707));
#3358 = VECTOR('',#3359,1.);
#3359 = DIRECTION('',(0.67369922817,-0.73900564948));
#3360 = ( GEOMETRIC_REPRESENTATION_CONTEXT(2) 
PARAMETRIC_REPRESENTATION_CONTEXT() REPRESENTATION_CONTEXT('2D SPACE',''
  ) );
#3361 = PCURVE('',#3362,#3367);
#3362 = PLANE('',#3363);
#3363 = AXIS2_PLACEMENT_3D('',#3364,#3365,#3366);
#3364 = CARTESIAN_POINT('',(124.075065,-101.98293,0.));
#3365 = DIRECTION('',(0.73900564948,-0.67369922817,0.));
#3366 = DIRECTION('',(-0.67369922817,-0.73900564948,0.));
#3367 = DEFINITIONAL_REPRESENTATION('',(#3368),#3372);
#3368 = LINE('',#3369,#3370);
#3369 = CARTESIAN_POINT('',(0.,0.));
#3370 = VECTOR('',#3371,1.);
#3371 = DIRECTION('',(1.,0.));
#3372 = ( GEOMETRIC_REPRESENTATION_CONTEXT(2) 
PARAMETRIC_REPRESENTATION_CONTEXT() REPRESENTATION_CONTEXT('2D SPACE',''
  ) );
#3373 = ORIENTED_EDGE('',*,*,#3374,.F.);
#3374 = EDGE_CURVE('',#3375,#3347,#3377,.T.);
#3375 = VERTEX_POINT('',#3376);
#3376 = CARTESIAN_POINT('',(124.114892,-101.880125,0.));
#3377 = SURFACE_CURVE('',#3378,(#3382,#3389),.PCURVE_S1.);
#3378 = LINE('',#3379,#3380);
#3379 = CARTESIAN_POINT('',(124.114892,-101.880125,0.));
#3380 = VECTOR('',#3381,1.);
#3381 = DIRECTION('',(-0.361242697938,-0.932471829701,0.));
#3382 = PCURVE('',#144,#3383);
#3383 = DEFINITIONAL_REPRESENTATION('',(#3384),#3388);
#3384 = LINE('',#3385,#3386);
#3385 = CARTESIAN_POINT('',(-6.114892,16.119875));
#3386 = VECTOR('',#3387,1.);
#3387 = DIRECTION('',(0.361242697938,-0.932471829701));
#3388 = ( GEOMETRIC_REPRESENTATION_CONTEXT(2) 
PARAMETRIC_REPRESENTATION_CONTEXT() REPRESENTATION_CONTEXT('2D SPACE',''
  ) );
#3389 = PCURVE('',#3390,#3395);
#3390 = PLANE('',#3391);
#3391 = AXIS2_PLACEMENT_3D('',#3392,#3393,#3394);
#3392 = CARTESIAN_POINT('',(124.114892,-101.880125,0.));
#3393 = DIRECTION('',(0.932471829701,-0.361242697938,0.));
#3394 = DIRECTION('',(-0.361242697938,-0.932471829701,0.));
#3395 = DEFINITIONAL_REPRESENTATION('',(#3396),#3400);
#3396 = LINE('',#3397,#3398);
#3397 = CARTESIAN_POINT('',(0.,0.));
#3398 = VECTOR('',#3399,1.);
#3399 = DIRECTION('',(1.,0.));
#3400 = ( GEOMETRIC_REPRESENTATION_CONTEXT(2) 
PARAMETRIC_REPRESENTATION_CONTEXT() REPRESENTATION_CONTEXT('2D SPACE',''
  ) );
#3401 = ORIENTED_EDGE('',*,*,#3402,.F.);
#3402 = EDGE_CURVE('',#3403,#3375,#3405,.T.);
#3403 = VERTEX_POINT('',#3404);
#3404 = CARTESIAN_POINT('',(124.12,-101.825,0.));
#3405 = SURFACE_CURVE('',#3406,(#3410,#3417),.PCURVE_S1.);
#3406 = LINE('',#3407,#3408);
#3407 = CARTESIAN_POINT('',(124.12,-101.825,0.));
#3408 = VECTOR('',#3409,1.);
#3409 = DIRECTION('',(-9.22668640424E-02,-0.995734314865,0.));
#3410 = PCURVE('',#144,#3411);
#3411 = DEFINITIONAL_REPRESENTATION('',(#3412),#3416);
#3412 = LINE('',#3413,#3414);
#3413 = CARTESIAN_POINT('',(-6.12,16.175));
#3414 = VECTOR('',#3415,1.);
#3415 = DIRECTION('',(9.22668640424E-02,-0.995734314865));
#3416 = ( GEOMETRIC_REPRESENTATION_CONTEXT(2) 
PARAMETRIC_REPRESENTATION_CONTEXT() REPRESENTATION_CONTEXT('2D SPACE',''
  ) );
#3417 = PCURVE('',#3418,#3423);
#3418 = PLANE('',#3419);
#3419 = AXIS2_PLACEMENT_3D('',#3420,#3421,#3422);
#3420 = CARTESIAN_POINT('',(124.12,-101.825,0.));
#3421 = DIRECTION('',(0.995734314865,-9.22668640424E-02,0.));
#3422 = DIRECTION('',(-9.22668640424E-02,-0.995734314865,0.));
#3423 = DEFINITIONAL_REPRESENTATION('',(#3424),#3428);
#3424 = LINE('',#3425,#3426);
#3425 = CARTESIAN_POINT('',(0.,0.));
#3426 = VECTOR('',#3427,1.);
#3427 = DIRECTION('',(1.,0.));
#3428 = ( GEOMETRIC_REPRESENTATION_CONTEXT(2) 
PARAMETRIC_REPRESENTATION_CONTEXT() REPRESENTATION_CONTEXT('2D SPACE',''
  ) );
#3429 = ORIENTED_EDGE('',*,*,#3430,.F.);
#3430 = EDGE_CURVE('',#3431,#3403,#3433,.T.);
#3431 = VERTEX_POINT('',#3432);
#3432 = CARTESIAN_POINT('',(124.12,-101.025,0.));
#3433 = SURFACE_CURVE('',#3434,(#3438,#3445),.PCURVE_S1.);
#3434 = LINE('',#3435,#3436);
#3435 = CARTESIAN_POINT('',(124.12,-101.025,0.));
#3436 = VECTOR('',#3437,1.);
#3437 = DIRECTION('',(0.,-1.,0.));
#3438 = PCURVE('',#144,#3439);
#3439 = DEFINITIONAL_REPRESENTATION('',(#3440),#3444);
#3440 = LINE('',#3441,#3442);
#3441 = CARTESIAN_POINT('',(-6.12,16.975));
#3442 = VECTOR('',#3443,1.);
#3443 = DIRECTION('',(0.,-1.));
#3444 = ( GEOMETRIC_REPRESENTATION_CONTEXT(2) 
PARAMETRIC_REPRESENTATION_CONTEXT() REPRESENTATION_CONTEXT('2D SPACE',''
  ) );
#3445 = PCURVE('',#3446,#3451);
#3446 = PLANE('',#3447);
#3447 = AXIS2_PLACEMENT_3D('',#3448,#3449,#3450);
#3448 = CARTESIAN_POINT('',(124.12,-101.025,0.));
#3449 = DIRECTION('',(1.,0.,-0.));
#3450 = DIRECTION('',(0.,-1.,0.));
#3451 = DEFINITIONAL_REPRESENTATION('',(#3452),#3456);
#3452 = LINE('',#3453,#3454);
#3453 = CARTESIAN_POINT('',(0.,0.));
#3454 = VECTOR('',#3455,1.);
#3455 = DIRECTION('',(1.,0.));
#3456 = ( GEOMETRIC_REPRESENTATION_CONTEXT(2) 
PARAMETRIC_REPRESENTATION_CONTEXT() REPRESENTATION_CONTEXT('2D SPACE',''
  ) );
#3457 = ORIENTED_EDGE('',*,*,#3458,.F.);
#3458 = EDGE_CURVE('',#3459,#3431,#3461,.T.);
#3459 = VERTEX_POINT('',#3460);
#3460 = CARTESIAN_POINT('',(124.099742,-100.916628,0.));
#3461 = SURFACE_CURVE('',#3462,(#3466,#3473),.PCURVE_S1.);
#3462 = LINE('',#3463,#3464);
#3463 = CARTESIAN_POINT('',(124.099742,-100.916628,0.));
#3464 = VECTOR('',#3465,1.);
#3465 = DIRECTION('',(0.183747434241,-0.982973489169,0.));
#3466 = PCURVE('',#144,#3467);
#3467 = DEFINITIONAL_REPRESENTATION('',(#3468),#3472);
#3468 = LINE('',#3469,#3470);
#3469 = CARTESIAN_POINT('',(-6.099742,17.083372));
#3470 = VECTOR('',#3471,1.);
#3471 = DIRECTION('',(-0.183747434241,-0.982973489169));
#3472 = ( GEOMETRIC_REPRESENTATION_CONTEXT(2) 
PARAMETRIC_REPRESENTATION_CONTEXT() REPRESENTATION_CONTEXT('2D SPACE',''
  ) );
#3473 = PCURVE('',#3474,#3479);
#3474 = PLANE('',#3475);
#3475 = AXIS2_PLACEMENT_3D('',#3476,#3477,#3478);
#3476 = CARTESIAN_POINT('',(124.099742,-100.916628,0.));
#3477 = DIRECTION('',(0.982973489169,0.183747434241,-0.));
#3478 = DIRECTION('',(0.183747434241,-0.982973489169,0.));
#3479 = DEFINITIONAL_REPRESENTATION('',(#3480),#3484);
#3480 = LINE('',#3481,#3482);
#3481 = CARTESIAN_POINT('',(0.,0.));
#3482 = VECTOR('',#3483,1.);
#3483 = DIRECTION('',(1.,0.));
#3484 = ( GEOMETRIC_REPRESENTATION_CONTEXT(2) 
PARAMETRIC_REPRESENTATION_CONTEXT() REPRESENTATION_CONTEXT('2D SPACE',''
  ) );
#3485 = ORIENTED_EDGE('',*,*,#3486,.F.);
#3486 = EDGE_CURVE('',#3487,#3459,#3489,.T.);
#3487 = VERTEX_POINT('',#3488);
#3488 = CARTESIAN_POINT('',(124.041703,-100.822891,0.));
#3489 = SURFACE_CURVE('',#3490,(#3494,#3501),.PCURVE_S1.);
#3490 = LINE('',#3491,#3492);
#3491 = CARTESIAN_POINT('',(124.041703,-100.822891,0.));
#3492 = VECTOR('',#3493,1.);
#3493 = DIRECTION('',(0.526428929276,-0.850219137882,0.));
#3494 = PCURVE('',#144,#3495);
#3495 = DEFINITIONAL_REPRESENTATION('',(#3496),#3500);
#3496 = LINE('',#3497,#3498);
#3497 = CARTESIAN_POINT('',(-6.041703,17.177109));
#3498 = VECTOR('',#3499,1.);
#3499 = DIRECTION('',(-0.526428929276,-0.850219137882));
#3500 = ( GEOMETRIC_REPRESENTATION_CONTEXT(2) 
PARAMETRIC_REPRESENTATION_CONTEXT() REPRESENTATION_CONTEXT('2D SPACE',''
  ) );
#3501 = PCURVE('',#3502,#3507);
#3502 = PLANE('',#3503);
#3503 = AXIS2_PLACEMENT_3D('',#3504,#3505,#3506);
#3504 = CARTESIAN_POINT('',(124.041703,-100.822891,0.));
#3505 = DIRECTION('',(0.850219137882,0.526428929276,-0.));
#3506 = DIRECTION('',(0.526428929276,-0.850219137882,0.));
#3507 = DEFINITIONAL_REPRESENTATION('',(#3508),#3512);
#3508 = LINE('',#3509,#3510);
#3509 = CARTESIAN_POINT('',(0.,0.));
#3510 = VECTOR('',#3511,1.);
#3511 = DIRECTION('',(1.,0.));
#3512 = ( GEOMETRIC_REPRESENTATION_CONTEXT(2) 
PARAMETRIC_REPRESENTATION_CONTEXT() REPRESENTATION_CONTEXT('2D SPACE',''
  ) );
#3513 = ORIENTED_EDGE('',*,*,#3514,.F.);
#3514 = EDGE_CURVE('',#3515,#3487,#3517,.T.);
#3515 = VERTEX_POINT('',#3516);
#3516 = CARTESIAN_POINT('',(123.953722,-100.756451,0.));
#3517 = SURFACE_CURVE('',#3518,(#3522,#3529),.PCURVE_S1.);
#3518 = LINE('',#3519,#3520);
#3519 = CARTESIAN_POINT('',(123.953722,-100.756451,0.));
#3520 = VECTOR('',#3521,1.);
#3521 = DIRECTION('',(0.798017956254,-0.60263367106,0.));
#3522 = PCURVE('',#144,#3523);
#3523 = DEFINITIONAL_REPRESENTATION('',(#3524),#3528);
#3524 = LINE('',#3525,#3526);
#3525 = CARTESIAN_POINT('',(-5.953722,17.243549));
#3526 = VECTOR('',#3527,1.);
#3527 = DIRECTION('',(-0.798017956254,-0.60263367106));
#3528 = ( GEOMETRIC_REPRESENTATION_CONTEXT(2) 
PARAMETRIC_REPRESENTATION_CONTEXT() REPRESENTATION_CONTEXT('2D SPACE',''
  ) );
#3529 = PCURVE('',#3530,#3535);
#3530 = PLANE('',#3531);
#3531 = AXIS2_PLACEMENT_3D('',#3532,#3533,#3534);
#3532 = CARTESIAN_POINT('',(123.953722,-100.756451,0.));
#3533 = DIRECTION('',(0.60263367106,0.798017956254,-0.));
#3534 = DIRECTION('',(0.798017956254,-0.60263367106,0.));
#3535 = DEFINITIONAL_REPRESENTATION('',(#3536),#3540);
#3536 = LINE('',#3537,#3538);
#3537 = CARTESIAN_POINT('',(0.,0.));
#3538 = VECTOR('',#3539,1.);
#3539 = DIRECTION('',(1.,0.));
#3540 = ( GEOMETRIC_REPRESENTATION_CONTEXT(2) 
PARAMETRIC_REPRESENTATION_CONTEXT() REPRESENTATION_CONTEXT('2D SPACE',''
  ) );
#3541 = ORIENTED_EDGE('',*,*,#3542,.F.);
#3542 = EDGE_CURVE('',#3543,#3515,#3545,.T.);
#3543 = VERTEX_POINT('',#3544);
#3544 = CARTESIAN_POINT('',(123.847681,-100.72628,0.));
#3545 = SURFACE_CURVE('',#3546,(#3550,#3557),.PCURVE_S1.);
#3546 = LINE('',#3547,#3548);
#3547 = CARTESIAN_POINT('',(123.847681,-100.72628,0.));
#3548 = VECTOR('',#3549,1.);
#3549 = DIRECTION('',(0.961826277748,-0.273660759762,0.));
#3550 = PCURVE('',#144,#3551);
#3551 = DEFINITIONAL_REPRESENTATION('',(#3552),#3556);
#3552 = LINE('',#3553,#3554);
#3553 = CARTESIAN_POINT('',(-5.847681,17.27372));
#3554 = VECTOR('',#3555,1.);
#3555 = DIRECTION('',(-0.961826277748,-0.273660759762));
#3556 = ( GEOMETRIC_REPRESENTATION_CONTEXT(2) 
PARAMETRIC_REPRESENTATION_CONTEXT() REPRESENTATION_CONTEXT('2D SPACE',''
  ) );
#3557 = PCURVE('',#3558,#3563);
#3558 = PLANE('',#3559);
#3559 = AXIS2_PLACEMENT_3D('',#3560,#3561,#3562);
#3560 = CARTESIAN_POINT('',(123.847681,-100.72628,0.));
#3561 = DIRECTION('',(0.273660759762,0.961826277748,-0.));
#3562 = DIRECTION('',(0.961826277748,-0.273660759762,0.));
#3563 = DEFINITIONAL_REPRESENTATION('',(#3564),#3568);
#3564 = LINE('',#3565,#3566);
#3565 = CARTESIAN_POINT('',(0.,0.));
#3566 = VECTOR('',#3567,1.);
#3567 = DIRECTION('',(1.,0.));
#3568 = ( GEOMETRIC_REPRESENTATION_CONTEXT(2) 
PARAMETRIC_REPRESENTATION_CONTEXT() REPRESENTATION_CONTEXT('2D SPACE',''
  ) );
#3569 = ORIENTED_EDGE('',*,*,#3570,.F.);
#3570 = EDGE_CURVE('',#3571,#3543,#3573,.T.);
#3571 = VERTEX_POINT('',#3572);
#3572 = CARTESIAN_POINT('',(123.737901,-100.736452,0.));
#3573 = SURFACE_CURVE('',#3574,(#3578,#3585),.PCURVE_S1.);
#3574 = LINE('',#3575,#3576);
#3575 = CARTESIAN_POINT('',(123.737901,-100.736452,0.));
#3576 = VECTOR('',#3577,1.);
#3577 = DIRECTION('',(0.995734688848,9.226282797371E-02,0.));
#3578 = PCURVE('',#144,#3579);
#3579 = DEFINITIONAL_REPRESENTATION('',(#3580),#3584);
#3580 = LINE('',#3581,#3582);
#3581 = CARTESIAN_POINT('',(-5.737901,17.263548));
#3582 = VECTOR('',#3583,1.);
#3583 = DIRECTION('',(-0.995734688848,9.226282797371E-02));
#3584 = ( GEOMETRIC_REPRESENTATION_CONTEXT(2) 
PARAMETRIC_REPRESENTATION_CONTEXT() REPRESENTATION_CONTEXT('2D SPACE',''
  ) );
#3585 = PCURVE('',#3586,#3591);
#3586 = PLANE('',#3587);
#3587 = AXIS2_PLACEMENT_3D('',#3588,#3589,#3590);
#3588 = CARTESIAN_POINT('',(123.737901,-100.736452,0.));
#3589 = DIRECTION('',(-9.226282797371E-02,0.995734688848,0.));
#3590 = DIRECTION('',(0.995734688848,9.226282797371E-02,0.));
#3591 = DEFINITIONAL_REPRESENTATION('',(#3592),#3596);
#3592 = LINE('',#3593,#3594);
#3593 = CARTESIAN_POINT('',(0.,0.));
#3594 = VECTOR('',#3595,1.);
#3595 = DIRECTION('',(1.,0.));
#3596 = ( GEOMETRIC_REPRESENTATION_CONTEXT(2) 
PARAMETRIC_REPRESENTATION_CONTEXT() REPRESENTATION_CONTEXT('2D SPACE',''
  ) );
#3597 = ORIENTED_EDGE('',*,*,#3598,.F.);
#3598 = EDGE_CURVE('',#3599,#3571,#3601,.T.);
#3599 = VERTEX_POINT('',#3600);
#3600 = CARTESIAN_POINT('',(123.63921,-100.785595,0.));
#3601 = SURFACE_CURVE('',#3602,(#3606,#3613),.PCURVE_S1.);
#3602 = LINE('',#3603,#3604);
#3603 = CARTESIAN_POINT('',(123.63921,-100.785595,0.));
#3604 = VECTOR('',#3605,1.);
#3605 = DIRECTION('',(0.895160681354,0.445743597327,0.));
#3606 = PCURVE('',#144,#3607);
#3607 = DEFINITIONAL_REPRESENTATION('',(#3608),#3612);
#3608 = LINE('',#3609,#3610);
#3609 = CARTESIAN_POINT('',(-5.63921,17.214405));
#3610 = VECTOR('',#3611,1.);
#3611 = DIRECTION('',(-0.895160681354,0.445743597327));
#3612 = ( GEOMETRIC_REPRESENTATION_CONTEXT(2) 
PARAMETRIC_REPRESENTATION_CONTEXT() REPRESENTATION_CONTEXT('2D SPACE',''
  ) );
#3613 = PCURVE('',#3614,#3619);
#3614 = PLANE('',#3615);
#3615 = AXIS2_PLACEMENT_3D('',#3616,#3617,#3618);
#3616 = CARTESIAN_POINT('',(123.63921,-100.785595,0.));
#3617 = DIRECTION('',(-0.445743597327,0.895160681354,0.));
#3618 = DIRECTION('',(0.895160681354,0.445743597327,0.));
#3619 = DEFINITIONAL_REPRESENTATION('',(#3620),#3624);
#3620 = LINE('',#3621,#3622);
#3621 = CARTESIAN_POINT('',(0.,0.));
#3622 = VECTOR('',#3623,1.);
#3623 = DIRECTION('',(1.,0.));
#3624 = ( GEOMETRIC_REPRESENTATION_CONTEXT(2) 
PARAMETRIC_REPRESENTATION_CONTEXT() REPRESENTATION_CONTEXT('2D SPACE',''
  ) );
#3625 = ORIENTED_EDGE('',*,*,#3626,.F.);
#3626 = EDGE_CURVE('',#3095,#3599,#3627,.T.);
#3627 = SURFACE_CURVE('',#3628,(#3632,#3639),.PCURVE_S1.);
#3628 = LINE('',#3629,#3630);
#3629 = CARTESIAN_POINT('',(123.564935,-100.86707,0.));
#3630 = VECTOR('',#3631,1.);
#3631 = DIRECTION('',(0.67369922817,0.73900564948,0.));
#3632 = PCURVE('',#144,#3633);
#3633 = DEFINITIONAL_REPRESENTATION('',(#3634),#3638);
#3634 = LINE('',#3635,#3636);
#3635 = CARTESIAN_POINT('',(-5.564935,17.13293));
#3636 = VECTOR('',#3637,1.);
#3637 = DIRECTION('',(-0.67369922817,0.73900564948));
#3638 = ( GEOMETRIC_REPRESENTATION_CONTEXT(2) 
PARAMETRIC_REPRESENTATION_CONTEXT() REPRESENTATION_CONTEXT('2D SPACE',''
  ) );
#3639 = PCURVE('',#3640,#3645);
#3640 = PLANE('',#3641);
#3641 = AXIS2_PLACEMENT_3D('',#3642,#3643,#3644);
#3642 = CARTESIAN_POINT('',(123.564935,-100.86707,0.));
#3643 = DIRECTION('',(-0.73900564948,0.67369922817,0.));
#3644 = DIRECTION('',(0.67369922817,0.73900564948,0.));
#3645 = DEFINITIONAL_REPRESENTATION('',(#3646),#3650);
#3646 = LINE('',#3647,#3648);
#3647 = CARTESIAN_POINT('',(0.,0.));
#3648 = VECTOR('',#3649,1.);
#3649 = DIRECTION('',(1.,0.));
#3650 = ( GEOMETRIC_REPRESENTATION_CONTEXT(2) 
PARAMETRIC_REPRESENTATION_CONTEXT() REPRESENTATION_CONTEXT('2D SPACE',''
  ) );
#3651 = FACE_BOUND('',#3652,.T.);
#3652 = EDGE_LOOP('',(#3653));
#3653 = ORIENTED_EDGE('',*,*,#3654,.T.);
#3654 = EDGE_CURVE('',#3655,#3655,#3657,.T.);
#3655 = VERTEX_POINT('',#3656);
#3656 = CARTESIAN_POINT('',(116.935,-105.105,0.));
#3657 = SURFACE_CURVE('',#3658,(#3663,#3674),.PCURVE_S1.);
#3658 = CIRCLE('',#3659,0.325);
#3659 = AXIS2_PLACEMENT_3D('',#3660,#3661,#3662);
#3660 = CARTESIAN_POINT('',(116.61,-105.105,0.));
#3661 = DIRECTION('',(0.,0.,1.));
#3662 = DIRECTION('',(1.,0.,-0.));
#3663 = PCURVE('',#144,#3664);
#3664 = DEFINITIONAL_REPRESENTATION('',(#3665),#3673);
#3665 = ( BOUNDED_CURVE() B_SPLINE_CURVE(2,(#3666,#3667,#3668,#3669,
#3670,#3671,#3672),.UNSPECIFIED.,.T.,.F.) B_SPLINE_CURVE_WITH_KNOTS((1,2
    ,2,2,2,1),(-2.094395102393,0.,2.094395102393,4.188790204786,
6.28318530718,8.377580409573),.UNSPECIFIED.) CURVE() 
GEOMETRIC_REPRESENTATION_ITEM() RATIONAL_B_SPLINE_CURVE((1.,0.5,1.,0.5,
1.,0.5,1.)) REPRESENTATION_ITEM('') );
#3666 = CARTESIAN_POINT('',(1.065,12.895));
#3667 = CARTESIAN_POINT('',(1.065,13.45791651246));
#3668 = CARTESIAN_POINT('',(1.5525,13.17645825623));
#3669 = CARTESIAN_POINT('',(2.04,12.895));
#3670 = CARTESIAN_POINT('',(1.5525,12.61354174377));
#3671 = CARTESIAN_POINT('',(1.065,12.33208348754));
#3672 = CARTESIAN_POINT('',(1.065,12.895));
#3673 = ( GEOMETRIC_REPRESENTATION_CONTEXT(2) 
PARAMETRIC_REPRESENTATION_CONTEXT() REPRESENTATION_CONTEXT('2D SPACE',''
  ) );
#3674 = PCURVE('',#3675,#3680);
#3675 = CYLINDRICAL_SURFACE('',#3676,0.325);
#3676 = AXIS2_PLACEMENT_3D('',#3677,#3678,#3679);
#3677 = CARTESIAN_POINT('',(116.61,-105.105,-1.E-02));
#3678 = DIRECTION('',(0.,0.,1.));
#3679 = DIRECTION('',(1.,0.,-0.));
#3680 = DEFINITIONAL_REPRESENTATION('',(#3681),#3685);
#3681 = LINE('',#3682,#3683);
#3682 = CARTESIAN_POINT('',(0.,1.E-02));
#3683 = VECTOR('',#3684,1.);
#3684 = DIRECTION('',(1.,0.));
#3685 = ( GEOMETRIC_REPRESENTATION_CONTEXT(2) 
PARAMETRIC_REPRESENTATION_CONTEXT() REPRESENTATION_CONTEXT('2D SPACE',''
  ) );
#3686 = FACE_BOUND('',#3687,.T.);
#3687 = EDGE_LOOP('',(#3688,#3718,#3746,#3774,#3802,#3830,#3858,#3886,
    #3914,#3942,#3970,#3998,#4026,#4054,#4082,#4110,#4138,#4166,#4194,
    #4222));
#3688 = ORIENTED_EDGE('',*,*,#3689,.F.);
#3689 = EDGE_CURVE('',#3690,#3692,#3694,.T.);
#3690 = VERTEX_POINT('',#3691);
#3691 = CARTESIAN_POINT('',(114.885108,-104.999875,0.));
#3692 = VERTEX_POINT('',#3693);
#3693 = CARTESIAN_POINT('',(114.924935,-104.89707,0.));
#3694 = SURFACE_CURVE('',#3695,(#3699,#3706),.PCURVE_S1.);
#3695 = LINE('',#3696,#3697);
#3696 = CARTESIAN_POINT('',(114.885108,-104.999875,0.));
#3697 = VECTOR('',#3698,1.);
#3698 = DIRECTION('',(0.361242697938,0.932471829701,0.));
#3699 = PCURVE('',#144,#3700);
#3700 = DEFINITIONAL_REPRESENTATION('',(#3701),#3705);
#3701 = LINE('',#3702,#3703);
#3702 = CARTESIAN_POINT('',(3.114892,13.000125));
#3703 = VECTOR('',#3704,1.);
#3704 = DIRECTION('',(-0.361242697938,0.932471829701));
#3705 = ( GEOMETRIC_REPRESENTATION_CONTEXT(2) 
PARAMETRIC_REPRESENTATION_CONTEXT() REPRESENTATION_CONTEXT('2D SPACE',''
  ) );
#3706 = PCURVE('',#3707,#3712);
#3707 = PLANE('',#3708);
#3708 = AXIS2_PLACEMENT_3D('',#3709,#3710,#3711);
#3709 = CARTESIAN_POINT('',(114.885108,-104.999875,0.));
#3710 = DIRECTION('',(-0.932471829701,0.361242697938,0.));
#3711 = DIRECTION('',(0.361242697938,0.932471829701,0.));
#3712 = DEFINITIONAL_REPRESENTATION('',(#3713),#3717);
#3713 = LINE('',#3714,#3715);
#3714 = CARTESIAN_POINT('',(0.,0.));
#3715 = VECTOR('',#3716,1.);
#3716 = DIRECTION('',(1.,0.));
#3717 = ( GEOMETRIC_REPRESENTATION_CONTEXT(2) 
PARAMETRIC_REPRESENTATION_CONTEXT() REPRESENTATION_CONTEXT('2D SPACE',''
  ) );
#3718 = ORIENTED_EDGE('',*,*,#3719,.F.);
#3719 = EDGE_CURVE('',#3720,#3690,#3722,.T.);
#3720 = VERTEX_POINT('',#3721);
#3721 = CARTESIAN_POINT('',(114.88,-105.055,0.));
#3722 = SURFACE_CURVE('',#3723,(#3727,#3734),.PCURVE_S1.);
#3723 = LINE('',#3724,#3725);
#3724 = CARTESIAN_POINT('',(114.88,-105.055,0.));
#3725 = VECTOR('',#3726,1.);
#3726 = DIRECTION('',(9.22668640424E-02,0.995734314865,0.));
#3727 = PCURVE('',#144,#3728);
#3728 = DEFINITIONAL_REPRESENTATION('',(#3729),#3733);
#3729 = LINE('',#3730,#3731);
#3730 = CARTESIAN_POINT('',(3.12,12.945));
#3731 = VECTOR('',#3732,1.);
#3732 = DIRECTION('',(-9.22668640424E-02,0.995734314865));
#3733 = ( GEOMETRIC_REPRESENTATION_CONTEXT(2) 
PARAMETRIC_REPRESENTATION_CONTEXT() REPRESENTATION_CONTEXT('2D SPACE',''
  ) );
#3734 = PCURVE('',#3735,#3740);
#3735 = PLANE('',#3736);
#3736 = AXIS2_PLACEMENT_3D('',#3737,#3738,#3739);
#3737 = CARTESIAN_POINT('',(114.88,-105.055,0.));
#3738 = DIRECTION('',(-0.995734314865,9.22668640424E-02,0.));
#3739 = DIRECTION('',(9.22668640424E-02,0.995734314865,0.));
#3740 = DEFINITIONAL_REPRESENTATION('',(#3741),#3745);
#3741 = LINE('',#3742,#3743);
#3742 = CARTESIAN_POINT('',(0.,0.));
#3743 = VECTOR('',#3744,1.);
#3744 = DIRECTION('',(1.,0.));
#3745 = ( GEOMETRIC_REPRESENTATION_CONTEXT(2) 
PARAMETRIC_REPRESENTATION_CONTEXT() REPRESENTATION_CONTEXT('2D SPACE',''
  ) );
#3746 = ORIENTED_EDGE('',*,*,#3747,.F.);
#3747 = EDGE_CURVE('',#3748,#3720,#3750,.T.);
#3748 = VERTEX_POINT('',#3749);
#3749 = CARTESIAN_POINT('',(114.88,-106.155,0.));
#3750 = SURFACE_CURVE('',#3751,(#3755,#3762),.PCURVE_S1.);
#3751 = LINE('',#3752,#3753);
#3752 = CARTESIAN_POINT('',(114.88,-106.155,0.));
#3753 = VECTOR('',#3754,1.);
#3754 = DIRECTION('',(0.,1.,0.));
#3755 = PCURVE('',#144,#3756);
#3756 = DEFINITIONAL_REPRESENTATION('',(#3757),#3761);
#3757 = LINE('',#3758,#3759);
#3758 = CARTESIAN_POINT('',(3.12,11.845));
#3759 = VECTOR('',#3760,1.);
#3760 = DIRECTION('',(0.,1.));
#3761 = ( GEOMETRIC_REPRESENTATION_CONTEXT(2) 
PARAMETRIC_REPRESENTATION_CONTEXT() REPRESENTATION_CONTEXT('2D SPACE',''
  ) );
#3762 = PCURVE('',#3763,#3768);
#3763 = PLANE('',#3764);
#3764 = AXIS2_PLACEMENT_3D('',#3765,#3766,#3767);
#3765 = CARTESIAN_POINT('',(114.88,-106.155,0.));
#3766 = DIRECTION('',(-1.,0.,0.));
#3767 = DIRECTION('',(0.,1.,0.));
#3768 = DEFINITIONAL_REPRESENTATION('',(#3769),#3773);
#3769 = LINE('',#3770,#3771);
#3770 = CARTESIAN_POINT('',(0.,0.));
#3771 = VECTOR('',#3772,1.);
#3772 = DIRECTION('',(1.,0.));
#3773 = ( GEOMETRIC_REPRESENTATION_CONTEXT(2) 
PARAMETRIC_REPRESENTATION_CONTEXT() REPRESENTATION_CONTEXT('2D SPACE',''
  ) );
#3774 = ORIENTED_EDGE('',*,*,#3775,.F.);
#3775 = EDGE_CURVE('',#3776,#3748,#3778,.T.);
#3776 = VERTEX_POINT('',#3777);
#3777 = CARTESIAN_POINT('',(114.900258,-106.263372,0.));
#3778 = SURFACE_CURVE('',#3779,(#3783,#3790),.PCURVE_S1.);
#3779 = LINE('',#3780,#3781);
#3780 = CARTESIAN_POINT('',(114.900258,-106.263372,0.));
#3781 = VECTOR('',#3782,1.);
#3782 = DIRECTION('',(-0.183747434241,0.982973489169,0.));
#3783 = PCURVE('',#144,#3784);
#3784 = DEFINITIONAL_REPRESENTATION('',(#3785),#3789);
#3785 = LINE('',#3786,#3787);
#3786 = CARTESIAN_POINT('',(3.099742,11.736628));
#3787 = VECTOR('',#3788,1.);
#3788 = DIRECTION('',(0.183747434241,0.982973489169));
#3789 = ( GEOMETRIC_REPRESENTATION_CONTEXT(2) 
PARAMETRIC_REPRESENTATION_CONTEXT() REPRESENTATION_CONTEXT('2D SPACE',''
  ) );
#3790 = PCURVE('',#3791,#3796);
#3791 = PLANE('',#3792);
#3792 = AXIS2_PLACEMENT_3D('',#3793,#3794,#3795);
#3793 = CARTESIAN_POINT('',(114.900258,-106.263372,0.));
#3794 = DIRECTION('',(-0.982973489169,-0.183747434241,0.));
#3795 = DIRECTION('',(-0.183747434241,0.982973489169,0.));
#3796 = DEFINITIONAL_REPRESENTATION('',(#3797),#3801);
#3797 = LINE('',#3798,#3799);
#3798 = CARTESIAN_POINT('',(0.,0.));
#3799 = VECTOR('',#3800,1.);
#3800 = DIRECTION('',(1.,0.));
#3801 = ( GEOMETRIC_REPRESENTATION_CONTEXT(2) 
PARAMETRIC_REPRESENTATION_CONTEXT() REPRESENTATION_CONTEXT('2D SPACE',''
  ) );
#3802 = ORIENTED_EDGE('',*,*,#3803,.F.);
#3803 = EDGE_CURVE('',#3804,#3776,#3806,.T.);
#3804 = VERTEX_POINT('',#3805);
#3805 = CARTESIAN_POINT('',(114.958297,-106.357109,0.));
#3806 = SURFACE_CURVE('',#3807,(#3811,#3818),.PCURVE_S1.);
#3807 = LINE('',#3808,#3809);
#3808 = CARTESIAN_POINT('',(114.958297,-106.357109,0.));
#3809 = VECTOR('',#3810,1.);
#3810 = DIRECTION('',(-0.526428929276,0.850219137882,0.));
#3811 = PCURVE('',#144,#3812);
#3812 = DEFINITIONAL_REPRESENTATION('',(#3813),#3817);
#3813 = LINE('',#3814,#3815);
#3814 = CARTESIAN_POINT('',(3.041703,11.642891));
#3815 = VECTOR('',#3816,1.);
#3816 = DIRECTION('',(0.526428929276,0.850219137882));
#3817 = ( GEOMETRIC_REPRESENTATION_CONTEXT(2) 
PARAMETRIC_REPRESENTATION_CONTEXT() REPRESENTATION_CONTEXT('2D SPACE',''
  ) );
#3818 = PCURVE('',#3819,#3824);
#3819 = PLANE('',#3820);
#3820 = AXIS2_PLACEMENT_3D('',#3821,#3822,#3823);
#3821 = CARTESIAN_POINT('',(114.958297,-106.357109,0.));
#3822 = DIRECTION('',(-0.850219137882,-0.526428929276,0.));
#3823 = DIRECTION('',(-0.526428929276,0.850219137882,0.));
#3824 = DEFINITIONAL_REPRESENTATION('',(#3825),#3829);
#3825 = LINE('',#3826,#3827);
#3826 = CARTESIAN_POINT('',(0.,0.));
#3827 = VECTOR('',#3828,1.);
#3828 = DIRECTION('',(1.,0.));
#3829 = ( GEOMETRIC_REPRESENTATION_CONTEXT(2) 
PARAMETRIC_REPRESENTATION_CONTEXT() REPRESENTATION_CONTEXT('2D SPACE',''
  ) );
#3830 = ORIENTED_EDGE('',*,*,#3831,.F.);
#3831 = EDGE_CURVE('',#3832,#3804,#3834,.T.);
#3832 = VERTEX_POINT('',#3833);
#3833 = CARTESIAN_POINT('',(115.046278,-106.423549,0.));
#3834 = SURFACE_CURVE('',#3835,(#3839,#3846),.PCURVE_S1.);
#3835 = LINE('',#3836,#3837);
#3836 = CARTESIAN_POINT('',(115.046278,-106.423549,0.));
#3837 = VECTOR('',#3838,1.);
#3838 = DIRECTION('',(-0.798017956254,0.60263367106,0.));
#3839 = PCURVE('',#144,#3840);
#3840 = DEFINITIONAL_REPRESENTATION('',(#3841),#3845);
#3841 = LINE('',#3842,#3843);
#3842 = CARTESIAN_POINT('',(2.953722,11.576451));
#3843 = VECTOR('',#3844,1.);
#3844 = DIRECTION('',(0.798017956254,0.60263367106));
#3845 = ( GEOMETRIC_REPRESENTATION_CONTEXT(2) 
PARAMETRIC_REPRESENTATION_CONTEXT() REPRESENTATION_CONTEXT('2D SPACE',''
  ) );
#3846 = PCURVE('',#3847,#3852);
#3847 = PLANE('',#3848);
#3848 = AXIS2_PLACEMENT_3D('',#3849,#3850,#3851);
#3849 = CARTESIAN_POINT('',(115.046278,-106.423549,0.));
#3850 = DIRECTION('',(-0.60263367106,-0.798017956254,0.));
#3851 = DIRECTION('',(-0.798017956254,0.60263367106,0.));
#3852 = DEFINITIONAL_REPRESENTATION('',(#3853),#3857);
#3853 = LINE('',#3854,#3855);
#3854 = CARTESIAN_POINT('',(0.,0.));
#3855 = VECTOR('',#3856,1.);
#3856 = DIRECTION('',(1.,0.));
#3857 = ( GEOMETRIC_REPRESENTATION_CONTEXT(2) 
PARAMETRIC_REPRESENTATION_CONTEXT() REPRESENTATION_CONTEXT('2D SPACE',''
  ) );
#3858 = ORIENTED_EDGE('',*,*,#3859,.F.);
#3859 = EDGE_CURVE('',#3860,#3832,#3862,.T.);
#3860 = VERTEX_POINT('',#3861);
#3861 = CARTESIAN_POINT('',(115.152319,-106.45372,0.));
#3862 = SURFACE_CURVE('',#3863,(#3867,#3874),.PCURVE_S1.);
#3863 = LINE('',#3864,#3865);
#3864 = CARTESIAN_POINT('',(115.152319,-106.45372,0.));
#3865 = VECTOR('',#3866,1.);
#3866 = DIRECTION('',(-0.961826277748,0.273660759762,0.));
#3867 = PCURVE('',#144,#3868);
#3868 = DEFINITIONAL_REPRESENTATION('',(#3869),#3873);
#3869 = LINE('',#3870,#3871);
#3870 = CARTESIAN_POINT('',(2.847681,11.54628));
#3871 = VECTOR('',#3872,1.);
#3872 = DIRECTION('',(0.961826277748,0.273660759762));
#3873 = ( GEOMETRIC_REPRESENTATION_CONTEXT(2) 
PARAMETRIC_REPRESENTATION_CONTEXT() REPRESENTATION_CONTEXT('2D SPACE',''
  ) );
#3874 = PCURVE('',#3875,#3880);
#3875 = PLANE('',#3876);
#3876 = AXIS2_PLACEMENT_3D('',#3877,#3878,#3879);
#3877 = CARTESIAN_POINT('',(115.152319,-106.45372,0.));
#3878 = DIRECTION('',(-0.273660759762,-0.961826277748,0.));
#3879 = DIRECTION('',(-0.961826277748,0.273660759762,0.));
#3880 = DEFINITIONAL_REPRESENTATION('',(#3881),#3885);
#3881 = LINE('',#3882,#3883);
#3882 = CARTESIAN_POINT('',(0.,0.));
#3883 = VECTOR('',#3884,1.);
#3884 = DIRECTION('',(1.,0.));
#3885 = ( GEOMETRIC_REPRESENTATION_CONTEXT(2) 
PARAMETRIC_REPRESENTATION_CONTEXT() REPRESENTATION_CONTEXT('2D SPACE',''
  ) );
#3886 = ORIENTED_EDGE('',*,*,#3887,.F.);
#3887 = EDGE_CURVE('',#3888,#3860,#3890,.T.);
#3888 = VERTEX_POINT('',#3889);
#3889 = CARTESIAN_POINT('',(115.262099,-106.443548,0.));
#3890 = SURFACE_CURVE('',#3891,(#3895,#3902),.PCURVE_S1.);
#3891 = LINE('',#3892,#3893);
#3892 = CARTESIAN_POINT('',(115.262099,-106.443548,0.));
#3893 = VECTOR('',#3894,1.);
#3894 = DIRECTION('',(-0.995734688848,-9.226282797371E-02,0.));
#3895 = PCURVE('',#144,#3896);
#3896 = DEFINITIONAL_REPRESENTATION('',(#3897),#3901);
#3897 = LINE('',#3898,#3899);
#3898 = CARTESIAN_POINT('',(2.737901,11.556452));
#3899 = VECTOR('',#3900,1.);
#3900 = DIRECTION('',(0.995734688848,-9.226282797371E-02));
#3901 = ( GEOMETRIC_REPRESENTATION_CONTEXT(2) 
PARAMETRIC_REPRESENTATION_CONTEXT() REPRESENTATION_CONTEXT('2D SPACE',''
  ) );
#3902 = PCURVE('',#3903,#3908);
#3903 = PLANE('',#3904);
#3904 = AXIS2_PLACEMENT_3D('',#3905,#3906,#3907);
#3905 = CARTESIAN_POINT('',(115.262099,-106.443548,0.));
#3906 = DIRECTION('',(9.226282797371E-02,-0.995734688848,0.));
#3907 = DIRECTION('',(-0.995734688848,-9.226282797371E-02,0.));
#3908 = DEFINITIONAL_REPRESENTATION('',(#3909),#3913);
#3909 = LINE('',#3910,#3911);
#3910 = CARTESIAN_POINT('',(0.,0.));
#3911 = VECTOR('',#3912,1.);
#3912 = DIRECTION('',(1.,0.));
#3913 = ( GEOMETRIC_REPRESENTATION_CONTEXT(2) 
PARAMETRIC_REPRESENTATION_CONTEXT() REPRESENTATION_CONTEXT('2D SPACE',''
  ) );
#3914 = ORIENTED_EDGE('',*,*,#3915,.F.);
#3915 = EDGE_CURVE('',#3916,#3888,#3918,.T.);
#3916 = VERTEX_POINT('',#3917);
#3917 = CARTESIAN_POINT('',(115.36079,-106.394405,0.));
#3918 = SURFACE_CURVE('',#3919,(#3923,#3930),.PCURVE_S1.);
#3919 = LINE('',#3920,#3921);
#3920 = CARTESIAN_POINT('',(115.36079,-106.394405,0.));
#3921 = VECTOR('',#3922,1.);
#3922 = DIRECTION('',(-0.895160681354,-0.445743597327,0.));
#3923 = PCURVE('',#144,#3924);
#3924 = DEFINITIONAL_REPRESENTATION('',(#3925),#3929);
#3925 = LINE('',#3926,#3927);
#3926 = CARTESIAN_POINT('',(2.63921,11.605595));
#3927 = VECTOR('',#3928,1.);
#3928 = DIRECTION('',(0.895160681354,-0.445743597327));
#3929 = ( GEOMETRIC_REPRESENTATION_CONTEXT(2) 
PARAMETRIC_REPRESENTATION_CONTEXT() REPRESENTATION_CONTEXT('2D SPACE',''
  ) );
#3930 = PCURVE('',#3931,#3936);
#3931 = PLANE('',#3932);
#3932 = AXIS2_PLACEMENT_3D('',#3933,#3934,#3935);
#3933 = CARTESIAN_POINT('',(115.36079,-106.394405,0.));
#3934 = DIRECTION('',(0.445743597327,-0.895160681354,0.));
#3935 = DIRECTION('',(-0.895160681354,-0.445743597327,0.));
#3936 = DEFINITIONAL_REPRESENTATION('',(#3937),#3941);
#3937 = LINE('',#3938,#3939);
#3938 = CARTESIAN_POINT('',(0.,0.));
#3939 = VECTOR('',#3940,1.);
#3940 = DIRECTION('',(1.,0.));
#3941 = ( GEOMETRIC_REPRESENTATION_CONTEXT(2) 
PARAMETRIC_REPRESENTATION_CONTEXT() REPRESENTATION_CONTEXT('2D SPACE',''
  ) );
#3942 = ORIENTED_EDGE('',*,*,#3943,.F.);
#3943 = EDGE_CURVE('',#3944,#3916,#3946,.T.);
#3944 = VERTEX_POINT('',#3945);
#3945 = CARTESIAN_POINT('',(115.435065,-106.31293,0.));
#3946 = SURFACE_CURVE('',#3947,(#3951,#3958),.PCURVE_S1.);
#3947 = LINE('',#3948,#3949);
#3948 = CARTESIAN_POINT('',(115.435065,-106.31293,0.));
#3949 = VECTOR('',#3950,1.);
#3950 = DIRECTION('',(-0.67369922817,-0.73900564948,0.));
#3951 = PCURVE('',#144,#3952);
#3952 = DEFINITIONAL_REPRESENTATION('',(#3953),#3957);
#3953 = LINE('',#3954,#3955);
#3954 = CARTESIAN_POINT('',(2.564935,11.68707));
#3955 = VECTOR('',#3956,1.);
#3956 = DIRECTION('',(0.67369922817,-0.73900564948));
#3957 = ( GEOMETRIC_REPRESENTATION_CONTEXT(2) 
PARAMETRIC_REPRESENTATION_CONTEXT() REPRESENTATION_CONTEXT('2D SPACE',''
  ) );
#3958 = PCURVE('',#3959,#3964);
#3959 = PLANE('',#3960);
#3960 = AXIS2_PLACEMENT_3D('',#3961,#3962,#3963);
#3961 = CARTESIAN_POINT('',(115.435065,-106.31293,0.));
#3962 = DIRECTION('',(0.73900564948,-0.67369922817,0.));
#3963 = DIRECTION('',(-0.67369922817,-0.73900564948,0.));
#3964 = DEFINITIONAL_REPRESENTATION('',(#3965),#3969);
#3965 = LINE('',#3966,#3967);
#3966 = CARTESIAN_POINT('',(0.,0.));
#3967 = VECTOR('',#3968,1.);
#3968 = DIRECTION('',(1.,0.));
#3969 = ( GEOMETRIC_REPRESENTATION_CONTEXT(2) 
PARAMETRIC_REPRESENTATION_CONTEXT() REPRESENTATION_CONTEXT('2D SPACE',''
  ) );
#3970 = ORIENTED_EDGE('',*,*,#3971,.F.);
#3971 = EDGE_CURVE('',#3972,#3944,#3974,.T.);
#3972 = VERTEX_POINT('',#3973);
#3973 = CARTESIAN_POINT('',(115.474892,-106.210125,0.));
#3974 = SURFACE_CURVE('',#3975,(#3979,#3986),.PCURVE_S1.);
#3975 = LINE('',#3976,#3977);
#3976 = CARTESIAN_POINT('',(115.474892,-106.210125,0.));
#3977 = VECTOR('',#3978,1.);
#3978 = DIRECTION('',(-0.361242697938,-0.932471829701,0.));
#3979 = PCURVE('',#144,#3980);
#3980 = DEFINITIONAL_REPRESENTATION('',(#3981),#3985);
#3981 = LINE('',#3982,#3983);
#3982 = CARTESIAN_POINT('',(2.525108,11.789875));
#3983 = VECTOR('',#3984,1.);
#3984 = DIRECTION('',(0.361242697938,-0.932471829701));
#3985 = ( GEOMETRIC_REPRESENTATION_CONTEXT(2) 
PARAMETRIC_REPRESENTATION_CONTEXT() REPRESENTATION_CONTEXT('2D SPACE',''
  ) );
#3986 = PCURVE('',#3987,#3992);
#3987 = PLANE('',#3988);
#3988 = AXIS2_PLACEMENT_3D('',#3989,#3990,#3991);
#3989 = CARTESIAN_POINT('',(115.474892,-106.210125,0.));
#3990 = DIRECTION('',(0.932471829701,-0.361242697938,0.));
#3991 = DIRECTION('',(-0.361242697938,-0.932471829701,0.));
#3992 = DEFINITIONAL_REPRESENTATION('',(#3993),#3997);
#3993 = LINE('',#3994,#3995);
#3994 = CARTESIAN_POINT('',(0.,0.));
#3995 = VECTOR('',#3996,1.);
#3996 = DIRECTION('',(1.,0.));
#3997 = ( GEOMETRIC_REPRESENTATION_CONTEXT(2) 
PARAMETRIC_REPRESENTATION_CONTEXT() REPRESENTATION_CONTEXT('2D SPACE',''
  ) );
#3998 = ORIENTED_EDGE('',*,*,#3999,.F.);
#3999 = EDGE_CURVE('',#4000,#3972,#4002,.T.);
#4000 = VERTEX_POINT('',#4001);
#4001 = CARTESIAN_POINT('',(115.48,-106.155,0.));
#4002 = SURFACE_CURVE('',#4003,(#4007,#4014),.PCURVE_S1.);
#4003 = LINE('',#4004,#4005);
#4004 = CARTESIAN_POINT('',(115.48,-106.155,0.));
#4005 = VECTOR('',#4006,1.);
#4006 = DIRECTION('',(-9.22668640424E-02,-0.995734314865,0.));
#4007 = PCURVE('',#144,#4008);
#4008 = DEFINITIONAL_REPRESENTATION('',(#4009),#4013);
#4009 = LINE('',#4010,#4011);
#4010 = CARTESIAN_POINT('',(2.52,11.845));
#4011 = VECTOR('',#4012,1.);
#4012 = DIRECTION('',(9.22668640424E-02,-0.995734314865));
#4013 = ( GEOMETRIC_REPRESENTATION_CONTEXT(2) 
PARAMETRIC_REPRESENTATION_CONTEXT() REPRESENTATION_CONTEXT('2D SPACE',''
  ) );
#4014 = PCURVE('',#4015,#4020);
#4015 = PLANE('',#4016);
#4016 = AXIS2_PLACEMENT_3D('',#4017,#4018,#4019);
#4017 = CARTESIAN_POINT('',(115.48,-106.155,0.));
#4018 = DIRECTION('',(0.995734314865,-9.22668640424E-02,0.));
#4019 = DIRECTION('',(-9.22668640424E-02,-0.995734314865,0.));
#4020 = DEFINITIONAL_REPRESENTATION('',(#4021),#4025);
#4021 = LINE('',#4022,#4023);
#4022 = CARTESIAN_POINT('',(0.,0.));
#4023 = VECTOR('',#4024,1.);
#4024 = DIRECTION('',(1.,0.));
#4025 = ( GEOMETRIC_REPRESENTATION_CONTEXT(2) 
PARAMETRIC_REPRESENTATION_CONTEXT() REPRESENTATION_CONTEXT('2D SPACE',''
  ) );
#4026 = ORIENTED_EDGE('',*,*,#4027,.F.);
#4027 = EDGE_CURVE('',#4028,#4000,#4030,.T.);
#4028 = VERTEX_POINT('',#4029);
#4029 = CARTESIAN_POINT('',(115.48,-105.055,0.));
#4030 = SURFACE_CURVE('',#4031,(#4035,#4042),.PCURVE_S1.);
#4031 = LINE('',#4032,#4033);
#4032 = CARTESIAN_POINT('',(115.48,-105.055,0.));
#4033 = VECTOR('',#4034,1.);
#4034 = DIRECTION('',(0.,-1.,0.));
#4035 = PCURVE('',#144,#4036);
#4036 = DEFINITIONAL_REPRESENTATION('',(#4037),#4041);
#4037 = LINE('',#4038,#4039);
#4038 = CARTESIAN_POINT('',(2.52,12.945));
#4039 = VECTOR('',#4040,1.);
#4040 = DIRECTION('',(0.,-1.));
#4041 = ( GEOMETRIC_REPRESENTATION_CONTEXT(2) 
PARAMETRIC_REPRESENTATION_CONTEXT() REPRESENTATION_CONTEXT('2D SPACE',''
  ) );
#4042 = PCURVE('',#4043,#4048);
#4043 = PLANE('',#4044);
#4044 = AXIS2_PLACEMENT_3D('',#4045,#4046,#4047);
#4045 = CARTESIAN_POINT('',(115.48,-105.055,0.));
#4046 = DIRECTION('',(1.,0.,-0.));
#4047 = DIRECTION('',(0.,-1.,0.));
#4048 = DEFINITIONAL_REPRESENTATION('',(#4049),#4053);
#4049 = LINE('',#4050,#4051);
#4050 = CARTESIAN_POINT('',(0.,0.));
#4051 = VECTOR('',#4052,1.);
#4052 = DIRECTION('',(1.,0.));
#4053 = ( GEOMETRIC_REPRESENTATION_CONTEXT(2) 
PARAMETRIC_REPRESENTATION_CONTEXT() REPRESENTATION_CONTEXT('2D SPACE',''
  ) );
#4054 = ORIENTED_EDGE('',*,*,#4055,.F.);
#4055 = EDGE_CURVE('',#4056,#4028,#4058,.T.);
#4056 = VERTEX_POINT('',#4057);
#4057 = CARTESIAN_POINT('',(115.459742,-104.946628,0.));
#4058 = SURFACE_CURVE('',#4059,(#4063,#4070),.PCURVE_S1.);
#4059 = LINE('',#4060,#4061);
#4060 = CARTESIAN_POINT('',(115.459742,-104.946628,0.));
#4061 = VECTOR('',#4062,1.);
#4062 = DIRECTION('',(0.183747434241,-0.982973489169,0.));
#4063 = PCURVE('',#144,#4064);
#4064 = DEFINITIONAL_REPRESENTATION('',(#4065),#4069);
#4065 = LINE('',#4066,#4067);
#4066 = CARTESIAN_POINT('',(2.540258,13.053372));
#4067 = VECTOR('',#4068,1.);
#4068 = DIRECTION('',(-0.183747434241,-0.982973489169));
#4069 = ( GEOMETRIC_REPRESENTATION_CONTEXT(2) 
PARAMETRIC_REPRESENTATION_CONTEXT() REPRESENTATION_CONTEXT('2D SPACE',''
  ) );
#4070 = PCURVE('',#4071,#4076);
#4071 = PLANE('',#4072);
#4072 = AXIS2_PLACEMENT_3D('',#4073,#4074,#4075);
#4073 = CARTESIAN_POINT('',(115.459742,-104.946628,0.));
#4074 = DIRECTION('',(0.982973489169,0.183747434241,-0.));
#4075 = DIRECTION('',(0.183747434241,-0.982973489169,0.));
#4076 = DEFINITIONAL_REPRESENTATION('',(#4077),#4081);
#4077 = LINE('',#4078,#4079);
#4078 = CARTESIAN_POINT('',(0.,0.));
#4079 = VECTOR('',#4080,1.);
#4080 = DIRECTION('',(1.,0.));
#4081 = ( GEOMETRIC_REPRESENTATION_CONTEXT(2) 
PARAMETRIC_REPRESENTATION_CONTEXT() REPRESENTATION_CONTEXT('2D SPACE',''
  ) );
#4082 = ORIENTED_EDGE('',*,*,#4083,.F.);
#4083 = EDGE_CURVE('',#4084,#4056,#4086,.T.);
#4084 = VERTEX_POINT('',#4085);
#4085 = CARTESIAN_POINT('',(115.401703,-104.852891,0.));
#4086 = SURFACE_CURVE('',#4087,(#4091,#4098),.PCURVE_S1.);
#4087 = LINE('',#4088,#4089);
#4088 = CARTESIAN_POINT('',(115.401703,-104.852891,0.));
#4089 = VECTOR('',#4090,1.);
#4090 = DIRECTION('',(0.526428929276,-0.850219137882,0.));
#4091 = PCURVE('',#144,#4092);
#4092 = DEFINITIONAL_REPRESENTATION('',(#4093),#4097);
#4093 = LINE('',#4094,#4095);
#4094 = CARTESIAN_POINT('',(2.598297,13.147109));
#4095 = VECTOR('',#4096,1.);
#4096 = DIRECTION('',(-0.526428929276,-0.850219137882));
#4097 = ( GEOMETRIC_REPRESENTATION_CONTEXT(2) 
PARAMETRIC_REPRESENTATION_CONTEXT() REPRESENTATION_CONTEXT('2D SPACE',''
  ) );
#4098 = PCURVE('',#4099,#4104);
#4099 = PLANE('',#4100);
#4100 = AXIS2_PLACEMENT_3D('',#4101,#4102,#4103);
#4101 = CARTESIAN_POINT('',(115.401703,-104.852891,0.));
#4102 = DIRECTION('',(0.850219137882,0.526428929276,-0.));
#4103 = DIRECTION('',(0.526428929276,-0.850219137882,0.));
#4104 = DEFINITIONAL_REPRESENTATION('',(#4105),#4109);
#4105 = LINE('',#4106,#4107);
#4106 = CARTESIAN_POINT('',(0.,0.));
#4107 = VECTOR('',#4108,1.);
#4108 = DIRECTION('',(1.,0.));
#4109 = ( GEOMETRIC_REPRESENTATION_CONTEXT(2) 
PARAMETRIC_REPRESENTATION_CONTEXT() REPRESENTATION_CONTEXT('2D SPACE',''
  ) );
#4110 = ORIENTED_EDGE('',*,*,#4111,.F.);
#4111 = EDGE_CURVE('',#4112,#4084,#4114,.T.);
#4112 = VERTEX_POINT('',#4113);
#4113 = CARTESIAN_POINT('',(115.313722,-104.786451,0.));
#4114 = SURFACE_CURVE('',#4115,(#4119,#4126),.PCURVE_S1.);
#4115 = LINE('',#4116,#4117);
#4116 = CARTESIAN_POINT('',(115.313722,-104.786451,0.));
#4117 = VECTOR('',#4118,1.);
#4118 = DIRECTION('',(0.798017956254,-0.60263367106,0.));
#4119 = PCURVE('',#144,#4120);
#4120 = DEFINITIONAL_REPRESENTATION('',(#4121),#4125);
#4121 = LINE('',#4122,#4123);
#4122 = CARTESIAN_POINT('',(2.686278,13.213549));
#4123 = VECTOR('',#4124,1.);
#4124 = DIRECTION('',(-0.798017956254,-0.60263367106));
#4125 = ( GEOMETRIC_REPRESENTATION_CONTEXT(2) 
PARAMETRIC_REPRESENTATION_CONTEXT() REPRESENTATION_CONTEXT('2D SPACE',''
  ) );
#4126 = PCURVE('',#4127,#4132);
#4127 = PLANE('',#4128);
#4128 = AXIS2_PLACEMENT_3D('',#4129,#4130,#4131);
#4129 = CARTESIAN_POINT('',(115.313722,-104.786451,0.));
#4130 = DIRECTION('',(0.60263367106,0.798017956254,-0.));
#4131 = DIRECTION('',(0.798017956254,-0.60263367106,0.));
#4132 = DEFINITIONAL_REPRESENTATION('',(#4133),#4137);
#4133 = LINE('',#4134,#4135);
#4134 = CARTESIAN_POINT('',(0.,0.));
#4135 = VECTOR('',#4136,1.);
#4136 = DIRECTION('',(1.,0.));
#4137 = ( GEOMETRIC_REPRESENTATION_CONTEXT(2) 
PARAMETRIC_REPRESENTATION_CONTEXT() REPRESENTATION_CONTEXT('2D SPACE',''
  ) );
#4138 = ORIENTED_EDGE('',*,*,#4139,.F.);
#4139 = EDGE_CURVE('',#4140,#4112,#4142,.T.);
#4140 = VERTEX_POINT('',#4141);
#4141 = CARTESIAN_POINT('',(115.207681,-104.75628,0.));
#4142 = SURFACE_CURVE('',#4143,(#4147,#4154),.PCURVE_S1.);
#4143 = LINE('',#4144,#4145);
#4144 = CARTESIAN_POINT('',(115.207681,-104.75628,0.));
#4145 = VECTOR('',#4146,1.);
#4146 = DIRECTION('',(0.961826277748,-0.273660759762,0.));
#4147 = PCURVE('',#144,#4148);
#4148 = DEFINITIONAL_REPRESENTATION('',(#4149),#4153);
#4149 = LINE('',#4150,#4151);
#4150 = CARTESIAN_POINT('',(2.792319,13.24372));
#4151 = VECTOR('',#4152,1.);
#4152 = DIRECTION('',(-0.961826277748,-0.273660759762));
#4153 = ( GEOMETRIC_REPRESENTATION_CONTEXT(2) 
PARAMETRIC_REPRESENTATION_CONTEXT() REPRESENTATION_CONTEXT('2D SPACE',''
  ) );
#4154 = PCURVE('',#4155,#4160);
#4155 = PLANE('',#4156);
#4156 = AXIS2_PLACEMENT_3D('',#4157,#4158,#4159);
#4157 = CARTESIAN_POINT('',(115.207681,-104.75628,0.));
#4158 = DIRECTION('',(0.273660759762,0.961826277748,-0.));
#4159 = DIRECTION('',(0.961826277748,-0.273660759762,0.));
#4160 = DEFINITIONAL_REPRESENTATION('',(#4161),#4165);
#4161 = LINE('',#4162,#4163);
#4162 = CARTESIAN_POINT('',(0.,0.));
#4163 = VECTOR('',#4164,1.);
#4164 = DIRECTION('',(1.,0.));
#4165 = ( GEOMETRIC_REPRESENTATION_CONTEXT(2) 
PARAMETRIC_REPRESENTATION_CONTEXT() REPRESENTATION_CONTEXT('2D SPACE',''
  ) );
#4166 = ORIENTED_EDGE('',*,*,#4167,.F.);
#4167 = EDGE_CURVE('',#4168,#4140,#4170,.T.);
#4168 = VERTEX_POINT('',#4169);
#4169 = CARTESIAN_POINT('',(115.097901,-104.766452,0.));
#4170 = SURFACE_CURVE('',#4171,(#4175,#4182),.PCURVE_S1.);
#4171 = LINE('',#4172,#4173);
#4172 = CARTESIAN_POINT('',(115.097901,-104.766452,0.));
#4173 = VECTOR('',#4174,1.);
#4174 = DIRECTION('',(0.995734688848,9.226282797371E-02,0.));
#4175 = PCURVE('',#144,#4176);
#4176 = DEFINITIONAL_REPRESENTATION('',(#4177),#4181);
#4177 = LINE('',#4178,#4179);
#4178 = CARTESIAN_POINT('',(2.902099,13.233548));
#4179 = VECTOR('',#4180,1.);
#4180 = DIRECTION('',(-0.995734688848,9.226282797371E-02));
#4181 = ( GEOMETRIC_REPRESENTATION_CONTEXT(2) 
PARAMETRIC_REPRESENTATION_CONTEXT() REPRESENTATION_CONTEXT('2D SPACE',''
  ) );
#4182 = PCURVE('',#4183,#4188);
#4183 = PLANE('',#4184);
#4184 = AXIS2_PLACEMENT_3D('',#4185,#4186,#4187);
#4185 = CARTESIAN_POINT('',(115.097901,-104.766452,0.));
#4186 = DIRECTION('',(-9.226282797371E-02,0.995734688848,0.));
#4187 = DIRECTION('',(0.995734688848,9.226282797371E-02,0.));
#4188 = DEFINITIONAL_REPRESENTATION('',(#4189),#4193);
#4189 = LINE('',#4190,#4191);
#4190 = CARTESIAN_POINT('',(0.,0.));
#4191 = VECTOR('',#4192,1.);
#4192 = DIRECTION('',(1.,0.));
#4193 = ( GEOMETRIC_REPRESENTATION_CONTEXT(2) 
PARAMETRIC_REPRESENTATION_CONTEXT() REPRESENTATION_CONTEXT('2D SPACE',''
  ) );
#4194 = ORIENTED_EDGE('',*,*,#4195,.F.);
#4195 = EDGE_CURVE('',#4196,#4168,#4198,.T.);
#4196 = VERTEX_POINT('',#4197);
#4197 = CARTESIAN_POINT('',(114.99921,-104.815595,0.));
#4198 = SURFACE_CURVE('',#4199,(#4203,#4210),.PCURVE_S1.);
#4199 = LINE('',#4200,#4201);
#4200 = CARTESIAN_POINT('',(114.99921,-104.815595,0.));
#4201 = VECTOR('',#4202,1.);
#4202 = DIRECTION('',(0.895160681354,0.445743597327,0.));
#4203 = PCURVE('',#144,#4204);
#4204 = DEFINITIONAL_REPRESENTATION('',(#4205),#4209);
#4205 = LINE('',#4206,#4207);
#4206 = CARTESIAN_POINT('',(3.00079,13.184405));
#4207 = VECTOR('',#4208,1.);
#4208 = DIRECTION('',(-0.895160681354,0.445743597327));
#4209 = ( GEOMETRIC_REPRESENTATION_CONTEXT(2) 
PARAMETRIC_REPRESENTATION_CONTEXT() REPRESENTATION_CONTEXT('2D SPACE',''
  ) );
#4210 = PCURVE('',#4211,#4216);
#4211 = PLANE('',#4212);
#4212 = AXIS2_PLACEMENT_3D('',#4213,#4214,#4215);
#4213 = CARTESIAN_POINT('',(114.99921,-104.815595,0.));
#4214 = DIRECTION('',(-0.445743597327,0.895160681354,0.));
#4215 = DIRECTION('',(0.895160681354,0.445743597327,0.));
#4216 = DEFINITIONAL_REPRESENTATION('',(#4217),#4221);
#4217 = LINE('',#4218,#4219);
#4218 = CARTESIAN_POINT('',(0.,0.));
#4219 = VECTOR('',#4220,1.);
#4220 = DIRECTION('',(1.,0.));
#4221 = ( GEOMETRIC_REPRESENTATION_CONTEXT(2) 
PARAMETRIC_REPRESENTATION_CONTEXT() REPRESENTATION_CONTEXT('2D SPACE',''
  ) );
#4222 = ORIENTED_EDGE('',*,*,#4223,.F.);
#4223 = EDGE_CURVE('',#3692,#4196,#4224,.T.);
#4224 = SURFACE_CURVE('',#4225,(#4229,#4236),.PCURVE_S1.);
#4225 = LINE('',#4226,#4227);
#4226 = CARTESIAN_POINT('',(114.924935,-104.89707,0.));
#4227 = VECTOR('',#4228,1.);
#4228 = DIRECTION('',(0.67369922817,0.73900564948,0.));
#4229 = PCURVE('',#144,#4230);
#4230 = DEFINITIONAL_REPRESENTATION('',(#4231),#4235);
#4231 = LINE('',#4232,#4233);
#4232 = CARTESIAN_POINT('',(3.075065,13.10293));
#4233 = VECTOR('',#4234,1.);
#4234 = DIRECTION('',(-0.67369922817,0.73900564948));
#4235 = ( GEOMETRIC_REPRESENTATION_CONTEXT(2) 
PARAMETRIC_REPRESENTATION_CONTEXT() REPRESENTATION_CONTEXT('2D SPACE',''
  ) );
#4236 = PCURVE('',#4237,#4242);
#4237 = PLANE('',#4238);
#4238 = AXIS2_PLACEMENT_3D('',#4239,#4240,#4241);
#4239 = CARTESIAN_POINT('',(114.924935,-104.89707,0.));
#4240 = DIRECTION('',(-0.73900564948,0.67369922817,0.));
#4241 = DIRECTION('',(0.67369922817,0.73900564948,0.));
#4242 = DEFINITIONAL_REPRESENTATION('',(#4243),#4247);
#4243 = LINE('',#4244,#4245);
#4244 = CARTESIAN_POINT('',(0.,0.));
#4245 = VECTOR('',#4246,1.);
#4246 = DIRECTION('',(1.,0.));
#4247 = ( GEOMETRIC_REPRESENTATION_CONTEXT(2) 
PARAMETRIC_REPRESENTATION_CONTEXT() REPRESENTATION_CONTEXT('2D SPACE',''
  ) );
#4248 = FACE_BOUND('',#4249,.T.);
#4249 = EDGE_LOOP('',(#4250,#4280,#4308,#4336,#4364,#4392,#4420,#4448,
    #4476,#4504,#4532,#4560,#4588,#4616,#4644,#4672,#4700,#4728,#4756,
    #4784));
#4250 = ORIENTED_EDGE('',*,*,#4251,.F.);
#4251 = EDGE_CURVE('',#4252,#4254,#4256,.T.);
#4252 = VERTEX_POINT('',#4253);
#4253 = CARTESIAN_POINT('',(114.885108,-100.969875,0.));
#4254 = VERTEX_POINT('',#4255);
#4255 = CARTESIAN_POINT('',(114.924935,-100.86707,0.));
#4256 = SURFACE_CURVE('',#4257,(#4261,#4268),.PCURVE_S1.);
#4257 = LINE('',#4258,#4259);
#4258 = CARTESIAN_POINT('',(114.885108,-100.969875,0.));
#4259 = VECTOR('',#4260,1.);
#4260 = DIRECTION('',(0.361242697938,0.932471829701,0.));
#4261 = PCURVE('',#144,#4262);
#4262 = DEFINITIONAL_REPRESENTATION('',(#4263),#4267);
#4263 = LINE('',#4264,#4265);
#4264 = CARTESIAN_POINT('',(3.114892,17.030125));
#4265 = VECTOR('',#4266,1.);
#4266 = DIRECTION('',(-0.361242697938,0.932471829701));
#4267 = ( GEOMETRIC_REPRESENTATION_CONTEXT(2) 
PARAMETRIC_REPRESENTATION_CONTEXT() REPRESENTATION_CONTEXT('2D SPACE',''
  ) );
#4268 = PCURVE('',#4269,#4274);
#4269 = PLANE('',#4270);
#4270 = AXIS2_PLACEMENT_3D('',#4271,#4272,#4273);
#4271 = CARTESIAN_POINT('',(114.885108,-100.969875,0.));
#4272 = DIRECTION('',(-0.932471829701,0.361242697938,0.));
#4273 = DIRECTION('',(0.361242697938,0.932471829701,0.));
#4274 = DEFINITIONAL_REPRESENTATION('',(#4275),#4279);
#4275 = LINE('',#4276,#4277);
#4276 = CARTESIAN_POINT('',(0.,0.));
#4277 = VECTOR('',#4278,1.);
#4278 = DIRECTION('',(1.,0.));
#4279 = ( GEOMETRIC_REPRESENTATION_CONTEXT(2) 
PARAMETRIC_REPRESENTATION_CONTEXT() REPRESENTATION_CONTEXT('2D SPACE',''
  ) );
#4280 = ORIENTED_EDGE('',*,*,#4281,.F.);
#4281 = EDGE_CURVE('',#4282,#4252,#4284,.T.);
#4282 = VERTEX_POINT('',#4283);
#4283 = CARTESIAN_POINT('',(114.88,-101.025,0.));
#4284 = SURFACE_CURVE('',#4285,(#4289,#4296),.PCURVE_S1.);
#4285 = LINE('',#4286,#4287);
#4286 = CARTESIAN_POINT('',(114.88,-101.025,0.));
#4287 = VECTOR('',#4288,1.);
#4288 = DIRECTION('',(9.22668640424E-02,0.995734314865,0.));
#4289 = PCURVE('',#144,#4290);
#4290 = DEFINITIONAL_REPRESENTATION('',(#4291),#4295);
#4291 = LINE('',#4292,#4293);
#4292 = CARTESIAN_POINT('',(3.12,16.975));
#4293 = VECTOR('',#4294,1.);
#4294 = DIRECTION('',(-9.22668640424E-02,0.995734314865));
#4295 = ( GEOMETRIC_REPRESENTATION_CONTEXT(2) 
PARAMETRIC_REPRESENTATION_CONTEXT() REPRESENTATION_CONTEXT('2D SPACE',''
  ) );
#4296 = PCURVE('',#4297,#4302);
#4297 = PLANE('',#4298);
#4298 = AXIS2_PLACEMENT_3D('',#4299,#4300,#4301);
#4299 = CARTESIAN_POINT('',(114.88,-101.025,0.));
#4300 = DIRECTION('',(-0.995734314865,9.22668640424E-02,0.));
#4301 = DIRECTION('',(9.22668640424E-02,0.995734314865,0.));
#4302 = DEFINITIONAL_REPRESENTATION('',(#4303),#4307);
#4303 = LINE('',#4304,#4305);
#4304 = CARTESIAN_POINT('',(0.,0.));
#4305 = VECTOR('',#4306,1.);
#4306 = DIRECTION('',(1.,0.));
#4307 = ( GEOMETRIC_REPRESENTATION_CONTEXT(2) 
PARAMETRIC_REPRESENTATION_CONTEXT() REPRESENTATION_CONTEXT('2D SPACE',''
  ) );
#4308 = ORIENTED_EDGE('',*,*,#4309,.F.);
#4309 = EDGE_CURVE('',#4310,#4282,#4312,.T.);
#4310 = VERTEX_POINT('',#4311);
#4311 = CARTESIAN_POINT('',(114.88,-101.825,0.));
#4312 = SURFACE_CURVE('',#4313,(#4317,#4324),.PCURVE_S1.);
#4313 = LINE('',#4314,#4315);
#4314 = CARTESIAN_POINT('',(114.88,-101.825,0.));
#4315 = VECTOR('',#4316,1.);
#4316 = DIRECTION('',(0.,1.,0.));
#4317 = PCURVE('',#144,#4318);
#4318 = DEFINITIONAL_REPRESENTATION('',(#4319),#4323);
#4319 = LINE('',#4320,#4321);
#4320 = CARTESIAN_POINT('',(3.12,16.175));
#4321 = VECTOR('',#4322,1.);
#4322 = DIRECTION('',(0.,1.));
#4323 = ( GEOMETRIC_REPRESENTATION_CONTEXT(2) 
PARAMETRIC_REPRESENTATION_CONTEXT() REPRESENTATION_CONTEXT('2D SPACE',''
  ) );
#4324 = PCURVE('',#4325,#4330);
#4325 = PLANE('',#4326);
#4326 = AXIS2_PLACEMENT_3D('',#4327,#4328,#4329);
#4327 = CARTESIAN_POINT('',(114.88,-101.825,0.));
#4328 = DIRECTION('',(-1.,0.,0.));
#4329 = DIRECTION('',(0.,1.,0.));
#4330 = DEFINITIONAL_REPRESENTATION('',(#4331),#4335);
#4331 = LINE('',#4332,#4333);
#4332 = CARTESIAN_POINT('',(0.,0.));
#4333 = VECTOR('',#4334,1.);
#4334 = DIRECTION('',(1.,0.));
#4335 = ( GEOMETRIC_REPRESENTATION_CONTEXT(2) 
PARAMETRIC_REPRESENTATION_CONTEXT() REPRESENTATION_CONTEXT('2D SPACE',''
  ) );
#4336 = ORIENTED_EDGE('',*,*,#4337,.F.);
#4337 = EDGE_CURVE('',#4338,#4310,#4340,.T.);
#4338 = VERTEX_POINT('',#4339);
#4339 = CARTESIAN_POINT('',(114.900258,-101.933372,0.));
#4340 = SURFACE_CURVE('',#4341,(#4345,#4352),.PCURVE_S1.);
#4341 = LINE('',#4342,#4343);
#4342 = CARTESIAN_POINT('',(114.900258,-101.933372,0.));
#4343 = VECTOR('',#4344,1.);
#4344 = DIRECTION('',(-0.183747434241,0.982973489169,0.));
#4345 = PCURVE('',#144,#4346);
#4346 = DEFINITIONAL_REPRESENTATION('',(#4347),#4351);
#4347 = LINE('',#4348,#4349);
#4348 = CARTESIAN_POINT('',(3.099742,16.066628));
#4349 = VECTOR('',#4350,1.);
#4350 = DIRECTION('',(0.183747434241,0.982973489169));
#4351 = ( GEOMETRIC_REPRESENTATION_CONTEXT(2) 
PARAMETRIC_REPRESENTATION_CONTEXT() REPRESENTATION_CONTEXT('2D SPACE',''
  ) );
#4352 = PCURVE('',#4353,#4358);
#4353 = PLANE('',#4354);
#4354 = AXIS2_PLACEMENT_3D('',#4355,#4356,#4357);
#4355 = CARTESIAN_POINT('',(114.900258,-101.933372,0.));
#4356 = DIRECTION('',(-0.982973489169,-0.183747434241,0.));
#4357 = DIRECTION('',(-0.183747434241,0.982973489169,0.));
#4358 = DEFINITIONAL_REPRESENTATION('',(#4359),#4363);
#4359 = LINE('',#4360,#4361);
#4360 = CARTESIAN_POINT('',(0.,0.));
#4361 = VECTOR('',#4362,1.);
#4362 = DIRECTION('',(1.,0.));
#4363 = ( GEOMETRIC_REPRESENTATION_CONTEXT(2) 
PARAMETRIC_REPRESENTATION_CONTEXT() REPRESENTATION_CONTEXT('2D SPACE',''
  ) );
#4364 = ORIENTED_EDGE('',*,*,#4365,.F.);
#4365 = EDGE_CURVE('',#4366,#4338,#4368,.T.);
#4366 = VERTEX_POINT('',#4367);
#4367 = CARTESIAN_POINT('',(114.958297,-102.027109,0.));
#4368 = SURFACE_CURVE('',#4369,(#4373,#4380),.PCURVE_S1.);
#4369 = LINE('',#4370,#4371);
#4370 = CARTESIAN_POINT('',(114.958297,-102.027109,0.));
#4371 = VECTOR('',#4372,1.);
#4372 = DIRECTION('',(-0.526428929276,0.850219137882,0.));
#4373 = PCURVE('',#144,#4374);
#4374 = DEFINITIONAL_REPRESENTATION('',(#4375),#4379);
#4375 = LINE('',#4376,#4377);
#4376 = CARTESIAN_POINT('',(3.041703,15.972891));
#4377 = VECTOR('',#4378,1.);
#4378 = DIRECTION('',(0.526428929276,0.850219137882));
#4379 = ( GEOMETRIC_REPRESENTATION_CONTEXT(2) 
PARAMETRIC_REPRESENTATION_CONTEXT() REPRESENTATION_CONTEXT('2D SPACE',''
  ) );
#4380 = PCURVE('',#4381,#4386);
#4381 = PLANE('',#4382);
#4382 = AXIS2_PLACEMENT_3D('',#4383,#4384,#4385);
#4383 = CARTESIAN_POINT('',(114.958297,-102.027109,0.));
#4384 = DIRECTION('',(-0.850219137882,-0.526428929276,0.));
#4385 = DIRECTION('',(-0.526428929276,0.850219137882,0.));
#4386 = DEFINITIONAL_REPRESENTATION('',(#4387),#4391);
#4387 = LINE('',#4388,#4389);
#4388 = CARTESIAN_POINT('',(0.,0.));
#4389 = VECTOR('',#4390,1.);
#4390 = DIRECTION('',(1.,0.));
#4391 = ( GEOMETRIC_REPRESENTATION_CONTEXT(2) 
PARAMETRIC_REPRESENTATION_CONTEXT() REPRESENTATION_CONTEXT('2D SPACE',''
  ) );
#4392 = ORIENTED_EDGE('',*,*,#4393,.F.);
#4393 = EDGE_CURVE('',#4394,#4366,#4396,.T.);
#4394 = VERTEX_POINT('',#4395);
#4395 = CARTESIAN_POINT('',(115.046278,-102.093549,0.));
#4396 = SURFACE_CURVE('',#4397,(#4401,#4408),.PCURVE_S1.);
#4397 = LINE('',#4398,#4399);
#4398 = CARTESIAN_POINT('',(115.046278,-102.093549,0.));
#4399 = VECTOR('',#4400,1.);
#4400 = DIRECTION('',(-0.798017956254,0.60263367106,0.));
#4401 = PCURVE('',#144,#4402);
#4402 = DEFINITIONAL_REPRESENTATION('',(#4403),#4407);
#4403 = LINE('',#4404,#4405);
#4404 = CARTESIAN_POINT('',(2.953722,15.906451));
#4405 = VECTOR('',#4406,1.);
#4406 = DIRECTION('',(0.798017956254,0.60263367106));
#4407 = ( GEOMETRIC_REPRESENTATION_CONTEXT(2) 
PARAMETRIC_REPRESENTATION_CONTEXT() REPRESENTATION_CONTEXT('2D SPACE',''
  ) );
#4408 = PCURVE('',#4409,#4414);
#4409 = PLANE('',#4410);
#4410 = AXIS2_PLACEMENT_3D('',#4411,#4412,#4413);
#4411 = CARTESIAN_POINT('',(115.046278,-102.093549,0.));
#4412 = DIRECTION('',(-0.60263367106,-0.798017956254,0.));
#4413 = DIRECTION('',(-0.798017956254,0.60263367106,0.));
#4414 = DEFINITIONAL_REPRESENTATION('',(#4415),#4419);
#4415 = LINE('',#4416,#4417);
#4416 = CARTESIAN_POINT('',(0.,0.));
#4417 = VECTOR('',#4418,1.);
#4418 = DIRECTION('',(1.,0.));
#4419 = ( GEOMETRIC_REPRESENTATION_CONTEXT(2) 
PARAMETRIC_REPRESENTATION_CONTEXT() REPRESENTATION_CONTEXT('2D SPACE',''
  ) );
#4420 = ORIENTED_EDGE('',*,*,#4421,.F.);
#4421 = EDGE_CURVE('',#4422,#4394,#4424,.T.);
#4422 = VERTEX_POINT('',#4423);
#4423 = CARTESIAN_POINT('',(115.152319,-102.12372,0.));
#4424 = SURFACE_CURVE('',#4425,(#4429,#4436),.PCURVE_S1.);
#4425 = LINE('',#4426,#4427);
#4426 = CARTESIAN_POINT('',(115.152319,-102.12372,0.));
#4427 = VECTOR('',#4428,1.);
#4428 = DIRECTION('',(-0.961826277748,0.273660759762,0.));
#4429 = PCURVE('',#144,#4430);
#4430 = DEFINITIONAL_REPRESENTATION('',(#4431),#4435);
#4431 = LINE('',#4432,#4433);
#4432 = CARTESIAN_POINT('',(2.847681,15.87628));
#4433 = VECTOR('',#4434,1.);
#4434 = DIRECTION('',(0.961826277748,0.273660759762));
#4435 = ( GEOMETRIC_REPRESENTATION_CONTEXT(2) 
PARAMETRIC_REPRESENTATION_CONTEXT() REPRESENTATION_CONTEXT('2D SPACE',''
  ) );
#4436 = PCURVE('',#4437,#4442);
#4437 = PLANE('',#4438);
#4438 = AXIS2_PLACEMENT_3D('',#4439,#4440,#4441);
#4439 = CARTESIAN_POINT('',(115.152319,-102.12372,0.));
#4440 = DIRECTION('',(-0.273660759762,-0.961826277748,0.));
#4441 = DIRECTION('',(-0.961826277748,0.273660759762,0.));
#4442 = DEFINITIONAL_REPRESENTATION('',(#4443),#4447);
#4443 = LINE('',#4444,#4445);
#4444 = CARTESIAN_POINT('',(0.,0.));
#4445 = VECTOR('',#4446,1.);
#4446 = DIRECTION('',(1.,0.));
#4447 = ( GEOMETRIC_REPRESENTATION_CONTEXT(2) 
PARAMETRIC_REPRESENTATION_CONTEXT() REPRESENTATION_CONTEXT('2D SPACE',''
  ) );
#4448 = ORIENTED_EDGE('',*,*,#4449,.F.);
#4449 = EDGE_CURVE('',#4450,#4422,#4452,.T.);
#4450 = VERTEX_POINT('',#4451);
#4451 = CARTESIAN_POINT('',(115.262099,-102.113548,0.));
#4452 = SURFACE_CURVE('',#4453,(#4457,#4464),.PCURVE_S1.);
#4453 = LINE('',#4454,#4455);
#4454 = CARTESIAN_POINT('',(115.262099,-102.113548,0.));
#4455 = VECTOR('',#4456,1.);
#4456 = DIRECTION('',(-0.995734688848,-9.226282797384E-02,0.));
#4457 = PCURVE('',#144,#4458);
#4458 = DEFINITIONAL_REPRESENTATION('',(#4459),#4463);
#4459 = LINE('',#4460,#4461);
#4460 = CARTESIAN_POINT('',(2.737901,15.886452));
#4461 = VECTOR('',#4462,1.);
#4462 = DIRECTION('',(0.995734688848,-9.226282797384E-02));
#4463 = ( GEOMETRIC_REPRESENTATION_CONTEXT(2) 
PARAMETRIC_REPRESENTATION_CONTEXT() REPRESENTATION_CONTEXT('2D SPACE',''
  ) );
#4464 = PCURVE('',#4465,#4470);
#4465 = PLANE('',#4466);
#4466 = AXIS2_PLACEMENT_3D('',#4467,#4468,#4469);
#4467 = CARTESIAN_POINT('',(115.262099,-102.113548,0.));
#4468 = DIRECTION('',(9.226282797384E-02,-0.995734688848,0.));
#4469 = DIRECTION('',(-0.995734688848,-9.226282797384E-02,0.));
#4470 = DEFINITIONAL_REPRESENTATION('',(#4471),#4475);
#4471 = LINE('',#4472,#4473);
#4472 = CARTESIAN_POINT('',(0.,0.));
#4473 = VECTOR('',#4474,1.);
#4474 = DIRECTION('',(1.,0.));
#4475 = ( GEOMETRIC_REPRESENTATION_CONTEXT(2) 
PARAMETRIC_REPRESENTATION_CONTEXT() REPRESENTATION_CONTEXT('2D SPACE',''
  ) );
#4476 = ORIENTED_EDGE('',*,*,#4477,.F.);
#4477 = EDGE_CURVE('',#4478,#4450,#4480,.T.);
#4478 = VERTEX_POINT('',#4479);
#4479 = CARTESIAN_POINT('',(115.36079,-102.064405,0.));
#4480 = SURFACE_CURVE('',#4481,(#4485,#4492),.PCURVE_S1.);
#4481 = LINE('',#4482,#4483);
#4482 = CARTESIAN_POINT('',(115.36079,-102.064405,0.));
#4483 = VECTOR('',#4484,1.);
#4484 = DIRECTION('',(-0.895160681354,-0.445743597327,0.));
#4485 = PCURVE('',#144,#4486);
#4486 = DEFINITIONAL_REPRESENTATION('',(#4487),#4491);
#4487 = LINE('',#4488,#4489);
#4488 = CARTESIAN_POINT('',(2.63921,15.935595));
#4489 = VECTOR('',#4490,1.);
#4490 = DIRECTION('',(0.895160681354,-0.445743597327));
#4491 = ( GEOMETRIC_REPRESENTATION_CONTEXT(2) 
PARAMETRIC_REPRESENTATION_CONTEXT() REPRESENTATION_CONTEXT('2D SPACE',''
  ) );
#4492 = PCURVE('',#4493,#4498);
#4493 = PLANE('',#4494);
#4494 = AXIS2_PLACEMENT_3D('',#4495,#4496,#4497);
#4495 = CARTESIAN_POINT('',(115.36079,-102.064405,0.));
#4496 = DIRECTION('',(0.445743597327,-0.895160681354,0.));
#4497 = DIRECTION('',(-0.895160681354,-0.445743597327,0.));
#4498 = DEFINITIONAL_REPRESENTATION('',(#4499),#4503);
#4499 = LINE('',#4500,#4501);
#4500 = CARTESIAN_POINT('',(0.,0.));
#4501 = VECTOR('',#4502,1.);
#4502 = DIRECTION('',(1.,0.));
#4503 = ( GEOMETRIC_REPRESENTATION_CONTEXT(2) 
PARAMETRIC_REPRESENTATION_CONTEXT() REPRESENTATION_CONTEXT('2D SPACE',''
  ) );
#4504 = ORIENTED_EDGE('',*,*,#4505,.F.);
#4505 = EDGE_CURVE('',#4506,#4478,#4508,.T.);
#4506 = VERTEX_POINT('',#4507);
#4507 = CARTESIAN_POINT('',(115.435065,-101.98293,0.));
#4508 = SURFACE_CURVE('',#4509,(#4513,#4520),.PCURVE_S1.);
#4509 = LINE('',#4510,#4511);
#4510 = CARTESIAN_POINT('',(115.435065,-101.98293,0.));
#4511 = VECTOR('',#4512,1.);
#4512 = DIRECTION('',(-0.67369922817,-0.73900564948,0.));
#4513 = PCURVE('',#144,#4514);
#4514 = DEFINITIONAL_REPRESENTATION('',(#4515),#4519);
#4515 = LINE('',#4516,#4517);
#4516 = CARTESIAN_POINT('',(2.564935,16.01707));
#4517 = VECTOR('',#4518,1.);
#4518 = DIRECTION('',(0.67369922817,-0.73900564948));
#4519 = ( GEOMETRIC_REPRESENTATION_CONTEXT(2) 
PARAMETRIC_REPRESENTATION_CONTEXT() REPRESENTATION_CONTEXT('2D SPACE',''
  ) );
#4520 = PCURVE('',#4521,#4526);
#4521 = PLANE('',#4522);
#4522 = AXIS2_PLACEMENT_3D('',#4523,#4524,#4525);
#4523 = CARTESIAN_POINT('',(115.435065,-101.98293,0.));
#4524 = DIRECTION('',(0.73900564948,-0.67369922817,0.));
#4525 = DIRECTION('',(-0.67369922817,-0.73900564948,0.));
#4526 = DEFINITIONAL_REPRESENTATION('',(#4527),#4531);
#4527 = LINE('',#4528,#4529);
#4528 = CARTESIAN_POINT('',(0.,0.));
#4529 = VECTOR('',#4530,1.);
#4530 = DIRECTION('',(1.,0.));
#4531 = ( GEOMETRIC_REPRESENTATION_CONTEXT(2) 
PARAMETRIC_REPRESENTATION_CONTEXT() REPRESENTATION_CONTEXT('2D SPACE',''
  ) );
#4532 = ORIENTED_EDGE('',*,*,#4533,.F.);
#4533 = EDGE_CURVE('',#4534,#4506,#4536,.T.);
#4534 = VERTEX_POINT('',#4535);
#4535 = CARTESIAN_POINT('',(115.474892,-101.880125,0.));
#4536 = SURFACE_CURVE('',#4537,(#4541,#4548),.PCURVE_S1.);
#4537 = LINE('',#4538,#4539);
#4538 = CARTESIAN_POINT('',(115.474892,-101.880125,0.));
#4539 = VECTOR('',#4540,1.);
#4540 = DIRECTION('',(-0.361242697938,-0.932471829701,0.));
#4541 = PCURVE('',#144,#4542);
#4542 = DEFINITIONAL_REPRESENTATION('',(#4543),#4547);
#4543 = LINE('',#4544,#4545);
#4544 = CARTESIAN_POINT('',(2.525108,16.119875));
#4545 = VECTOR('',#4546,1.);
#4546 = DIRECTION('',(0.361242697938,-0.932471829701));
#4547 = ( GEOMETRIC_REPRESENTATION_CONTEXT(2) 
PARAMETRIC_REPRESENTATION_CONTEXT() REPRESENTATION_CONTEXT('2D SPACE',''
  ) );
#4548 = PCURVE('',#4549,#4554);
#4549 = PLANE('',#4550);
#4550 = AXIS2_PLACEMENT_3D('',#4551,#4552,#4553);
#4551 = CARTESIAN_POINT('',(115.474892,-101.880125,0.));
#4552 = DIRECTION('',(0.932471829701,-0.361242697938,0.));
#4553 = DIRECTION('',(-0.361242697938,-0.932471829701,0.));
#4554 = DEFINITIONAL_REPRESENTATION('',(#4555),#4559);
#4555 = LINE('',#4556,#4557);
#4556 = CARTESIAN_POINT('',(0.,0.));
#4557 = VECTOR('',#4558,1.);
#4558 = DIRECTION('',(1.,0.));
#4559 = ( GEOMETRIC_REPRESENTATION_CONTEXT(2) 
PARAMETRIC_REPRESENTATION_CONTEXT() REPRESENTATION_CONTEXT('2D SPACE',''
  ) );
#4560 = ORIENTED_EDGE('',*,*,#4561,.F.);
#4561 = EDGE_CURVE('',#4562,#4534,#4564,.T.);
#4562 = VERTEX_POINT('',#4563);
#4563 = CARTESIAN_POINT('',(115.48,-101.825,0.));
#4564 = SURFACE_CURVE('',#4565,(#4569,#4576),.PCURVE_S1.);
#4565 = LINE('',#4566,#4567);
#4566 = CARTESIAN_POINT('',(115.48,-101.825,0.));
#4567 = VECTOR('',#4568,1.);
#4568 = DIRECTION('',(-9.22668640424E-02,-0.995734314865,0.));
#4569 = PCURVE('',#144,#4570);
#4570 = DEFINITIONAL_REPRESENTATION('',(#4571),#4575);
#4571 = LINE('',#4572,#4573);
#4572 = CARTESIAN_POINT('',(2.52,16.175));
#4573 = VECTOR('',#4574,1.);
#4574 = DIRECTION('',(9.22668640424E-02,-0.995734314865));
#4575 = ( GEOMETRIC_REPRESENTATION_CONTEXT(2) 
PARAMETRIC_REPRESENTATION_CONTEXT() REPRESENTATION_CONTEXT('2D SPACE',''
  ) );
#4576 = PCURVE('',#4577,#4582);
#4577 = PLANE('',#4578);
#4578 = AXIS2_PLACEMENT_3D('',#4579,#4580,#4581);
#4579 = CARTESIAN_POINT('',(115.48,-101.825,0.));
#4580 = DIRECTION('',(0.995734314865,-9.22668640424E-02,0.));
#4581 = DIRECTION('',(-9.22668640424E-02,-0.995734314865,0.));
#4582 = DEFINITIONAL_REPRESENTATION('',(#4583),#4587);
#4583 = LINE('',#4584,#4585);
#4584 = CARTESIAN_POINT('',(0.,0.));
#4585 = VECTOR('',#4586,1.);
#4586 = DIRECTION('',(1.,0.));
#4587 = ( GEOMETRIC_REPRESENTATION_CONTEXT(2) 
PARAMETRIC_REPRESENTATION_CONTEXT() REPRESENTATION_CONTEXT('2D SPACE',''
  ) );
#4588 = ORIENTED_EDGE('',*,*,#4589,.F.);
#4589 = EDGE_CURVE('',#4590,#4562,#4592,.T.);
#4590 = VERTEX_POINT('',#4591);
#4591 = CARTESIAN_POINT('',(115.48,-101.025,0.));
#4592 = SURFACE_CURVE('',#4593,(#4597,#4604),.PCURVE_S1.);
#4593 = LINE('',#4594,#4595);
#4594 = CARTESIAN_POINT('',(115.48,-101.025,0.));
#4595 = VECTOR('',#4596,1.);
#4596 = DIRECTION('',(0.,-1.,0.));
#4597 = PCURVE('',#144,#4598);
#4598 = DEFINITIONAL_REPRESENTATION('',(#4599),#4603);
#4599 = LINE('',#4600,#4601);
#4600 = CARTESIAN_POINT('',(2.52,16.975));
#4601 = VECTOR('',#4602,1.);
#4602 = DIRECTION('',(0.,-1.));
#4603 = ( GEOMETRIC_REPRESENTATION_CONTEXT(2) 
PARAMETRIC_REPRESENTATION_CONTEXT() REPRESENTATION_CONTEXT('2D SPACE',''
  ) );
#4604 = PCURVE('',#4605,#4610);
#4605 = PLANE('',#4606);
#4606 = AXIS2_PLACEMENT_3D('',#4607,#4608,#4609);
#4607 = CARTESIAN_POINT('',(115.48,-101.025,0.));
#4608 = DIRECTION('',(1.,0.,-0.));
#4609 = DIRECTION('',(0.,-1.,0.));
#4610 = DEFINITIONAL_REPRESENTATION('',(#4611),#4615);
#4611 = LINE('',#4612,#4613);
#4612 = CARTESIAN_POINT('',(0.,0.));
#4613 = VECTOR('',#4614,1.);
#4614 = DIRECTION('',(1.,0.));
#4615 = ( GEOMETRIC_REPRESENTATION_CONTEXT(2) 
PARAMETRIC_REPRESENTATION_CONTEXT() REPRESENTATION_CONTEXT('2D SPACE',''
  ) );
#4616 = ORIENTED_EDGE('',*,*,#4617,.F.);
#4617 = EDGE_CURVE('',#4618,#4590,#4620,.T.);
#4618 = VERTEX_POINT('',#4619);
#4619 = CARTESIAN_POINT('',(115.459742,-100.916628,0.));
#4620 = SURFACE_CURVE('',#4621,(#4625,#4632),.PCURVE_S1.);
#4621 = LINE('',#4622,#4623);
#4622 = CARTESIAN_POINT('',(115.459742,-100.916628,0.));
#4623 = VECTOR('',#4624,1.);
#4624 = DIRECTION('',(0.183747434241,-0.982973489169,0.));
#4625 = PCURVE('',#144,#4626);
#4626 = DEFINITIONAL_REPRESENTATION('',(#4627),#4631);
#4627 = LINE('',#4628,#4629);
#4628 = CARTESIAN_POINT('',(2.540258,17.083372));
#4629 = VECTOR('',#4630,1.);
#4630 = DIRECTION('',(-0.183747434241,-0.982973489169));
#4631 = ( GEOMETRIC_REPRESENTATION_CONTEXT(2) 
PARAMETRIC_REPRESENTATION_CONTEXT() REPRESENTATION_CONTEXT('2D SPACE',''
  ) );
#4632 = PCURVE('',#4633,#4638);
#4633 = PLANE('',#4634);
#4634 = AXIS2_PLACEMENT_3D('',#4635,#4636,#4637);
#4635 = CARTESIAN_POINT('',(115.459742,-100.916628,0.));
#4636 = DIRECTION('',(0.982973489169,0.183747434241,-0.));
#4637 = DIRECTION('',(0.183747434241,-0.982973489169,0.));
#4638 = DEFINITIONAL_REPRESENTATION('',(#4639),#4643);
#4639 = LINE('',#4640,#4641);
#4640 = CARTESIAN_POINT('',(0.,0.));
#4641 = VECTOR('',#4642,1.);
#4642 = DIRECTION('',(1.,0.));
#4643 = ( GEOMETRIC_REPRESENTATION_CONTEXT(2) 
PARAMETRIC_REPRESENTATION_CONTEXT() REPRESENTATION_CONTEXT('2D SPACE',''
  ) );
#4644 = ORIENTED_EDGE('',*,*,#4645,.F.);
#4645 = EDGE_CURVE('',#4646,#4618,#4648,.T.);
#4646 = VERTEX_POINT('',#4647);
#4647 = CARTESIAN_POINT('',(115.401703,-100.822891,0.));
#4648 = SURFACE_CURVE('',#4649,(#4653,#4660),.PCURVE_S1.);
#4649 = LINE('',#4650,#4651);
#4650 = CARTESIAN_POINT('',(115.401703,-100.822891,0.));
#4651 = VECTOR('',#4652,1.);
#4652 = DIRECTION('',(0.526428929276,-0.850219137882,0.));
#4653 = PCURVE('',#144,#4654);
#4654 = DEFINITIONAL_REPRESENTATION('',(#4655),#4659);
#4655 = LINE('',#4656,#4657);
#4656 = CARTESIAN_POINT('',(2.598297,17.177109));
#4657 = VECTOR('',#4658,1.);
#4658 = DIRECTION('',(-0.526428929276,-0.850219137882));
#4659 = ( GEOMETRIC_REPRESENTATION_CONTEXT(2) 
PARAMETRIC_REPRESENTATION_CONTEXT() REPRESENTATION_CONTEXT('2D SPACE',''
  ) );
#4660 = PCURVE('',#4661,#4666);
#4661 = PLANE('',#4662);
#4662 = AXIS2_PLACEMENT_3D('',#4663,#4664,#4665);
#4663 = CARTESIAN_POINT('',(115.401703,-100.822891,0.));
#4664 = DIRECTION('',(0.850219137882,0.526428929276,-0.));
#4665 = DIRECTION('',(0.526428929276,-0.850219137882,0.));
#4666 = DEFINITIONAL_REPRESENTATION('',(#4667),#4671);
#4667 = LINE('',#4668,#4669);
#4668 = CARTESIAN_POINT('',(0.,0.));
#4669 = VECTOR('',#4670,1.);
#4670 = DIRECTION('',(1.,0.));
#4671 = ( GEOMETRIC_REPRESENTATION_CONTEXT(2) 
PARAMETRIC_REPRESENTATION_CONTEXT() REPRESENTATION_CONTEXT('2D SPACE',''
  ) );
#4672 = ORIENTED_EDGE('',*,*,#4673,.F.);
#4673 = EDGE_CURVE('',#4674,#4646,#4676,.T.);
#4674 = VERTEX_POINT('',#4675);
#4675 = CARTESIAN_POINT('',(115.313722,-100.756451,0.));
#4676 = SURFACE_CURVE('',#4677,(#4681,#4688),.PCURVE_S1.);
#4677 = LINE('',#4678,#4679);
#4678 = CARTESIAN_POINT('',(115.313722,-100.756451,0.));
#4679 = VECTOR('',#4680,1.);
#4680 = DIRECTION('',(0.798017956254,-0.60263367106,0.));
#4681 = PCURVE('',#144,#4682);
#4682 = DEFINITIONAL_REPRESENTATION('',(#4683),#4687);
#4683 = LINE('',#4684,#4685);
#4684 = CARTESIAN_POINT('',(2.686278,17.243549));
#4685 = VECTOR('',#4686,1.);
#4686 = DIRECTION('',(-0.798017956254,-0.60263367106));
#4687 = ( GEOMETRIC_REPRESENTATION_CONTEXT(2) 
PARAMETRIC_REPRESENTATION_CONTEXT() REPRESENTATION_CONTEXT('2D SPACE',''
  ) );
#4688 = PCURVE('',#4689,#4694);
#4689 = PLANE('',#4690);
#4690 = AXIS2_PLACEMENT_3D('',#4691,#4692,#4693);
#4691 = CARTESIAN_POINT('',(115.313722,-100.756451,0.));
#4692 = DIRECTION('',(0.60263367106,0.798017956254,-0.));
#4693 = DIRECTION('',(0.798017956254,-0.60263367106,0.));
#4694 = DEFINITIONAL_REPRESENTATION('',(#4695),#4699);
#4695 = LINE('',#4696,#4697);
#4696 = CARTESIAN_POINT('',(0.,0.));
#4697 = VECTOR('',#4698,1.);
#4698 = DIRECTION('',(1.,0.));
#4699 = ( GEOMETRIC_REPRESENTATION_CONTEXT(2) 
PARAMETRIC_REPRESENTATION_CONTEXT() REPRESENTATION_CONTEXT('2D SPACE',''
  ) );
#4700 = ORIENTED_EDGE('',*,*,#4701,.F.);
#4701 = EDGE_CURVE('',#4702,#4674,#4704,.T.);
#4702 = VERTEX_POINT('',#4703);
#4703 = CARTESIAN_POINT('',(115.207681,-100.72628,0.));
#4704 = SURFACE_CURVE('',#4705,(#4709,#4716),.PCURVE_S1.);
#4705 = LINE('',#4706,#4707);
#4706 = CARTESIAN_POINT('',(115.207681,-100.72628,0.));
#4707 = VECTOR('',#4708,1.);
#4708 = DIRECTION('',(0.961826277748,-0.273660759762,0.));
#4709 = PCURVE('',#144,#4710);
#4710 = DEFINITIONAL_REPRESENTATION('',(#4711),#4715);
#4711 = LINE('',#4712,#4713);
#4712 = CARTESIAN_POINT('',(2.792319,17.27372));
#4713 = VECTOR('',#4714,1.);
#4714 = DIRECTION('',(-0.961826277748,-0.273660759762));
#4715 = ( GEOMETRIC_REPRESENTATION_CONTEXT(2) 
PARAMETRIC_REPRESENTATION_CONTEXT() REPRESENTATION_CONTEXT('2D SPACE',''
  ) );
#4716 = PCURVE('',#4717,#4722);
#4717 = PLANE('',#4718);
#4718 = AXIS2_PLACEMENT_3D('',#4719,#4720,#4721);
#4719 = CARTESIAN_POINT('',(115.207681,-100.72628,0.));
#4720 = DIRECTION('',(0.273660759762,0.961826277748,-0.));
#4721 = DIRECTION('',(0.961826277748,-0.273660759762,0.));
#4722 = DEFINITIONAL_REPRESENTATION('',(#4723),#4727);
#4723 = LINE('',#4724,#4725);
#4724 = CARTESIAN_POINT('',(0.,0.));
#4725 = VECTOR('',#4726,1.);
#4726 = DIRECTION('',(1.,0.));
#4727 = ( GEOMETRIC_REPRESENTATION_CONTEXT(2) 
PARAMETRIC_REPRESENTATION_CONTEXT() REPRESENTATION_CONTEXT('2D SPACE',''
  ) );
#4728 = ORIENTED_EDGE('',*,*,#4729,.F.);
#4729 = EDGE_CURVE('',#4730,#4702,#4732,.T.);
#4730 = VERTEX_POINT('',#4731);
#4731 = CARTESIAN_POINT('',(115.097901,-100.736452,0.));
#4732 = SURFACE_CURVE('',#4733,(#4737,#4744),.PCURVE_S1.);
#4733 = LINE('',#4734,#4735);
#4734 = CARTESIAN_POINT('',(115.097901,-100.736452,0.));
#4735 = VECTOR('',#4736,1.);
#4736 = DIRECTION('',(0.995734688848,9.226282797371E-02,0.));
#4737 = PCURVE('',#144,#4738);
#4738 = DEFINITIONAL_REPRESENTATION('',(#4739),#4743);
#4739 = LINE('',#4740,#4741);
#4740 = CARTESIAN_POINT('',(2.902099,17.263548));
#4741 = VECTOR('',#4742,1.);
#4742 = DIRECTION('',(-0.995734688848,9.226282797371E-02));
#4743 = ( GEOMETRIC_REPRESENTATION_CONTEXT(2) 
PARAMETRIC_REPRESENTATION_CONTEXT() REPRESENTATION_CONTEXT('2D SPACE',''
  ) );
#4744 = PCURVE('',#4745,#4750);
#4745 = PLANE('',#4746);
#4746 = AXIS2_PLACEMENT_3D('',#4747,#4748,#4749);
#4747 = CARTESIAN_POINT('',(115.097901,-100.736452,0.));
#4748 = DIRECTION('',(-9.226282797371E-02,0.995734688848,0.));
#4749 = DIRECTION('',(0.995734688848,9.226282797371E-02,0.));
#4750 = DEFINITIONAL_REPRESENTATION('',(#4751),#4755);
#4751 = LINE('',#4752,#4753);
#4752 = CARTESIAN_POINT('',(0.,0.));
#4753 = VECTOR('',#4754,1.);
#4754 = DIRECTION('',(1.,0.));
#4755 = ( GEOMETRIC_REPRESENTATION_CONTEXT(2) 
PARAMETRIC_REPRESENTATION_CONTEXT() REPRESENTATION_CONTEXT('2D SPACE',''
  ) );
#4756 = ORIENTED_EDGE('',*,*,#4757,.F.);
#4757 = EDGE_CURVE('',#4758,#4730,#4760,.T.);
#4758 = VERTEX_POINT('',#4759);
#4759 = CARTESIAN_POINT('',(114.99921,-100.785595,0.));
#4760 = SURFACE_CURVE('',#4761,(#4765,#4772),.PCURVE_S1.);
#4761 = LINE('',#4762,#4763);
#4762 = CARTESIAN_POINT('',(114.99921,-100.785595,0.));
#4763 = VECTOR('',#4764,1.);
#4764 = DIRECTION('',(0.895160681354,0.445743597327,0.));
#4765 = PCURVE('',#144,#4766);
#4766 = DEFINITIONAL_REPRESENTATION('',(#4767),#4771);
#4767 = LINE('',#4768,#4769);
#4768 = CARTESIAN_POINT('',(3.00079,17.214405));
#4769 = VECTOR('',#4770,1.);
#4770 = DIRECTION('',(-0.895160681354,0.445743597327));
#4771 = ( GEOMETRIC_REPRESENTATION_CONTEXT(2) 
PARAMETRIC_REPRESENTATION_CONTEXT() REPRESENTATION_CONTEXT('2D SPACE',''
  ) );
#4772 = PCURVE('',#4773,#4778);
#4773 = PLANE('',#4774);
#4774 = AXIS2_PLACEMENT_3D('',#4775,#4776,#4777);
#4775 = CARTESIAN_POINT('',(114.99921,-100.785595,0.));
#4776 = DIRECTION('',(-0.445743597327,0.895160681354,0.));
#4777 = DIRECTION('',(0.895160681354,0.445743597327,0.));
#4778 = DEFINITIONAL_REPRESENTATION('',(#4779),#4783);
#4779 = LINE('',#4780,#4781);
#4780 = CARTESIAN_POINT('',(0.,0.));
#4781 = VECTOR('',#4782,1.);
#4782 = DIRECTION('',(1.,0.));
#4783 = ( GEOMETRIC_REPRESENTATION_CONTEXT(2) 
PARAMETRIC_REPRESENTATION_CONTEXT() REPRESENTATION_CONTEXT('2D SPACE',''
  ) );
#4784 = ORIENTED_EDGE('',*,*,#4785,.F.);
#4785 = EDGE_CURVE('',#4254,#4758,#4786,.T.);
#4786 = SURFACE_CURVE('',#4787,(#4791,#4798),.PCURVE_S1.);
#4787 = LINE('',#4788,#4789);
#4788 = CARTESIAN_POINT('',(114.924935,-100.86707,0.));
#4789 = VECTOR('',#4790,1.);
#4790 = DIRECTION('',(0.67369922817,0.73900564948,0.));
#4791 = PCURVE('',#144,#4792);
#4792 = DEFINITIONAL_REPRESENTATION('',(#4793),#4797);
#4793 = LINE('',#4794,#4795);
#4794 = CARTESIAN_POINT('',(3.075065,17.13293));
#4795 = VECTOR('',#4796,1.);
#4796 = DIRECTION('',(-0.67369922817,0.73900564948));
#4797 = ( GEOMETRIC_REPRESENTATION_CONTEXT(2) 
PARAMETRIC_REPRESENTATION_CONTEXT() REPRESENTATION_CONTEXT('2D SPACE',''
  ) );
#4798 = PCURVE('',#4799,#4804);
#4799 = PLANE('',#4800);
#4800 = AXIS2_PLACEMENT_3D('',#4801,#4802,#4803);
#4801 = CARTESIAN_POINT('',(114.924935,-100.86707,0.));
#4802 = DIRECTION('',(-0.73900564948,0.67369922817,0.));
#4803 = DIRECTION('',(0.67369922817,0.73900564948,0.));
#4804 = DEFINITIONAL_REPRESENTATION('',(#4805),#4809);
#4805 = LINE('',#4806,#4807);
#4806 = CARTESIAN_POINT('',(0.,0.));
#4807 = VECTOR('',#4808,1.);
#4808 = DIRECTION('',(1.,0.));
#4809 = ( GEOMETRIC_REPRESENTATION_CONTEXT(2) 
PARAMETRIC_REPRESENTATION_CONTEXT() REPRESENTATION_CONTEXT('2D SPACE',''
  ) );
#4810 = FACE_BOUND('',#4811,.T.);
#4811 = EDGE_LOOP('',(#4812));
#4812 = ORIENTED_EDGE('',*,*,#4813,.T.);
#4813 = EDGE_CURVE('',#4814,#4814,#4816,.T.);
#4814 = VERTEX_POINT('',#4815);
#4815 = CARTESIAN_POINT('',(104.35,-102.75,0.));
#4816 = SURFACE_CURVE('',#4817,(#4822,#4833),.PCURVE_S1.);
#4817 = CIRCLE('',#4818,1.6);
#4818 = AXIS2_PLACEMENT_3D('',#4819,#4820,#4821);
#4819 = CARTESIAN_POINT('',(102.75,-102.75,0.));
#4820 = DIRECTION('',(0.,0.,1.));
#4821 = DIRECTION('',(1.,0.,-0.));
#4822 = PCURVE('',#144,#4823);
#4823 = DEFINITIONAL_REPRESENTATION('',(#4824),#4832);
#4824 = ( BOUNDED_CURVE() B_SPLINE_CURVE(2,(#4825,#4826,#4827,#4828,
#4829,#4830,#4831),.UNSPECIFIED.,.T.,.F.) B_SPLINE_CURVE_WITH_KNOTS((1,2
    ,2,2,2,1),(-2.094395102393,0.,2.094395102393,4.188790204786,
6.28318530718,8.377580409573),.UNSPECIFIED.) CURVE() 
GEOMETRIC_REPRESENTATION_ITEM() RATIONAL_B_SPLINE_CURVE((1.,0.5,1.,0.5,
1.,0.5,1.)) REPRESENTATION_ITEM('') );
#4825 = CARTESIAN_POINT('',(13.65,15.25));
#4826 = CARTESIAN_POINT('',(13.65,18.02128129211));
#4827 = CARTESIAN_POINT('',(16.05,16.635640646055));
#4828 = CARTESIAN_POINT('',(18.45,15.25));
#4829 = CARTESIAN_POINT('',(16.05,13.864359353945));
#4830 = CARTESIAN_POINT('',(13.65,12.47871870789));
#4831 = CARTESIAN_POINT('',(13.65,15.25));
#4832 = ( GEOMETRIC_REPRESENTATION_CONTEXT(2) 
PARAMETRIC_REPRESENTATION_CONTEXT() REPRESENTATION_CONTEXT('2D SPACE',''
  ) );
#4833 = PCURVE('',#4834,#4839);
#4834 = CYLINDRICAL_SURFACE('',#4835,1.6);
#4835 = AXIS2_PLACEMENT_3D('',#4836,#4837,#4838);
#4836 = CARTESIAN_POINT('',(102.75,-102.75,-1.E-02));
#4837 = DIRECTION('',(0.,0.,1.));
#4838 = DIRECTION('',(1.,0.,-0.));
#4839 = DEFINITIONAL_REPRESENTATION('',(#4840),#4844);
#4840 = LINE('',#4841,#4842);
#4841 = CARTESIAN_POINT('',(0.,1.E-02));
#4842 = VECTOR('',#4843,1.);
#4843 = DIRECTION('',(1.,0.));
#4844 = ( GEOMETRIC_REPRESENTATION_CONTEXT(2) 
PARAMETRIC_REPRESENTATION_CONTEXT() REPRESENTATION_CONTEXT('2D SPACE',''
  ) );
#4845 = ADVANCED_FACE('',(#4846,#6160,#6190,#6220,#6250,#6280,#6310,
    #6340,#6370,#6400,#6430,#6460,#6490,#6520,#6550,#6580,#6610,#6640,
    #6670,#7092,#7122,#7544,#7574,#7996,#8418),#90,.F.);
#4846 = FACE_BOUND('',#4847,.F.);
#4847 = EDGE_LOOP('',(#4848,#4849,#4850,#4873,#4896,#4919,#4942,#4965,
    #4988,#5011,#5034,#5057,#5080,#5103,#5126,#5149,#5172,#5195,#5218,
    #5241,#5264,#5287,#5310,#5333,#5356,#5379,#5402,#5425,#5448,#5471,
    #5494,#5517,#5540,#5563,#5586,#5609,#5632,#5655,#5678,#5701,#5724,
    #5747,#5770,#5793,#5816,#5839,#5862,#5885,#5908,#5931,#5954,#5977,
    #6000,#6023,#6046,#6069,#6092,#6115,#6138,#6159));
#4848 = ORIENTED_EDGE('',*,*,#74,.T.);
#4849 = ORIENTED_EDGE('',*,*,#236,.T.);
#4850 = ORIENTED_EDGE('',*,*,#4851,.T.);
#4851 = EDGE_CURVE('',#237,#4852,#4854,.T.);
#4852 = VERTEX_POINT('',#4853);
#4853 = CARTESIAN_POINT('',(134.301651,-100.297093,1.6));
#4854 = SURFACE_CURVE('',#4855,(#4859,#4866),.PCURVE_S1.);
#4855 = LINE('',#4856,#4857);
#4856 = CARTESIAN_POINT('',(133.990837,-100.16835,1.6));
#4857 = VECTOR('',#4858,1.);
#4858 = DIRECTION('',(0.92387992574,-0.382682483027,0.));
#4859 = PCURVE('',#90,#4860);
#4860 = DEFINITIONAL_REPRESENTATION('',(#4861),#4865);
#4861 = LINE('',#4862,#4863);
#4862 = CARTESIAN_POINT('',(-15.990837,17.83165));
#4863 = VECTOR('',#4864,1.);
#4864 = DIRECTION('',(-0.92387992574,-0.382682483027));
#4865 = ( GEOMETRIC_REPRESENTATION_CONTEXT(2) 
PARAMETRIC_REPRESENTATION_CONTEXT() REPRESENTATION_CONTEXT('2D SPACE',''
  ) );
#4866 = PCURVE('',#275,#4867);
#4867 = DEFINITIONAL_REPRESENTATION('',(#4868),#4872);
#4868 = LINE('',#4869,#4870);
#4869 = CARTESIAN_POINT('',(0.,-1.6));
#4870 = VECTOR('',#4871,1.);
#4871 = DIRECTION('',(1.,0.));
#4872 = ( GEOMETRIC_REPRESENTATION_CONTEXT(2) 
PARAMETRIC_REPRESENTATION_CONTEXT() REPRESENTATION_CONTEXT('2D SPACE',''
  ) );
#4873 = ORIENTED_EDGE('',*,*,#4874,.T.);
#4874 = EDGE_CURVE('',#4852,#4875,#4877,.T.);
#4875 = VERTEX_POINT('',#4876);
#4876 = CARTESIAN_POINT('',(134.596096,-100.459827,1.6));
#4877 = SURFACE_CURVE('',#4878,(#4882,#4889),.PCURVE_S1.);
#4878 = LINE('',#4879,#4880);
#4879 = CARTESIAN_POINT('',(134.301651,-100.297093,1.6));
#4880 = VECTOR('',#4881,1.);
#4881 = DIRECTION('',(0.875223421007,-0.483718888737,0.));
#4882 = PCURVE('',#90,#4883);
#4883 = DEFINITIONAL_REPRESENTATION('',(#4884),#4888);
#4884 = LINE('',#4885,#4886);
#4885 = CARTESIAN_POINT('',(-16.301651,17.702907));
#4886 = VECTOR('',#4887,1.);
#4887 = DIRECTION('',(-0.875223421007,-0.483718888737));
#4888 = ( GEOMETRIC_REPRESENTATION_CONTEXT(2) 
PARAMETRIC_REPRESENTATION_CONTEXT() REPRESENTATION_CONTEXT('2D SPACE',''
  ) );
#4889 = PCURVE('',#352,#4890);
#4890 = DEFINITIONAL_REPRESENTATION('',(#4891),#4895);
#4891 = LINE('',#4892,#4893);
#4892 = CARTESIAN_POINT('',(0.,-1.6));
#4893 = VECTOR('',#4894,1.);
#4894 = DIRECTION('',(1.,0.));
#4895 = ( GEOMETRIC_REPRESENTATION_CONTEXT(2) 
PARAMETRIC_REPRESENTATION_CONTEXT() REPRESENTATION_CONTEXT('2D SPACE',''
  ) );
#4896 = ORIENTED_EDGE('',*,*,#4897,.T.);
#4897 = EDGE_CURVE('',#4875,#4898,#4900,.T.);
#4898 = VERTEX_POINT('',#4899);
#4899 = CARTESIAN_POINT('',(134.870469,-100.654506,1.6));
#4900 = SURFACE_CURVE('',#4901,(#4905,#4912),.PCURVE_S1.);
#4901 = LINE('',#4902,#4903);
#4902 = CARTESIAN_POINT('',(134.596096,-100.459827,1.6));
#4903 = VECTOR('',#4904,1.);
#4904 = DIRECTION('',(0.815559501739,-0.578673223091,0.));
#4905 = PCURVE('',#90,#4906);
#4906 = DEFINITIONAL_REPRESENTATION('',(#4907),#4911);
#4907 = LINE('',#4908,#4909);
#4908 = CARTESIAN_POINT('',(-16.596096,17.540173));
#4909 = VECTOR('',#4910,1.);
#4910 = DIRECTION('',(-0.815559501739,-0.578673223091));
#4911 = ( GEOMETRIC_REPRESENTATION_CONTEXT(2) 
PARAMETRIC_REPRESENTATION_CONTEXT() REPRESENTATION_CONTEXT('2D SPACE',''
  ) );
#4912 = PCURVE('',#380,#4913);
#4913 = DEFINITIONAL_REPRESENTATION('',(#4914),#4918);
#4914 = LINE('',#4915,#4916);
#4915 = CARTESIAN_POINT('',(0.,-1.6));
#4916 = VECTOR('',#4917,1.);
#4917 = DIRECTION('',(1.,0.));
#4918 = ( GEOMETRIC_REPRESENTATION_CONTEXT(2) 
PARAMETRIC_REPRESENTATION_CONTEXT() REPRESENTATION_CONTEXT('2D SPACE',''
  ) );
#4919 = ORIENTED_EDGE('',*,*,#4920,.T.);
#4920 = EDGE_CURVE('',#4898,#4921,#4923,.T.);
#4921 = VERTEX_POINT('',#4922);
#4922 = CARTESIAN_POINT('',(135.12132,-100.87868,1.6));
#4923 = SURFACE_CURVE('',#4924,(#4928,#4935),.PCURVE_S1.);
#4924 = LINE('',#4925,#4926);
#4925 = CARTESIAN_POINT('',(134.870469,-100.654506,1.6));
#4926 = VECTOR('',#4927,1.);
#4927 = DIRECTION('',(0.7456424001,-0.666346314744,0.));
#4928 = PCURVE('',#90,#4929);
#4929 = DEFINITIONAL_REPRESENTATION('',(#4930),#4934);
#4930 = LINE('',#4931,#4932);
#4931 = CARTESIAN_POINT('',(-16.870469,17.345494));
#4932 = VECTOR('',#4933,1.);
#4933 = DIRECTION('',(-0.7456424001,-0.666346314744));
#4934 = ( GEOMETRIC_REPRESENTATION_CONTEXT(2) 
PARAMETRIC_REPRESENTATION_CONTEXT() REPRESENTATION_CONTEXT('2D SPACE',''
  ) );
#4935 = PCURVE('',#408,#4936);
#4936 = DEFINITIONAL_REPRESENTATION('',(#4937),#4941);
#4937 = LINE('',#4938,#4939);
#4938 = CARTESIAN_POINT('',(0.,-1.6));
#4939 = VECTOR('',#4940,1.);
#4940 = DIRECTION('',(1.,0.));
#4941 = ( GEOMETRIC_REPRESENTATION_CONTEXT(2) 
PARAMETRIC_REPRESENTATION_CONTEXT() REPRESENTATION_CONTEXT('2D SPACE',''
  ) );
#4942 = ORIENTED_EDGE('',*,*,#4943,.T.);
#4943 = EDGE_CURVE('',#4921,#4944,#4946,.T.);
#4944 = VERTEX_POINT('',#4945);
#4945 = CARTESIAN_POINT('',(135.345494,-101.129531,1.6));
#4946 = SURFACE_CURVE('',#4947,(#4951,#4958),.PCURVE_S1.);
#4947 = LINE('',#4948,#4949);
#4948 = CARTESIAN_POINT('',(135.12132,-100.87868,1.6));
#4949 = VECTOR('',#4950,1.);
#4950 = DIRECTION('',(0.666346314744,-0.7456424001,0.));
#4951 = PCURVE('',#90,#4952);
#4952 = DEFINITIONAL_REPRESENTATION('',(#4953),#4957);
#4953 = LINE('',#4954,#4955);
#4954 = CARTESIAN_POINT('',(-17.12132,17.12132));
#4955 = VECTOR('',#4956,1.);
#4956 = DIRECTION('',(-0.666346314744,-0.7456424001));
#4957 = ( GEOMETRIC_REPRESENTATION_CONTEXT(2) 
PARAMETRIC_REPRESENTATION_CONTEXT() REPRESENTATION_CONTEXT('2D SPACE',''
  ) );
#4958 = PCURVE('',#436,#4959);
#4959 = DEFINITIONAL_REPRESENTATION('',(#4960),#4964);
#4960 = LINE('',#4961,#4962);
#4961 = CARTESIAN_POINT('',(0.,-1.6));
#4962 = VECTOR('',#4963,1.);
#4963 = DIRECTION('',(1.,0.));
#4964 = ( GEOMETRIC_REPRESENTATION_CONTEXT(2) 
PARAMETRIC_REPRESENTATION_CONTEXT() REPRESENTATION_CONTEXT('2D SPACE',''
  ) );
#4965 = ORIENTED_EDGE('',*,*,#4966,.T.);
#4966 = EDGE_CURVE('',#4944,#4967,#4969,.T.);
#4967 = VERTEX_POINT('',#4968);
#4968 = CARTESIAN_POINT('',(135.540173,-101.403904,1.6));
#4969 = SURFACE_CURVE('',#4970,(#4974,#4981),.PCURVE_S1.);
#4970 = LINE('',#4971,#4972);
#4971 = CARTESIAN_POINT('',(135.345494,-101.129531,1.6));
#4972 = VECTOR('',#4973,1.);
#4973 = DIRECTION('',(0.578673223091,-0.815559501739,0.));
#4974 = PCURVE('',#90,#4975);
#4975 = DEFINITIONAL_REPRESENTATION('',(#4976),#4980);
#4976 = LINE('',#4977,#4978);
#4977 = CARTESIAN_POINT('',(-17.345494,16.870469));
#4978 = VECTOR('',#4979,1.);
#4979 = DIRECTION('',(-0.578673223091,-0.815559501739));
#4980 = ( GEOMETRIC_REPRESENTATION_CONTEXT(2) 
PARAMETRIC_REPRESENTATION_CONTEXT() REPRESENTATION_CONTEXT('2D SPACE',''
  ) );
#4981 = PCURVE('',#464,#4982);
#4982 = DEFINITIONAL_REPRESENTATION('',(#4983),#4987);
#4983 = LINE('',#4984,#4985);
#4984 = CARTESIAN_POINT('',(0.,-1.6));
#4985 = VECTOR('',#4986,1.);
#4986 = DIRECTION('',(1.,0.));
#4987 = ( GEOMETRIC_REPRESENTATION_CONTEXT(2) 
PARAMETRIC_REPRESENTATION_CONTEXT() REPRESENTATION_CONTEXT('2D SPACE',''
  ) );
#4988 = ORIENTED_EDGE('',*,*,#4989,.T.);
#4989 = EDGE_CURVE('',#4967,#4990,#4992,.T.);
#4990 = VERTEX_POINT('',#4991);
#4991 = CARTESIAN_POINT('',(135.702907,-101.698349,1.6));
#4992 = SURFACE_CURVE('',#4993,(#4997,#5004),.PCURVE_S1.);
#4993 = LINE('',#4994,#4995);
#4994 = CARTESIAN_POINT('',(135.540173,-101.403904,1.6));
#4995 = VECTOR('',#4996,1.);
#4996 = DIRECTION('',(0.483718888737,-0.875223421007,0.));
#4997 = PCURVE('',#90,#4998);
#4998 = DEFINITIONAL_REPRESENTATION('',(#4999),#5003);
#4999 = LINE('',#5000,#5001);
#5000 = CARTESIAN_POINT('',(-17.540173,16.596096));
#5001 = VECTOR('',#5002,1.);
#5002 = DIRECTION('',(-0.483718888737,-0.875223421007));
#5003 = ( GEOMETRIC_REPRESENTATION_CONTEXT(2) 
PARAMETRIC_REPRESENTATION_CONTEXT() REPRESENTATION_CONTEXT('2D SPACE',''
  ) );
#5004 = PCURVE('',#492,#5005);
#5005 = DEFINITIONAL_REPRESENTATION('',(#5006),#5010);
#5006 = LINE('',#5007,#5008);
#5007 = CARTESIAN_POINT('',(0.,-1.6));
#5008 = VECTOR('',#5009,1.);
#5009 = DIRECTION('',(1.,0.));
#5010 = ( GEOMETRIC_REPRESENTATION_CONTEXT(2) 
PARAMETRIC_REPRESENTATION_CONTEXT() REPRESENTATION_CONTEXT('2D SPACE',''
  ) );
#5011 = ORIENTED_EDGE('',*,*,#5012,.T.);
#5012 = EDGE_CURVE('',#4990,#5013,#5015,.T.);
#5013 = VERTEX_POINT('',#5014);
#5014 = CARTESIAN_POINT('',(135.83165,-102.009163,1.6));
#5015 = SURFACE_CURVE('',#5016,(#5020,#5027),.PCURVE_S1.);
#5016 = LINE('',#5017,#5018);
#5017 = CARTESIAN_POINT('',(135.702907,-101.698349,1.6));
#5018 = VECTOR('',#5019,1.);
#5019 = DIRECTION('',(0.382682483027,-0.92387992574,0.));
#5020 = PCURVE('',#90,#5021);
#5021 = DEFINITIONAL_REPRESENTATION('',(#5022),#5026);
#5022 = LINE('',#5023,#5024);
#5023 = CARTESIAN_POINT('',(-17.702907,16.301651));
#5024 = VECTOR('',#5025,1.);
#5025 = DIRECTION('',(-0.382682483027,-0.92387992574));
#5026 = ( GEOMETRIC_REPRESENTATION_CONTEXT(2) 
PARAMETRIC_REPRESENTATION_CONTEXT() REPRESENTATION_CONTEXT('2D SPACE',''
  ) );
#5027 = PCURVE('',#520,#5028);
#5028 = DEFINITIONAL_REPRESENTATION('',(#5029),#5033);
#5029 = LINE('',#5030,#5031);
#5030 = CARTESIAN_POINT('',(0.,-1.6));
#5031 = VECTOR('',#5032,1.);
#5032 = DIRECTION('',(1.,0.));
#5033 = ( GEOMETRIC_REPRESENTATION_CONTEXT(2) 
PARAMETRIC_REPRESENTATION_CONTEXT() REPRESENTATION_CONTEXT('2D SPACE',''
  ) );
#5034 = ORIENTED_EDGE('',*,*,#5035,.T.);
#5035 = EDGE_CURVE('',#5013,#5036,#5038,.T.);
#5036 = VERTEX_POINT('',#5037);
#5037 = CARTESIAN_POINT('',(135.924784,-102.332437,1.6));
#5038 = SURFACE_CURVE('',#5039,(#5043,#5050),.PCURVE_S1.);
#5039 = LINE('',#5040,#5041);
#5040 = CARTESIAN_POINT('',(135.83165,-102.009163,1.6));
#5041 = VECTOR('',#5042,1.);
#5042 = DIRECTION('',(0.276836513242,-0.960917033326,0.));
#5043 = PCURVE('',#90,#5044);
#5044 = DEFINITIONAL_REPRESENTATION('',(#5045),#5049);
#5045 = LINE('',#5046,#5047);
#5046 = CARTESIAN_POINT('',(-17.83165,15.990837));
#5047 = VECTOR('',#5048,1.);
#5048 = DIRECTION('',(-0.276836513242,-0.960917033326));
#5049 = ( GEOMETRIC_REPRESENTATION_CONTEXT(2) 
PARAMETRIC_REPRESENTATION_CONTEXT() REPRESENTATION_CONTEXT('2D SPACE',''
  ) );
#5050 = PCURVE('',#548,#5051);
#5051 = DEFINITIONAL_REPRESENTATION('',(#5052),#5056);
#5052 = LINE('',#5053,#5054);
#5053 = CARTESIAN_POINT('',(0.,-1.6));
#5054 = VECTOR('',#5055,1.);
#5055 = DIRECTION('',(1.,0.));
#5056 = ( GEOMETRIC_REPRESENTATION_CONTEXT(2) 
PARAMETRIC_REPRESENTATION_CONTEXT() REPRESENTATION_CONTEXT('2D SPACE',''
  ) );
#5057 = ORIENTED_EDGE('',*,*,#5058,.T.);
#5058 = EDGE_CURVE('',#5036,#5059,#5061,.T.);
#5059 = VERTEX_POINT('',#5060);
#5060 = CARTESIAN_POINT('',(135.981137,-102.664107,1.6));
#5061 = SURFACE_CURVE('',#5062,(#5066,#5073),.PCURVE_S1.);
#5062 = LINE('',#5063,#5064);
#5063 = CARTESIAN_POINT('',(135.924784,-102.332437,1.6));
#5064 = VECTOR('',#5065,1.);
#5065 = DIRECTION('',(0.167506224545,-0.985871018308,0.));
#5066 = PCURVE('',#90,#5067);
#5067 = DEFINITIONAL_REPRESENTATION('',(#5068),#5072);
#5068 = LINE('',#5069,#5070);
#5069 = CARTESIAN_POINT('',(-17.924784,15.667563));
#5070 = VECTOR('',#5071,1.);
#5071 = DIRECTION('',(-0.167506224545,-0.985871018308));
#5072 = ( GEOMETRIC_REPRESENTATION_CONTEXT(2) 
PARAMETRIC_REPRESENTATION_CONTEXT() REPRESENTATION_CONTEXT('2D SPACE',''
  ) );
#5073 = PCURVE('',#576,#5074);
#5074 = DEFINITIONAL_REPRESENTATION('',(#5075),#5079);
#5075 = LINE('',#5076,#5077);
#5076 = CARTESIAN_POINT('',(0.,-1.6));
#5077 = VECTOR('',#5078,1.);
#5078 = DIRECTION('',(1.,0.));
#5079 = ( GEOMETRIC_REPRESENTATION_CONTEXT(2) 
PARAMETRIC_REPRESENTATION_CONTEXT() REPRESENTATION_CONTEXT('2D SPACE',''
  ) );
#5080 = ORIENTED_EDGE('',*,*,#5081,.T.);
#5081 = EDGE_CURVE('',#5059,#5082,#5084,.T.);
#5082 = VERTEX_POINT('',#5083);
#5083 = CARTESIAN_POINT('',(136.,-103.,1.6));
#5084 = SURFACE_CURVE('',#5085,(#5089,#5096),.PCURVE_S1.);
#5085 = LINE('',#5086,#5087);
#5086 = CARTESIAN_POINT('',(135.981137,-102.664107,1.6));
#5087 = VECTOR('',#5088,1.);
#5088 = DIRECTION('',(5.606942121025E-02,-0.998426872638,0.));
#5089 = PCURVE('',#90,#5090);
#5090 = DEFINITIONAL_REPRESENTATION('',(#5091),#5095);
#5091 = LINE('',#5092,#5093);
#5092 = CARTESIAN_POINT('',(-17.981137,15.335893));
#5093 = VECTOR('',#5094,1.);
#5094 = DIRECTION('',(-5.606942121025E-02,-0.998426872638));
#5095 = ( GEOMETRIC_REPRESENTATION_CONTEXT(2) 
PARAMETRIC_REPRESENTATION_CONTEXT() REPRESENTATION_CONTEXT('2D SPACE',''
  ) );
#5096 = PCURVE('',#604,#5097);
#5097 = DEFINITIONAL_REPRESENTATION('',(#5098),#5102);
#5098 = LINE('',#5099,#5100);
#5099 = CARTESIAN_POINT('',(0.,-1.6));
#5100 = VECTOR('',#5101,1.);
#5101 = DIRECTION('',(1.,0.));
#5102 = ( GEOMETRIC_REPRESENTATION_CONTEXT(2) 
PARAMETRIC_REPRESENTATION_CONTEXT() REPRESENTATION_CONTEXT('2D SPACE',''
  ) );
#5103 = ORIENTED_EDGE('',*,*,#5104,.T.);
#5104 = EDGE_CURVE('',#5082,#5105,#5107,.T.);
#5105 = VERTEX_POINT('',#5106);
#5106 = CARTESIAN_POINT('',(136.,-133.,1.6));
#5107 = SURFACE_CURVE('',#5108,(#5112,#5119),.PCURVE_S1.);
#5108 = LINE('',#5109,#5110);
#5109 = CARTESIAN_POINT('',(136.,-103.,1.6));
#5110 = VECTOR('',#5111,1.);
#5111 = DIRECTION('',(0.,-1.,0.));
#5112 = PCURVE('',#90,#5113);
#5113 = DEFINITIONAL_REPRESENTATION('',(#5114),#5118);
#5114 = LINE('',#5115,#5116);
#5115 = CARTESIAN_POINT('',(-18.,15.));
#5116 = VECTOR('',#5117,1.);
#5117 = DIRECTION('',(0.,-1.));
#5118 = ( GEOMETRIC_REPRESENTATION_CONTEXT(2) 
PARAMETRIC_REPRESENTATION_CONTEXT() REPRESENTATION_CONTEXT('2D SPACE',''
  ) );
#5119 = PCURVE('',#632,#5120);
#5120 = DEFINITIONAL_REPRESENTATION('',(#5121),#5125);
#5121 = LINE('',#5122,#5123);
#5122 = CARTESIAN_POINT('',(0.,-1.6));
#5123 = VECTOR('',#5124,1.);
#5124 = DIRECTION('',(1.,0.));
#5125 = ( GEOMETRIC_REPRESENTATION_CONTEXT(2) 
PARAMETRIC_REPRESENTATION_CONTEXT() REPRESENTATION_CONTEXT('2D SPACE',''
  ) );
#5126 = ORIENTED_EDGE('',*,*,#5127,.T.);
#5127 = EDGE_CURVE('',#5105,#5128,#5130,.T.);
#5128 = VERTEX_POINT('',#5129);
#5129 = CARTESIAN_POINT('',(135.981137,-133.335893,1.6));
#5130 = SURFACE_CURVE('',#5131,(#5135,#5142),.PCURVE_S1.);
#5131 = LINE('',#5132,#5133);
#5132 = CARTESIAN_POINT('',(136.,-133.,1.6));
#5133 = VECTOR('',#5134,1.);
#5134 = DIRECTION('',(-5.606942121025E-02,-0.998426872638,0.));
#5135 = PCURVE('',#90,#5136);
#5136 = DEFINITIONAL_REPRESENTATION('',(#5137),#5141);
#5137 = LINE('',#5138,#5139);
#5138 = CARTESIAN_POINT('',(-18.,-15.));
#5139 = VECTOR('',#5140,1.);
#5140 = DIRECTION('',(5.606942121025E-02,-0.998426872638));
#5141 = ( GEOMETRIC_REPRESENTATION_CONTEXT(2) 
PARAMETRIC_REPRESENTATION_CONTEXT() REPRESENTATION_CONTEXT('2D SPACE',''
  ) );
#5142 = PCURVE('',#660,#5143);
#5143 = DEFINITIONAL_REPRESENTATION('',(#5144),#5148);
#5144 = LINE('',#5145,#5146);
#5145 = CARTESIAN_POINT('',(0.,-1.6));
#5146 = VECTOR('',#5147,1.);
#5147 = DIRECTION('',(1.,0.));
#5148 = ( GEOMETRIC_REPRESENTATION_CONTEXT(2) 
PARAMETRIC_REPRESENTATION_CONTEXT() REPRESENTATION_CONTEXT('2D SPACE',''
  ) );
#5149 = ORIENTED_EDGE('',*,*,#5150,.T.);
#5150 = EDGE_CURVE('',#5128,#5151,#5153,.T.);
#5151 = VERTEX_POINT('',#5152);
#5152 = CARTESIAN_POINT('',(135.924784,-133.667563,1.6));
#5153 = SURFACE_CURVE('',#5154,(#5158,#5165),.PCURVE_S1.);
#5154 = LINE('',#5155,#5156);
#5155 = CARTESIAN_POINT('',(135.981137,-133.335893,1.6));
#5156 = VECTOR('',#5157,1.);
#5157 = DIRECTION('',(-0.167506224545,-0.985871018308,0.));
#5158 = PCURVE('',#90,#5159);
#5159 = DEFINITIONAL_REPRESENTATION('',(#5160),#5164);
#5160 = LINE('',#5161,#5162);
#5161 = CARTESIAN_POINT('',(-17.981137,-15.335893));
#5162 = VECTOR('',#5163,1.);
#5163 = DIRECTION('',(0.167506224545,-0.985871018308));
#5164 = ( GEOMETRIC_REPRESENTATION_CONTEXT(2) 
PARAMETRIC_REPRESENTATION_CONTEXT() REPRESENTATION_CONTEXT('2D SPACE',''
  ) );
#5165 = PCURVE('',#688,#5166);
#5166 = DEFINITIONAL_REPRESENTATION('',(#5167),#5171);
#5167 = LINE('',#5168,#5169);
#5168 = CARTESIAN_POINT('',(0.,-1.6));
#5169 = VECTOR('',#5170,1.);
#5170 = DIRECTION('',(1.,0.));
#5171 = ( GEOMETRIC_REPRESENTATION_CONTEXT(2) 
PARAMETRIC_REPRESENTATION_CONTEXT() REPRESENTATION_CONTEXT('2D SPACE',''
  ) );
#5172 = ORIENTED_EDGE('',*,*,#5173,.T.);
#5173 = EDGE_CURVE('',#5151,#5174,#5176,.T.);
#5174 = VERTEX_POINT('',#5175);
#5175 = CARTESIAN_POINT('',(135.83165,-133.990837,1.6));
#5176 = SURFACE_CURVE('',#5177,(#5181,#5188),.PCURVE_S1.);
#5177 = LINE('',#5178,#5179);
#5178 = CARTESIAN_POINT('',(135.924784,-133.667563,1.6));
#5179 = VECTOR('',#5180,1.);
#5180 = DIRECTION('',(-0.276836513242,-0.960917033326,0.));
#5181 = PCURVE('',#90,#5182);
#5182 = DEFINITIONAL_REPRESENTATION('',(#5183),#5187);
#5183 = LINE('',#5184,#5185);
#5184 = CARTESIAN_POINT('',(-17.924784,-15.667563));
#5185 = VECTOR('',#5186,1.);
#5186 = DIRECTION('',(0.276836513242,-0.960917033326));
#5187 = ( GEOMETRIC_REPRESENTATION_CONTEXT(2) 
PARAMETRIC_REPRESENTATION_CONTEXT() REPRESENTATION_CONTEXT('2D SPACE',''
  ) );
#5188 = PCURVE('',#716,#5189);
#5189 = DEFINITIONAL_REPRESENTATION('',(#5190),#5194);
#5190 = LINE('',#5191,#5192);
#5191 = CARTESIAN_POINT('',(0.,-1.6));
#5192 = VECTOR('',#5193,1.);
#5193 = DIRECTION('',(1.,0.));
#5194 = ( GEOMETRIC_REPRESENTATION_CONTEXT(2) 
PARAMETRIC_REPRESENTATION_CONTEXT() REPRESENTATION_CONTEXT('2D SPACE',''
  ) );
#5195 = ORIENTED_EDGE('',*,*,#5196,.T.);
#5196 = EDGE_CURVE('',#5174,#5197,#5199,.T.);
#5197 = VERTEX_POINT('',#5198);
#5198 = CARTESIAN_POINT('',(135.702907,-134.301651,1.6));
#5199 = SURFACE_CURVE('',#5200,(#5204,#5211),.PCURVE_S1.);
#5200 = LINE('',#5201,#5202);
#5201 = CARTESIAN_POINT('',(135.83165,-133.990837,1.6));
#5202 = VECTOR('',#5203,1.);
#5203 = DIRECTION('',(-0.382682483027,-0.92387992574,0.));
#5204 = PCURVE('',#90,#5205);
#5205 = DEFINITIONAL_REPRESENTATION('',(#5206),#5210);
#5206 = LINE('',#5207,#5208);
#5207 = CARTESIAN_POINT('',(-17.83165,-15.990837));
#5208 = VECTOR('',#5209,1.);
#5209 = DIRECTION('',(0.382682483027,-0.92387992574));
#5210 = ( GEOMETRIC_REPRESENTATION_CONTEXT(2) 
PARAMETRIC_REPRESENTATION_CONTEXT() REPRESENTATION_CONTEXT('2D SPACE',''
  ) );
#5211 = PCURVE('',#744,#5212);
#5212 = DEFINITIONAL_REPRESENTATION('',(#5213),#5217);
#5213 = LINE('',#5214,#5215);
#5214 = CARTESIAN_POINT('',(0.,-1.6));
#5215 = VECTOR('',#5216,1.);
#5216 = DIRECTION('',(1.,0.));
#5217 = ( GEOMETRIC_REPRESENTATION_CONTEXT(2) 
PARAMETRIC_REPRESENTATION_CONTEXT() REPRESENTATION_CONTEXT('2D SPACE',''
  ) );
#5218 = ORIENTED_EDGE('',*,*,#5219,.T.);
#5219 = EDGE_CURVE('',#5197,#5220,#5222,.T.);
#5220 = VERTEX_POINT('',#5221);
#5221 = CARTESIAN_POINT('',(135.540173,-134.596096,1.6));
#5222 = SURFACE_CURVE('',#5223,(#5227,#5234),.PCURVE_S1.);
#5223 = LINE('',#5224,#5225);
#5224 = CARTESIAN_POINT('',(135.702907,-134.301651,1.6));
#5225 = VECTOR('',#5226,1.);
#5226 = DIRECTION('',(-0.483718888737,-0.875223421007,0.));
#5227 = PCURVE('',#90,#5228);
#5228 = DEFINITIONAL_REPRESENTATION('',(#5229),#5233);
#5229 = LINE('',#5230,#5231);
#5230 = CARTESIAN_POINT('',(-17.702907,-16.301651));
#5231 = VECTOR('',#5232,1.);
#5232 = DIRECTION('',(0.483718888737,-0.875223421007));
#5233 = ( GEOMETRIC_REPRESENTATION_CONTEXT(2) 
PARAMETRIC_REPRESENTATION_CONTEXT() REPRESENTATION_CONTEXT('2D SPACE',''
  ) );
#5234 = PCURVE('',#772,#5235);
#5235 = DEFINITIONAL_REPRESENTATION('',(#5236),#5240);
#5236 = LINE('',#5237,#5238);
#5237 = CARTESIAN_POINT('',(0.,-1.6));
#5238 = VECTOR('',#5239,1.);
#5239 = DIRECTION('',(1.,0.));
#5240 = ( GEOMETRIC_REPRESENTATION_CONTEXT(2) 
PARAMETRIC_REPRESENTATION_CONTEXT() REPRESENTATION_CONTEXT('2D SPACE',''
  ) );
#5241 = ORIENTED_EDGE('',*,*,#5242,.T.);
#5242 = EDGE_CURVE('',#5220,#5243,#5245,.T.);
#5243 = VERTEX_POINT('',#5244);
#5244 = CARTESIAN_POINT('',(135.345494,-134.870469,1.6));
#5245 = SURFACE_CURVE('',#5246,(#5250,#5257),.PCURVE_S1.);
#5246 = LINE('',#5247,#5248);
#5247 = CARTESIAN_POINT('',(135.540173,-134.596096,1.6));
#5248 = VECTOR('',#5249,1.);
#5249 = DIRECTION('',(-0.578673223091,-0.815559501739,0.));
#5250 = PCURVE('',#90,#5251);
#5251 = DEFINITIONAL_REPRESENTATION('',(#5252),#5256);
#5252 = LINE('',#5253,#5254);
#5253 = CARTESIAN_POINT('',(-17.540173,-16.596096));
#5254 = VECTOR('',#5255,1.);
#5255 = DIRECTION('',(0.578673223091,-0.815559501739));
#5256 = ( GEOMETRIC_REPRESENTATION_CONTEXT(2) 
PARAMETRIC_REPRESENTATION_CONTEXT() REPRESENTATION_CONTEXT('2D SPACE',''
  ) );
#5257 = PCURVE('',#800,#5258);
#5258 = DEFINITIONAL_REPRESENTATION('',(#5259),#5263);
#5259 = LINE('',#5260,#5261);
#5260 = CARTESIAN_POINT('',(0.,-1.6));
#5261 = VECTOR('',#5262,1.);
#5262 = DIRECTION('',(1.,0.));
#5263 = ( GEOMETRIC_REPRESENTATION_CONTEXT(2) 
PARAMETRIC_REPRESENTATION_CONTEXT() REPRESENTATION_CONTEXT('2D SPACE',''
  ) );
#5264 = ORIENTED_EDGE('',*,*,#5265,.T.);
#5265 = EDGE_CURVE('',#5243,#5266,#5268,.T.);
#5266 = VERTEX_POINT('',#5267);
#5267 = CARTESIAN_POINT('',(135.12132,-135.12132,1.6));
#5268 = SURFACE_CURVE('',#5269,(#5273,#5280),.PCURVE_S1.);
#5269 = LINE('',#5270,#5271);
#5270 = CARTESIAN_POINT('',(135.345494,-134.870469,1.6));
#5271 = VECTOR('',#5272,1.);
#5272 = DIRECTION('',(-0.666346314744,-0.7456424001,0.));
#5273 = PCURVE('',#90,#5274);
#5274 = DEFINITIONAL_REPRESENTATION('',(#5275),#5279);
#5275 = LINE('',#5276,#5277);
#5276 = CARTESIAN_POINT('',(-17.345494,-16.870469));
#5277 = VECTOR('',#5278,1.);
#5278 = DIRECTION('',(0.666346314744,-0.7456424001));
#5279 = ( GEOMETRIC_REPRESENTATION_CONTEXT(2) 
PARAMETRIC_REPRESENTATION_CONTEXT() REPRESENTATION_CONTEXT('2D SPACE',''
  ) );
#5280 = PCURVE('',#828,#5281);
#5281 = DEFINITIONAL_REPRESENTATION('',(#5282),#5286);
#5282 = LINE('',#5283,#5284);
#5283 = CARTESIAN_POINT('',(0.,-1.6));
#5284 = VECTOR('',#5285,1.);
#5285 = DIRECTION('',(1.,0.));
#5286 = ( GEOMETRIC_REPRESENTATION_CONTEXT(2) 
PARAMETRIC_REPRESENTATION_CONTEXT() REPRESENTATION_CONTEXT('2D SPACE',''
  ) );
#5287 = ORIENTED_EDGE('',*,*,#5288,.T.);
#5288 = EDGE_CURVE('',#5266,#5289,#5291,.T.);
#5289 = VERTEX_POINT('',#5290);
#5290 = CARTESIAN_POINT('',(134.870469,-135.345494,1.6));
#5291 = SURFACE_CURVE('',#5292,(#5296,#5303),.PCURVE_S1.);
#5292 = LINE('',#5293,#5294);
#5293 = CARTESIAN_POINT('',(135.12132,-135.12132,1.6));
#5294 = VECTOR('',#5295,1.);
#5295 = DIRECTION('',(-0.7456424001,-0.666346314744,0.));
#5296 = PCURVE('',#90,#5297);
#5297 = DEFINITIONAL_REPRESENTATION('',(#5298),#5302);
#5298 = LINE('',#5299,#5300);
#5299 = CARTESIAN_POINT('',(-17.12132,-17.12132));
#5300 = VECTOR('',#5301,1.);
#5301 = DIRECTION('',(0.7456424001,-0.666346314744));
#5302 = ( GEOMETRIC_REPRESENTATION_CONTEXT(2) 
PARAMETRIC_REPRESENTATION_CONTEXT() REPRESENTATION_CONTEXT('2D SPACE',''
  ) );
#5303 = PCURVE('',#856,#5304);
#5304 = DEFINITIONAL_REPRESENTATION('',(#5305),#5309);
#5305 = LINE('',#5306,#5307);
#5306 = CARTESIAN_POINT('',(0.,-1.6));
#5307 = VECTOR('',#5308,1.);
#5308 = DIRECTION('',(1.,0.));
#5309 = ( GEOMETRIC_REPRESENTATION_CONTEXT(2) 
PARAMETRIC_REPRESENTATION_CONTEXT() REPRESENTATION_CONTEXT('2D SPACE',''
  ) );
#5310 = ORIENTED_EDGE('',*,*,#5311,.T.);
#5311 = EDGE_CURVE('',#5289,#5312,#5314,.T.);
#5312 = VERTEX_POINT('',#5313);
#5313 = CARTESIAN_POINT('',(134.596096,-135.540173,1.6));
#5314 = SURFACE_CURVE('',#5315,(#5319,#5326),.PCURVE_S1.);
#5315 = LINE('',#5316,#5317);
#5316 = CARTESIAN_POINT('',(134.870469,-135.345494,1.6));
#5317 = VECTOR('',#5318,1.);
#5318 = DIRECTION('',(-0.815559501739,-0.578673223091,0.));
#5319 = PCURVE('',#90,#5320);
#5320 = DEFINITIONAL_REPRESENTATION('',(#5321),#5325);
#5321 = LINE('',#5322,#5323);
#5322 = CARTESIAN_POINT('',(-16.870469,-17.345494));
#5323 = VECTOR('',#5324,1.);
#5324 = DIRECTION('',(0.815559501739,-0.578673223091));
#5325 = ( GEOMETRIC_REPRESENTATION_CONTEXT(2) 
PARAMETRIC_REPRESENTATION_CONTEXT() REPRESENTATION_CONTEXT('2D SPACE',''
  ) );
#5326 = PCURVE('',#884,#5327);
#5327 = DEFINITIONAL_REPRESENTATION('',(#5328),#5332);
#5328 = LINE('',#5329,#5330);
#5329 = CARTESIAN_POINT('',(0.,-1.6));
#5330 = VECTOR('',#5331,1.);
#5331 = DIRECTION('',(1.,0.));
#5332 = ( GEOMETRIC_REPRESENTATION_CONTEXT(2) 
PARAMETRIC_REPRESENTATION_CONTEXT() REPRESENTATION_CONTEXT('2D SPACE',''
  ) );
#5333 = ORIENTED_EDGE('',*,*,#5334,.T.);
#5334 = EDGE_CURVE('',#5312,#5335,#5337,.T.);
#5335 = VERTEX_POINT('',#5336);
#5336 = CARTESIAN_POINT('',(134.301651,-135.702907,1.6));
#5337 = SURFACE_CURVE('',#5338,(#5342,#5349),.PCURVE_S1.);
#5338 = LINE('',#5339,#5340);
#5339 = CARTESIAN_POINT('',(134.596096,-135.540173,1.6));
#5340 = VECTOR('',#5341,1.);
#5341 = DIRECTION('',(-0.875223421007,-0.483718888737,0.));
#5342 = PCURVE('',#90,#5343);
#5343 = DEFINITIONAL_REPRESENTATION('',(#5344),#5348);
#5344 = LINE('',#5345,#5346);
#5345 = CARTESIAN_POINT('',(-16.596096,-17.540173));
#5346 = VECTOR('',#5347,1.);
#5347 = DIRECTION('',(0.875223421007,-0.483718888737));
#5348 = ( GEOMETRIC_REPRESENTATION_CONTEXT(2) 
PARAMETRIC_REPRESENTATION_CONTEXT() REPRESENTATION_CONTEXT('2D SPACE',''
  ) );
#5349 = PCURVE('',#912,#5350);
#5350 = DEFINITIONAL_REPRESENTATION('',(#5351),#5355);
#5351 = LINE('',#5352,#5353);
#5352 = CARTESIAN_POINT('',(0.,-1.6));
#5353 = VECTOR('',#5354,1.);
#5354 = DIRECTION('',(1.,0.));
#5355 = ( GEOMETRIC_REPRESENTATION_CONTEXT(2) 
PARAMETRIC_REPRESENTATION_CONTEXT() REPRESENTATION_CONTEXT('2D SPACE',''
  ) );
#5356 = ORIENTED_EDGE('',*,*,#5357,.T.);
#5357 = EDGE_CURVE('',#5335,#5358,#5360,.T.);
#5358 = VERTEX_POINT('',#5359);
#5359 = CARTESIAN_POINT('',(133.990837,-135.83165,1.6));
#5360 = SURFACE_CURVE('',#5361,(#5365,#5372),.PCURVE_S1.);
#5361 = LINE('',#5362,#5363);
#5362 = CARTESIAN_POINT('',(134.301651,-135.702907,1.6));
#5363 = VECTOR('',#5364,1.);
#5364 = DIRECTION('',(-0.92387992574,-0.382682483027,0.));
#5365 = PCURVE('',#90,#5366);
#5366 = DEFINITIONAL_REPRESENTATION('',(#5367),#5371);
#5367 = LINE('',#5368,#5369);
#5368 = CARTESIAN_POINT('',(-16.301651,-17.702907));
#5369 = VECTOR('',#5370,1.);
#5370 = DIRECTION('',(0.92387992574,-0.382682483027));
#5371 = ( GEOMETRIC_REPRESENTATION_CONTEXT(2) 
PARAMETRIC_REPRESENTATION_CONTEXT() REPRESENTATION_CONTEXT('2D SPACE',''
  ) );
#5372 = PCURVE('',#940,#5373);
#5373 = DEFINITIONAL_REPRESENTATION('',(#5374),#5378);
#5374 = LINE('',#5375,#5376);
#5375 = CARTESIAN_POINT('',(0.,-1.6));
#5376 = VECTOR('',#5377,1.);
#5377 = DIRECTION('',(1.,0.));
#5378 = ( GEOMETRIC_REPRESENTATION_CONTEXT(2) 
PARAMETRIC_REPRESENTATION_CONTEXT() REPRESENTATION_CONTEXT('2D SPACE',''
  ) );
#5379 = ORIENTED_EDGE('',*,*,#5380,.T.);
#5380 = EDGE_CURVE('',#5358,#5381,#5383,.T.);
#5381 = VERTEX_POINT('',#5382);
#5382 = CARTESIAN_POINT('',(133.667563,-135.924784,1.6));
#5383 = SURFACE_CURVE('',#5384,(#5388,#5395),.PCURVE_S1.);
#5384 = LINE('',#5385,#5386);
#5385 = CARTESIAN_POINT('',(133.990837,-135.83165,1.6));
#5386 = VECTOR('',#5387,1.);
#5387 = DIRECTION('',(-0.960917033326,-0.276836513242,0.));
#5388 = PCURVE('',#90,#5389);
#5389 = DEFINITIONAL_REPRESENTATION('',(#5390),#5394);
#5390 = LINE('',#5391,#5392);
#5391 = CARTESIAN_POINT('',(-15.990837,-17.83165));
#5392 = VECTOR('',#5393,1.);
#5393 = DIRECTION('',(0.960917033326,-0.276836513242));
#5394 = ( GEOMETRIC_REPRESENTATION_CONTEXT(2) 
PARAMETRIC_REPRESENTATION_CONTEXT() REPRESENTATION_CONTEXT('2D SPACE',''
  ) );
#5395 = PCURVE('',#968,#5396);
#5396 = DEFINITIONAL_REPRESENTATION('',(#5397),#5401);
#5397 = LINE('',#5398,#5399);
#5398 = CARTESIAN_POINT('',(0.,-1.6));
#5399 = VECTOR('',#5400,1.);
#5400 = DIRECTION('',(1.,0.));
#5401 = ( GEOMETRIC_REPRESENTATION_CONTEXT(2) 
PARAMETRIC_REPRESENTATION_CONTEXT() REPRESENTATION_CONTEXT('2D SPACE',''
  ) );
#5402 = ORIENTED_EDGE('',*,*,#5403,.T.);
#5403 = EDGE_CURVE('',#5381,#5404,#5406,.T.);
#5404 = VERTEX_POINT('',#5405);
#5405 = CARTESIAN_POINT('',(133.335893,-135.981137,1.6));
#5406 = SURFACE_CURVE('',#5407,(#5411,#5418),.PCURVE_S1.);
#5407 = LINE('',#5408,#5409);
#5408 = CARTESIAN_POINT('',(133.667563,-135.924784,1.6));
#5409 = VECTOR('',#5410,1.);
#5410 = DIRECTION('',(-0.985871018308,-0.167506224545,0.));
#5411 = PCURVE('',#90,#5412);
#5412 = DEFINITIONAL_REPRESENTATION('',(#5413),#5417);
#5413 = LINE('',#5414,#5415);
#5414 = CARTESIAN_POINT('',(-15.667563,-17.924784));
#5415 = VECTOR('',#5416,1.);
#5416 = DIRECTION('',(0.985871018308,-0.167506224545));
#5417 = ( GEOMETRIC_REPRESENTATION_CONTEXT(2) 
PARAMETRIC_REPRESENTATION_CONTEXT() REPRESENTATION_CONTEXT('2D SPACE',''
  ) );
#5418 = PCURVE('',#996,#5419);
#5419 = DEFINITIONAL_REPRESENTATION('',(#5420),#5424);
#5420 = LINE('',#5421,#5422);
#5421 = CARTESIAN_POINT('',(0.,-1.6));
#5422 = VECTOR('',#5423,1.);
#5423 = DIRECTION('',(1.,0.));
#5424 = ( GEOMETRIC_REPRESENTATION_CONTEXT(2) 
PARAMETRIC_REPRESENTATION_CONTEXT() REPRESENTATION_CONTEXT('2D SPACE',''
  ) );
#5425 = ORIENTED_EDGE('',*,*,#5426,.T.);
#5426 = EDGE_CURVE('',#5404,#5427,#5429,.T.);
#5427 = VERTEX_POINT('',#5428);
#5428 = CARTESIAN_POINT('',(133.,-136.,1.6));
#5429 = SURFACE_CURVE('',#5430,(#5434,#5441),.PCURVE_S1.);
#5430 = LINE('',#5431,#5432);
#5431 = CARTESIAN_POINT('',(133.335893,-135.981137,1.6));
#5432 = VECTOR('',#5433,1.);
#5433 = DIRECTION('',(-0.998426872638,-5.606942121025E-02,0.));
#5434 = PCURVE('',#90,#5435);
#5435 = DEFINITIONAL_REPRESENTATION('',(#5436),#5440);
#5436 = LINE('',#5437,#5438);
#5437 = CARTESIAN_POINT('',(-15.335893,-17.981137));
#5438 = VECTOR('',#5439,1.);
#5439 = DIRECTION('',(0.998426872638,-5.606942121025E-02));
#5440 = ( GEOMETRIC_REPRESENTATION_CONTEXT(2) 
PARAMETRIC_REPRESENTATION_CONTEXT() REPRESENTATION_CONTEXT('2D SPACE',''
  ) );
#5441 = PCURVE('',#1024,#5442);
#5442 = DEFINITIONAL_REPRESENTATION('',(#5443),#5447);
#5443 = LINE('',#5444,#5445);
#5444 = CARTESIAN_POINT('',(0.,-1.6));
#5445 = VECTOR('',#5446,1.);
#5446 = DIRECTION('',(1.,0.));
#5447 = ( GEOMETRIC_REPRESENTATION_CONTEXT(2) 
PARAMETRIC_REPRESENTATION_CONTEXT() REPRESENTATION_CONTEXT('2D SPACE',''
  ) );
#5448 = ORIENTED_EDGE('',*,*,#5449,.T.);
#5449 = EDGE_CURVE('',#5427,#5450,#5452,.T.);
#5450 = VERTEX_POINT('',#5451);
#5451 = CARTESIAN_POINT('',(103.,-136.,1.6));
#5452 = SURFACE_CURVE('',#5453,(#5457,#5464),.PCURVE_S1.);
#5453 = LINE('',#5454,#5455);
#5454 = CARTESIAN_POINT('',(133.,-136.,1.6));
#5455 = VECTOR('',#5456,1.);
#5456 = DIRECTION('',(-1.,0.,0.));
#5457 = PCURVE('',#90,#5458);
#5458 = DEFINITIONAL_REPRESENTATION('',(#5459),#5463);
#5459 = LINE('',#5460,#5461);
#5460 = CARTESIAN_POINT('',(-15.,-18.));
#5461 = VECTOR('',#5462,1.);
#5462 = DIRECTION('',(1.,0.));
#5463 = ( GEOMETRIC_REPRESENTATION_CONTEXT(2) 
PARAMETRIC_REPRESENTATION_CONTEXT() REPRESENTATION_CONTEXT('2D SPACE',''
  ) );
#5464 = PCURVE('',#1052,#5465);
#5465 = DEFINITIONAL_REPRESENTATION('',(#5466),#5470);
#5466 = LINE('',#5467,#5468);
#5467 = CARTESIAN_POINT('',(0.,-1.6));
#5468 = VECTOR('',#5469,1.);
#5469 = DIRECTION('',(1.,0.));
#5470 = ( GEOMETRIC_REPRESENTATION_CONTEXT(2) 
PARAMETRIC_REPRESENTATION_CONTEXT() REPRESENTATION_CONTEXT('2D SPACE',''
  ) );
#5471 = ORIENTED_EDGE('',*,*,#5472,.T.);
#5472 = EDGE_CURVE('',#5450,#5473,#5475,.T.);
#5473 = VERTEX_POINT('',#5474);
#5474 = CARTESIAN_POINT('',(102.664107,-135.981137,1.6));
#5475 = SURFACE_CURVE('',#5476,(#5480,#5487),.PCURVE_S1.);
#5476 = LINE('',#5477,#5478);
#5477 = CARTESIAN_POINT('',(103.,-136.,1.6));
#5478 = VECTOR('',#5479,1.);
#5479 = DIRECTION('',(-0.998426872638,5.606942121025E-02,0.));
#5480 = PCURVE('',#90,#5481);
#5481 = DEFINITIONAL_REPRESENTATION('',(#5482),#5486);
#5482 = LINE('',#5483,#5484);
#5483 = CARTESIAN_POINT('',(15.,-18.));
#5484 = VECTOR('',#5485,1.);
#5485 = DIRECTION('',(0.998426872638,5.606942121025E-02));
#5486 = ( GEOMETRIC_REPRESENTATION_CONTEXT(2) 
PARAMETRIC_REPRESENTATION_CONTEXT() REPRESENTATION_CONTEXT('2D SPACE',''
  ) );
#5487 = PCURVE('',#1080,#5488);
#5488 = DEFINITIONAL_REPRESENTATION('',(#5489),#5493);
#5489 = LINE('',#5490,#5491);
#5490 = CARTESIAN_POINT('',(0.,-1.6));
#5491 = VECTOR('',#5492,1.);
#5492 = DIRECTION('',(1.,0.));
#5493 = ( GEOMETRIC_REPRESENTATION_CONTEXT(2) 
PARAMETRIC_REPRESENTATION_CONTEXT() REPRESENTATION_CONTEXT('2D SPACE',''
  ) );
#5494 = ORIENTED_EDGE('',*,*,#5495,.T.);
#5495 = EDGE_CURVE('',#5473,#5496,#5498,.T.);
#5496 = VERTEX_POINT('',#5497);
#5497 = CARTESIAN_POINT('',(102.332437,-135.924784,1.6));
#5498 = SURFACE_CURVE('',#5499,(#5503,#5510),.PCURVE_S1.);
#5499 = LINE('',#5500,#5501);
#5500 = CARTESIAN_POINT('',(102.664107,-135.981137,1.6));
#5501 = VECTOR('',#5502,1.);
#5502 = DIRECTION('',(-0.985871018308,0.167506224545,0.));
#5503 = PCURVE('',#90,#5504);
#5504 = DEFINITIONAL_REPRESENTATION('',(#5505),#5509);
#5505 = LINE('',#5506,#5507);
#5506 = CARTESIAN_POINT('',(15.335893,-17.981137));
#5507 = VECTOR('',#5508,1.);
#5508 = DIRECTION('',(0.985871018308,0.167506224545));
#5509 = ( GEOMETRIC_REPRESENTATION_CONTEXT(2) 
PARAMETRIC_REPRESENTATION_CONTEXT() REPRESENTATION_CONTEXT('2D SPACE',''
  ) );
#5510 = PCURVE('',#1108,#5511);
#5511 = DEFINITIONAL_REPRESENTATION('',(#5512),#5516);
#5512 = LINE('',#5513,#5514);
#5513 = CARTESIAN_POINT('',(0.,-1.6));
#5514 = VECTOR('',#5515,1.);
#5515 = DIRECTION('',(1.,0.));
#5516 = ( GEOMETRIC_REPRESENTATION_CONTEXT(2) 
PARAMETRIC_REPRESENTATION_CONTEXT() REPRESENTATION_CONTEXT('2D SPACE',''
  ) );
#5517 = ORIENTED_EDGE('',*,*,#5518,.T.);
#5518 = EDGE_CURVE('',#5496,#5519,#5521,.T.);
#5519 = VERTEX_POINT('',#5520);
#5520 = CARTESIAN_POINT('',(102.009163,-135.83165,1.6));
#5521 = SURFACE_CURVE('',#5522,(#5526,#5533),.PCURVE_S1.);
#5522 = LINE('',#5523,#5524);
#5523 = CARTESIAN_POINT('',(102.332437,-135.924784,1.6));
#5524 = VECTOR('',#5525,1.);
#5525 = DIRECTION('',(-0.960917033326,0.276836513242,0.));
#5526 = PCURVE('',#90,#5527);
#5527 = DEFINITIONAL_REPRESENTATION('',(#5528),#5532);
#5528 = LINE('',#5529,#5530);
#5529 = CARTESIAN_POINT('',(15.667563,-17.924784));
#5530 = VECTOR('',#5531,1.);
#5531 = DIRECTION('',(0.960917033326,0.276836513242));
#5532 = ( GEOMETRIC_REPRESENTATION_CONTEXT(2) 
PARAMETRIC_REPRESENTATION_CONTEXT() REPRESENTATION_CONTEXT('2D SPACE',''
  ) );
#5533 = PCURVE('',#1136,#5534);
#5534 = DEFINITIONAL_REPRESENTATION('',(#5535),#5539);
#5535 = LINE('',#5536,#5537);
#5536 = CARTESIAN_POINT('',(0.,-1.6));
#5537 = VECTOR('',#5538,1.);
#5538 = DIRECTION('',(1.,0.));
#5539 = ( GEOMETRIC_REPRESENTATION_CONTEXT(2) 
PARAMETRIC_REPRESENTATION_CONTEXT() REPRESENTATION_CONTEXT('2D SPACE',''
  ) );
#5540 = ORIENTED_EDGE('',*,*,#5541,.T.);
#5541 = EDGE_CURVE('',#5519,#5542,#5544,.T.);
#5542 = VERTEX_POINT('',#5543);
#5543 = CARTESIAN_POINT('',(101.698349,-135.702907,1.6));
#5544 = SURFACE_CURVE('',#5545,(#5549,#5556),.PCURVE_S1.);
#5545 = LINE('',#5546,#5547);
#5546 = CARTESIAN_POINT('',(102.009163,-135.83165,1.6));
#5547 = VECTOR('',#5548,1.);
#5548 = DIRECTION('',(-0.92387992574,0.382682483027,0.));
#5549 = PCURVE('',#90,#5550);
#5550 = DEFINITIONAL_REPRESENTATION('',(#5551),#5555);
#5551 = LINE('',#5552,#5553);
#5552 = CARTESIAN_POINT('',(15.990837,-17.83165));
#5553 = VECTOR('',#5554,1.);
#5554 = DIRECTION('',(0.92387992574,0.382682483027));
#5555 = ( GEOMETRIC_REPRESENTATION_CONTEXT(2) 
PARAMETRIC_REPRESENTATION_CONTEXT() REPRESENTATION_CONTEXT('2D SPACE',''
  ) );
#5556 = PCURVE('',#1164,#5557);
#5557 = DEFINITIONAL_REPRESENTATION('',(#5558),#5562);
#5558 = LINE('',#5559,#5560);
#5559 = CARTESIAN_POINT('',(0.,-1.6));
#5560 = VECTOR('',#5561,1.);
#5561 = DIRECTION('',(1.,0.));
#5562 = ( GEOMETRIC_REPRESENTATION_CONTEXT(2) 
PARAMETRIC_REPRESENTATION_CONTEXT() REPRESENTATION_CONTEXT('2D SPACE',''
  ) );
#5563 = ORIENTED_EDGE('',*,*,#5564,.T.);
#5564 = EDGE_CURVE('',#5542,#5565,#5567,.T.);
#5565 = VERTEX_POINT('',#5566);
#5566 = CARTESIAN_POINT('',(101.403904,-135.540173,1.6));
#5567 = SURFACE_CURVE('',#5568,(#5572,#5579),.PCURVE_S1.);
#5568 = LINE('',#5569,#5570);
#5569 = CARTESIAN_POINT('',(101.698349,-135.702907,1.6));
#5570 = VECTOR('',#5571,1.);
#5571 = DIRECTION('',(-0.875223421007,0.483718888737,0.));
#5572 = PCURVE('',#90,#5573);
#5573 = DEFINITIONAL_REPRESENTATION('',(#5574),#5578);
#5574 = LINE('',#5575,#5576);
#5575 = CARTESIAN_POINT('',(16.301651,-17.702907));
#5576 = VECTOR('',#5577,1.);
#5577 = DIRECTION('',(0.875223421007,0.483718888737));
#5578 = ( GEOMETRIC_REPRESENTATION_CONTEXT(2) 
PARAMETRIC_REPRESENTATION_CONTEXT() REPRESENTATION_CONTEXT('2D SPACE',''
  ) );
#5579 = PCURVE('',#1192,#5580);
#5580 = DEFINITIONAL_REPRESENTATION('',(#5581),#5585);
#5581 = LINE('',#5582,#5583);
#5582 = CARTESIAN_POINT('',(0.,-1.6));
#5583 = VECTOR('',#5584,1.);
#5584 = DIRECTION('',(1.,0.));
#5585 = ( GEOMETRIC_REPRESENTATION_CONTEXT(2) 
PARAMETRIC_REPRESENTATION_CONTEXT() REPRESENTATION_CONTEXT('2D SPACE',''
  ) );
#5586 = ORIENTED_EDGE('',*,*,#5587,.T.);
#5587 = EDGE_CURVE('',#5565,#5588,#5590,.T.);
#5588 = VERTEX_POINT('',#5589);
#5589 = CARTESIAN_POINT('',(101.129531,-135.345494,1.6));
#5590 = SURFACE_CURVE('',#5591,(#5595,#5602),.PCURVE_S1.);
#5591 = LINE('',#5592,#5593);
#5592 = CARTESIAN_POINT('',(101.403904,-135.540173,1.6));
#5593 = VECTOR('',#5594,1.);
#5594 = DIRECTION('',(-0.815559501739,0.578673223091,0.));
#5595 = PCURVE('',#90,#5596);
#5596 = DEFINITIONAL_REPRESENTATION('',(#5597),#5601);
#5597 = LINE('',#5598,#5599);
#5598 = CARTESIAN_POINT('',(16.596096,-17.540173));
#5599 = VECTOR('',#5600,1.);
#5600 = DIRECTION('',(0.815559501739,0.578673223091));
#5601 = ( GEOMETRIC_REPRESENTATION_CONTEXT(2) 
PARAMETRIC_REPRESENTATION_CONTEXT() REPRESENTATION_CONTEXT('2D SPACE',''
  ) );
#5602 = PCURVE('',#1220,#5603);
#5603 = DEFINITIONAL_REPRESENTATION('',(#5604),#5608);
#5604 = LINE('',#5605,#5606);
#5605 = CARTESIAN_POINT('',(0.,-1.6));
#5606 = VECTOR('',#5607,1.);
#5607 = DIRECTION('',(1.,0.));
#5608 = ( GEOMETRIC_REPRESENTATION_CONTEXT(2) 
PARAMETRIC_REPRESENTATION_CONTEXT() REPRESENTATION_CONTEXT('2D SPACE',''
  ) );
#5609 = ORIENTED_EDGE('',*,*,#5610,.T.);
#5610 = EDGE_CURVE('',#5588,#5611,#5613,.T.);
#5611 = VERTEX_POINT('',#5612);
#5612 = CARTESIAN_POINT('',(100.87868,-135.12132,1.6));
#5613 = SURFACE_CURVE('',#5614,(#5618,#5625),.PCURVE_S1.);
#5614 = LINE('',#5615,#5616);
#5615 = CARTESIAN_POINT('',(101.129531,-135.345494,1.6));
#5616 = VECTOR('',#5617,1.);
#5617 = DIRECTION('',(-0.7456424001,0.666346314744,0.));
#5618 = PCURVE('',#90,#5619);
#5619 = DEFINITIONAL_REPRESENTATION('',(#5620),#5624);
#5620 = LINE('',#5621,#5622);
#5621 = CARTESIAN_POINT('',(16.870469,-17.345494));
#5622 = VECTOR('',#5623,1.);
#5623 = DIRECTION('',(0.7456424001,0.666346314744));
#5624 = ( GEOMETRIC_REPRESENTATION_CONTEXT(2) 
PARAMETRIC_REPRESENTATION_CONTEXT() REPRESENTATION_CONTEXT('2D SPACE',''
  ) );
#5625 = PCURVE('',#1248,#5626);
#5626 = DEFINITIONAL_REPRESENTATION('',(#5627),#5631);
#5627 = LINE('',#5628,#5629);
#5628 = CARTESIAN_POINT('',(0.,-1.6));
#5629 = VECTOR('',#5630,1.);
#5630 = DIRECTION('',(1.,0.));
#5631 = ( GEOMETRIC_REPRESENTATION_CONTEXT(2) 
PARAMETRIC_REPRESENTATION_CONTEXT() REPRESENTATION_CONTEXT('2D SPACE',''
  ) );
#5632 = ORIENTED_EDGE('',*,*,#5633,.T.);
#5633 = EDGE_CURVE('',#5611,#5634,#5636,.T.);
#5634 = VERTEX_POINT('',#5635);
#5635 = CARTESIAN_POINT('',(100.654506,-134.870469,1.6));
#5636 = SURFACE_CURVE('',#5637,(#5641,#5648),.PCURVE_S1.);
#5637 = LINE('',#5638,#5639);
#5638 = CARTESIAN_POINT('',(100.87868,-135.12132,1.6));
#5639 = VECTOR('',#5640,1.);
#5640 = DIRECTION('',(-0.666346314744,0.7456424001,0.));
#5641 = PCURVE('',#90,#5642);
#5642 = DEFINITIONAL_REPRESENTATION('',(#5643),#5647);
#5643 = LINE('',#5644,#5645);
#5644 = CARTESIAN_POINT('',(17.12132,-17.12132));
#5645 = VECTOR('',#5646,1.);
#5646 = DIRECTION('',(0.666346314744,0.7456424001));
#5647 = ( GEOMETRIC_REPRESENTATION_CONTEXT(2) 
PARAMETRIC_REPRESENTATION_CONTEXT() REPRESENTATION_CONTEXT('2D SPACE',''
  ) );
#5648 = PCURVE('',#1276,#5649);
#5649 = DEFINITIONAL_REPRESENTATION('',(#5650),#5654);
#5650 = LINE('',#5651,#5652);
#5651 = CARTESIAN_POINT('',(0.,-1.6));
#5652 = VECTOR('',#5653,1.);
#5653 = DIRECTION('',(1.,0.));
#5654 = ( GEOMETRIC_REPRESENTATION_CONTEXT(2) 
PARAMETRIC_REPRESENTATION_CONTEXT() REPRESENTATION_CONTEXT('2D SPACE',''
  ) );
#5655 = ORIENTED_EDGE('',*,*,#5656,.T.);
#5656 = EDGE_CURVE('',#5634,#5657,#5659,.T.);
#5657 = VERTEX_POINT('',#5658);
#5658 = CARTESIAN_POINT('',(100.459827,-134.596096,1.6));
#5659 = SURFACE_CURVE('',#5660,(#5664,#5671),.PCURVE_S1.);
#5660 = LINE('',#5661,#5662);
#5661 = CARTESIAN_POINT('',(100.654506,-134.870469,1.6));
#5662 = VECTOR('',#5663,1.);
#5663 = DIRECTION('',(-0.578673223091,0.815559501739,0.));
#5664 = PCURVE('',#90,#5665);
#5665 = DEFINITIONAL_REPRESENTATION('',(#5666),#5670);
#5666 = LINE('',#5667,#5668);
#5667 = CARTESIAN_POINT('',(17.345494,-16.870469));
#5668 = VECTOR('',#5669,1.);
#5669 = DIRECTION('',(0.578673223091,0.815559501739));
#5670 = ( GEOMETRIC_REPRESENTATION_CONTEXT(2) 
PARAMETRIC_REPRESENTATION_CONTEXT() REPRESENTATION_CONTEXT('2D SPACE',''
  ) );
#5671 = PCURVE('',#1304,#5672);
#5672 = DEFINITIONAL_REPRESENTATION('',(#5673),#5677);
#5673 = LINE('',#5674,#5675);
#5674 = CARTESIAN_POINT('',(0.,-1.6));
#5675 = VECTOR('',#5676,1.);
#5676 = DIRECTION('',(1.,0.));
#5677 = ( GEOMETRIC_REPRESENTATION_CONTEXT(2) 
PARAMETRIC_REPRESENTATION_CONTEXT() REPRESENTATION_CONTEXT('2D SPACE',''
  ) );
#5678 = ORIENTED_EDGE('',*,*,#5679,.T.);
#5679 = EDGE_CURVE('',#5657,#5680,#5682,.T.);
#5680 = VERTEX_POINT('',#5681);
#5681 = CARTESIAN_POINT('',(100.297093,-134.301651,1.6));
#5682 = SURFACE_CURVE('',#5683,(#5687,#5694),.PCURVE_S1.);
#5683 = LINE('',#5684,#5685);
#5684 = CARTESIAN_POINT('',(100.459827,-134.596096,1.6));
#5685 = VECTOR('',#5686,1.);
#5686 = DIRECTION('',(-0.483718888737,0.875223421007,0.));
#5687 = PCURVE('',#90,#5688);
#5688 = DEFINITIONAL_REPRESENTATION('',(#5689),#5693);
#5689 = LINE('',#5690,#5691);
#5690 = CARTESIAN_POINT('',(17.540173,-16.596096));
#5691 = VECTOR('',#5692,1.);
#5692 = DIRECTION('',(0.483718888737,0.875223421007));
#5693 = ( GEOMETRIC_REPRESENTATION_CONTEXT(2) 
PARAMETRIC_REPRESENTATION_CONTEXT() REPRESENTATION_CONTEXT('2D SPACE',''
  ) );
#5694 = PCURVE('',#1332,#5695);
#5695 = DEFINITIONAL_REPRESENTATION('',(#5696),#5700);
#5696 = LINE('',#5697,#5698);
#5697 = CARTESIAN_POINT('',(0.,-1.6));
#5698 = VECTOR('',#5699,1.);
#5699 = DIRECTION('',(1.,0.));
#5700 = ( GEOMETRIC_REPRESENTATION_CONTEXT(2) 
PARAMETRIC_REPRESENTATION_CONTEXT() REPRESENTATION_CONTEXT('2D SPACE',''
  ) );
#5701 = ORIENTED_EDGE('',*,*,#5702,.T.);
#5702 = EDGE_CURVE('',#5680,#5703,#5705,.T.);
#5703 = VERTEX_POINT('',#5704);
#5704 = CARTESIAN_POINT('',(100.16835,-133.990837,1.6));
#5705 = SURFACE_CURVE('',#5706,(#5710,#5717),.PCURVE_S1.);
#5706 = LINE('',#5707,#5708);
#5707 = CARTESIAN_POINT('',(100.297093,-134.301651,1.6));
#5708 = VECTOR('',#5709,1.);
#5709 = DIRECTION('',(-0.382682483027,0.92387992574,0.));
#5710 = PCURVE('',#90,#5711);
#5711 = DEFINITIONAL_REPRESENTATION('',(#5712),#5716);
#5712 = LINE('',#5713,#5714);
#5713 = CARTESIAN_POINT('',(17.702907,-16.301651));
#5714 = VECTOR('',#5715,1.);
#5715 = DIRECTION('',(0.382682483027,0.92387992574));
#5716 = ( GEOMETRIC_REPRESENTATION_CONTEXT(2) 
PARAMETRIC_REPRESENTATION_CONTEXT() REPRESENTATION_CONTEXT('2D SPACE',''
  ) );
#5717 = PCURVE('',#1360,#5718);
#5718 = DEFINITIONAL_REPRESENTATION('',(#5719),#5723);
#5719 = LINE('',#5720,#5721);
#5720 = CARTESIAN_POINT('',(0.,-1.6));
#5721 = VECTOR('',#5722,1.);
#5722 = DIRECTION('',(1.,0.));
#5723 = ( GEOMETRIC_REPRESENTATION_CONTEXT(2) 
PARAMETRIC_REPRESENTATION_CONTEXT() REPRESENTATION_CONTEXT('2D SPACE',''
  ) );
#5724 = ORIENTED_EDGE('',*,*,#5725,.T.);
#5725 = EDGE_CURVE('',#5703,#5726,#5728,.T.);
#5726 = VERTEX_POINT('',#5727);
#5727 = CARTESIAN_POINT('',(100.075216,-133.667563,1.6));
#5728 = SURFACE_CURVE('',#5729,(#5733,#5740),.PCURVE_S1.);
#5729 = LINE('',#5730,#5731);
#5730 = CARTESIAN_POINT('',(100.16835,-133.990837,1.6));
#5731 = VECTOR('',#5732,1.);
#5732 = DIRECTION('',(-0.276836513242,0.960917033326,0.));
#5733 = PCURVE('',#90,#5734);
#5734 = DEFINITIONAL_REPRESENTATION('',(#5735),#5739);
#5735 = LINE('',#5736,#5737);
#5736 = CARTESIAN_POINT('',(17.83165,-15.990837));
#5737 = VECTOR('',#5738,1.);
#5738 = DIRECTION('',(0.276836513242,0.960917033326));
#5739 = ( GEOMETRIC_REPRESENTATION_CONTEXT(2) 
PARAMETRIC_REPRESENTATION_CONTEXT() REPRESENTATION_CONTEXT('2D SPACE',''
  ) );
#5740 = PCURVE('',#1388,#5741);
#5741 = DEFINITIONAL_REPRESENTATION('',(#5742),#5746);
#5742 = LINE('',#5743,#5744);
#5743 = CARTESIAN_POINT('',(0.,-1.6));
#5744 = VECTOR('',#5745,1.);
#5745 = DIRECTION('',(1.,0.));
#5746 = ( GEOMETRIC_REPRESENTATION_CONTEXT(2) 
PARAMETRIC_REPRESENTATION_CONTEXT() REPRESENTATION_CONTEXT('2D SPACE',''
  ) );
#5747 = ORIENTED_EDGE('',*,*,#5748,.T.);
#5748 = EDGE_CURVE('',#5726,#5749,#5751,.T.);
#5749 = VERTEX_POINT('',#5750);
#5750 = CARTESIAN_POINT('',(100.018863,-133.335893,1.6));
#5751 = SURFACE_CURVE('',#5752,(#5756,#5763),.PCURVE_S1.);
#5752 = LINE('',#5753,#5754);
#5753 = CARTESIAN_POINT('',(100.075216,-133.667563,1.6));
#5754 = VECTOR('',#5755,1.);
#5755 = DIRECTION('',(-0.167506224545,0.985871018308,0.));
#5756 = PCURVE('',#90,#5757);
#5757 = DEFINITIONAL_REPRESENTATION('',(#5758),#5762);
#5758 = LINE('',#5759,#5760);
#5759 = CARTESIAN_POINT('',(17.924784,-15.667563));
#5760 = VECTOR('',#5761,1.);
#5761 = DIRECTION('',(0.167506224545,0.985871018308));
#5762 = ( GEOMETRIC_REPRESENTATION_CONTEXT(2) 
PARAMETRIC_REPRESENTATION_CONTEXT() REPRESENTATION_CONTEXT('2D SPACE',''
  ) );
#5763 = PCURVE('',#1416,#5764);
#5764 = DEFINITIONAL_REPRESENTATION('',(#5765),#5769);
#5765 = LINE('',#5766,#5767);
#5766 = CARTESIAN_POINT('',(0.,-1.6));
#5767 = VECTOR('',#5768,1.);
#5768 = DIRECTION('',(1.,0.));
#5769 = ( GEOMETRIC_REPRESENTATION_CONTEXT(2) 
PARAMETRIC_REPRESENTATION_CONTEXT() REPRESENTATION_CONTEXT('2D SPACE',''
  ) );
#5770 = ORIENTED_EDGE('',*,*,#5771,.T.);
#5771 = EDGE_CURVE('',#5749,#5772,#5774,.T.);
#5772 = VERTEX_POINT('',#5773);
#5773 = CARTESIAN_POINT('',(100.,-133.,1.6));
#5774 = SURFACE_CURVE('',#5775,(#5779,#5786),.PCURVE_S1.);
#5775 = LINE('',#5776,#5777);
#5776 = CARTESIAN_POINT('',(100.018863,-133.335893,1.6));
#5777 = VECTOR('',#5778,1.);
#5778 = DIRECTION('',(-5.606942121021E-02,0.998426872638,0.));
#5779 = PCURVE('',#90,#5780);
#5780 = DEFINITIONAL_REPRESENTATION('',(#5781),#5785);
#5781 = LINE('',#5782,#5783);
#5782 = CARTESIAN_POINT('',(17.981137,-15.335893));
#5783 = VECTOR('',#5784,1.);
#5784 = DIRECTION('',(5.606942121021E-02,0.998426872638));
#5785 = ( GEOMETRIC_REPRESENTATION_CONTEXT(2) 
PARAMETRIC_REPRESENTATION_CONTEXT() REPRESENTATION_CONTEXT('2D SPACE',''
  ) );
#5786 = PCURVE('',#1444,#5787);
#5787 = DEFINITIONAL_REPRESENTATION('',(#5788),#5792);
#5788 = LINE('',#5789,#5790);
#5789 = CARTESIAN_POINT('',(0.,-1.6));
#5790 = VECTOR('',#5791,1.);
#5791 = DIRECTION('',(1.,0.));
#5792 = ( GEOMETRIC_REPRESENTATION_CONTEXT(2) 
PARAMETRIC_REPRESENTATION_CONTEXT() REPRESENTATION_CONTEXT('2D SPACE',''
  ) );
#5793 = ORIENTED_EDGE('',*,*,#5794,.T.);
#5794 = EDGE_CURVE('',#5772,#5795,#5797,.T.);
#5795 = VERTEX_POINT('',#5796);
#5796 = CARTESIAN_POINT('',(100.,-103.,1.6));
#5797 = SURFACE_CURVE('',#5798,(#5802,#5809),.PCURVE_S1.);
#5798 = LINE('',#5799,#5800);
#5799 = CARTESIAN_POINT('',(100.,-133.,1.6));
#5800 = VECTOR('',#5801,1.);
#5801 = DIRECTION('',(0.,1.,0.));
#5802 = PCURVE('',#90,#5803);
#5803 = DEFINITIONAL_REPRESENTATION('',(#5804),#5808);
#5804 = LINE('',#5805,#5806);
#5805 = CARTESIAN_POINT('',(18.,-15.));
#5806 = VECTOR('',#5807,1.);
#5807 = DIRECTION('',(0.,1.));
#5808 = ( GEOMETRIC_REPRESENTATION_CONTEXT(2) 
PARAMETRIC_REPRESENTATION_CONTEXT() REPRESENTATION_CONTEXT('2D SPACE',''
  ) );
#5809 = PCURVE('',#1472,#5810);
#5810 = DEFINITIONAL_REPRESENTATION('',(#5811),#5815);
#5811 = LINE('',#5812,#5813);
#5812 = CARTESIAN_POINT('',(0.,-1.6));
#5813 = VECTOR('',#5814,1.);
#5814 = DIRECTION('',(1.,0.));
#5815 = ( GEOMETRIC_REPRESENTATION_CONTEXT(2) 
PARAMETRIC_REPRESENTATION_CONTEXT() REPRESENTATION_CONTEXT('2D SPACE',''
  ) );
#5816 = ORIENTED_EDGE('',*,*,#5817,.T.);
#5817 = EDGE_CURVE('',#5795,#5818,#5820,.T.);
#5818 = VERTEX_POINT('',#5819);
#5819 = CARTESIAN_POINT('',(100.018863,-102.664107,1.6));
#5820 = SURFACE_CURVE('',#5821,(#5825,#5832),.PCURVE_S1.);
#5821 = LINE('',#5822,#5823);
#5822 = CARTESIAN_POINT('',(100.,-103.,1.6));
#5823 = VECTOR('',#5824,1.);
#5824 = DIRECTION('',(5.606942121021E-02,0.998426872638,0.));
#5825 = PCURVE('',#90,#5826);
#5826 = DEFINITIONAL_REPRESENTATION('',(#5827),#5831);
#5827 = LINE('',#5828,#5829);
#5828 = CARTESIAN_POINT('',(18.,15.));
#5829 = VECTOR('',#5830,1.);
#5830 = DIRECTION('',(-5.606942121021E-02,0.998426872638));
#5831 = ( GEOMETRIC_REPRESENTATION_CONTEXT(2) 
PARAMETRIC_REPRESENTATION_CONTEXT() REPRESENTATION_CONTEXT('2D SPACE',''
  ) );
#5832 = PCURVE('',#1500,#5833);
#5833 = DEFINITIONAL_REPRESENTATION('',(#5834),#5838);
#5834 = LINE('',#5835,#5836);
#5835 = CARTESIAN_POINT('',(0.,-1.6));
#5836 = VECTOR('',#5837,1.);
#5837 = DIRECTION('',(1.,0.));
#5838 = ( GEOMETRIC_REPRESENTATION_CONTEXT(2) 
PARAMETRIC_REPRESENTATION_CONTEXT() REPRESENTATION_CONTEXT('2D SPACE',''
  ) );
#5839 = ORIENTED_EDGE('',*,*,#5840,.T.);
#5840 = EDGE_CURVE('',#5818,#5841,#5843,.T.);
#5841 = VERTEX_POINT('',#5842);
#5842 = CARTESIAN_POINT('',(100.075216,-102.332437,1.6));
#5843 = SURFACE_CURVE('',#5844,(#5848,#5855),.PCURVE_S1.);
#5844 = LINE('',#5845,#5846);
#5845 = CARTESIAN_POINT('',(100.018863,-102.664107,1.6));
#5846 = VECTOR('',#5847,1.);
#5847 = DIRECTION('',(0.167506224545,0.985871018308,0.));
#5848 = PCURVE('',#90,#5849);
#5849 = DEFINITIONAL_REPRESENTATION('',(#5850),#5854);
#5850 = LINE('',#5851,#5852);
#5851 = CARTESIAN_POINT('',(17.981137,15.335893));
#5852 = VECTOR('',#5853,1.);
#5853 = DIRECTION('',(-0.167506224545,0.985871018308));
#5854 = ( GEOMETRIC_REPRESENTATION_CONTEXT(2) 
PARAMETRIC_REPRESENTATION_CONTEXT() REPRESENTATION_CONTEXT('2D SPACE',''
  ) );
#5855 = PCURVE('',#1528,#5856);
#5856 = DEFINITIONAL_REPRESENTATION('',(#5857),#5861);
#5857 = LINE('',#5858,#5859);
#5858 = CARTESIAN_POINT('',(0.,-1.6));
#5859 = VECTOR('',#5860,1.);
#5860 = DIRECTION('',(1.,0.));
#5861 = ( GEOMETRIC_REPRESENTATION_CONTEXT(2) 
PARAMETRIC_REPRESENTATION_CONTEXT() REPRESENTATION_CONTEXT('2D SPACE',''
  ) );
#5862 = ORIENTED_EDGE('',*,*,#5863,.T.);
#5863 = EDGE_CURVE('',#5841,#5864,#5866,.T.);
#5864 = VERTEX_POINT('',#5865);
#5865 = CARTESIAN_POINT('',(100.16835,-102.009163,1.6));
#5866 = SURFACE_CURVE('',#5867,(#5871,#5878),.PCURVE_S1.);
#5867 = LINE('',#5868,#5869);
#5868 = CARTESIAN_POINT('',(100.075216,-102.332437,1.6));
#5869 = VECTOR('',#5870,1.);
#5870 = DIRECTION('',(0.276836513242,0.960917033326,0.));
#5871 = PCURVE('',#90,#5872);
#5872 = DEFINITIONAL_REPRESENTATION('',(#5873),#5877);
#5873 = LINE('',#5874,#5875);
#5874 = CARTESIAN_POINT('',(17.924784,15.667563));
#5875 = VECTOR('',#5876,1.);
#5876 = DIRECTION('',(-0.276836513242,0.960917033326));
#5877 = ( GEOMETRIC_REPRESENTATION_CONTEXT(2) 
PARAMETRIC_REPRESENTATION_CONTEXT() REPRESENTATION_CONTEXT('2D SPACE',''
  ) );
#5878 = PCURVE('',#1556,#5879);
#5879 = DEFINITIONAL_REPRESENTATION('',(#5880),#5884);
#5880 = LINE('',#5881,#5882);
#5881 = CARTESIAN_POINT('',(0.,-1.6));
#5882 = VECTOR('',#5883,1.);
#5883 = DIRECTION('',(1.,0.));
#5884 = ( GEOMETRIC_REPRESENTATION_CONTEXT(2) 
PARAMETRIC_REPRESENTATION_CONTEXT() REPRESENTATION_CONTEXT('2D SPACE',''
  ) );
#5885 = ORIENTED_EDGE('',*,*,#5886,.T.);
#5886 = EDGE_CURVE('',#5864,#5887,#5889,.T.);
#5887 = VERTEX_POINT('',#5888);
#5888 = CARTESIAN_POINT('',(100.297093,-101.698349,1.6));
#5889 = SURFACE_CURVE('',#5890,(#5894,#5901),.PCURVE_S1.);
#5890 = LINE('',#5891,#5892);
#5891 = CARTESIAN_POINT('',(100.16835,-102.009163,1.6));
#5892 = VECTOR('',#5893,1.);
#5893 = DIRECTION('',(0.382682483027,0.92387992574,0.));
#5894 = PCURVE('',#90,#5895);
#5895 = DEFINITIONAL_REPRESENTATION('',(#5896),#5900);
#5896 = LINE('',#5897,#5898);
#5897 = CARTESIAN_POINT('',(17.83165,15.990837));
#5898 = VECTOR('',#5899,1.);
#5899 = DIRECTION('',(-0.382682483027,0.92387992574));
#5900 = ( GEOMETRIC_REPRESENTATION_CONTEXT(2) 
PARAMETRIC_REPRESENTATION_CONTEXT() REPRESENTATION_CONTEXT('2D SPACE',''
  ) );
#5901 = PCURVE('',#1584,#5902);
#5902 = DEFINITIONAL_REPRESENTATION('',(#5903),#5907);
#5903 = LINE('',#5904,#5905);
#5904 = CARTESIAN_POINT('',(0.,-1.6));
#5905 = VECTOR('',#5906,1.);
#5906 = DIRECTION('',(1.,0.));
#5907 = ( GEOMETRIC_REPRESENTATION_CONTEXT(2) 
PARAMETRIC_REPRESENTATION_CONTEXT() REPRESENTATION_CONTEXT('2D SPACE',''
  ) );
#5908 = ORIENTED_EDGE('',*,*,#5909,.T.);
#5909 = EDGE_CURVE('',#5887,#5910,#5912,.T.);
#5910 = VERTEX_POINT('',#5911);
#5911 = CARTESIAN_POINT('',(100.459827,-101.403904,1.6));
#5912 = SURFACE_CURVE('',#5913,(#5917,#5924),.PCURVE_S1.);
#5913 = LINE('',#5914,#5915);
#5914 = CARTESIAN_POINT('',(100.297093,-101.698349,1.6));
#5915 = VECTOR('',#5916,1.);
#5916 = DIRECTION('',(0.483718888737,0.875223421007,0.));
#5917 = PCURVE('',#90,#5918);
#5918 = DEFINITIONAL_REPRESENTATION('',(#5919),#5923);
#5919 = LINE('',#5920,#5921);
#5920 = CARTESIAN_POINT('',(17.702907,16.301651));
#5921 = VECTOR('',#5922,1.);
#5922 = DIRECTION('',(-0.483718888737,0.875223421007));
#5923 = ( GEOMETRIC_REPRESENTATION_CONTEXT(2) 
PARAMETRIC_REPRESENTATION_CONTEXT() REPRESENTATION_CONTEXT('2D SPACE',''
  ) );
#5924 = PCURVE('',#1612,#5925);
#5925 = DEFINITIONAL_REPRESENTATION('',(#5926),#5930);
#5926 = LINE('',#5927,#5928);
#5927 = CARTESIAN_POINT('',(0.,-1.6));
#5928 = VECTOR('',#5929,1.);
#5929 = DIRECTION('',(1.,0.));
#5930 = ( GEOMETRIC_REPRESENTATION_CONTEXT(2) 
PARAMETRIC_REPRESENTATION_CONTEXT() REPRESENTATION_CONTEXT('2D SPACE',''
  ) );
#5931 = ORIENTED_EDGE('',*,*,#5932,.T.);
#5932 = EDGE_CURVE('',#5910,#5933,#5935,.T.);
#5933 = VERTEX_POINT('',#5934);
#5934 = CARTESIAN_POINT('',(100.654506,-101.129531,1.6));
#5935 = SURFACE_CURVE('',#5936,(#5940,#5947),.PCURVE_S1.);
#5936 = LINE('',#5937,#5938);
#5937 = CARTESIAN_POINT('',(100.459827,-101.403904,1.6));
#5938 = VECTOR('',#5939,1.);
#5939 = DIRECTION('',(0.578673223091,0.815559501739,0.));
#5940 = PCURVE('',#90,#5941);
#5941 = DEFINITIONAL_REPRESENTATION('',(#5942),#5946);
#5942 = LINE('',#5943,#5944);
#5943 = CARTESIAN_POINT('',(17.540173,16.596096));
#5944 = VECTOR('',#5945,1.);
#5945 = DIRECTION('',(-0.578673223091,0.815559501739));
#5946 = ( GEOMETRIC_REPRESENTATION_CONTEXT(2) 
PARAMETRIC_REPRESENTATION_CONTEXT() REPRESENTATION_CONTEXT('2D SPACE',''
  ) );
#5947 = PCURVE('',#1640,#5948);
#5948 = DEFINITIONAL_REPRESENTATION('',(#5949),#5953);
#5949 = LINE('',#5950,#5951);
#5950 = CARTESIAN_POINT('',(0.,-1.6));
#5951 = VECTOR('',#5952,1.);
#5952 = DIRECTION('',(1.,0.));
#5953 = ( GEOMETRIC_REPRESENTATION_CONTEXT(2) 
PARAMETRIC_REPRESENTATION_CONTEXT() REPRESENTATION_CONTEXT('2D SPACE',''
  ) );
#5954 = ORIENTED_EDGE('',*,*,#5955,.T.);
#5955 = EDGE_CURVE('',#5933,#5956,#5958,.T.);
#5956 = VERTEX_POINT('',#5957);
#5957 = CARTESIAN_POINT('',(100.87868,-100.87868,1.6));
#5958 = SURFACE_CURVE('',#5959,(#5963,#5970),.PCURVE_S1.);
#5959 = LINE('',#5960,#5961);
#5960 = CARTESIAN_POINT('',(100.654506,-101.129531,1.6));
#5961 = VECTOR('',#5962,1.);
#5962 = DIRECTION('',(0.666346314744,0.7456424001,0.));
#5963 = PCURVE('',#90,#5964);
#5964 = DEFINITIONAL_REPRESENTATION('',(#5965),#5969);
#5965 = LINE('',#5966,#5967);
#5966 = CARTESIAN_POINT('',(17.345494,16.870469));
#5967 = VECTOR('',#5968,1.);
#5968 = DIRECTION('',(-0.666346314744,0.7456424001));
#5969 = ( GEOMETRIC_REPRESENTATION_CONTEXT(2) 
PARAMETRIC_REPRESENTATION_CONTEXT() REPRESENTATION_CONTEXT('2D SPACE',''
  ) );
#5970 = PCURVE('',#1668,#5971);
#5971 = DEFINITIONAL_REPRESENTATION('',(#5972),#5976);
#5972 = LINE('',#5973,#5974);
#5973 = CARTESIAN_POINT('',(0.,-1.6));
#5974 = VECTOR('',#5975,1.);
#5975 = DIRECTION('',(1.,0.));
#5976 = ( GEOMETRIC_REPRESENTATION_CONTEXT(2) 
PARAMETRIC_REPRESENTATION_CONTEXT() REPRESENTATION_CONTEXT('2D SPACE',''
  ) );
#5977 = ORIENTED_EDGE('',*,*,#5978,.T.);
#5978 = EDGE_CURVE('',#5956,#5979,#5981,.T.);
#5979 = VERTEX_POINT('',#5980);
#5980 = CARTESIAN_POINT('',(101.129531,-100.654506,1.6));
#5981 = SURFACE_CURVE('',#5982,(#5986,#5993),.PCURVE_S1.);
#5982 = LINE('',#5983,#5984);
#5983 = CARTESIAN_POINT('',(100.87868,-100.87868,1.6));
#5984 = VECTOR('',#5985,1.);
#5985 = DIRECTION('',(0.7456424001,0.666346314744,0.));
#5986 = PCURVE('',#90,#5987);
#5987 = DEFINITIONAL_REPRESENTATION('',(#5988),#5992);
#5988 = LINE('',#5989,#5990);
#5989 = CARTESIAN_POINT('',(17.12132,17.12132));
#5990 = VECTOR('',#5991,1.);
#5991 = DIRECTION('',(-0.7456424001,0.666346314744));
#5992 = ( GEOMETRIC_REPRESENTATION_CONTEXT(2) 
PARAMETRIC_REPRESENTATION_CONTEXT() REPRESENTATION_CONTEXT('2D SPACE',''
  ) );
#5993 = PCURVE('',#1696,#5994);
#5994 = DEFINITIONAL_REPRESENTATION('',(#5995),#5999);
#5995 = LINE('',#5996,#5997);
#5996 = CARTESIAN_POINT('',(0.,-1.6));
#5997 = VECTOR('',#5998,1.);
#5998 = DIRECTION('',(1.,0.));
#5999 = ( GEOMETRIC_REPRESENTATION_CONTEXT(2) 
PARAMETRIC_REPRESENTATION_CONTEXT() REPRESENTATION_CONTEXT('2D SPACE',''
  ) );
#6000 = ORIENTED_EDGE('',*,*,#6001,.T.);
#6001 = EDGE_CURVE('',#5979,#6002,#6004,.T.);
#6002 = VERTEX_POINT('',#6003);
#6003 = CARTESIAN_POINT('',(101.403904,-100.459827,1.6));
#6004 = SURFACE_CURVE('',#6005,(#6009,#6016),.PCURVE_S1.);
#6005 = LINE('',#6006,#6007);
#6006 = CARTESIAN_POINT('',(101.129531,-100.654506,1.6));
#6007 = VECTOR('',#6008,1.);
#6008 = DIRECTION('',(0.815559501739,0.578673223091,0.));
#6009 = PCURVE('',#90,#6010);
#6010 = DEFINITIONAL_REPRESENTATION('',(#6011),#6015);
#6011 = LINE('',#6012,#6013);
#6012 = CARTESIAN_POINT('',(16.870469,17.345494));
#6013 = VECTOR('',#6014,1.);
#6014 = DIRECTION('',(-0.815559501739,0.578673223091));
#6015 = ( GEOMETRIC_REPRESENTATION_CONTEXT(2) 
PARAMETRIC_REPRESENTATION_CONTEXT() REPRESENTATION_CONTEXT('2D SPACE',''
  ) );
#6016 = PCURVE('',#1724,#6017);
#6017 = DEFINITIONAL_REPRESENTATION('',(#6018),#6022);
#6018 = LINE('',#6019,#6020);
#6019 = CARTESIAN_POINT('',(0.,-1.6));
#6020 = VECTOR('',#6021,1.);
#6021 = DIRECTION('',(1.,0.));
#6022 = ( GEOMETRIC_REPRESENTATION_CONTEXT(2) 
PARAMETRIC_REPRESENTATION_CONTEXT() REPRESENTATION_CONTEXT('2D SPACE',''
  ) );
#6023 = ORIENTED_EDGE('',*,*,#6024,.T.);
#6024 = EDGE_CURVE('',#6002,#6025,#6027,.T.);
#6025 = VERTEX_POINT('',#6026);
#6026 = CARTESIAN_POINT('',(101.698349,-100.297093,1.6));
#6027 = SURFACE_CURVE('',#6028,(#6032,#6039),.PCURVE_S1.);
#6028 = LINE('',#6029,#6030);
#6029 = CARTESIAN_POINT('',(101.403904,-100.459827,1.6));
#6030 = VECTOR('',#6031,1.);
#6031 = DIRECTION('',(0.875223421007,0.483718888737,0.));
#6032 = PCURVE('',#90,#6033);
#6033 = DEFINITIONAL_REPRESENTATION('',(#6034),#6038);
#6034 = LINE('',#6035,#6036);
#6035 = CARTESIAN_POINT('',(16.596096,17.540173));
#6036 = VECTOR('',#6037,1.);
#6037 = DIRECTION('',(-0.875223421007,0.483718888737));
#6038 = ( GEOMETRIC_REPRESENTATION_CONTEXT(2) 
PARAMETRIC_REPRESENTATION_CONTEXT() REPRESENTATION_CONTEXT('2D SPACE',''
  ) );
#6039 = PCURVE('',#1752,#6040);
#6040 = DEFINITIONAL_REPRESENTATION('',(#6041),#6045);
#6041 = LINE('',#6042,#6043);
#6042 = CARTESIAN_POINT('',(0.,-1.6));
#6043 = VECTOR('',#6044,1.);
#6044 = DIRECTION('',(1.,0.));
#6045 = ( GEOMETRIC_REPRESENTATION_CONTEXT(2) 
PARAMETRIC_REPRESENTATION_CONTEXT() REPRESENTATION_CONTEXT('2D SPACE',''
  ) );
#6046 = ORIENTED_EDGE('',*,*,#6047,.T.);
#6047 = EDGE_CURVE('',#6025,#6048,#6050,.T.);
#6048 = VERTEX_POINT('',#6049);
#6049 = CARTESIAN_POINT('',(102.009163,-100.16835,1.6));
#6050 = SURFACE_CURVE('',#6051,(#6055,#6062),.PCURVE_S1.);
#6051 = LINE('',#6052,#6053);
#6052 = CARTESIAN_POINT('',(101.698349,-100.297093,1.6));
#6053 = VECTOR('',#6054,1.);
#6054 = DIRECTION('',(0.92387992574,0.382682483027,0.));
#6055 = PCURVE('',#90,#6056);
#6056 = DEFINITIONAL_REPRESENTATION('',(#6057),#6061);
#6057 = LINE('',#6058,#6059);
#6058 = CARTESIAN_POINT('',(16.301651,17.702907));
#6059 = VECTOR('',#6060,1.);
#6060 = DIRECTION('',(-0.92387992574,0.382682483027));
#6061 = ( GEOMETRIC_REPRESENTATION_CONTEXT(2) 
PARAMETRIC_REPRESENTATION_CONTEXT() REPRESENTATION_CONTEXT('2D SPACE',''
  ) );
#6062 = PCURVE('',#1780,#6063);
#6063 = DEFINITIONAL_REPRESENTATION('',(#6064),#6068);
#6064 = LINE('',#6065,#6066);
#6065 = CARTESIAN_POINT('',(0.,-1.6));
#6066 = VECTOR('',#6067,1.);
#6067 = DIRECTION('',(1.,0.));
#6068 = ( GEOMETRIC_REPRESENTATION_CONTEXT(2) 
PARAMETRIC_REPRESENTATION_CONTEXT() REPRESENTATION_CONTEXT('2D SPACE',''
  ) );
#6069 = ORIENTED_EDGE('',*,*,#6070,.T.);
#6070 = EDGE_CURVE('',#6048,#6071,#6073,.T.);
#6071 = VERTEX_POINT('',#6072);
#6072 = CARTESIAN_POINT('',(102.332437,-100.075216,1.6));
#6073 = SURFACE_CURVE('',#6074,(#6078,#6085),.PCURVE_S1.);
#6074 = LINE('',#6075,#6076);
#6075 = CARTESIAN_POINT('',(102.009163,-100.16835,1.6));
#6076 = VECTOR('',#6077,1.);
#6077 = DIRECTION('',(0.960917033326,0.276836513242,0.));
#6078 = PCURVE('',#90,#6079);
#6079 = DEFINITIONAL_REPRESENTATION('',(#6080),#6084);
#6080 = LINE('',#6081,#6082);
#6081 = CARTESIAN_POINT('',(15.990837,17.83165));
#6082 = VECTOR('',#6083,1.);
#6083 = DIRECTION('',(-0.960917033326,0.276836513242));
#6084 = ( GEOMETRIC_REPRESENTATION_CONTEXT(2) 
PARAMETRIC_REPRESENTATION_CONTEXT() REPRESENTATION_CONTEXT('2D SPACE',''
  ) );
#6085 = PCURVE('',#1808,#6086);
#6086 = DEFINITIONAL_REPRESENTATION('',(#6087),#6091);
#6087 = LINE('',#6088,#6089);
#6088 = CARTESIAN_POINT('',(0.,-1.6));
#6089 = VECTOR('',#6090,1.);
#6090 = DIRECTION('',(1.,0.));
#6091 = ( GEOMETRIC_REPRESENTATION_CONTEXT(2) 
PARAMETRIC_REPRESENTATION_CONTEXT() REPRESENTATION_CONTEXT('2D SPACE',''
  ) );
#6092 = ORIENTED_EDGE('',*,*,#6093,.T.);
#6093 = EDGE_CURVE('',#6071,#6094,#6096,.T.);
#6094 = VERTEX_POINT('',#6095);
#6095 = CARTESIAN_POINT('',(102.664107,-100.018863,1.6));
#6096 = SURFACE_CURVE('',#6097,(#6101,#6108),.PCURVE_S1.);
#6097 = LINE('',#6098,#6099);
#6098 = CARTESIAN_POINT('',(102.332437,-100.075216,1.6));
#6099 = VECTOR('',#6100,1.);
#6100 = DIRECTION('',(0.985871018308,0.167506224545,0.));
#6101 = PCURVE('',#90,#6102);
#6102 = DEFINITIONAL_REPRESENTATION('',(#6103),#6107);
#6103 = LINE('',#6104,#6105);
#6104 = CARTESIAN_POINT('',(15.667563,17.924784));
#6105 = VECTOR('',#6106,1.);
#6106 = DIRECTION('',(-0.985871018308,0.167506224545));
#6107 = ( GEOMETRIC_REPRESENTATION_CONTEXT(2) 
PARAMETRIC_REPRESENTATION_CONTEXT() REPRESENTATION_CONTEXT('2D SPACE',''
  ) );
#6108 = PCURVE('',#1836,#6109);
#6109 = DEFINITIONAL_REPRESENTATION('',(#6110),#6114);
#6110 = LINE('',#6111,#6112);
#6111 = CARTESIAN_POINT('',(0.,-1.6));
#6112 = VECTOR('',#6113,1.);
#6113 = DIRECTION('',(1.,0.));
#6114 = ( GEOMETRIC_REPRESENTATION_CONTEXT(2) 
PARAMETRIC_REPRESENTATION_CONTEXT() REPRESENTATION_CONTEXT('2D SPACE',''
  ) );
#6115 = ORIENTED_EDGE('',*,*,#6116,.T.);
#6116 = EDGE_CURVE('',#6094,#6117,#6119,.T.);
#6117 = VERTEX_POINT('',#6118);
#6118 = CARTESIAN_POINT('',(103.,-100.,1.6));
#6119 = SURFACE_CURVE('',#6120,(#6124,#6131),.PCURVE_S1.);
#6120 = LINE('',#6121,#6122);
#6121 = CARTESIAN_POINT('',(102.664107,-100.018863,1.6));
#6122 = VECTOR('',#6123,1.);
#6123 = DIRECTION('',(0.998426872638,5.606942121021E-02,0.));
#6124 = PCURVE('',#90,#6125);
#6125 = DEFINITIONAL_REPRESENTATION('',(#6126),#6130);
#6126 = LINE('',#6127,#6128);
#6127 = CARTESIAN_POINT('',(15.335893,17.981137));
#6128 = VECTOR('',#6129,1.);
#6129 = DIRECTION('',(-0.998426872638,5.606942121021E-02));
#6130 = ( GEOMETRIC_REPRESENTATION_CONTEXT(2) 
PARAMETRIC_REPRESENTATION_CONTEXT() REPRESENTATION_CONTEXT('2D SPACE',''
  ) );
#6131 = PCURVE('',#1864,#6132);
#6132 = DEFINITIONAL_REPRESENTATION('',(#6133),#6137);
#6133 = LINE('',#6134,#6135);
#6134 = CARTESIAN_POINT('',(0.,-1.6));
#6135 = VECTOR('',#6136,1.);
#6136 = DIRECTION('',(1.,0.));
#6137 = ( GEOMETRIC_REPRESENTATION_CONTEXT(2) 
PARAMETRIC_REPRESENTATION_CONTEXT() REPRESENTATION_CONTEXT('2D SPACE',''
  ) );
#6138 = ORIENTED_EDGE('',*,*,#6139,.T.);
#6139 = EDGE_CURVE('',#6117,#162,#6140,.T.);
#6140 = SURFACE_CURVE('',#6141,(#6145,#6152),.PCURVE_S1.);
#6141 = LINE('',#6142,#6143);
#6142 = CARTESIAN_POINT('',(103.,-100.,1.6));
#6143 = VECTOR('',#6144,1.);
#6144 = DIRECTION('',(1.,0.,0.));
#6145 = PCURVE('',#90,#6146);
#6146 = DEFINITIONAL_REPRESENTATION('',(#6147),#6151);
#6147 = LINE('',#6148,#6149);
#6148 = CARTESIAN_POINT('',(15.,18.));
#6149 = VECTOR('',#6150,1.);
#6150 = DIRECTION('',(-1.,0.));
#6151 = ( GEOMETRIC_REPRESENTATION_CONTEXT(2) 
PARAMETRIC_REPRESENTATION_CONTEXT() REPRESENTATION_CONTEXT('2D SPACE',''
  ) );
#6152 = PCURVE('',#177,#6153);
#6153 = DEFINITIONAL_REPRESENTATION('',(#6154),#6158);
#6154 = LINE('',#6155,#6156);
#6155 = CARTESIAN_POINT('',(0.,-1.6));
#6156 = VECTOR('',#6157,1.);
#6157 = DIRECTION('',(1.,0.));
#6158 = ( GEOMETRIC_REPRESENTATION_CONTEXT(2) 
PARAMETRIC_REPRESENTATION_CONTEXT() REPRESENTATION_CONTEXT('2D SPACE',''
  ) );
#6159 = ORIENTED_EDGE('',*,*,#189,.T.);
#6160 = FACE_BOUND('',#6161,.F.);
#6161 = EDGE_LOOP('',(#6162));
#6162 = ORIENTED_EDGE('',*,*,#6163,.T.);
#6163 = EDGE_CURVE('',#6164,#6164,#6166,.T.);
#6164 = VERTEX_POINT('',#6165);
#6165 = CARTESIAN_POINT('',(134.85,-133.25,1.6));
#6166 = SURFACE_CURVE('',#6167,(#6172,#6183),.PCURVE_S1.);
#6167 = CIRCLE('',#6168,1.6);
#6168 = AXIS2_PLACEMENT_3D('',#6169,#6170,#6171);
#6169 = CARTESIAN_POINT('',(133.25,-133.25,1.6));
#6170 = DIRECTION('',(0.,0.,1.));
#6171 = DIRECTION('',(1.,0.,-0.));
#6172 = PCURVE('',#90,#6173);
#6173 = DEFINITIONAL_REPRESENTATION('',(#6174),#6182);
#6174 = ( BOUNDED_CURVE() B_SPLINE_CURVE(2,(#6175,#6176,#6177,#6178,
#6179,#6180,#6181),.UNSPECIFIED.,.T.,.F.) B_SPLINE_CURVE_WITH_KNOTS((1,2
    ,2,2,2,1),(-2.094395102393,0.,2.094395102393,4.188790204786,
6.28318530718,8.377580409573),.UNSPECIFIED.) CURVE() 
GEOMETRIC_REPRESENTATION_ITEM() RATIONAL_B_SPLINE_CURVE((1.,0.5,1.,0.5,
1.,0.5,1.)) REPRESENTATION_ITEM('') );
#6175 = CARTESIAN_POINT('',(-16.85,-15.25));
#6176 = CARTESIAN_POINT('',(-16.85,-12.47871870789));
#6177 = CARTESIAN_POINT('',(-14.45,-13.86435935394));
#6178 = CARTESIAN_POINT('',(-12.05,-15.25));
#6179 = CARTESIAN_POINT('',(-14.45,-16.63564064605));
#6180 = CARTESIAN_POINT('',(-16.85,-18.02128129211));
#6181 = CARTESIAN_POINT('',(-16.85,-15.25));
#6182 = ( GEOMETRIC_REPRESENTATION_CONTEXT(2) 
PARAMETRIC_REPRESENTATION_CONTEXT() REPRESENTATION_CONTEXT('2D SPACE',''
  ) );
#6183 = PCURVE('',#1921,#6184);
#6184 = DEFINITIONAL_REPRESENTATION('',(#6185),#6189);
#6185 = LINE('',#6186,#6187);
#6186 = CARTESIAN_POINT('',(0.,1.61));
#6187 = VECTOR('',#6188,1.);
#6188 = DIRECTION('',(1.,0.));
#6189 = ( GEOMETRIC_REPRESENTATION_CONTEXT(2) 
PARAMETRIC_REPRESENTATION_CONTEXT() REPRESENTATION_CONTEXT('2D SPACE',''
  ) );
#6190 = FACE_BOUND('',#6191,.F.);
#6191 = EDGE_LOOP('',(#6192));
#6192 = ORIENTED_EDGE('',*,*,#6193,.T.);
#6193 = EDGE_CURVE('',#6194,#6194,#6196,.T.);
#6194 = VERTEX_POINT('',#6195);
#6195 = CARTESIAN_POINT('',(134.325,-124.81,1.6));
#6196 = SURFACE_CURVE('',#6197,(#6202,#6213),.PCURVE_S1.);
#6197 = CIRCLE('',#6198,0.325);
#6198 = AXIS2_PLACEMENT_3D('',#6199,#6200,#6201);
#6199 = CARTESIAN_POINT('',(134.,-124.81,1.6));
#6200 = DIRECTION('',(0.,0.,1.));
#6201 = DIRECTION('',(1.,0.,-0.));
#6202 = PCURVE('',#90,#6203);
#6203 = DEFINITIONAL_REPRESENTATION('',(#6204),#6212);
#6204 = ( BOUNDED_CURVE() B_SPLINE_CURVE(2,(#6205,#6206,#6207,#6208,
#6209,#6210,#6211),.UNSPECIFIED.,.T.,.F.) B_SPLINE_CURVE_WITH_KNOTS((1,2
    ,2,2,2,1),(-2.094395102393,0.,2.094395102393,4.188790204786,
6.28318530718,8.377580409573),.UNSPECIFIED.) CURVE() 
GEOMETRIC_REPRESENTATION_ITEM() RATIONAL_B_SPLINE_CURVE((1.,0.5,1.,0.5,
1.,0.5,1.)) REPRESENTATION_ITEM('') );
#6205 = CARTESIAN_POINT('',(-16.325,-6.81));
#6206 = CARTESIAN_POINT('',(-16.325,-6.24708348754));
#6207 = CARTESIAN_POINT('',(-15.8375,-6.52854174377));
#6208 = CARTESIAN_POINT('',(-15.35,-6.81));
#6209 = CARTESIAN_POINT('',(-15.8375,-7.09145825623));
#6210 = CARTESIAN_POINT('',(-16.325,-7.37291651246));
#6211 = CARTESIAN_POINT('',(-16.325,-6.81));
#6212 = ( GEOMETRIC_REPRESENTATION_CONTEXT(2) 
PARAMETRIC_REPRESENTATION_CONTEXT() REPRESENTATION_CONTEXT('2D SPACE',''
  ) );
#6213 = PCURVE('',#1956,#6214);
#6214 = DEFINITIONAL_REPRESENTATION('',(#6215),#6219);
#6215 = LINE('',#6216,#6217);
#6216 = CARTESIAN_POINT('',(0.,1.61));
#6217 = VECTOR('',#6218,1.);
#6218 = DIRECTION('',(1.,0.));
#6219 = ( GEOMETRIC_REPRESENTATION_CONTEXT(2) 
PARAMETRIC_REPRESENTATION_CONTEXT() REPRESENTATION_CONTEXT('2D SPACE',''
  ) );
#6220 = FACE_BOUND('',#6221,.F.);
#6221 = EDGE_LOOP('',(#6222));
#6222 = ORIENTED_EDGE('',*,*,#6223,.T.);
#6223 = EDGE_CURVE('',#6224,#6224,#6226,.T.);
#6224 = VERTEX_POINT('',#6225);
#6225 = CARTESIAN_POINT('',(134.325,-123.54,1.6));
#6226 = SURFACE_CURVE('',#6227,(#6232,#6243),.PCURVE_S1.);
#6227 = CIRCLE('',#6228,0.325);
#6228 = AXIS2_PLACEMENT_3D('',#6229,#6230,#6231);
#6229 = CARTESIAN_POINT('',(134.,-123.54,1.6));
#6230 = DIRECTION('',(0.,0.,1.));
#6231 = DIRECTION('',(1.,0.,-0.));
#6232 = PCURVE('',#90,#6233);
#6233 = DEFINITIONAL_REPRESENTATION('',(#6234),#6242);
#6234 = ( BOUNDED_CURVE() B_SPLINE_CURVE(2,(#6235,#6236,#6237,#6238,
#6239,#6240,#6241),.UNSPECIFIED.,.T.,.F.) B_SPLINE_CURVE_WITH_KNOTS((1,2
    ,2,2,2,1),(-2.094395102393,0.,2.094395102393,4.188790204786,
6.28318530718,8.377580409573),.UNSPECIFIED.) CURVE() 
GEOMETRIC_REPRESENTATION_ITEM() RATIONAL_B_SPLINE_CURVE((1.,0.5,1.,0.5,
1.,0.5,1.)) REPRESENTATION_ITEM('') );
#6235 = CARTESIAN_POINT('',(-16.325,-5.54));
#6236 = CARTESIAN_POINT('',(-16.325,-4.97708348754));
#6237 = CARTESIAN_POINT('',(-15.8375,-5.25854174377));
#6238 = CARTESIAN_POINT('',(-15.35,-5.54));
#6239 = CARTESIAN_POINT('',(-15.8375,-5.82145825623));
#6240 = CARTESIAN_POINT('',(-16.325,-6.10291651246));
#6241 = CARTESIAN_POINT('',(-16.325,-5.54));
#6242 = ( GEOMETRIC_REPRESENTATION_CONTEXT(2) 
PARAMETRIC_REPRESENTATION_CONTEXT() REPRESENTATION_CONTEXT('2D SPACE',''
  ) );
#6243 = PCURVE('',#1991,#6244);
#6244 = DEFINITIONAL_REPRESENTATION('',(#6245),#6249);
#6245 = LINE('',#6246,#6247);
#6246 = CARTESIAN_POINT('',(0.,1.61));
#6247 = VECTOR('',#6248,1.);
#6248 = DIRECTION('',(1.,0.));
#6249 = ( GEOMETRIC_REPRESENTATION_CONTEXT(2) 
PARAMETRIC_REPRESENTATION_CONTEXT() REPRESENTATION_CONTEXT('2D SPACE',''
  ) );
#6250 = FACE_BOUND('',#6251,.F.);
#6251 = EDGE_LOOP('',(#6252));
#6252 = ORIENTED_EDGE('',*,*,#6253,.T.);
#6253 = EDGE_CURVE('',#6254,#6254,#6256,.T.);
#6254 = VERTEX_POINT('',#6255);
#6255 = CARTESIAN_POINT('',(134.325,-122.27,1.6));
#6256 = SURFACE_CURVE('',#6257,(#6262,#6273),.PCURVE_S1.);
#6257 = CIRCLE('',#6258,0.325);
#6258 = AXIS2_PLACEMENT_3D('',#6259,#6260,#6261);
#6259 = CARTESIAN_POINT('',(134.,-122.27,1.6));
#6260 = DIRECTION('',(0.,0.,1.));
#6261 = DIRECTION('',(1.,0.,-0.));
#6262 = PCURVE('',#90,#6263);
#6263 = DEFINITIONAL_REPRESENTATION('',(#6264),#6272);
#6264 = ( BOUNDED_CURVE() B_SPLINE_CURVE(2,(#6265,#6266,#6267,#6268,
#6269,#6270,#6271),.UNSPECIFIED.,.T.,.F.) B_SPLINE_CURVE_WITH_KNOTS((1,2
    ,2,2,2,1),(-2.094395102393,0.,2.094395102393,4.188790204786,
6.28318530718,8.377580409573),.UNSPECIFIED.) CURVE() 
GEOMETRIC_REPRESENTATION_ITEM() RATIONAL_B_SPLINE_CURVE((1.,0.5,1.,0.5,
1.,0.5,1.)) REPRESENTATION_ITEM('') );
#6265 = CARTESIAN_POINT('',(-16.325,-4.27));
#6266 = CARTESIAN_POINT('',(-16.325,-3.70708348754));
#6267 = CARTESIAN_POINT('',(-15.8375,-3.98854174377));
#6268 = CARTESIAN_POINT('',(-15.35,-4.27));
#6269 = CARTESIAN_POINT('',(-15.8375,-4.55145825623));
#6270 = CARTESIAN_POINT('',(-16.325,-4.83291651246));
#6271 = CARTESIAN_POINT('',(-16.325,-4.27));
#6272 = ( GEOMETRIC_REPRESENTATION_CONTEXT(2) 
PARAMETRIC_REPRESENTATION_CONTEXT() REPRESENTATION_CONTEXT('2D SPACE',''
  ) );
#6273 = PCURVE('',#2026,#6274);
#6274 = DEFINITIONAL_REPRESENTATION('',(#6275),#6279);
#6275 = LINE('',#6276,#6277);
#6276 = CARTESIAN_POINT('',(0.,1.61));
#6277 = VECTOR('',#6278,1.);
#6278 = DIRECTION('',(1.,0.));
#6279 = ( GEOMETRIC_REPRESENTATION_CONTEXT(2) 
PARAMETRIC_REPRESENTATION_CONTEXT() REPRESENTATION_CONTEXT('2D SPACE',''
  ) );
#6280 = FACE_BOUND('',#6281,.F.);
#6281 = EDGE_LOOP('',(#6282));
#6282 = ORIENTED_EDGE('',*,*,#6283,.T.);
#6283 = EDGE_CURVE('',#6284,#6284,#6286,.T.);
#6284 = VERTEX_POINT('',#6285);
#6285 = CARTESIAN_POINT('',(134.325,-121.,1.6));
#6286 = SURFACE_CURVE('',#6287,(#6292,#6303),.PCURVE_S1.);
#6287 = CIRCLE('',#6288,0.325);
#6288 = AXIS2_PLACEMENT_3D('',#6289,#6290,#6291);
#6289 = CARTESIAN_POINT('',(134.,-121.,1.6));
#6290 = DIRECTION('',(0.,0.,1.));
#6291 = DIRECTION('',(1.,0.,-0.));
#6292 = PCURVE('',#90,#6293);
#6293 = DEFINITIONAL_REPRESENTATION('',(#6294),#6302);
#6294 = ( BOUNDED_CURVE() B_SPLINE_CURVE(2,(#6295,#6296,#6297,#6298,
#6299,#6300,#6301),.UNSPECIFIED.,.T.,.F.) B_SPLINE_CURVE_WITH_KNOTS((1,2
    ,2,2,2,1),(-2.094395102393,0.,2.094395102393,4.188790204786,
6.28318530718,8.377580409573),.UNSPECIFIED.) CURVE() 
GEOMETRIC_REPRESENTATION_ITEM() RATIONAL_B_SPLINE_CURVE((1.,0.5,1.,0.5,
1.,0.5,1.)) REPRESENTATION_ITEM('') );
#6295 = CARTESIAN_POINT('',(-16.325,-3.));
#6296 = CARTESIAN_POINT('',(-16.325,-2.43708348754));
#6297 = CARTESIAN_POINT('',(-15.8375,-2.71854174377));
#6298 = CARTESIAN_POINT('',(-15.35,-3.));
#6299 = CARTESIAN_POINT('',(-15.8375,-3.28145825623));
#6300 = CARTESIAN_POINT('',(-16.325,-3.56291651246));
#6301 = CARTESIAN_POINT('',(-16.325,-3.));
#6302 = ( GEOMETRIC_REPRESENTATION_CONTEXT(2) 
PARAMETRIC_REPRESENTATION_CONTEXT() REPRESENTATION_CONTEXT('2D SPACE',''
  ) );
#6303 = PCURVE('',#2061,#6304);
#6304 = DEFINITIONAL_REPRESENTATION('',(#6305),#6309);
#6305 = LINE('',#6306,#6307);
#6306 = CARTESIAN_POINT('',(0.,1.61));
#6307 = VECTOR('',#6308,1.);
#6308 = DIRECTION('',(1.,0.));
#6309 = ( GEOMETRIC_REPRESENTATION_CONTEXT(2) 
PARAMETRIC_REPRESENTATION_CONTEXT() REPRESENTATION_CONTEXT('2D SPACE',''
  ) );
#6310 = FACE_BOUND('',#6311,.F.);
#6311 = EDGE_LOOP('',(#6312));
#6312 = ORIENTED_EDGE('',*,*,#6313,.T.);
#6313 = EDGE_CURVE('',#6314,#6314,#6316,.T.);
#6314 = VERTEX_POINT('',#6315);
#6315 = CARTESIAN_POINT('',(115.55,-133.,1.6));
#6316 = SURFACE_CURVE('',#6317,(#6322,#6333),.PCURVE_S1.);
#6317 = CIRCLE('',#6318,1.05);
#6318 = AXIS2_PLACEMENT_3D('',#6319,#6320,#6321);
#6319 = CARTESIAN_POINT('',(114.5,-133.,1.6));
#6320 = DIRECTION('',(0.,0.,1.));
#6321 = DIRECTION('',(1.,0.,-0.));
#6322 = PCURVE('',#90,#6323);
#6323 = DEFINITIONAL_REPRESENTATION('',(#6324),#6332);
#6324 = ( BOUNDED_CURVE() B_SPLINE_CURVE(2,(#6325,#6326,#6327,#6328,
#6329,#6330,#6331),.UNSPECIFIED.,.T.,.F.) B_SPLINE_CURVE_WITH_KNOTS((1,2
    ,2,2,2,1),(-2.094395102393,0.,2.094395102393,4.188790204786,
6.28318530718,8.377580409573),.UNSPECIFIED.) CURVE() 
GEOMETRIC_REPRESENTATION_ITEM() RATIONAL_B_SPLINE_CURVE((1.,0.5,1.,0.5,
1.,0.5,1.)) REPRESENTATION_ITEM('') );
#6325 = CARTESIAN_POINT('',(2.45,-15.));
#6326 = CARTESIAN_POINT('',(2.45,-13.18134665205));
#6327 = CARTESIAN_POINT('',(4.025,-14.09067332602));
#6328 = CARTESIAN_POINT('',(5.6,-15.));
#6329 = CARTESIAN_POINT('',(4.025,-15.90932667397));
#6330 = CARTESIAN_POINT('',(2.45,-16.81865334794));
#6331 = CARTESIAN_POINT('',(2.45,-15.));
#6332 = ( GEOMETRIC_REPRESENTATION_CONTEXT(2) 
PARAMETRIC_REPRESENTATION_CONTEXT() REPRESENTATION_CONTEXT('2D SPACE',''
  ) );
#6333 = PCURVE('',#2096,#6334);
#6334 = DEFINITIONAL_REPRESENTATION('',(#6335),#6339);
#6335 = LINE('',#6336,#6337);
#6336 = CARTESIAN_POINT('',(0.,1.61));
#6337 = VECTOR('',#6338,1.);
#6338 = DIRECTION('',(1.,0.));
#6339 = ( GEOMETRIC_REPRESENTATION_CONTEXT(2) 
PARAMETRIC_REPRESENTATION_CONTEXT() REPRESENTATION_CONTEXT('2D SPACE',''
  ) );
#6340 = FACE_BOUND('',#6341,.F.);
#6341 = EDGE_LOOP('',(#6342));
#6342 = ORIENTED_EDGE('',*,*,#6343,.T.);
#6343 = EDGE_CURVE('',#6344,#6344,#6346,.T.);
#6344 = VERTEX_POINT('',#6345);
#6345 = CARTESIAN_POINT('',(109.55,-133.,1.6));
#6346 = SURFACE_CURVE('',#6347,(#6352,#6363),.PCURVE_S1.);
#6347 = CIRCLE('',#6348,1.05);
#6348 = AXIS2_PLACEMENT_3D('',#6349,#6350,#6351);
#6349 = CARTESIAN_POINT('',(108.5,-133.,1.6));
#6350 = DIRECTION('',(0.,0.,1.));
#6351 = DIRECTION('',(1.,0.,-0.));
#6352 = PCURVE('',#90,#6353);
#6353 = DEFINITIONAL_REPRESENTATION('',(#6354),#6362);
#6354 = ( BOUNDED_CURVE() B_SPLINE_CURVE(2,(#6355,#6356,#6357,#6358,
#6359,#6360,#6361),.UNSPECIFIED.,.T.,.F.) B_SPLINE_CURVE_WITH_KNOTS((1,2
    ,2,2,2,1),(-2.094395102393,0.,2.094395102393,4.188790204786,
6.28318530718,8.377580409573),.UNSPECIFIED.) CURVE() 
GEOMETRIC_REPRESENTATION_ITEM() RATIONAL_B_SPLINE_CURVE((1.,0.5,1.,0.5,
1.,0.5,1.)) REPRESENTATION_ITEM('') );
#6355 = CARTESIAN_POINT('',(8.45,-15.));
#6356 = CARTESIAN_POINT('',(8.45,-13.18134665205));
#6357 = CARTESIAN_POINT('',(10.025,-14.09067332602));
#6358 = CARTESIAN_POINT('',(11.6,-15.));
#6359 = CARTESIAN_POINT('',(10.025,-15.90932667397));
#6360 = CARTESIAN_POINT('',(8.45,-16.81865334794));
#6361 = CARTESIAN_POINT('',(8.45,-15.));
#6362 = ( GEOMETRIC_REPRESENTATION_CONTEXT(2) 
PARAMETRIC_REPRESENTATION_CONTEXT() REPRESENTATION_CONTEXT('2D SPACE',''
  ) );
#6363 = PCURVE('',#2131,#6364);
#6364 = DEFINITIONAL_REPRESENTATION('',(#6365),#6369);
#6365 = LINE('',#6366,#6367);
#6366 = CARTESIAN_POINT('',(0.,1.61));
#6367 = VECTOR('',#6368,1.);
#6368 = DIRECTION('',(1.,0.));
#6369 = ( GEOMETRIC_REPRESENTATION_CONTEXT(2) 
PARAMETRIC_REPRESENTATION_CONTEXT() REPRESENTATION_CONTEXT('2D SPACE',''
  ) );
#6370 = FACE_BOUND('',#6371,.F.);
#6371 = EDGE_LOOP('',(#6372));
#6372 = ORIENTED_EDGE('',*,*,#6373,.T.);
#6373 = EDGE_CURVE('',#6374,#6374,#6376,.T.);
#6374 = VERTEX_POINT('',#6375);
#6375 = CARTESIAN_POINT('',(104.35,-133.25,1.6));
#6376 = SURFACE_CURVE('',#6377,(#6382,#6393),.PCURVE_S1.);
#6377 = CIRCLE('',#6378,1.6);
#6378 = AXIS2_PLACEMENT_3D('',#6379,#6380,#6381);
#6379 = CARTESIAN_POINT('',(102.75,-133.25,1.6));
#6380 = DIRECTION('',(0.,0.,1.));
#6381 = DIRECTION('',(1.,0.,-0.));
#6382 = PCURVE('',#90,#6383);
#6383 = DEFINITIONAL_REPRESENTATION('',(#6384),#6392);
#6384 = ( BOUNDED_CURVE() B_SPLINE_CURVE(2,(#6385,#6386,#6387,#6388,
#6389,#6390,#6391),.UNSPECIFIED.,.T.,.F.) B_SPLINE_CURVE_WITH_KNOTS((1,2
    ,2,2,2,1),(-2.094395102393,0.,2.094395102393,4.188790204786,
6.28318530718,8.377580409573),.UNSPECIFIED.) CURVE() 
GEOMETRIC_REPRESENTATION_ITEM() RATIONAL_B_SPLINE_CURVE((1.,0.5,1.,0.5,
1.,0.5,1.)) REPRESENTATION_ITEM('') );
#6385 = CARTESIAN_POINT('',(13.65,-15.25));
#6386 = CARTESIAN_POINT('',(13.65,-12.47871870789));
#6387 = CARTESIAN_POINT('',(16.05,-13.86435935394));
#6388 = CARTESIAN_POINT('',(18.45,-15.25));
#6389 = CARTESIAN_POINT('',(16.05,-16.63564064605));
#6390 = CARTESIAN_POINT('',(13.65,-18.02128129211));
#6391 = CARTESIAN_POINT('',(13.65,-15.25));
#6392 = ( GEOMETRIC_REPRESENTATION_CONTEXT(2) 
PARAMETRIC_REPRESENTATION_CONTEXT() REPRESENTATION_CONTEXT('2D SPACE',''
  ) );
#6393 = PCURVE('',#2166,#6394);
#6394 = DEFINITIONAL_REPRESENTATION('',(#6395),#6399);
#6395 = LINE('',#6396,#6397);
#6396 = CARTESIAN_POINT('',(0.,1.61));
#6397 = VECTOR('',#6398,1.);
#6398 = DIRECTION('',(1.,0.));
#6399 = ( GEOMETRIC_REPRESENTATION_CONTEXT(2) 
PARAMETRIC_REPRESENTATION_CONTEXT() REPRESENTATION_CONTEXT('2D SPACE',''
  ) );
#6400 = FACE_BOUND('',#6401,.F.);
#6401 = EDGE_LOOP('',(#6402));
#6402 = ORIENTED_EDGE('',*,*,#6403,.T.);
#6403 = EDGE_CURVE('',#6404,#6404,#6406,.T.);
#6404 = VERTEX_POINT('',#6405);
#6405 = CARTESIAN_POINT('',(108.45,-120.1,1.6));
#6406 = SURFACE_CURVE('',#6407,(#6412,#6423),.PCURVE_S1.);
#6407 = CIRCLE('',#6408,0.15);
#6408 = AXIS2_PLACEMENT_3D('',#6409,#6410,#6411);
#6409 = CARTESIAN_POINT('',(108.3,-120.1,1.6));
#6410 = DIRECTION('',(0.,0.,1.));
#6411 = DIRECTION('',(1.,0.,-0.));
#6412 = PCURVE('',#90,#6413);
#6413 = DEFINITIONAL_REPRESENTATION('',(#6414),#6422);
#6414 = ( BOUNDED_CURVE() B_SPLINE_CURVE(2,(#6415,#6416,#6417,#6418,
#6419,#6420,#6421),.UNSPECIFIED.,.T.,.F.) B_SPLINE_CURVE_WITH_KNOTS((1,2
    ,2,2,2,1),(-2.094395102393,0.,2.094395102393,4.188790204786,
6.28318530718,8.377580409573),.UNSPECIFIED.) CURVE() 
GEOMETRIC_REPRESENTATION_ITEM() RATIONAL_B_SPLINE_CURVE((1.,0.5,1.,0.5,
1.,0.5,1.)) REPRESENTATION_ITEM('') );
#6415 = CARTESIAN_POINT('',(9.55,-2.1));
#6416 = CARTESIAN_POINT('',(9.55,-1.840192378865));
#6417 = CARTESIAN_POINT('',(9.775,-1.970096189432));
#6418 = CARTESIAN_POINT('',(10.,-2.1));
#6419 = CARTESIAN_POINT('',(9.775,-2.229903810568));
#6420 = CARTESIAN_POINT('',(9.55,-2.359807621135));
#6421 = CARTESIAN_POINT('',(9.55,-2.1));
#6422 = ( GEOMETRIC_REPRESENTATION_CONTEXT(2) 
PARAMETRIC_REPRESENTATION_CONTEXT() REPRESENTATION_CONTEXT('2D SPACE',''
  ) );
#6423 = PCURVE('',#2201,#6424);
#6424 = DEFINITIONAL_REPRESENTATION('',(#6425),#6429);
#6425 = LINE('',#6426,#6427);
#6426 = CARTESIAN_POINT('',(0.,1.61));
#6427 = VECTOR('',#6428,1.);
#6428 = DIRECTION('',(1.,0.));
#6429 = ( GEOMETRIC_REPRESENTATION_CONTEXT(2) 
PARAMETRIC_REPRESENTATION_CONTEXT() REPRESENTATION_CONTEXT('2D SPACE',''
  ) );
#6430 = FACE_BOUND('',#6431,.F.);
#6431 = EDGE_LOOP('',(#6432));
#6432 = ORIENTED_EDGE('',*,*,#6433,.T.);
#6433 = EDGE_CURVE('',#6434,#6434,#6436,.T.);
#6434 = VERTEX_POINT('',#6435);
#6435 = CARTESIAN_POINT('',(107.25,-120.1,1.6));
#6436 = SURFACE_CURVE('',#6437,(#6442,#6453),.PCURVE_S1.);
#6437 = CIRCLE('',#6438,0.15);
#6438 = AXIS2_PLACEMENT_3D('',#6439,#6440,#6441);
#6439 = CARTESIAN_POINT('',(107.1,-120.1,1.6));
#6440 = DIRECTION('',(0.,0.,1.));
#6441 = DIRECTION('',(1.,0.,-0.));
#6442 = PCURVE('',#90,#6443);
#6443 = DEFINITIONAL_REPRESENTATION('',(#6444),#6452);
#6444 = ( BOUNDED_CURVE() B_SPLINE_CURVE(2,(#6445,#6446,#6447,#6448,
#6449,#6450,#6451),.UNSPECIFIED.,.T.,.F.) B_SPLINE_CURVE_WITH_KNOTS((1,2
    ,2,2,2,1),(-2.094395102393,0.,2.094395102393,4.188790204786,
6.28318530718,8.377580409573),.UNSPECIFIED.) CURVE() 
GEOMETRIC_REPRESENTATION_ITEM() RATIONAL_B_SPLINE_CURVE((1.,0.5,1.,0.5,
1.,0.5,1.)) REPRESENTATION_ITEM('') );
#6445 = CARTESIAN_POINT('',(10.75,-2.1));
#6446 = CARTESIAN_POINT('',(10.75,-1.840192378865));
#6447 = CARTESIAN_POINT('',(10.975,-1.970096189432));
#6448 = CARTESIAN_POINT('',(11.2,-2.1));
#6449 = CARTESIAN_POINT('',(10.975,-2.229903810568));
#6450 = CARTESIAN_POINT('',(10.75,-2.359807621135));
#6451 = CARTESIAN_POINT('',(10.75,-2.1));
#6452 = ( GEOMETRIC_REPRESENTATION_CONTEXT(2) 
PARAMETRIC_REPRESENTATION_CONTEXT() REPRESENTATION_CONTEXT('2D SPACE',''
  ) );
#6453 = PCURVE('',#2236,#6454);
#6454 = DEFINITIONAL_REPRESENTATION('',(#6455),#6459);
#6455 = LINE('',#6456,#6457);
#6456 = CARTESIAN_POINT('',(0.,1.61));
#6457 = VECTOR('',#6458,1.);
#6458 = DIRECTION('',(1.,0.));
#6459 = ( GEOMETRIC_REPRESENTATION_CONTEXT(2) 
PARAMETRIC_REPRESENTATION_CONTEXT() REPRESENTATION_CONTEXT('2D SPACE',''
  ) );
#6460 = FACE_BOUND('',#6461,.F.);
#6461 = EDGE_LOOP('',(#6462));
#6462 = ORIENTED_EDGE('',*,*,#6463,.T.);
#6463 = EDGE_CURVE('',#6464,#6464,#6466,.T.);
#6464 = VERTEX_POINT('',#6465);
#6465 = CARTESIAN_POINT('',(105.95,-120.1,1.6));
#6466 = SURFACE_CURVE('',#6467,(#6472,#6483),.PCURVE_S1.);
#6467 = CIRCLE('',#6468,0.15);
#6468 = AXIS2_PLACEMENT_3D('',#6469,#6470,#6471);
#6469 = CARTESIAN_POINT('',(105.8,-120.1,1.6));
#6470 = DIRECTION('',(0.,0.,1.));
#6471 = DIRECTION('',(1.,0.,-0.));
#6472 = PCURVE('',#90,#6473);
#6473 = DEFINITIONAL_REPRESENTATION('',(#6474),#6482);
#6474 = ( BOUNDED_CURVE() B_SPLINE_CURVE(2,(#6475,#6476,#6477,#6478,
#6479,#6480,#6481),.UNSPECIFIED.,.T.,.F.) B_SPLINE_CURVE_WITH_KNOTS((1,2
    ,2,2,2,1),(-2.094395102393,0.,2.094395102393,4.188790204786,
6.28318530718,8.377580409573),.UNSPECIFIED.) CURVE() 
GEOMETRIC_REPRESENTATION_ITEM() RATIONAL_B_SPLINE_CURVE((1.,0.5,1.,0.5,
1.,0.5,1.)) REPRESENTATION_ITEM('') );
#6475 = CARTESIAN_POINT('',(12.05,-2.1));
#6476 = CARTESIAN_POINT('',(12.05,-1.840192378865));
#6477 = CARTESIAN_POINT('',(12.275,-1.970096189432));
#6478 = CARTESIAN_POINT('',(12.5,-2.1));
#6479 = CARTESIAN_POINT('',(12.275,-2.229903810568));
#6480 = CARTESIAN_POINT('',(12.05,-2.359807621135));
#6481 = CARTESIAN_POINT('',(12.05,-2.1));
#6482 = ( GEOMETRIC_REPRESENTATION_CONTEXT(2) 
PARAMETRIC_REPRESENTATION_CONTEXT() REPRESENTATION_CONTEXT('2D SPACE',''
  ) );
#6483 = PCURVE('',#2271,#6484);
#6484 = DEFINITIONAL_REPRESENTATION('',(#6485),#6489);
#6485 = LINE('',#6486,#6487);
#6486 = CARTESIAN_POINT('',(0.,1.61));
#6487 = VECTOR('',#6488,1.);
#6488 = DIRECTION('',(1.,0.));
#6489 = ( GEOMETRIC_REPRESENTATION_CONTEXT(2) 
PARAMETRIC_REPRESENTATION_CONTEXT() REPRESENTATION_CONTEXT('2D SPACE',''
  ) );
#6490 = FACE_BOUND('',#6491,.F.);
#6491 = EDGE_LOOP('',(#6492));
#6492 = ORIENTED_EDGE('',*,*,#6493,.T.);
#6493 = EDGE_CURVE('',#6494,#6494,#6496,.T.);
#6494 = VERTEX_POINT('',#6495);
#6495 = CARTESIAN_POINT('',(108.45,-118.9,1.6));
#6496 = SURFACE_CURVE('',#6497,(#6502,#6513),.PCURVE_S1.);
#6497 = CIRCLE('',#6498,0.15);
#6498 = AXIS2_PLACEMENT_3D('',#6499,#6500,#6501);
#6499 = CARTESIAN_POINT('',(108.3,-118.9,1.6));
#6500 = DIRECTION('',(0.,0.,1.));
#6501 = DIRECTION('',(1.,0.,-0.));
#6502 = PCURVE('',#90,#6503);
#6503 = DEFINITIONAL_REPRESENTATION('',(#6504),#6512);
#6504 = ( BOUNDED_CURVE() B_SPLINE_CURVE(2,(#6505,#6506,#6507,#6508,
#6509,#6510,#6511),.UNSPECIFIED.,.T.,.F.) B_SPLINE_CURVE_WITH_KNOTS((1,2
    ,2,2,2,1),(-2.094395102393,0.,2.094395102393,4.188790204786,
6.28318530718,8.377580409573),.UNSPECIFIED.) CURVE() 
GEOMETRIC_REPRESENTATION_ITEM() RATIONAL_B_SPLINE_CURVE((1.,0.5,1.,0.5,
1.,0.5,1.)) REPRESENTATION_ITEM('') );
#6505 = CARTESIAN_POINT('',(9.55,-0.9));
#6506 = CARTESIAN_POINT('',(9.55,-0.640192378865));
#6507 = CARTESIAN_POINT('',(9.775,-0.770096189432));
#6508 = CARTESIAN_POINT('',(10.,-0.9));
#6509 = CARTESIAN_POINT('',(9.775,-1.029903810568));
#6510 = CARTESIAN_POINT('',(9.55,-1.159807621135));
#6511 = CARTESIAN_POINT('',(9.55,-0.9));
#6512 = ( GEOMETRIC_REPRESENTATION_CONTEXT(2) 
PARAMETRIC_REPRESENTATION_CONTEXT() REPRESENTATION_CONTEXT('2D SPACE',''
  ) );
#6513 = PCURVE('',#2306,#6514);
#6514 = DEFINITIONAL_REPRESENTATION('',(#6515),#6519);
#6515 = LINE('',#6516,#6517);
#6516 = CARTESIAN_POINT('',(0.,1.61));
#6517 = VECTOR('',#6518,1.);
#6518 = DIRECTION('',(1.,0.));
#6519 = ( GEOMETRIC_REPRESENTATION_CONTEXT(2) 
PARAMETRIC_REPRESENTATION_CONTEXT() REPRESENTATION_CONTEXT('2D SPACE',''
  ) );
#6520 = FACE_BOUND('',#6521,.F.);
#6521 = EDGE_LOOP('',(#6522));
#6522 = ORIENTED_EDGE('',*,*,#6523,.T.);
#6523 = EDGE_CURVE('',#6524,#6524,#6526,.T.);
#6524 = VERTEX_POINT('',#6525);
#6525 = CARTESIAN_POINT('',(107.25,-118.9,1.6));
#6526 = SURFACE_CURVE('',#6527,(#6532,#6543),.PCURVE_S1.);
#6527 = CIRCLE('',#6528,0.15);
#6528 = AXIS2_PLACEMENT_3D('',#6529,#6530,#6531);
#6529 = CARTESIAN_POINT('',(107.1,-118.9,1.6));
#6530 = DIRECTION('',(0.,0.,1.));
#6531 = DIRECTION('',(1.,0.,-0.));
#6532 = PCURVE('',#90,#6533);
#6533 = DEFINITIONAL_REPRESENTATION('',(#6534),#6542);
#6534 = ( BOUNDED_CURVE() B_SPLINE_CURVE(2,(#6535,#6536,#6537,#6538,
#6539,#6540,#6541),.UNSPECIFIED.,.T.,.F.) B_SPLINE_CURVE_WITH_KNOTS((1,2
    ,2,2,2,1),(-2.094395102393,0.,2.094395102393,4.188790204786,
6.28318530718,8.377580409573),.UNSPECIFIED.) CURVE() 
GEOMETRIC_REPRESENTATION_ITEM() RATIONAL_B_SPLINE_CURVE((1.,0.5,1.,0.5,
1.,0.5,1.)) REPRESENTATION_ITEM('') );
#6535 = CARTESIAN_POINT('',(10.75,-0.9));
#6536 = CARTESIAN_POINT('',(10.75,-0.640192378865));
#6537 = CARTESIAN_POINT('',(10.975,-0.770096189432));
#6538 = CARTESIAN_POINT('',(11.2,-0.9));
#6539 = CARTESIAN_POINT('',(10.975,-1.029903810568));
#6540 = CARTESIAN_POINT('',(10.75,-1.159807621135));
#6541 = CARTESIAN_POINT('',(10.75,-0.9));
#6542 = ( GEOMETRIC_REPRESENTATION_CONTEXT(2) 
PARAMETRIC_REPRESENTATION_CONTEXT() REPRESENTATION_CONTEXT('2D SPACE',''
  ) );
#6543 = PCURVE('',#2341,#6544);
#6544 = DEFINITIONAL_REPRESENTATION('',(#6545),#6549);
#6545 = LINE('',#6546,#6547);
#6546 = CARTESIAN_POINT('',(0.,1.61));
#6547 = VECTOR('',#6548,1.);
#6548 = DIRECTION('',(1.,0.));
#6549 = ( GEOMETRIC_REPRESENTATION_CONTEXT(2) 
PARAMETRIC_REPRESENTATION_CONTEXT() REPRESENTATION_CONTEXT('2D SPACE',''
  ) );
#6550 = FACE_BOUND('',#6551,.F.);
#6551 = EDGE_LOOP('',(#6552));
#6552 = ORIENTED_EDGE('',*,*,#6553,.T.);
#6553 = EDGE_CURVE('',#6554,#6554,#6556,.T.);
#6554 = VERTEX_POINT('',#6555);
#6555 = CARTESIAN_POINT('',(105.95,-118.9,1.6));
#6556 = SURFACE_CURVE('',#6557,(#6562,#6573),.PCURVE_S1.);
#6557 = CIRCLE('',#6558,0.15);
#6558 = AXIS2_PLACEMENT_3D('',#6559,#6560,#6561);
#6559 = CARTESIAN_POINT('',(105.8,-118.9,1.6));
#6560 = DIRECTION('',(0.,0.,1.));
#6561 = DIRECTION('',(1.,0.,-0.));
#6562 = PCURVE('',#90,#6563);
#6563 = DEFINITIONAL_REPRESENTATION('',(#6564),#6572);
#6564 = ( BOUNDED_CURVE() B_SPLINE_CURVE(2,(#6565,#6566,#6567,#6568,
#6569,#6570,#6571),.UNSPECIFIED.,.T.,.F.) B_SPLINE_CURVE_WITH_KNOTS((1,2
    ,2,2,2,1),(-2.094395102393,0.,2.094395102393,4.188790204786,
6.28318530718,8.377580409573),.UNSPECIFIED.) CURVE() 
GEOMETRIC_REPRESENTATION_ITEM() RATIONAL_B_SPLINE_CURVE((1.,0.5,1.,0.5,
1.,0.5,1.)) REPRESENTATION_ITEM('') );
#6565 = CARTESIAN_POINT('',(12.05,-0.9));
#6566 = CARTESIAN_POINT('',(12.05,-0.640192378865));
#6567 = CARTESIAN_POINT('',(12.275,-0.770096189432));
#6568 = CARTESIAN_POINT('',(12.5,-0.9));
#6569 = CARTESIAN_POINT('',(12.275,-1.029903810568));
#6570 = CARTESIAN_POINT('',(12.05,-1.159807621135));
#6571 = CARTESIAN_POINT('',(12.05,-0.9));
#6572 = ( GEOMETRIC_REPRESENTATION_CONTEXT(2) 
PARAMETRIC_REPRESENTATION_CONTEXT() REPRESENTATION_CONTEXT('2D SPACE',''
  ) );
#6573 = PCURVE('',#2376,#6574);
#6574 = DEFINITIONAL_REPRESENTATION('',(#6575),#6579);
#6575 = LINE('',#6576,#6577);
#6576 = CARTESIAN_POINT('',(0.,1.61));
#6577 = VECTOR('',#6578,1.);
#6578 = DIRECTION('',(1.,0.));
#6579 = ( GEOMETRIC_REPRESENTATION_CONTEXT(2) 
PARAMETRIC_REPRESENTATION_CONTEXT() REPRESENTATION_CONTEXT('2D SPACE',''
  ) );
#6580 = FACE_BOUND('',#6581,.F.);
#6581 = EDGE_LOOP('',(#6582));
#6582 = ORIENTED_EDGE('',*,*,#6583,.T.);
#6583 = EDGE_CURVE('',#6584,#6584,#6586,.T.);
#6584 = VERTEX_POINT('',#6585);
#6585 = CARTESIAN_POINT('',(104.85,-120.1,1.6));
#6586 = SURFACE_CURVE('',#6587,(#6592,#6603),.PCURVE_S1.);
#6587 = CIRCLE('',#6588,0.15);
#6588 = AXIS2_PLACEMENT_3D('',#6589,#6590,#6591);
#6589 = CARTESIAN_POINT('',(104.7,-120.1,1.6));
#6590 = DIRECTION('',(0.,0.,1.));
#6591 = DIRECTION('',(1.,0.,-0.));
#6592 = PCURVE('',#90,#6593);
#6593 = DEFINITIONAL_REPRESENTATION('',(#6594),#6602);
#6594 = ( BOUNDED_CURVE() B_SPLINE_CURVE(2,(#6595,#6596,#6597,#6598,
#6599,#6600,#6601),.UNSPECIFIED.,.T.,.F.) B_SPLINE_CURVE_WITH_KNOTS((1,2
    ,2,2,2,1),(-2.094395102393,0.,2.094395102393,4.188790204786,
6.28318530718,8.377580409573),.UNSPECIFIED.) CURVE() 
GEOMETRIC_REPRESENTATION_ITEM() RATIONAL_B_SPLINE_CURVE((1.,0.5,1.,0.5,
1.,0.5,1.)) REPRESENTATION_ITEM('') );
#6595 = CARTESIAN_POINT('',(13.15,-2.1));
#6596 = CARTESIAN_POINT('',(13.15,-1.840192378865));
#6597 = CARTESIAN_POINT('',(13.375,-1.970096189432));
#6598 = CARTESIAN_POINT('',(13.6,-2.1));
#6599 = CARTESIAN_POINT('',(13.375,-2.229903810568));
#6600 = CARTESIAN_POINT('',(13.15,-2.359807621135));
#6601 = CARTESIAN_POINT('',(13.15,-2.1));
#6602 = ( GEOMETRIC_REPRESENTATION_CONTEXT(2) 
PARAMETRIC_REPRESENTATION_CONTEXT() REPRESENTATION_CONTEXT('2D SPACE',''
  ) );
#6603 = PCURVE('',#2411,#6604);
#6604 = DEFINITIONAL_REPRESENTATION('',(#6605),#6609);
#6605 = LINE('',#6606,#6607);
#6606 = CARTESIAN_POINT('',(0.,1.61));
#6607 = VECTOR('',#6608,1.);
#6608 = DIRECTION('',(1.,0.));
#6609 = ( GEOMETRIC_REPRESENTATION_CONTEXT(2) 
PARAMETRIC_REPRESENTATION_CONTEXT() REPRESENTATION_CONTEXT('2D SPACE',''
  ) );
#6610 = FACE_BOUND('',#6611,.F.);
#6611 = EDGE_LOOP('',(#6612));
#6612 = ORIENTED_EDGE('',*,*,#6613,.T.);
#6613 = EDGE_CURVE('',#6614,#6614,#6616,.T.);
#6614 = VERTEX_POINT('',#6615);
#6615 = CARTESIAN_POINT('',(104.85,-118.9,1.6));
#6616 = SURFACE_CURVE('',#6617,(#6622,#6633),.PCURVE_S1.);
#6617 = CIRCLE('',#6618,0.15);
#6618 = AXIS2_PLACEMENT_3D('',#6619,#6620,#6621);
#6619 = CARTESIAN_POINT('',(104.7,-118.9,1.6));
#6620 = DIRECTION('',(0.,0.,1.));
#6621 = DIRECTION('',(1.,0.,-0.));
#6622 = PCURVE('',#90,#6623);
#6623 = DEFINITIONAL_REPRESENTATION('',(#6624),#6632);
#6624 = ( BOUNDED_CURVE() B_SPLINE_CURVE(2,(#6625,#6626,#6627,#6628,
#6629,#6630,#6631),.UNSPECIFIED.,.T.,.F.) B_SPLINE_CURVE_WITH_KNOTS((1,2
    ,2,2,2,1),(-2.094395102393,0.,2.094395102393,4.188790204786,
6.28318530718,8.377580409573),.UNSPECIFIED.) CURVE() 
GEOMETRIC_REPRESENTATION_ITEM() RATIONAL_B_SPLINE_CURVE((1.,0.5,1.,0.5,
1.,0.5,1.)) REPRESENTATION_ITEM('') );
#6625 = CARTESIAN_POINT('',(13.15,-0.9));
#6626 = CARTESIAN_POINT('',(13.15,-0.640192378865));
#6627 = CARTESIAN_POINT('',(13.375,-0.770096189432));
#6628 = CARTESIAN_POINT('',(13.6,-0.9));
#6629 = CARTESIAN_POINT('',(13.375,-1.029903810568));
#6630 = CARTESIAN_POINT('',(13.15,-1.159807621135));
#6631 = CARTESIAN_POINT('',(13.15,-0.9));
#6632 = ( GEOMETRIC_REPRESENTATION_CONTEXT(2) 
PARAMETRIC_REPRESENTATION_CONTEXT() REPRESENTATION_CONTEXT('2D SPACE',''
  ) );
#6633 = PCURVE('',#2446,#6634);
#6634 = DEFINITIONAL_REPRESENTATION('',(#6635),#6639);
#6635 = LINE('',#6636,#6637);
#6636 = CARTESIAN_POINT('',(0.,1.61));
#6637 = VECTOR('',#6638,1.);
#6638 = DIRECTION('',(1.,0.));
#6639 = ( GEOMETRIC_REPRESENTATION_CONTEXT(2) 
PARAMETRIC_REPRESENTATION_CONTEXT() REPRESENTATION_CONTEXT('2D SPACE',''
  ) );
#6640 = FACE_BOUND('',#6641,.F.);
#6641 = EDGE_LOOP('',(#6642));
#6642 = ORIENTED_EDGE('',*,*,#6643,.T.);
#6643 = EDGE_CURVE('',#6644,#6644,#6646,.T.);
#6644 = VERTEX_POINT('',#6645);
#6645 = CARTESIAN_POINT('',(134.85,-102.75,1.6));
#6646 = SURFACE_CURVE('',#6647,(#6652,#6663),.PCURVE_S1.);
#6647 = CIRCLE('',#6648,1.6);
#6648 = AXIS2_PLACEMENT_3D('',#6649,#6650,#6651);
#6649 = CARTESIAN_POINT('',(133.25,-102.75,1.6));
#6650 = DIRECTION('',(0.,0.,1.));
#6651 = DIRECTION('',(1.,0.,-0.));
#6652 = PCURVE('',#90,#6653);
#6653 = DEFINITIONAL_REPRESENTATION('',(#6654),#6662);
#6654 = ( BOUNDED_CURVE() B_SPLINE_CURVE(2,(#6655,#6656,#6657,#6658,
#6659,#6660,#6661),.UNSPECIFIED.,.T.,.F.) B_SPLINE_CURVE_WITH_KNOTS((1,2
    ,2,2,2,1),(-2.094395102393,0.,2.094395102393,4.188790204786,
6.28318530718,8.377580409573),.UNSPECIFIED.) CURVE() 
GEOMETRIC_REPRESENTATION_ITEM() RATIONAL_B_SPLINE_CURVE((1.,0.5,1.,0.5,
1.,0.5,1.)) REPRESENTATION_ITEM('') );
#6655 = CARTESIAN_POINT('',(-16.85,15.25));
#6656 = CARTESIAN_POINT('',(-16.85,18.02128129211));
#6657 = CARTESIAN_POINT('',(-14.45,16.635640646055));
#6658 = CARTESIAN_POINT('',(-12.05,15.25));
#6659 = CARTESIAN_POINT('',(-14.45,13.864359353945));
#6660 = CARTESIAN_POINT('',(-16.85,12.47871870789));
#6661 = CARTESIAN_POINT('',(-16.85,15.25));
#6662 = ( GEOMETRIC_REPRESENTATION_CONTEXT(2) 
PARAMETRIC_REPRESENTATION_CONTEXT() REPRESENTATION_CONTEXT('2D SPACE',''
  ) );
#6663 = PCURVE('',#2481,#6664);
#6664 = DEFINITIONAL_REPRESENTATION('',(#6665),#6669);
#6665 = LINE('',#6666,#6667);
#6666 = CARTESIAN_POINT('',(0.,1.61));
#6667 = VECTOR('',#6668,1.);
#6668 = DIRECTION('',(1.,0.));
#6669 = ( GEOMETRIC_REPRESENTATION_CONTEXT(2) 
PARAMETRIC_REPRESENTATION_CONTEXT() REPRESENTATION_CONTEXT('2D SPACE',''
  ) );
#6670 = FACE_BOUND('',#6671,.F.);
#6671 = EDGE_LOOP('',(#6672,#6695,#6716,#6737,#6758,#6779,#6800,#6821,
    #6842,#6863,#6884,#6905,#6926,#6947,#6968,#6989,#7010,#7031,#7052,
    #7073));
#6672 = ORIENTED_EDGE('',*,*,#6673,.F.);
#6673 = EDGE_CURVE('',#6674,#6676,#6678,.T.);
#6674 = VERTEX_POINT('',#6675);
#6675 = CARTESIAN_POINT('',(123.525108,-104.999875,1.6));
#6676 = VERTEX_POINT('',#6677);
#6677 = CARTESIAN_POINT('',(123.564935,-104.89707,1.6));
#6678 = SURFACE_CURVE('',#6679,(#6683,#6689),.PCURVE_S1.);
#6679 = LINE('',#6680,#6681);
#6680 = CARTESIAN_POINT('',(120.975067751,-111.5822660361,1.6));
#6681 = VECTOR('',#6682,1.);
#6682 = DIRECTION('',(0.361242697938,0.932471829701,-0.));
#6683 = PCURVE('',#90,#6684);
#6684 = DEFINITIONAL_REPRESENTATION('',(#6685),#6688);
#6685 = B_SPLINE_CURVE_WITH_KNOTS('',1,(#6686,#6687),.UNSPECIFIED.,.F.,
  .F.,(2,2),(7.059077632707,7.16932761209),.PIECEWISE_BEZIER_KNOTS.);
#6686 = CARTESIAN_POINT('',(-5.525108,13.000125));
#6687 = CARTESIAN_POINT('',(-5.564935,13.10293));
#6688 = ( GEOMETRIC_REPRESENTATION_CONTEXT(2) 
PARAMETRIC_REPRESENTATION_CONTEXT() REPRESENTATION_CONTEXT('2D SPACE',''
  ) );
#6689 = PCURVE('',#2513,#6690);
#6690 = DEFINITIONAL_REPRESENTATION('',(#6691),#6694);
#6691 = B_SPLINE_CURVE_WITH_KNOTS('',1,(#6692,#6693),.UNSPECIFIED.,.F.,
  .F.,(2,2),(7.059077632707,7.16932761209),.PIECEWISE_BEZIER_KNOTS.);
#6692 = CARTESIAN_POINT('',(0.,-1.6));
#6693 = CARTESIAN_POINT('',(0.110249979383,-1.6));
#6694 = ( GEOMETRIC_REPRESENTATION_CONTEXT(2) 
PARAMETRIC_REPRESENTATION_CONTEXT() REPRESENTATION_CONTEXT('2D SPACE',''
  ) );
#6695 = ORIENTED_EDGE('',*,*,#6696,.F.);
#6696 = EDGE_CURVE('',#6697,#6674,#6699,.T.);
#6697 = VERTEX_POINT('',#6698);
#6698 = CARTESIAN_POINT('',(123.52,-105.055,1.6));
#6699 = SURFACE_CURVE('',#6700,(#6704,#6710),.PCURVE_S1.);
#6700 = LINE('',#6701,#6702);
#6701 = CARTESIAN_POINT('',(122.90185381724,-111.7259687401,1.6));
#6702 = VECTOR('',#6703,1.);
#6703 = DIRECTION('',(9.22668640424E-02,0.995734314865,-0.));
#6704 = PCURVE('',#90,#6705);
#6705 = DEFINITIONAL_REPRESENTATION('',(#6706),#6709);
#6706 = B_SPLINE_CURVE_WITH_KNOTS('',1,(#6707,#6708),.UNSPECIFIED.,.F.,
  .F.,(2,2),(6.699546897721,6.75490805097),.PIECEWISE_BEZIER_KNOTS.);
#6707 = CARTESIAN_POINT('',(-5.52,12.945));
#6708 = CARTESIAN_POINT('',(-5.525108,13.000125));
#6709 = ( GEOMETRIC_REPRESENTATION_CONTEXT(2) 
PARAMETRIC_REPRESENTATION_CONTEXT() REPRESENTATION_CONTEXT('2D SPACE',''
  ) );
#6710 = PCURVE('',#2541,#6711);
#6711 = DEFINITIONAL_REPRESENTATION('',(#6712),#6715);
#6712 = B_SPLINE_CURVE_WITH_KNOTS('',1,(#6713,#6714),.UNSPECIFIED.,.F.,
  .F.,(2,2),(6.699546897721,6.75490805097),.PIECEWISE_BEZIER_KNOTS.);
#6713 = CARTESIAN_POINT('',(0.,-1.6));
#6714 = CARTESIAN_POINT('',(5.536115324847E-02,-1.6));
#6715 = ( GEOMETRIC_REPRESENTATION_CONTEXT(2) 
PARAMETRIC_REPRESENTATION_CONTEXT() REPRESENTATION_CONTEXT('2D SPACE',''
  ) );
#6716 = ORIENTED_EDGE('',*,*,#6717,.F.);
#6717 = EDGE_CURVE('',#6718,#6697,#6720,.T.);
#6718 = VERTEX_POINT('',#6719);
#6719 = CARTESIAN_POINT('',(123.52,-106.155,1.6));
#6720 = SURFACE_CURVE('',#6721,(#6725,#6731),.PCURVE_S1.);
#6721 = LINE('',#6722,#6723);
#6722 = CARTESIAN_POINT('',(123.52,-112.0775,1.6));
#6723 = VECTOR('',#6724,1.);
#6724 = DIRECTION('',(0.,1.,-0.));
#6725 = PCURVE('',#90,#6726);
#6726 = DEFINITIONAL_REPRESENTATION('',(#6727),#6730);
#6727 = B_SPLINE_CURVE_WITH_KNOTS('',1,(#6728,#6729),.UNSPECIFIED.,.F.,
  .F.,(2,2),(5.9225,7.0225),.PIECEWISE_BEZIER_KNOTS.);
#6728 = CARTESIAN_POINT('',(-5.52,11.845));
#6729 = CARTESIAN_POINT('',(-5.52,12.945));
#6730 = ( GEOMETRIC_REPRESENTATION_CONTEXT(2) 
PARAMETRIC_REPRESENTATION_CONTEXT() REPRESENTATION_CONTEXT('2D SPACE',''
  ) );
#6731 = PCURVE('',#2569,#6732);
#6732 = DEFINITIONAL_REPRESENTATION('',(#6733),#6736);
#6733 = B_SPLINE_CURVE_WITH_KNOTS('',1,(#6734,#6735),.UNSPECIFIED.,.F.,
  .F.,(2,2),(5.9225,7.0225),.PIECEWISE_BEZIER_KNOTS.);
#6734 = CARTESIAN_POINT('',(0.,-1.6));
#6735 = CARTESIAN_POINT('',(1.1,-1.6));
#6736 = ( GEOMETRIC_REPRESENTATION_CONTEXT(2) 
PARAMETRIC_REPRESENTATION_CONTEXT() REPRESENTATION_CONTEXT('2D SPACE',''
  ) );
#6737 = ORIENTED_EDGE('',*,*,#6738,.F.);
#6738 = EDGE_CURVE('',#6739,#6718,#6741,.T.);
#6739 = VERTEX_POINT('',#6740);
#6740 = CARTESIAN_POINT('',(123.540258,-106.263372,1.6));
#6741 = SURFACE_CURVE('',#6742,(#6746,#6752),.PCURVE_S1.);
#6742 = LINE('',#6743,#6744);
#6743 = CARTESIAN_POINT('',(124.50665796791,-111.4332158801,1.6));
#6744 = VECTOR('',#6745,1.);
#6745 = DIRECTION('',(-0.183747434241,0.982973489169,0.));
#6746 = PCURVE('',#90,#6747);
#6747 = DEFINITIONAL_REPRESENTATION('',(#6748),#6751);
#6748 = B_SPLINE_CURVE_WITH_KNOTS('',1,(#6749,#6750),.UNSPECIFIED.,.F.,
  .F.,(2,2),(5.259392991854,5.369642150345),.PIECEWISE_BEZIER_KNOTS.);
#6749 = CARTESIAN_POINT('',(-5.540258,11.736628));
#6750 = CARTESIAN_POINT('',(-5.52,11.845));
#6751 = ( GEOMETRIC_REPRESENTATION_CONTEXT(2) 
PARAMETRIC_REPRESENTATION_CONTEXT() REPRESENTATION_CONTEXT('2D SPACE',''
  ) );
#6752 = PCURVE('',#2597,#6753);
#6753 = DEFINITIONAL_REPRESENTATION('',(#6754),#6757);
#6754 = B_SPLINE_CURVE_WITH_KNOTS('',1,(#6755,#6756),.UNSPECIFIED.,.F.,
  .F.,(2,2),(5.259392991854,5.369642150345),.PIECEWISE_BEZIER_KNOTS.);
#6755 = CARTESIAN_POINT('',(0.,-1.6));
#6756 = CARTESIAN_POINT('',(0.110249158491,-1.6));
#6757 = ( GEOMETRIC_REPRESENTATION_CONTEXT(2) 
PARAMETRIC_REPRESENTATION_CONTEXT() REPRESENTATION_CONTEXT('2D SPACE',''
  ) );
#6758 = ORIENTED_EDGE('',*,*,#6759,.F.);
#6759 = EDGE_CURVE('',#6760,#6739,#6762,.T.);
#6760 = VERTEX_POINT('',#6761);
#6761 = CARTESIAN_POINT('',(123.598297,-106.357109,1.6));
#6762 = SURFACE_CURVE('',#6763,(#6767,#6773),.PCURVE_S1.);
#6763 = LINE('',#6764,#6765);
#6764 = CARTESIAN_POINT('',(125.42813849295,-109.3124295952,1.6));
#6765 = VECTOR('',#6766,1.);
#6766 = DIRECTION('',(-0.526428929276,0.850219137882,0.));
#6767 = PCURVE('',#90,#6768);
#6768 = DEFINITIONAL_REPRESENTATION('',(#6769),#6772);
#6769 = B_SPLINE_CURVE_WITH_KNOTS('',1,(#6770,#6771),.UNSPECIFIED.,.F.,
  .F.,(2,2),(3.475951626498,3.586202026452),.PIECEWISE_BEZIER_KNOTS.);
#6770 = CARTESIAN_POINT('',(-5.598297,11.642891));
#6771 = CARTESIAN_POINT('',(-5.540258,11.736628));
#6772 = ( GEOMETRIC_REPRESENTATION_CONTEXT(2) 
PARAMETRIC_REPRESENTATION_CONTEXT() REPRESENTATION_CONTEXT('2D SPACE',''
  ) );
#6773 = PCURVE('',#2625,#6774);
#6774 = DEFINITIONAL_REPRESENTATION('',(#6775),#6778);
#6775 = B_SPLINE_CURVE_WITH_KNOTS('',1,(#6776,#6777),.UNSPECIFIED.,.F.,
  .F.,(2,2),(3.475951626498,3.586202026452),.PIECEWISE_BEZIER_KNOTS.);
#6776 = CARTESIAN_POINT('',(0.,-1.6));
#6777 = CARTESIAN_POINT('',(0.110250399954,-1.6));
#6778 = ( GEOMETRIC_REPRESENTATION_CONTEXT(2) 
PARAMETRIC_REPRESENTATION_CONTEXT() REPRESENTATION_CONTEXT('2D SPACE',''
  ) );
#6779 = ORIENTED_EDGE('',*,*,#6780,.F.);
#6780 = EDGE_CURVE('',#6781,#6760,#6783,.T.);
#6781 = VERTEX_POINT('',#6782);
#6782 = CARTESIAN_POINT('',(123.686278,-106.423549,1.6));
#6783 = SURFACE_CURVE('',#6784,(#6788,#6794),.PCURVE_S1.);
#6784 = LINE('',#6785,#6786);
#6785 = CARTESIAN_POINT('',(124.6593041732,-107.1583424093,1.6));
#6786 = VECTOR('',#6787,1.);
#6787 = DIRECTION('',(-0.798017956254,0.60263367106,0.));
#6788 = PCURVE('',#90,#6789);
#6789 = DEFINITIONAL_REPRESENTATION('',(#6790),#6793);
#6790 = B_SPLINE_CURVE_WITH_KNOTS('',1,(#6791,#6792),.UNSPECIFIED.,.F.,
  .F.,(2,2),(1.219303607862,1.329553006776),.PIECEWISE_BEZIER_KNOTS.);
#6791 = CARTESIAN_POINT('',(-5.686278,11.576451));
#6792 = CARTESIAN_POINT('',(-5.598297,11.642891));
#6793 = ( GEOMETRIC_REPRESENTATION_CONTEXT(2) 
PARAMETRIC_REPRESENTATION_CONTEXT() REPRESENTATION_CONTEXT('2D SPACE',''
  ) );
#6794 = PCURVE('',#2653,#6795);
#6795 = DEFINITIONAL_REPRESENTATION('',(#6796),#6799);
#6796 = B_SPLINE_CURVE_WITH_KNOTS('',1,(#6797,#6798),.UNSPECIFIED.,.F.,
  .F.,(2,2),(1.219303607862,1.329553006776),.PIECEWISE_BEZIER_KNOTS.);
#6797 = CARTESIAN_POINT('',(0.,-1.6));
#6798 = CARTESIAN_POINT('',(0.110249398914,-1.6));
#6799 = ( GEOMETRIC_REPRESENTATION_CONTEXT(2) 
PARAMETRIC_REPRESENTATION_CONTEXT() REPRESENTATION_CONTEXT('2D SPACE',''
  ) );
#6800 = ORIENTED_EDGE('',*,*,#6801,.F.);
#6801 = EDGE_CURVE('',#6802,#6781,#6804,.T.);
#6802 = VERTEX_POINT('',#6803);
#6803 = CARTESIAN_POINT('',(123.792319,-106.45372,1.6));
#6804 = SURFACE_CURVE('',#6805,(#6809,#6815),.PCURVE_S1.);
#6805 = LINE('',#6806,#6807);
#6806 = CARTESIAN_POINT('',(122.63262540388,-106.1237616302,1.6));
#6807 = VECTOR('',#6808,1.);
#6808 = DIRECTION('',(-0.961826277748,0.273660759762,0.));
#6809 = PCURVE('',#90,#6810);
#6810 = DEFINITIONAL_REPRESENTATION('',(#6811),#6814);
#6811 = B_SPLINE_CURVE_WITH_KNOTS('',1,(#6812,#6813),.UNSPECIFIED.,.F.,
  .F.,(2,2),(-1.205720433036,-1.095470793934),.PIECEWISE_BEZIER_KNOTS.);
#6812 = CARTESIAN_POINT('',(-5.792319,11.54628));
#6813 = CARTESIAN_POINT('',(-5.686278,11.576451));
#6814 = ( GEOMETRIC_REPRESENTATION_CONTEXT(2) 
PARAMETRIC_REPRESENTATION_CONTEXT() REPRESENTATION_CONTEXT('2D SPACE',''
  ) );
#6815 = PCURVE('',#2681,#6816);
#6816 = DEFINITIONAL_REPRESENTATION('',(#6817),#6820);
#6817 = B_SPLINE_CURVE_WITH_KNOTS('',1,(#6818,#6819),.UNSPECIFIED.,.F.,
  .F.,(2,2),(-1.205720433036,-1.095470793934),.PIECEWISE_BEZIER_KNOTS.);
#6818 = CARTESIAN_POINT('',(0.,-1.6));
#6819 = CARTESIAN_POINT('',(0.110249639101,-1.6));
#6820 = ( GEOMETRIC_REPRESENTATION_CONTEXT(2) 
PARAMETRIC_REPRESENTATION_CONTEXT() REPRESENTATION_CONTEXT('2D SPACE',''
  ) );
#6821 = ORIENTED_EDGE('',*,*,#6822,.F.);
#6822 = EDGE_CURVE('',#6823,#6802,#6825,.T.);
#6823 = VERTEX_POINT('',#6824);
#6824 = CARTESIAN_POINT('',(123.902099,-106.443548,1.6));
#6825 = SURFACE_CURVE('',#6826,(#6830,#6836),.PCURVE_S1.);
#6826 = LINE('',#6827,#6828);
#6827 = CARTESIAN_POINT('',(120.44532853253,-106.7638455878,1.6));
#6828 = VECTOR('',#6829,1.);
#6829 = DIRECTION('',(-0.995734688848,-9.226282797371E-02,0.));
#6830 = PCURVE('',#90,#6831);
#6831 = DEFINITIONAL_REPRESENTATION('',(#6832),#6835);
#6832 = B_SPLINE_CURVE_WITH_KNOTS('',1,(#6833,#6834),.UNSPECIFIED.,.F.,
  .F.,(2,2),(-3.471577827087,-3.361327575459),.PIECEWISE_BEZIER_KNOTS.);
#6833 = CARTESIAN_POINT('',(-5.902099,11.556452));
#6834 = CARTESIAN_POINT('',(-5.792319,11.54628));
#6835 = ( GEOMETRIC_REPRESENTATION_CONTEXT(2) 
PARAMETRIC_REPRESENTATION_CONTEXT() REPRESENTATION_CONTEXT('2D SPACE',''
  ) );
#6836 = PCURVE('',#2709,#6837);
#6837 = DEFINITIONAL_REPRESENTATION('',(#6838),#6841);
#6838 = B_SPLINE_CURVE_WITH_KNOTS('',1,(#6839,#6840),.UNSPECIFIED.,.F.,
  .F.,(2,2),(-3.471577827087,-3.361327575459),.PIECEWISE_BEZIER_KNOTS.);
#6839 = CARTESIAN_POINT('',(0.,-1.6));
#6840 = CARTESIAN_POINT('',(0.110250251628,-1.6));
#6841 = ( GEOMETRIC_REPRESENTATION_CONTEXT(2) 
PARAMETRIC_REPRESENTATION_CONTEXT() REPRESENTATION_CONTEXT('2D SPACE',''
  ) );
#6842 = ORIENTED_EDGE('',*,*,#6843,.F.);
#6843 = EDGE_CURVE('',#6844,#6823,#6846,.T.);
#6844 = VERTEX_POINT('',#6845);
#6845 = CARTESIAN_POINT('',(124.00079,-106.394405,1.6));
#6846 = SURFACE_CURVE('',#6847,(#6851,#6857),.PCURVE_S1.);
#6847 = LINE('',#6848,#6849);
#6848 = CARTESIAN_POINT('',(119.28114888341,-108.7445415209,1.6));
#6849 = VECTOR('',#6850,1.);
#6850 = DIRECTION('',(-0.895160681354,-0.445743597327,0.));
#6851 = PCURVE('',#90,#6852);
#6852 = DEFINITIONAL_REPRESENTATION('',(#6853),#6856);
#6853 = B_SPLINE_CURVE_WITH_KNOTS('',1,(#6854,#6855),.UNSPECIFIED.,.F.,
  .F.,(2,2),(-5.27239546474,-5.162145984333),.PIECEWISE_BEZIER_KNOTS.);
#6854 = CARTESIAN_POINT('',(-6.00079,11.605595));
#6855 = CARTESIAN_POINT('',(-5.902099,11.556452));
#6856 = ( GEOMETRIC_REPRESENTATION_CONTEXT(2) 
PARAMETRIC_REPRESENTATION_CONTEXT() REPRESENTATION_CONTEXT('2D SPACE',''
  ) );
#6857 = PCURVE('',#2737,#6858);
#6858 = DEFINITIONAL_REPRESENTATION('',(#6859),#6862);
#6859 = B_SPLINE_CURVE_WITH_KNOTS('',1,(#6860,#6861),.UNSPECIFIED.,.F.,
  .F.,(2,2),(-5.27239546474,-5.162145984333),.PIECEWISE_BEZIER_KNOTS.);
#6860 = CARTESIAN_POINT('',(0.,-1.6));
#6861 = CARTESIAN_POINT('',(0.110249480407,-1.6));
#6862 = ( GEOMETRIC_REPRESENTATION_CONTEXT(2) 
PARAMETRIC_REPRESENTATION_CONTEXT() REPRESENTATION_CONTEXT('2D SPACE',''
  ) );
#6863 = ORIENTED_EDGE('',*,*,#6864,.F.);
#6864 = EDGE_CURVE('',#6865,#6844,#6867,.T.);
#6865 = VERTEX_POINT('',#6866);
#6866 = CARTESIAN_POINT('',(124.075065,-106.31293,1.6));
#6867 = SURFACE_CURVE('',#6868,(#6872,#6878),.PCURVE_S1.);
#6868 = LINE('',#6869,#6870);
#6869 = CARTESIAN_POINT('',(119.78711177967,-111.0165447913,1.6));
#6870 = VECTOR('',#6871,1.);
#6871 = DIRECTION('',(-0.67369922817,-0.73900564948,0.));
#6872 = PCURVE('',#90,#6873);
#6873 = DEFINITIONAL_REPRESENTATION('',(#6874),#6877);
#6874 = B_SPLINE_CURVE_WITH_KNOTS('',1,(#6875,#6876),.UNSPECIFIED.,.F.,
  .F.,(2,2),(-6.364788678725,-6.254539183262),.PIECEWISE_BEZIER_KNOTS.);
#6875 = CARTESIAN_POINT('',(-6.075065,11.68707));
#6876 = CARTESIAN_POINT('',(-6.00079,11.605595));
#6877 = ( GEOMETRIC_REPRESENTATION_CONTEXT(2) 
PARAMETRIC_REPRESENTATION_CONTEXT() REPRESENTATION_CONTEXT('2D SPACE',''
  ) );
#6878 = PCURVE('',#2765,#6879);
#6879 = DEFINITIONAL_REPRESENTATION('',(#6880),#6883);
#6880 = B_SPLINE_CURVE_WITH_KNOTS('',1,(#6881,#6882),.UNSPECIFIED.,.F.,
  .F.,(2,2),(-6.364788678725,-6.254539183262),.PIECEWISE_BEZIER_KNOTS.);
#6881 = CARTESIAN_POINT('',(0.,-1.6));
#6882 = CARTESIAN_POINT('',(0.110249495464,-1.6));
#6883 = ( GEOMETRIC_REPRESENTATION_CONTEXT(2) 
PARAMETRIC_REPRESENTATION_CONTEXT() REPRESENTATION_CONTEXT('2D SPACE',''
  ) );
#6884 = ORIENTED_EDGE('',*,*,#6885,.F.);
#6885 = EDGE_CURVE('',#6886,#6865,#6888,.T.);
#6886 = VERTEX_POINT('',#6887);
#6887 = CARTESIAN_POINT('',(124.114892,-106.210125,1.6));
#6888 = SURFACE_CURVE('',#6889,(#6893,#6899),.PCURVE_S1.);
#6889 = LINE('',#6890,#6891);
#6890 = CARTESIAN_POINT('',(121.73020497298,-112.3656915707,1.6));
#6891 = VECTOR('',#6892,1.);
#6892 = DIRECTION('',(-0.361242697938,-0.932471829701,0.));
#6893 = PCURVE('',#90,#6894);
#6894 = DEFINITIONAL_REPRESENTATION('',(#6895),#6898);
#6895 = B_SPLINE_CURVE_WITH_KNOTS('',1,(#6896,#6897),.UNSPECIFIED.,.F.,
  .F.,(2,2),(-6.60134319844,-6.491093219056),.PIECEWISE_BEZIER_KNOTS.);
#6896 = CARTESIAN_POINT('',(-6.114892,11.789875));
#6897 = CARTESIAN_POINT('',(-6.075065,11.68707));
#6898 = ( GEOMETRIC_REPRESENTATION_CONTEXT(2) 
PARAMETRIC_REPRESENTATION_CONTEXT() REPRESENTATION_CONTEXT('2D SPACE',''
  ) );
#6899 = PCURVE('',#2793,#6900);
#6900 = DEFINITIONAL_REPRESENTATION('',(#6901),#6904);
#6901 = B_SPLINE_CURVE_WITH_KNOTS('',1,(#6902,#6903),.UNSPECIFIED.,.F.,
  .F.,(2,2),(-6.60134319844,-6.491093219056),.PIECEWISE_BEZIER_KNOTS.);
#6902 = CARTESIAN_POINT('',(0.,-1.6));
#6903 = CARTESIAN_POINT('',(0.110249979383,-1.6));
#6904 = ( GEOMETRIC_REPRESENTATION_CONTEXT(2) 
PARAMETRIC_REPRESENTATION_CONTEXT() REPRESENTATION_CONTEXT('2D SPACE',''
  ) );
#6905 = ORIENTED_EDGE('',*,*,#6906,.F.);
#6906 = EDGE_CURVE('',#6907,#6886,#6909,.T.);
#6907 = VERTEX_POINT('',#6908);
#6908 = CARTESIAN_POINT('',(124.12,-106.155,1.6));
#6909 = SURFACE_CURVE('',#6910,(#6914,#6920),.PCURVE_S1.);
#6910 = LINE('',#6911,#6912);
#6911 = CARTESIAN_POINT('',(123.54983017044,-112.3082129707,1.6));
#6912 = VECTOR('',#6913,1.);
#6913 = DIRECTION('',(-9.22668640424E-02,-0.995734314865,0.));
#6914 = PCURVE('',#90,#6915);
#6915 = DEFINITIONAL_REPRESENTATION('',(#6916),#6919);
#6916 = B_SPLINE_CURVE_WITH_KNOTS('',1,(#6917,#6918),.UNSPECIFIED.,.F.,
  .F.,(2,2),(-6.179573083758,-6.12421193051),.PIECEWISE_BEZIER_KNOTS.);
#6917 = CARTESIAN_POINT('',(-6.12,11.845));
#6918 = CARTESIAN_POINT('',(-6.114892,11.789875));
#6919 = ( GEOMETRIC_REPRESENTATION_CONTEXT(2) 
PARAMETRIC_REPRESENTATION_CONTEXT() REPRESENTATION_CONTEXT('2D SPACE',''
  ) );
#6920 = PCURVE('',#2821,#6921);
#6921 = DEFINITIONAL_REPRESENTATION('',(#6922),#6925);
#6922 = B_SPLINE_CURVE_WITH_KNOTS('',1,(#6923,#6924),.UNSPECIFIED.,.F.,
  .F.,(2,2),(-6.179573083758,-6.12421193051),.PIECEWISE_BEZIER_KNOTS.);
#6923 = CARTESIAN_POINT('',(0.,-1.6));
#6924 = CARTESIAN_POINT('',(5.536115324847E-02,-1.6));
#6925 = ( GEOMETRIC_REPRESENTATION_CONTEXT(2) 
PARAMETRIC_REPRESENTATION_CONTEXT() REPRESENTATION_CONTEXT('2D SPACE',''
  ) );
#6926 = ORIENTED_EDGE('',*,*,#6927,.F.);
#6927 = EDGE_CURVE('',#6928,#6907,#6930,.T.);
#6928 = VERTEX_POINT('',#6929);
#6929 = CARTESIAN_POINT('',(124.12,-105.055,1.6));
#6930 = SURFACE_CURVE('',#6931,(#6935,#6941),.PCURVE_S1.);
#6931 = LINE('',#6932,#6933);
#6932 = CARTESIAN_POINT('',(124.12,-111.5275,1.6));
#6933 = VECTOR('',#6934,1.);
#6934 = DIRECTION('',(0.,-1.,0.));
#6935 = PCURVE('',#90,#6936);
#6936 = DEFINITIONAL_REPRESENTATION('',(#6937),#6940);
#6937 = B_SPLINE_CURVE_WITH_KNOTS('',1,(#6938,#6939),.UNSPECIFIED.,.F.,
  .F.,(2,2),(-6.4725,-5.3725),.PIECEWISE_BEZIER_KNOTS.);
#6938 = CARTESIAN_POINT('',(-6.12,12.945));
#6939 = CARTESIAN_POINT('',(-6.12,11.845));
#6940 = ( GEOMETRIC_REPRESENTATION_CONTEXT(2) 
PARAMETRIC_REPRESENTATION_CONTEXT() REPRESENTATION_CONTEXT('2D SPACE',''
  ) );
#6941 = PCURVE('',#2849,#6942);
#6942 = DEFINITIONAL_REPRESENTATION('',(#6943),#6946);
#6943 = B_SPLINE_CURVE_WITH_KNOTS('',1,(#6944,#6945),.UNSPECIFIED.,.F.,
  .F.,(2,2),(-6.4725,-5.3725),.PIECEWISE_BEZIER_KNOTS.);
#6944 = CARTESIAN_POINT('',(0.,-1.6));
#6945 = CARTESIAN_POINT('',(1.1,-1.6));
#6946 = ( GEOMETRIC_REPRESENTATION_CONTEXT(2) 
PARAMETRIC_REPRESENTATION_CONTEXT() REPRESENTATION_CONTEXT('2D SPACE',''
  ) );
#6947 = ORIENTED_EDGE('',*,*,#6948,.F.);
#6948 = EDGE_CURVE('',#6949,#6928,#6951,.T.);
#6949 = VERTEX_POINT('',#6950);
#6950 = CARTESIAN_POINT('',(124.099742,-104.946628,1.6));
#6951 = SURFACE_CURVE('',#6952,(#6956,#6962),.PCURVE_S1.);
#6952 = LINE('',#6953,#6954);
#6953 = CARTESIAN_POINT('',(125.17561140315,-110.7020885073,1.6));
#6954 = VECTOR('',#6955,1.);
#6955 = DIRECTION('',(0.183747434241,-0.982973489169,0.));
#6956 = PCURVE('',#90,#6957);
#6957 = DEFINITIONAL_REPRESENTATION('',(#6958),#6961);
#6958 = B_SPLINE_CURVE_WITH_KNOTS('',1,(#6959,#6960),.UNSPECIFIED.,.F.,
  .F.,(2,2),(-5.855153339116,-5.744904180625),.PIECEWISE_BEZIER_KNOTS.);
#6959 = CARTESIAN_POINT('',(-6.099742,13.053372));
#6960 = CARTESIAN_POINT('',(-6.12,12.945));
#6961 = ( GEOMETRIC_REPRESENTATION_CONTEXT(2) 
PARAMETRIC_REPRESENTATION_CONTEXT() REPRESENTATION_CONTEXT('2D SPACE',''
  ) );
#6962 = PCURVE('',#2877,#6963);
#6963 = DEFINITIONAL_REPRESENTATION('',(#6964),#6967);
#6964 = B_SPLINE_CURVE_WITH_KNOTS('',1,(#6965,#6966),.UNSPECIFIED.,.F.,
  .F.,(2,2),(-5.855153339116,-5.744904180625),.PIECEWISE_BEZIER_KNOTS.);
#6965 = CARTESIAN_POINT('',(0.,-1.6));
#6966 = CARTESIAN_POINT('',(0.110249158491,-1.6));
#6967 = ( GEOMETRIC_REPRESENTATION_CONTEXT(2) 
PARAMETRIC_REPRESENTATION_CONTEXT() REPRESENTATION_CONTEXT('2D SPACE',''
  ) );
#6968 = ORIENTED_EDGE('',*,*,#6969,.F.);
#6969 = EDGE_CURVE('',#6970,#6949,#6972,.T.);
#6970 = VERTEX_POINT('',#6971);
#6971 = CARTESIAN_POINT('',(124.041703,-104.852891,1.6));
#6972 = SURFACE_CURVE('',#6973,(#6977,#6983),.PCURVE_S1.);
#6973 = LINE('',#6974,#6975);
#6974 = CARTESIAN_POINT('',(126.14673342201,-108.2526607525,1.6));
#6975 = VECTOR('',#6976,1.);
#6976 = DIRECTION('',(0.526428929276,-0.850219137882,0.));
#6977 = PCURVE('',#90,#6978);
#6978 = DEFINITIONAL_REPRESENTATION('',(#6979),#6982);
#6979 = B_SPLINE_CURVE_WITH_KNOTS('',1,(#6980,#6981),.UNSPECIFIED.,.F.,
  .F.,(2,2),(-3.998698219165,-3.888447819211),.PIECEWISE_BEZIER_KNOTS.);
#6980 = CARTESIAN_POINT('',(-6.041703,13.147109));
#6981 = CARTESIAN_POINT('',(-6.099742,13.053372));
#6982 = ( GEOMETRIC_REPRESENTATION_CONTEXT(2) 
PARAMETRIC_REPRESENTATION_CONTEXT() REPRESENTATION_CONTEXT('2D SPACE',''
  ) );
#6983 = PCURVE('',#2905,#6984);
#6984 = DEFINITIONAL_REPRESENTATION('',(#6985),#6988);
#6985 = B_SPLINE_CURVE_WITH_KNOTS('',1,(#6986,#6987),.UNSPECIFIED.,.F.,
  .F.,(2,2),(-3.998698219165,-3.888447819211),.PIECEWISE_BEZIER_KNOTS.);
#6986 = CARTESIAN_POINT('',(0.,-1.6));
#6987 = CARTESIAN_POINT('',(0.110250399954,-1.6));
#6988 = ( GEOMETRIC_REPRESENTATION_CONTEXT(2) 
PARAMETRIC_REPRESENTATION_CONTEXT() REPRESENTATION_CONTEXT('2D SPACE',''
  ) );
#6989 = ORIENTED_EDGE('',*,*,#6990,.F.);
#6990 = EDGE_CURVE('',#6991,#6970,#6993,.T.);
#6991 = VERTEX_POINT('',#6992);
#6992 = CARTESIAN_POINT('',(123.953722,-104.786451,1.6));
#6993 = SURFACE_CURVE('',#6994,(#6998,#7004),.PCURVE_S1.);
#6994 = LINE('',#6995,#6996);
#6995 = CARTESIAN_POINT('',(125.23524007466,-105.7542060934,1.6));
#6996 = VECTOR('',#6997,1.);
#6997 = DIRECTION('',(0.798017956254,-0.60263367106,0.));
#6998 = PCURVE('',#90,#6999);
#6999 = DEFINITIONAL_REPRESENTATION('',(#7000),#7003);
#7000 = B_SPLINE_CURVE_WITH_KNOTS('',1,(#7001,#7002),.UNSPECIFIED.,.F.,
  .F.,(2,2),(-1.605876239528,-1.495626840614),.PIECEWISE_BEZIER_KNOTS.);
#7001 = CARTESIAN_POINT('',(-5.953722,13.213549));
#7002 = CARTESIAN_POINT('',(-6.041703,13.147109));
#7003 = ( GEOMETRIC_REPRESENTATION_CONTEXT(2) 
PARAMETRIC_REPRESENTATION_CONTEXT() REPRESENTATION_CONTEXT('2D SPACE',''
  ) );
#7004 = PCURVE('',#2933,#7005);
#7005 = DEFINITIONAL_REPRESENTATION('',(#7006),#7009);
#7006 = B_SPLINE_CURVE_WITH_KNOTS('',1,(#7007,#7008),.UNSPECIFIED.,.F.,
  .F.,(2,2),(-1.605876239528,-1.495626840614),.PIECEWISE_BEZIER_KNOTS.);
#7007 = CARTESIAN_POINT('',(0.,-1.6));
#7008 = CARTESIAN_POINT('',(0.110249398914,-1.6));
#7009 = ( GEOMETRIC_REPRESENTATION_CONTEXT(2) 
PARAMETRIC_REPRESENTATION_CONTEXT() REPRESENTATION_CONTEXT('2D SPACE',''
  ) );
#7010 = ORIENTED_EDGE('',*,*,#7011,.F.);
#7011 = EDGE_CURVE('',#7012,#6991,#7014,.T.);
#7012 = VERTEX_POINT('',#7013);
#7013 = CARTESIAN_POINT('',(123.847681,-104.75628,1.6));
#7014 = SURFACE_CURVE('',#7015,(#7019,#7025),.PCURVE_S1.);
#7015 = LINE('',#7016,#7017);
#7016 = CARTESIAN_POINT('',(122.8857745192,-104.4825964207,1.6));
#7017 = VECTOR('',#7018,1.);
#7018 = DIRECTION('',(0.961826277748,-0.273660759762,0.));
#7019 = PCURVE('',#90,#7020);
#7020 = DEFINITIONAL_REPRESENTATION('',(#7021),#7024);
#7021 = B_SPLINE_CURVE_WITH_KNOTS('',1,(#7022,#7023),.UNSPECIFIED.,.F.,
  .F.,(2,2),(1.000083386206,1.110333025307),.PIECEWISE_BEZIER_KNOTS.);
#7022 = CARTESIAN_POINT('',(-5.847681,13.24372));
#7023 = CARTESIAN_POINT('',(-5.953722,13.213549));
#7024 = ( GEOMETRIC_REPRESENTATION_CONTEXT(2) 
PARAMETRIC_REPRESENTATION_CONTEXT() REPRESENTATION_CONTEXT('2D SPACE',''
  ) );
#7025 = PCURVE('',#2961,#7026);
#7026 = DEFINITIONAL_REPRESENTATION('',(#7027),#7030);
#7027 = B_SPLINE_CURVE_WITH_KNOTS('',1,(#7028,#7029),.UNSPECIFIED.,.F.,
  .F.,(2,2),(1.000083386206,1.110333025307),.PIECEWISE_BEZIER_KNOTS.);
#7028 = CARTESIAN_POINT('',(0.,-1.6));
#7029 = CARTESIAN_POINT('',(0.110249639101,-1.6));
#7030 = ( GEOMETRIC_REPRESENTATION_CONTEXT(2) 
PARAMETRIC_REPRESENTATION_CONTEXT() REPRESENTATION_CONTEXT('2D SPACE',''
  ) );
#7031 = ORIENTED_EDGE('',*,*,#7032,.F.);
#7032 = EDGE_CURVE('',#7033,#7012,#7035,.T.);
#7033 = VERTEX_POINT('',#7034);
#7034 = CARTESIAN_POINT('',(123.737901,-104.766452,1.6));
#7035 = SURFACE_CURVE('',#7036,(#7040,#7046),.PCURVE_S1.);
#7036 = LINE('',#7037,#7038);
#7037 = CARTESIAN_POINT('',(120.28549385423,-105.086345291,1.6));
#7038 = VECTOR('',#7039,1.);
#7039 = DIRECTION('',(0.995734688848,9.226282797371E-02,-0.));
#7040 = PCURVE('',#90,#7041);
#7041 = DEFINITIONAL_REPRESENTATION('',(#7042),#7045);
#7042 = B_SPLINE_CURVE_WITH_KNOTS('',1,(#7043,#7044),.UNSPECIFIED.,.F.,
  .F.,(2,2),(3.467195814739,3.577446066367),.PIECEWISE_BEZIER_KNOTS.);
#7043 = CARTESIAN_POINT('',(-5.737901,13.233548));
#7044 = CARTESIAN_POINT('',(-5.847681,13.24372));
#7045 = ( GEOMETRIC_REPRESENTATION_CONTEXT(2) 
PARAMETRIC_REPRESENTATION_CONTEXT() REPRESENTATION_CONTEXT('2D SPACE',''
  ) );
#7046 = PCURVE('',#2989,#7047);
#7047 = DEFINITIONAL_REPRESENTATION('',(#7048),#7051);
#7048 = B_SPLINE_CURVE_WITH_KNOTS('',1,(#7049,#7050),.UNSPECIFIED.,.F.,
  .F.,(2,2),(3.467195814739,3.577446066367),.PIECEWISE_BEZIER_KNOTS.);
#7049 = CARTESIAN_POINT('',(0.,-1.6));
#7050 = CARTESIAN_POINT('',(0.110250251628,-1.6));
#7051 = ( GEOMETRIC_REPRESENTATION_CONTEXT(2) 
PARAMETRIC_REPRESENTATION_CONTEXT() REPRESENTATION_CONTEXT('2D SPACE',''
  ) );
#7052 = ORIENTED_EDGE('',*,*,#7053,.F.);
#7053 = EDGE_CURVE('',#7054,#7033,#7056,.T.);
#7054 = VERTEX_POINT('',#7055);
#7055 = CARTESIAN_POINT('',(123.63921,-104.815595,1.6));
#7056 = SURFACE_CURVE('',#7057,(#7061,#7067),.PCURVE_S1.);
#7057 = LINE('',#7058,#7059);
#7058 = CARTESIAN_POINT('',(118.74945601639,-107.2504389069,1.6));
#7059 = VECTOR('',#7060,1.);
#7060 = DIRECTION('',(0.895160681354,0.445743597327,-0.));
#7061 = PCURVE('',#90,#7062);
#7062 = DEFINITIONAL_REPRESENTATION('',(#7063),#7066);
#7063 = B_SPLINE_CURVE_WITH_KNOTS('',1,(#7064,#7065),.UNSPECIFIED.,.F.,
  .F.,(2,2),(5.462431589606,5.572681070013),.PIECEWISE_BEZIER_KNOTS.);
#7064 = CARTESIAN_POINT('',(-5.63921,13.184405));
#7065 = CARTESIAN_POINT('',(-5.737901,13.233548));
#7066 = ( GEOMETRIC_REPRESENTATION_CONTEXT(2) 
PARAMETRIC_REPRESENTATION_CONTEXT() REPRESENTATION_CONTEXT('2D SPACE',''
  ) );
#7067 = PCURVE('',#3017,#7068);
#7068 = DEFINITIONAL_REPRESENTATION('',(#7069),#7072);
#7069 = B_SPLINE_CURVE_WITH_KNOTS('',1,(#7070,#7071),.UNSPECIFIED.,.F.,
  .F.,(2,2),(5.462431589606,5.572681070013),.PIECEWISE_BEZIER_KNOTS.);
#7070 = CARTESIAN_POINT('',(0.,-1.6));
#7071 = CARTESIAN_POINT('',(0.110249480407,-1.6));
#7072 = ( GEOMETRIC_REPRESENTATION_CONTEXT(2) 
PARAMETRIC_REPRESENTATION_CONTEXT() REPRESENTATION_CONTEXT('2D SPACE',''
  ) );
#7073 = ORIENTED_EDGE('',*,*,#7074,.F.);
#7074 = EDGE_CURVE('',#6676,#7054,#7075,.T.);
#7075 = SURFACE_CURVE('',#7076,(#7080,#7086),.PCURVE_S1.);
#7076 = LINE('',#7077,#7078);
#7077 = CARTESIAN_POINT('',(119.0402929325,-109.860317559,1.6));
#7078 = VECTOR('',#7079,1.);
#7079 = DIRECTION('',(0.67369922817,0.73900564948,-0.));
#7080 = PCURVE('',#90,#7081);
#7081 = DEFINITIONAL_REPRESENTATION('',(#7082),#7085);
#7082 = B_SPLINE_CURVE_WITH_KNOTS('',1,(#7083,#7084),.UNSPECIFIED.,.F.,
  .F.,(2,2),(6.716115854528,6.826365349992),.PIECEWISE_BEZIER_KNOTS.);
#7083 = CARTESIAN_POINT('',(-5.564935,13.10293));
#7084 = CARTESIAN_POINT('',(-5.63921,13.184405));
#7085 = ( GEOMETRIC_REPRESENTATION_CONTEXT(2) 
PARAMETRIC_REPRESENTATION_CONTEXT() REPRESENTATION_CONTEXT('2D SPACE',''
  ) );
#7086 = PCURVE('',#3043,#7087);
#7087 = DEFINITIONAL_REPRESENTATION('',(#7088),#7091);
#7088 = B_SPLINE_CURVE_WITH_KNOTS('',1,(#7089,#7090),.UNSPECIFIED.,.F.,
  .F.,(2,2),(6.716115854528,6.826365349992),.PIECEWISE_BEZIER_KNOTS.);
#7089 = CARTESIAN_POINT('',(0.,-1.6));
#7090 = CARTESIAN_POINT('',(0.110249495464,-1.6));
#7091 = ( GEOMETRIC_REPRESENTATION_CONTEXT(2) 
PARAMETRIC_REPRESENTATION_CONTEXT() REPRESENTATION_CONTEXT('2D SPACE',''
  ) );
#7092 = FACE_BOUND('',#7093,.F.);
#7093 = EDGE_LOOP('',(#7094));
#7094 = ORIENTED_EDGE('',*,*,#7095,.T.);
#7095 = EDGE_CURVE('',#7096,#7096,#7098,.T.);
#7096 = VERTEX_POINT('',#7097);
#7097 = CARTESIAN_POINT('',(122.715,-105.105,1.6));
#7098 = SURFACE_CURVE('',#7099,(#7104,#7115),.PCURVE_S1.);
#7099 = CIRCLE('',#7100,0.325);
#7100 = AXIS2_PLACEMENT_3D('',#7101,#7102,#7103);
#7101 = CARTESIAN_POINT('',(122.39,-105.105,1.6));
#7102 = DIRECTION('',(0.,0.,1.));
#7103 = DIRECTION('',(1.,0.,-0.));
#7104 = PCURVE('',#90,#7105);
#7105 = DEFINITIONAL_REPRESENTATION('',(#7106),#7114);
#7106 = ( BOUNDED_CURVE() B_SPLINE_CURVE(2,(#7107,#7108,#7109,#7110,
#7111,#7112,#7113),.UNSPECIFIED.,.T.,.F.) B_SPLINE_CURVE_WITH_KNOTS((1,2
    ,2,2,2,1),(-2.094395102393,0.,2.094395102393,4.188790204786,
6.28318530718,8.377580409573),.UNSPECIFIED.) CURVE() 
GEOMETRIC_REPRESENTATION_ITEM() RATIONAL_B_SPLINE_CURVE((1.,0.5,1.,0.5,
1.,0.5,1.)) REPRESENTATION_ITEM('') );
#7107 = CARTESIAN_POINT('',(-4.715,12.895));
#7108 = CARTESIAN_POINT('',(-4.715,13.45791651246));
#7109 = CARTESIAN_POINT('',(-4.2275,13.17645825623));
#7110 = CARTESIAN_POINT('',(-3.74,12.895));
#7111 = CARTESIAN_POINT('',(-4.2275,12.61354174377));
#7112 = CARTESIAN_POINT('',(-4.715,12.33208348754));
#7113 = CARTESIAN_POINT('',(-4.715,12.895));
#7114 = ( GEOMETRIC_REPRESENTATION_CONTEXT(2) 
PARAMETRIC_REPRESENTATION_CONTEXT() REPRESENTATION_CONTEXT('2D SPACE',''
  ) );
#7115 = PCURVE('',#3078,#7116);
#7116 = DEFINITIONAL_REPRESENTATION('',(#7117),#7121);
#7117 = LINE('',#7118,#7119);
#7118 = CARTESIAN_POINT('',(0.,1.61));
#7119 = VECTOR('',#7120,1.);
#7120 = DIRECTION('',(1.,0.));
#7121 = ( GEOMETRIC_REPRESENTATION_CONTEXT(2) 
PARAMETRIC_REPRESENTATION_CONTEXT() REPRESENTATION_CONTEXT('2D SPACE',''
  ) );
#7122 = FACE_BOUND('',#7123,.F.);
#7123 = EDGE_LOOP('',(#7124,#7147,#7168,#7189,#7210,#7231,#7252,#7273,
    #7294,#7315,#7336,#7357,#7378,#7399,#7420,#7441,#7462,#7483,#7504,
    #7525));
#7124 = ORIENTED_EDGE('',*,*,#7125,.F.);
#7125 = EDGE_CURVE('',#7126,#7128,#7130,.T.);
#7126 = VERTEX_POINT('',#7127);
#7127 = CARTESIAN_POINT('',(123.525108,-100.969875,1.6));
#7128 = VERTEX_POINT('',#7129);
#7129 = CARTESIAN_POINT('',(123.564935,-100.86707,1.6));
#7130 = SURFACE_CURVE('',#7131,(#7135,#7141),.PCURVE_S1.);
#7131 = LINE('',#7132,#7133);
#7132 = CARTESIAN_POINT('',(120.29631774239,-109.3043160182,1.6));
#7133 = VECTOR('',#7134,1.);
#7134 = DIRECTION('',(0.361242697938,0.932471829701,-0.));
#7135 = PCURVE('',#90,#7136);
#7136 = DEFINITIONAL_REPRESENTATION('',(#7137),#7140);
#7137 = B_SPLINE_CURVE_WITH_KNOTS('',1,(#7138,#7139),.UNSPECIFIED.,.F.,
  .F.,(2,2),(8.938008369555,9.048258348939),.PIECEWISE_BEZIER_KNOTS.);
#7138 = CARTESIAN_POINT('',(-5.525108,17.030125));
#7139 = CARTESIAN_POINT('',(-5.564935,17.13293));
#7140 = ( GEOMETRIC_REPRESENTATION_CONTEXT(2) 
PARAMETRIC_REPRESENTATION_CONTEXT() REPRESENTATION_CONTEXT('2D SPACE',''
  ) );
#7141 = PCURVE('',#3110,#7142);
#7142 = DEFINITIONAL_REPRESENTATION('',(#7143),#7146);
#7143 = B_SPLINE_CURVE_WITH_KNOTS('',1,(#7144,#7145),.UNSPECIFIED.,.F.,
  .F.,(2,2),(8.938008369555,9.048258348939),.PIECEWISE_BEZIER_KNOTS.);
#7144 = CARTESIAN_POINT('',(0.,-1.6));
#7145 = CARTESIAN_POINT('',(0.110249979383,-1.6));
#7146 = ( GEOMETRIC_REPRESENTATION_CONTEXT(2) 
PARAMETRIC_REPRESENTATION_CONTEXT() REPRESENTATION_CONTEXT('2D SPACE',''
  ) );
#7147 = ORIENTED_EDGE('',*,*,#7148,.F.);
#7148 = EDGE_CURVE('',#7149,#7126,#7151,.T.);
#7149 = VERTEX_POINT('',#7150);
#7150 = CARTESIAN_POINT('',(123.52,-101.025,1.6));
#7151 = SURFACE_CURVE('',#7152,(#7156,#7162),.PCURVE_S1.);
#7152 = LINE('',#7153,#7154);
#7153 = CARTESIAN_POINT('',(122.71672915269,-109.693814694,1.6));
#7154 = VECTOR('',#7155,1.);
#7155 = DIRECTION('',(9.22668640424E-02,0.995734314865,-0.));
#7156 = PCURVE('',#90,#7157);
#7157 = DEFINITIONAL_REPRESENTATION('',(#7158),#7161);
#7158 = B_SPLINE_CURVE_WITH_KNOTS('',1,(#7159,#7160),.UNSPECIFIED.,.F.,
  .F.,(2,2),(8.705951542174,8.761312695423),.PIECEWISE_BEZIER_KNOTS.);
#7159 = CARTESIAN_POINT('',(-5.52,16.975));
#7160 = CARTESIAN_POINT('',(-5.525108,17.030125));
#7161 = ( GEOMETRIC_REPRESENTATION_CONTEXT(2) 
PARAMETRIC_REPRESENTATION_CONTEXT() REPRESENTATION_CONTEXT('2D SPACE',''
  ) );
#7162 = PCURVE('',#3138,#7163);
#7163 = DEFINITIONAL_REPRESENTATION('',(#7164),#7167);
#7164 = B_SPLINE_CURVE_WITH_KNOTS('',1,(#7165,#7166),.UNSPECIFIED.,.F.,
  .F.,(2,2),(8.705951542174,8.761312695423),.PIECEWISE_BEZIER_KNOTS.);
#7165 = CARTESIAN_POINT('',(0.,-1.6));
#7166 = CARTESIAN_POINT('',(5.536115324847E-02,-1.6));
#7167 = ( GEOMETRIC_REPRESENTATION_CONTEXT(2) 
PARAMETRIC_REPRESENTATION_CONTEXT() REPRESENTATION_CONTEXT('2D SPACE',''
  ) );
#7168 = ORIENTED_EDGE('',*,*,#7169,.F.);
#7169 = EDGE_CURVE('',#7170,#7149,#7172,.T.);
#7170 = VERTEX_POINT('',#7171);
#7171 = CARTESIAN_POINT('',(123.52,-101.825,1.6));
#7172 = SURFACE_CURVE('',#7173,(#7177,#7183),.PCURVE_S1.);
#7173 = LINE('',#7174,#7175);
#7174 = CARTESIAN_POINT('',(123.52,-109.9125,1.6));
#7175 = VECTOR('',#7176,1.);
#7176 = DIRECTION('',(0.,1.,-0.));
#7177 = PCURVE('',#90,#7178);
#7178 = DEFINITIONAL_REPRESENTATION('',(#7179),#7182);
#7179 = B_SPLINE_CURVE_WITH_KNOTS('',1,(#7180,#7181),.UNSPECIFIED.,.F.,
  .F.,(2,2),(8.0875,8.8875),.PIECEWISE_BEZIER_KNOTS.);
#7180 = CARTESIAN_POINT('',(-5.52,16.175));
#7181 = CARTESIAN_POINT('',(-5.52,16.975));
#7182 = ( GEOMETRIC_REPRESENTATION_CONTEXT(2) 
PARAMETRIC_REPRESENTATION_CONTEXT() REPRESENTATION_CONTEXT('2D SPACE',''
  ) );
#7183 = PCURVE('',#3166,#7184);
#7184 = DEFINITIONAL_REPRESENTATION('',(#7185),#7188);
#7185 = B_SPLINE_CURVE_WITH_KNOTS('',1,(#7186,#7187),.UNSPECIFIED.,.F.,
  .F.,(2,2),(8.0875,8.8875),.PIECEWISE_BEZIER_KNOTS.);
#7186 = CARTESIAN_POINT('',(0.,-1.6));
#7187 = CARTESIAN_POINT('',(0.8,-1.6));
#7188 = ( GEOMETRIC_REPRESENTATION_CONTEXT(2) 
PARAMETRIC_REPRESENTATION_CONTEXT() REPRESENTATION_CONTEXT('2D SPACE',''
  ) );
#7189 = ORIENTED_EDGE('',*,*,#7190,.F.);
#7190 = EDGE_CURVE('',#7191,#7170,#7193,.T.);
#7191 = VERTEX_POINT('',#7192);
#7192 = CARTESIAN_POINT('',(123.540258,-101.933372,1.6));
#7193 = SURFACE_CURVE('',#7194,(#7198,#7204),.PCURVE_S1.);
#7194 = LINE('',#7195,#7196);
#7195 = CARTESIAN_POINT('',(124.89769779237,-109.1951187262,1.6));
#7196 = VECTOR('',#7197,1.);
#7197 = DIRECTION('',(-0.183747434241,0.982973489169,0.));
#7198 = PCURVE('',#90,#7199);
#7199 = DEFINITIONAL_REPRESENTATION('',(#7200),#7203);
#7200 = B_SPLINE_CURVE_WITH_KNOTS('',1,(#7201,#7202),.UNSPECIFIED.,.F.,
  .F.,(2,2),(7.387530595906,7.497779754397),.PIECEWISE_BEZIER_KNOTS.);
#7201 = CARTESIAN_POINT('',(-5.540258,16.066628));
#7202 = CARTESIAN_POINT('',(-5.52,16.175));
#7203 = ( GEOMETRIC_REPRESENTATION_CONTEXT(2) 
PARAMETRIC_REPRESENTATION_CONTEXT() REPRESENTATION_CONTEXT('2D SPACE',''
  ) );
#7204 = PCURVE('',#3194,#7205);
#7205 = DEFINITIONAL_REPRESENTATION('',(#7206),#7209);
#7206 = B_SPLINE_CURVE_WITH_KNOTS('',1,(#7207,#7208),.UNSPECIFIED.,.F.,
  .F.,(2,2),(7.387530595906,7.497779754397),.PIECEWISE_BEZIER_KNOTS.);
#7207 = CARTESIAN_POINT('',(0.,-1.6));
#7208 = CARTESIAN_POINT('',(0.110249158491,-1.6));
#7209 = ( GEOMETRIC_REPRESENTATION_CONTEXT(2) 
PARAMETRIC_REPRESENTATION_CONTEXT() REPRESENTATION_CONTEXT('2D SPACE',''
  ) );
#7210 = ORIENTED_EDGE('',*,*,#7211,.F.);
#7211 = EDGE_CURVE('',#7212,#7191,#7214,.T.);
#7212 = VERTEX_POINT('',#7213);
#7213 = CARTESIAN_POINT('',(123.598297,-102.027109,1.6));
#7214 = SURFACE_CURVE('',#7215,(#7219,#7225),.PCURVE_S1.);
#7215 = LINE('',#7216,#7217);
#7216 = CARTESIAN_POINT('',(126.39714908558,-106.5474487361,1.6));
#7217 = VECTOR('',#7218,1.);
#7218 = DIRECTION('',(-0.526428929276,0.850219137882,0.));
#7219 = PCURVE('',#90,#7220);
#7220 = DEFINITIONAL_REPRESENTATION('',(#7221),#7224);
#7221 = B_SPLINE_CURVE_WITH_KNOTS('',1,(#7222,#7223),.UNSPECIFIED.,.F.,
  .F.,(2,2),(5.316676060013,5.426926459967),.PIECEWISE_BEZIER_KNOTS.);
#7222 = CARTESIAN_POINT('',(-5.598297,15.972891));
#7223 = CARTESIAN_POINT('',(-5.540258,16.066628));
#7224 = ( GEOMETRIC_REPRESENTATION_CONTEXT(2) 
PARAMETRIC_REPRESENTATION_CONTEXT() REPRESENTATION_CONTEXT('2D SPACE',''
  ) );
#7225 = PCURVE('',#3222,#7226);
#7226 = DEFINITIONAL_REPRESENTATION('',(#7227),#7230);
#7227 = B_SPLINE_CURVE_WITH_KNOTS('',1,(#7228,#7229),.UNSPECIFIED.,.F.,
  .F.,(2,2),(5.316676060013,5.426926459967),.PIECEWISE_BEZIER_KNOTS.);
#7228 = CARTESIAN_POINT('',(0.,-1.6));
#7229 = CARTESIAN_POINT('',(0.110250399954,-1.6));
#7230 = ( GEOMETRIC_REPRESENTATION_CONTEXT(2) 
PARAMETRIC_REPRESENTATION_CONTEXT() REPRESENTATION_CONTEXT('2D SPACE',''
  ) );
#7231 = ORIENTED_EDGE('',*,*,#7232,.F.);
#7232 = EDGE_CURVE('',#7233,#7212,#7235,.T.);
#7233 = VERTEX_POINT('',#7234);
#7234 = CARTESIAN_POINT('',(123.686278,-102.093549,1.6));
#7235 = SURFACE_CURVE('',#7236,(#7240,#7246),.PCURVE_S1.);
#7236 = LINE('',#7237,#7238);
#7237 = CARTESIAN_POINT('',(125.70047971523,-103.6145997036,1.6));
#7238 = VECTOR('',#7239,1.);
#7239 = DIRECTION('',(-0.798017956254,0.60263367106,0.));
#7240 = PCURVE('',#90,#7241);
#7241 = DEFINITIONAL_REPRESENTATION('',(#7242),#7245);
#7242 = B_SPLINE_CURVE_WITH_KNOTS('',1,(#7243,#7244),.UNSPECIFIED.,.F.,
  .F.,(2,2),(2.524005505707,2.634254904622),.PIECEWISE_BEZIER_KNOTS.);
#7243 = CARTESIAN_POINT('',(-5.686278,15.906451));
#7244 = CARTESIAN_POINT('',(-5.598297,15.972891));
#7245 = ( GEOMETRIC_REPRESENTATION_CONTEXT(2) 
PARAMETRIC_REPRESENTATION_CONTEXT() REPRESENTATION_CONTEXT('2D SPACE',''
  ) );
#7246 = PCURVE('',#3250,#7247);
#7247 = DEFINITIONAL_REPRESENTATION('',(#7248),#7251);
#7248 = B_SPLINE_CURVE_WITH_KNOTS('',1,(#7249,#7250),.UNSPECIFIED.,.F.,
  .F.,(2,2),(2.524005505707,2.634254904622),.PIECEWISE_BEZIER_KNOTS.);
#7249 = CARTESIAN_POINT('',(0.,-1.6));
#7250 = CARTESIAN_POINT('',(0.110249398914,-1.6));
#7251 = ( GEOMETRIC_REPRESENTATION_CONTEXT(2) 
PARAMETRIC_REPRESENTATION_CONTEXT() REPRESENTATION_CONTEXT('2D SPACE',''
  ) );
#7252 = ORIENTED_EDGE('',*,*,#7253,.F.);
#7253 = EDGE_CURVE('',#7254,#7233,#7256,.T.);
#7254 = VERTEX_POINT('',#7255);
#7255 = CARTESIAN_POINT('',(123.792319,-102.12372,1.6));
#7256 = SURFACE_CURVE('',#7257,(#7261,#7267),.PCURVE_S1.);
#7257 = LINE('',#7258,#7259);
#7258 = CARTESIAN_POINT('',(123.20248395188,-101.9558989379,1.6));
#7259 = VECTOR('',#7260,1.);
#7260 = DIRECTION('',(-0.961826277748,0.273660759762,0.));
#7261 = PCURVE('',#90,#7262);
#7262 = DEFINITIONAL_REPRESENTATION('',(#7263),#7266);
#7263 = B_SPLINE_CURVE_WITH_KNOTS('',1,(#7264,#7265),.UNSPECIFIED.,.F.,
  .F.,(2,2),(-0.613244888151,-0.502995249049),.PIECEWISE_BEZIER_KNOTS.);
#7264 = CARTESIAN_POINT('',(-5.792319,15.87628));
#7265 = CARTESIAN_POINT('',(-5.686278,15.906451));
#7266 = ( GEOMETRIC_REPRESENTATION_CONTEXT(2) 
PARAMETRIC_REPRESENTATION_CONTEXT() REPRESENTATION_CONTEXT('2D SPACE',''
  ) );
#7267 = PCURVE('',#3278,#7268);
#7268 = DEFINITIONAL_REPRESENTATION('',(#7269),#7272);
#7269 = B_SPLINE_CURVE_WITH_KNOTS('',1,(#7270,#7271),.UNSPECIFIED.,.F.,
  .F.,(2,2),(-0.613244888151,-0.502995249049),.PIECEWISE_BEZIER_KNOTS.);
#7270 = CARTESIAN_POINT('',(0.,-1.6));
#7271 = CARTESIAN_POINT('',(0.110249639101,-1.6));
#7272 = ( GEOMETRIC_REPRESENTATION_CONTEXT(2) 
PARAMETRIC_REPRESENTATION_CONTEXT() REPRESENTATION_CONTEXT('2D SPACE',''
  ) );
#7273 = ORIENTED_EDGE('',*,*,#7274,.F.);
#7274 = EDGE_CURVE('',#7275,#7254,#7277,.T.);
#7275 = VERTEX_POINT('',#7276);
#7276 = CARTESIAN_POINT('',(123.902099,-102.113548,1.6));
#7277 = SURFACE_CURVE('',#7278,(#7282,#7288),.PCURVE_S1.);
#7278 = LINE('',#7279,#7280);
#7279 = CARTESIAN_POINT('',(120.2464315017,-102.4522749975,1.6));
#7280 = VECTOR('',#7281,1.);
#7281 = DIRECTION('',(-0.995734688848,-9.226282797384E-02,0.));
#7282 = PCURVE('',#90,#7283);
#7283 = DEFINITIONAL_REPRESENTATION('',(#7284),#7287);
#7284 = B_SPLINE_CURVE_WITH_KNOTS('',1,(#7285,#7286),.UNSPECIFIED.,.F.,
  .F.,(2,2),(-3.671326849651,-3.561076598024),.PIECEWISE_BEZIER_KNOTS.);
#7285 = CARTESIAN_POINT('',(-5.902099,15.886452));
#7286 = CARTESIAN_POINT('',(-5.792319,15.87628));
#7287 = ( GEOMETRIC_REPRESENTATION_CONTEXT(2) 
PARAMETRIC_REPRESENTATION_CONTEXT() REPRESENTATION_CONTEXT('2D SPACE',''
  ) );
#7288 = PCURVE('',#3306,#7289);
#7289 = DEFINITIONAL_REPRESENTATION('',(#7290),#7293);
#7290 = B_SPLINE_CURVE_WITH_KNOTS('',1,(#7291,#7292),.UNSPECIFIED.,.F.,
  .F.,(2,2),(-3.671326849651,-3.561076598024),.PIECEWISE_BEZIER_KNOTS.);
#7291 = CARTESIAN_POINT('',(0.,-1.6));
#7292 = CARTESIAN_POINT('',(0.110250251628,-1.6));
#7293 = ( GEOMETRIC_REPRESENTATION_CONTEXT(2) 
PARAMETRIC_REPRESENTATION_CONTEXT() REPRESENTATION_CONTEXT('2D SPACE',''
  ) );
#7294 = ORIENTED_EDGE('',*,*,#7295,.F.);
#7295 = EDGE_CURVE('',#7296,#7275,#7298,.T.);
#7296 = VERTEX_POINT('',#7297);
#7297 = CARTESIAN_POINT('',(124.00079,-102.064405,1.6));
#7298 = SURFACE_CURVE('',#7299,(#7303,#7309),.PCURVE_S1.);
#7299 = LINE('',#7300,#7301);
#7300 = CARTESIAN_POINT('',(118.41728759535,-104.8446996436,1.6));
#7301 = VECTOR('',#7302,1.);
#7302 = DIRECTION('',(-0.895160681354,-0.445743597327,0.));
#7303 = PCURVE('',#90,#7304);
#7304 = DEFINITIONAL_REPRESENTATION('',(#7305),#7308);
#7305 = B_SPLINE_CURVE_WITH_KNOTS('',1,(#7306,#7307),.UNSPECIFIED.,.F.,
  .F.,(2,2),(-6.237430352953,-6.127180872546),.PIECEWISE_BEZIER_KNOTS.);
#7306 = CARTESIAN_POINT('',(-6.00079,15.935595));
#7307 = CARTESIAN_POINT('',(-5.902099,15.886452));
#7308 = ( GEOMETRIC_REPRESENTATION_CONTEXT(2) 
PARAMETRIC_REPRESENTATION_CONTEXT() REPRESENTATION_CONTEXT('2D SPACE',''
  ) );
#7309 = PCURVE('',#3334,#7310);
#7310 = DEFINITIONAL_REPRESENTATION('',(#7311),#7314);
#7311 = B_SPLINE_CURVE_WITH_KNOTS('',1,(#7312,#7313),.UNSPECIFIED.,.F.,
  .F.,(2,2),(-6.237430352953,-6.127180872546),.PIECEWISE_BEZIER_KNOTS.);
#7312 = CARTESIAN_POINT('',(0.,-1.6));
#7313 = CARTESIAN_POINT('',(0.110249480407,-1.6));
#7314 = ( GEOMETRIC_REPRESENTATION_CONTEXT(2) 
PARAMETRIC_REPRESENTATION_CONTEXT() REPRESENTATION_CONTEXT('2D SPACE',''
  ) );
#7315 = ORIENTED_EDGE('',*,*,#7316,.F.);
#7316 = EDGE_CURVE('',#7317,#7296,#7319,.T.);
#7317 = VERTEX_POINT('',#7318);
#7318 = CARTESIAN_POINT('',(124.075065,-101.98293,1.6));
#7319 = SURFACE_CURVE('',#7320,(#7324,#7330),.PCURVE_S1.);
#7320 = LINE('',#7321,#7322);
#7321 = CARTESIAN_POINT('',(118.70922856495,-107.8689148339,1.6));
#7322 = VECTOR('',#7323,1.);
#7323 = DIRECTION('',(-0.67369922817,-0.73900564948,0.));
#7324 = PCURVE('',#90,#7325);
#7325 = DEFINITIONAL_REPRESENTATION('',(#7326),#7329);
#7326 = B_SPLINE_CURVE_WITH_KNOTS('',1,(#7327,#7328),.UNSPECIFIED.,.F.,
  .F.,(2,2),(-7.964735909849,-7.854486414386),.PIECEWISE_BEZIER_KNOTS.);
#7327 = CARTESIAN_POINT('',(-6.075065,16.01707));
#7328 = CARTESIAN_POINT('',(-6.00079,15.935595));
#7329 = ( GEOMETRIC_REPRESENTATION_CONTEXT(2) 
PARAMETRIC_REPRESENTATION_CONTEXT() REPRESENTATION_CONTEXT('2D SPACE',''
  ) );
#7330 = PCURVE('',#3362,#7331);
#7331 = DEFINITIONAL_REPRESENTATION('',(#7332),#7335);
#7332 = B_SPLINE_CURVE_WITH_KNOTS('',1,(#7333,#7334),.UNSPECIFIED.,.F.,
  .F.,(2,2),(-7.964735909849,-7.854486414386),.PIECEWISE_BEZIER_KNOTS.);
#7333 = CARTESIAN_POINT('',(0.,-1.6));
#7334 = CARTESIAN_POINT('',(0.110249495464,-1.6));
#7335 = ( GEOMETRIC_REPRESENTATION_CONTEXT(2) 
PARAMETRIC_REPRESENTATION_CONTEXT() REPRESENTATION_CONTEXT('2D SPACE',''
  ) );
#7336 = ORIENTED_EDGE('',*,*,#7337,.F.);
#7337 = EDGE_CURVE('',#7338,#7317,#7340,.T.);
#7338 = VERTEX_POINT('',#7339);
#7339 = CARTESIAN_POINT('',(124.114892,-101.880125,1.6));
#7340 = SURFACE_CURVE('',#7341,(#7345,#7351),.PCURVE_S1.);
#7341 = LINE('',#7342,#7343);
#7342 = CARTESIAN_POINT('',(121.00092766843,-109.9181671097,1.6));
#7343 = VECTOR('',#7344,1.);
#7344 = DIRECTION('',(-0.361242697938,-0.932471829701,0.));
#7345 = PCURVE('',#90,#7346);
#7346 = DEFINITIONAL_REPRESENTATION('',(#7347),#7350);
#7347 = B_SPLINE_CURVE_WITH_KNOTS('',1,(#7348,#7349),.UNSPECIFIED.,.F.,
  .F.,(2,2),(-8.620144709743,-8.50989473036),.PIECEWISE_BEZIER_KNOTS.);
#7348 = CARTESIAN_POINT('',(-6.114892,16.119875));
#7349 = CARTESIAN_POINT('',(-6.075065,16.01707));
#7350 = ( GEOMETRIC_REPRESENTATION_CONTEXT(2) 
PARAMETRIC_REPRESENTATION_CONTEXT() REPRESENTATION_CONTEXT('2D SPACE',''
  ) );
#7351 = PCURVE('',#3390,#7352);
#7352 = DEFINITIONAL_REPRESENTATION('',(#7353),#7356);
#7353 = B_SPLINE_CURVE_WITH_KNOTS('',1,(#7354,#7355),.UNSPECIFIED.,.F.,
  .F.,(2,2),(-8.620144709743,-8.50989473036),.PIECEWISE_BEZIER_KNOTS.);
#7354 = CARTESIAN_POINT('',(0.,-1.6));
#7355 = CARTESIAN_POINT('',(0.110249979383,-1.6));
#7356 = ( GEOMETRIC_REPRESENTATION_CONTEXT(2) 
PARAMETRIC_REPRESENTATION_CONTEXT() REPRESENTATION_CONTEXT('2D SPACE',''
  ) );
#7357 = ORIENTED_EDGE('',*,*,#7358,.F.);
#7358 = EDGE_CURVE('',#7359,#7338,#7361,.T.);
#7359 = VERTEX_POINT('',#7360);
#7360 = CARTESIAN_POINT('',(124.12,-101.825,1.6));
#7361 = SURFACE_CURVE('',#7362,(#7366,#7372),.PCURVE_S1.);
#7362 = LINE('',#7363,#7364);
#7363 = CARTESIAN_POINT('',(123.35092451349,-110.1247819485,1.6));
#7364 = VECTOR('',#7365,1.);
#7365 = DIRECTION('',(-9.22668640424E-02,-0.995734314865,0.));
#7366 = PCURVE('',#90,#7367);
#7367 = DEFINITIONAL_REPRESENTATION('',(#7368),#7371);
#7368 = B_SPLINE_CURVE_WITH_KNOTS('',1,(#7369,#7370),.UNSPECIFIED.,.F.,
  .F.,(2,2),(-8.335337875441,-8.279976722192),.PIECEWISE_BEZIER_KNOTS.);
#7369 = CARTESIAN_POINT('',(-6.12,16.175));
#7370 = CARTESIAN_POINT('',(-6.114892,16.119875));
#7371 = ( GEOMETRIC_REPRESENTATION_CONTEXT(2) 
PARAMETRIC_REPRESENTATION_CONTEXT() REPRESENTATION_CONTEXT('2D SPACE',''
  ) );
#7372 = PCURVE('',#3418,#7373);
#7373 = DEFINITIONAL_REPRESENTATION('',(#7374),#7377);
#7374 = B_SPLINE_CURVE_WITH_KNOTS('',1,(#7375,#7376),.UNSPECIFIED.,.F.,
  .F.,(2,2),(-8.335337875441,-8.279976722192),.PIECEWISE_BEZIER_KNOTS.);
#7375 = CARTESIAN_POINT('',(0.,-1.6));
#7376 = CARTESIAN_POINT('',(5.536115324847E-02,-1.6));
#7377 = ( GEOMETRIC_REPRESENTATION_CONTEXT(2) 
PARAMETRIC_REPRESENTATION_CONTEXT() REPRESENTATION_CONTEXT('2D SPACE',''
  ) );
#7378 = ORIENTED_EDGE('',*,*,#7379,.F.);
#7379 = EDGE_CURVE('',#7380,#7359,#7382,.T.);
#7380 = VERTEX_POINT('',#7381);
#7381 = CARTESIAN_POINT('',(124.12,-101.025,1.6));
#7382 = SURFACE_CURVE('',#7383,(#7387,#7393),.PCURVE_S1.);
#7383 = LINE('',#7384,#7385);
#7384 = CARTESIAN_POINT('',(124.12,-109.5125,1.6));
#7385 = VECTOR('',#7386,1.);
#7386 = DIRECTION('',(0.,-1.,0.));
#7387 = PCURVE('',#90,#7388);
#7388 = DEFINITIONAL_REPRESENTATION('',(#7389),#7392);
#7389 = B_SPLINE_CURVE_WITH_KNOTS('',1,(#7390,#7391),.UNSPECIFIED.,.F.,
  .F.,(2,2),(-8.4875,-7.6875),.PIECEWISE_BEZIER_KNOTS.);
#7390 = CARTESIAN_POINT('',(-6.12,16.975));
#7391 = CARTESIAN_POINT('',(-6.12,16.175));
#7392 = ( GEOMETRIC_REPRESENTATION_CONTEXT(2) 
PARAMETRIC_REPRESENTATION_CONTEXT() REPRESENTATION_CONTEXT('2D SPACE',''
  ) );
#7393 = PCURVE('',#3446,#7394);
#7394 = DEFINITIONAL_REPRESENTATION('',(#7395),#7398);
#7395 = B_SPLINE_CURVE_WITH_KNOTS('',1,(#7396,#7397),.UNSPECIFIED.,.F.,
  .F.,(2,2),(-8.4875,-7.6875),.PIECEWISE_BEZIER_KNOTS.);
#7396 = CARTESIAN_POINT('',(0.,-1.6));
#7397 = CARTESIAN_POINT('',(0.8,-1.6));
#7398 = ( GEOMETRIC_REPRESENTATION_CONTEXT(2) 
PARAMETRIC_REPRESENTATION_CONTEXT() REPRESENTATION_CONTEXT('2D SPACE',''
  ) );
#7399 = ORIENTED_EDGE('',*,*,#7400,.F.);
#7400 = EDGE_CURVE('',#7401,#7380,#7403,.T.);
#7401 = VERTEX_POINT('',#7402);
#7402 = CARTESIAN_POINT('',(124.099742,-100.916628,1.6));
#7403 = SURFACE_CURVE('',#7404,(#7408,#7414),.PCURVE_S1.);
#7404 = LINE('',#7405,#7406);
#7405 = CARTESIAN_POINT('',(125.53955839912,-108.6190558213,1.6));
#7406 = VECTOR('',#7407,1.);
#7407 = DIRECTION('',(0.183747434241,-0.982973489169,0.));
#7408 = PCURVE('',#90,#7409);
#7409 = DEFINITIONAL_REPRESENTATION('',(#7410),#7413);
#7410 = B_SPLINE_CURVE_WITH_KNOTS('',1,(#7411,#7412),.UNSPECIFIED.,.F.,
  .F.,(2,2),(-7.835844919792,-7.725595761301),.PIECEWISE_BEZIER_KNOTS.);
#7411 = CARTESIAN_POINT('',(-6.099742,17.083372));
#7412 = CARTESIAN_POINT('',(-6.12,16.975));
#7413 = ( GEOMETRIC_REPRESENTATION_CONTEXT(2) 
PARAMETRIC_REPRESENTATION_CONTEXT() REPRESENTATION_CONTEXT('2D SPACE',''
  ) );
#7414 = PCURVE('',#3474,#7415);
#7415 = DEFINITIONAL_REPRESENTATION('',(#7416),#7419);
#7416 = B_SPLINE_CURVE_WITH_KNOTS('',1,(#7417,#7418),.UNSPECIFIED.,.F.,
  .F.,(2,2),(-7.835844919792,-7.725595761301),.PIECEWISE_BEZIER_KNOTS.);
#7417 = CARTESIAN_POINT('',(0.,-1.6));
#7418 = CARTESIAN_POINT('',(0.110249158491,-1.6));
#7419 = ( GEOMETRIC_REPRESENTATION_CONTEXT(2) 
PARAMETRIC_REPRESENTATION_CONTEXT() REPRESENTATION_CONTEXT('2D SPACE',''
  ) );
#7420 = ORIENTED_EDGE('',*,*,#7421,.F.);
#7421 = EDGE_CURVE('',#7422,#7401,#7424,.T.);
#7422 = VERTEX_POINT('',#7423);
#7423 = CARTESIAN_POINT('',(124.041703,-100.822891,1.6));
#7424 = SURFACE_CURVE('',#7425,(#7429,#7435),.PCURVE_S1.);
#7425 = LINE('',#7426,#7427);
#7426 = CARTESIAN_POINT('',(127.04860702208,-105.6792490061,1.6));
#7427 = VECTOR('',#7428,1.);
#7428 = DIRECTION('',(0.526428929276,-0.850219137882,0.));
#7429 = PCURVE('',#90,#7430);
#7430 = DEFINITIONAL_REPRESENTATION('',(#7431),#7434);
#7431 = B_SPLINE_CURVE_WITH_KNOTS('',1,(#7432,#7433),.UNSPECIFIED.,.F.,
  .F.,(2,2),(-5.711889781998,-5.601639382044),.PIECEWISE_BEZIER_KNOTS.);
#7432 = CARTESIAN_POINT('',(-6.041703,17.177109));
#7433 = CARTESIAN_POINT('',(-6.099742,17.083372));
#7434 = ( GEOMETRIC_REPRESENTATION_CONTEXT(2) 
PARAMETRIC_REPRESENTATION_CONTEXT() REPRESENTATION_CONTEXT('2D SPACE',''
  ) );
#7435 = PCURVE('',#3502,#7436);
#7436 = DEFINITIONAL_REPRESENTATION('',(#7437),#7440);
#7437 = B_SPLINE_CURVE_WITH_KNOTS('',1,(#7438,#7439),.UNSPECIFIED.,.F.,
  .F.,(2,2),(-5.711889781998,-5.601639382044),.PIECEWISE_BEZIER_KNOTS.);
#7438 = CARTESIAN_POINT('',(0.,-1.6));
#7439 = CARTESIAN_POINT('',(0.110250399954,-1.6));
#7440 = ( GEOMETRIC_REPRESENTATION_CONTEXT(2) 
PARAMETRIC_REPRESENTATION_CONTEXT() REPRESENTATION_CONTEXT('2D SPACE',''
  ) );
#7441 = ORIENTED_EDGE('',*,*,#7442,.F.);
#7442 = EDGE_CURVE('',#7443,#7422,#7445,.T.);
#7443 = VERTEX_POINT('',#7444);
#7444 = CARTESIAN_POINT('',(123.953722,-100.756451,1.6));
#7445 = SURFACE_CURVE('',#7446,(#7450,#7456),.PCURVE_S1.);
#7446 = LINE('',#7447,#7448);
#7447 = CARTESIAN_POINT('',(126.20427874312,-102.4559882866,1.6));
#7448 = VECTOR('',#7449,1.);
#7449 = DIRECTION('',(0.798017956254,-0.60263367106,0.));
#7450 = PCURVE('',#90,#7451);
#7451 = DEFINITIONAL_REPRESENTATION('',(#7452),#7455);
#7452 = B_SPLINE_CURVE_WITH_KNOTS('',1,(#7453,#7454),.UNSPECIFIED.,.F.,
  .F.,(2,2),(-2.820183086715,-2.7099336878),.PIECEWISE_BEZIER_KNOTS.);
#7453 = CARTESIAN_POINT('',(-5.953722,17.243549));
#7454 = CARTESIAN_POINT('',(-6.041703,17.177109));
#7455 = ( GEOMETRIC_REPRESENTATION_CONTEXT(2) 
PARAMETRIC_REPRESENTATION_CONTEXT() REPRESENTATION_CONTEXT('2D SPACE',''
  ) );
#7456 = PCURVE('',#3530,#7457);
#7457 = DEFINITIONAL_REPRESENTATION('',(#7458),#7461);
#7458 = B_SPLINE_CURVE_WITH_KNOTS('',1,(#7459,#7460),.UNSPECIFIED.,.F.,
  .F.,(2,2),(-2.820183086715,-2.7099336878),.PIECEWISE_BEZIER_KNOTS.);
#7459 = CARTESIAN_POINT('',(0.,-1.6));
#7460 = CARTESIAN_POINT('',(0.110249398914,-1.6));
#7461 = ( GEOMETRIC_REPRESENTATION_CONTEXT(2) 
PARAMETRIC_REPRESENTATION_CONTEXT() REPRESENTATION_CONTEXT('2D SPACE',''
  ) );
#7462 = ORIENTED_EDGE('',*,*,#7463,.F.);
#7463 = EDGE_CURVE('',#7464,#7443,#7466,.T.);
#7464 = VERTEX_POINT('',#7465);
#7465 = CARTESIAN_POINT('',(123.847681,-100.72628,1.6));
#7466 = SURFACE_CURVE('',#7467,(#7471,#7477),.PCURVE_S1.);
#7467 = LINE('',#7468,#7469);
#7468 = CARTESIAN_POINT('',(123.41615095071,-100.6035001967,1.6));
#7469 = VECTOR('',#7470,1.);
#7470 = DIRECTION('',(0.961826277748,-0.273660759762,0.));
#7471 = PCURVE('',#90,#7472);
#7472 = DEFINITIONAL_REPRESENTATION('',(#7473),#7476);
#7473 = B_SPLINE_CURVE_WITH_KNOTS('',1,(#7474,#7475),.UNSPECIFIED.,.F.,
  .F.,(2,2),(0.448656955285,0.558906594387),.PIECEWISE_BEZIER_KNOTS.);
#7474 = CARTESIAN_POINT('',(-5.847681,17.27372));
#7475 = CARTESIAN_POINT('',(-5.953722,17.243549));
#7476 = ( GEOMETRIC_REPRESENTATION_CONTEXT(2) 
PARAMETRIC_REPRESENTATION_CONTEXT() REPRESENTATION_CONTEXT('2D SPACE',''
  ) );
#7477 = PCURVE('',#3558,#7478);
#7478 = DEFINITIONAL_REPRESENTATION('',(#7479),#7482);
#7479 = B_SPLINE_CURVE_WITH_KNOTS('',1,(#7480,#7481),.UNSPECIFIED.,.F.,
  .F.,(2,2),(0.448656955285,0.558906594387),.PIECEWISE_BEZIER_KNOTS.);
#7480 = CARTESIAN_POINT('',(0.,-1.6));
#7481 = CARTESIAN_POINT('',(0.110249639101,-1.6));
#7482 = ( GEOMETRIC_REPRESENTATION_CONTEXT(2) 
PARAMETRIC_REPRESENTATION_CONTEXT() REPRESENTATION_CONTEXT('2D SPACE',''
  ) );
#7483 = ORIENTED_EDGE('',*,*,#7484,.F.);
#7484 = EDGE_CURVE('',#7485,#7464,#7487,.T.);
#7485 = VERTEX_POINT('',#7486);
#7486 = CARTESIAN_POINT('',(123.737901,-100.736452,1.6));
#7487 = SURFACE_CURVE('',#7488,(#7492,#7498),.PCURVE_S1.);
#7488 = LINE('',#7489,#7490);
#7489 = CARTESIAN_POINT('',(120.10037721815,-101.0734978362,1.6));
#7490 = VECTOR('',#7491,1.);
#7491 = DIRECTION('',(0.995734688848,9.226282797371E-02,-0.));
#7492 = PCURVE('',#90,#7493);
#7493 = DEFINITIONAL_REPRESENTATION('',(#7494),#7497);
#7494 = B_SPLINE_CURVE_WITH_KNOTS('',1,(#7495,#7496),.UNSPECIFIED.,.F.,
  .F.,(2,2),(3.653105413106,3.763355664734),.PIECEWISE_BEZIER_KNOTS.);
#7495 = CARTESIAN_POINT('',(-5.737901,17.263548));
#7496 = CARTESIAN_POINT('',(-5.847681,17.27372));
#7497 = ( GEOMETRIC_REPRESENTATION_CONTEXT(2) 
PARAMETRIC_REPRESENTATION_CONTEXT() REPRESENTATION_CONTEXT('2D SPACE',''
  ) );
#7498 = PCURVE('',#3586,#7499);
#7499 = DEFINITIONAL_REPRESENTATION('',(#7500),#7503);
#7500 = B_SPLINE_CURVE_WITH_KNOTS('',1,(#7501,#7502),.UNSPECIFIED.,.F.,
  .F.,(2,2),(3.653105413106,3.763355664734),.PIECEWISE_BEZIER_KNOTS.);
#7501 = CARTESIAN_POINT('',(0.,-1.6));
#7502 = CARTESIAN_POINT('',(0.110250251628,-1.6));
#7503 = ( GEOMETRIC_REPRESENTATION_CONTEXT(2) 
PARAMETRIC_REPRESENTATION_CONTEXT() REPRESENTATION_CONTEXT('2D SPACE',''
  ) );
#7504 = ORIENTED_EDGE('',*,*,#7505,.F.);
#7505 = EDGE_CURVE('',#7506,#7485,#7508,.T.);
#7506 = VERTEX_POINT('',#7507);
#7507 = CARTESIAN_POINT('',(123.63921,-100.785595,1.6));
#7508 = SURFACE_CURVE('',#7509,(#7513,#7519),.PCURVE_S1.);
#7509 = LINE('',#7510,#7511);
#7510 = CARTESIAN_POINT('',(117.94544654968,-103.6207939263,1.6));
#7511 = VECTOR('',#7512,1.);
#7512 = DIRECTION('',(0.895160681354,0.445743597327,-0.));
#7513 = PCURVE('',#90,#7514);
#7514 = DEFINITIONAL_REPRESENTATION('',(#7515),#7518);
#7515 = B_SPLINE_CURVE_WITH_KNOTS('',1,(#7516,#7517),.UNSPECIFIED.,.F.,
  .F.,(2,2),(6.36060493822,6.470854418627),.PIECEWISE_BEZIER_KNOTS.);
#7516 = CARTESIAN_POINT('',(-5.63921,17.214405));
#7517 = CARTESIAN_POINT('',(-5.737901,17.263548));
#7518 = ( GEOMETRIC_REPRESENTATION_CONTEXT(2) 
PARAMETRIC_REPRESENTATION_CONTEXT() REPRESENTATION_CONTEXT('2D SPACE',''
  ) );
#7519 = PCURVE('',#3614,#7520);
#7520 = DEFINITIONAL_REPRESENTATION('',(#7521),#7524);
#7521 = B_SPLINE_CURVE_WITH_KNOTS('',1,(#7522,#7523),.UNSPECIFIED.,.F.,
  .F.,(2,2),(6.36060493822,6.470854418627),.PIECEWISE_BEZIER_KNOTS.);
#7522 = CARTESIAN_POINT('',(0.,-1.6));
#7523 = CARTESIAN_POINT('',(0.110249480407,-1.6));
#7524 = ( GEOMETRIC_REPRESENTATION_CONTEXT(2) 
PARAMETRIC_REPRESENTATION_CONTEXT() REPRESENTATION_CONTEXT('2D SPACE',''
  ) );
#7525 = ORIENTED_EDGE('',*,*,#7526,.F.);
#7526 = EDGE_CURVE('',#7128,#7506,#7527,.T.);
#7527 = SURFACE_CURVE('',#7528,(#7532,#7538),.PCURVE_S1.);
#7528 = LINE('',#7529,#7530);
#7529 = CARTESIAN_POINT('',(118.03708984813,-106.9307681992,1.6));
#7530 = VECTOR('',#7531,1.);
#7531 = DIRECTION('',(0.67369922817,0.73900564948,-0.));
#7532 = PCURVE('',#90,#7533);
#7533 = DEFINITIONAL_REPRESENTATION('',(#7534),#7537);
#7534 = B_SPLINE_CURVE_WITH_KNOTS('',1,(#7535,#7536),.UNSPECIFIED.,.F.,
  .F.,(2,2),(8.205212238231,8.315461733694),.PIECEWISE_BEZIER_KNOTS.);
#7535 = CARTESIAN_POINT('',(-5.564935,17.13293));
#7536 = CARTESIAN_POINT('',(-5.63921,17.214405));
#7537 = ( GEOMETRIC_REPRESENTATION_CONTEXT(2) 
PARAMETRIC_REPRESENTATION_CONTEXT() REPRESENTATION_CONTEXT('2D SPACE',''
  ) );
#7538 = PCURVE('',#3640,#7539);
#7539 = DEFINITIONAL_REPRESENTATION('',(#7540),#7543);
#7540 = B_SPLINE_CURVE_WITH_KNOTS('',1,(#7541,#7542),.UNSPECIFIED.,.F.,
  .F.,(2,2),(8.205212238231,8.315461733694),.PIECEWISE_BEZIER_KNOTS.);
#7541 = CARTESIAN_POINT('',(0.,-1.6));
#7542 = CARTESIAN_POINT('',(0.110249495464,-1.6));
#7543 = ( GEOMETRIC_REPRESENTATION_CONTEXT(2) 
PARAMETRIC_REPRESENTATION_CONTEXT() REPRESENTATION_CONTEXT('2D SPACE',''
  ) );
#7544 = FACE_BOUND('',#7545,.F.);
#7545 = EDGE_LOOP('',(#7546));
#7546 = ORIENTED_EDGE('',*,*,#7547,.T.);
#7547 = EDGE_CURVE('',#7548,#7548,#7550,.T.);
#7548 = VERTEX_POINT('',#7549);
#7549 = CARTESIAN_POINT('',(116.935,-105.105,1.6));
#7550 = SURFACE_CURVE('',#7551,(#7556,#7567),.PCURVE_S1.);
#7551 = CIRCLE('',#7552,0.325);
#7552 = AXIS2_PLACEMENT_3D('',#7553,#7554,#7555);
#7553 = CARTESIAN_POINT('',(116.61,-105.105,1.6));
#7554 = DIRECTION('',(0.,0.,1.));
#7555 = DIRECTION('',(1.,0.,-0.));
#7556 = PCURVE('',#90,#7557);
#7557 = DEFINITIONAL_REPRESENTATION('',(#7558),#7566);
#7558 = ( BOUNDED_CURVE() B_SPLINE_CURVE(2,(#7559,#7560,#7561,#7562,
#7563,#7564,#7565),.UNSPECIFIED.,.T.,.F.) B_SPLINE_CURVE_WITH_KNOTS((1,2
    ,2,2,2,1),(-2.094395102393,0.,2.094395102393,4.188790204786,
6.28318530718,8.377580409573),.UNSPECIFIED.) CURVE() 
GEOMETRIC_REPRESENTATION_ITEM() RATIONAL_B_SPLINE_CURVE((1.,0.5,1.,0.5,
1.,0.5,1.)) REPRESENTATION_ITEM('') );
#7559 = CARTESIAN_POINT('',(1.065,12.895));
#7560 = CARTESIAN_POINT('',(1.065,13.45791651246));
#7561 = CARTESIAN_POINT('',(1.5525,13.17645825623));
#7562 = CARTESIAN_POINT('',(2.04,12.895));
#7563 = CARTESIAN_POINT('',(1.5525,12.61354174377));
#7564 = CARTESIAN_POINT('',(1.065,12.33208348754));
#7565 = CARTESIAN_POINT('',(1.065,12.895));
#7566 = ( GEOMETRIC_REPRESENTATION_CONTEXT(2) 
PARAMETRIC_REPRESENTATION_CONTEXT() REPRESENTATION_CONTEXT('2D SPACE',''
  ) );
#7567 = PCURVE('',#3675,#7568);
#7568 = DEFINITIONAL_REPRESENTATION('',(#7569),#7573);
#7569 = LINE('',#7570,#7571);
#7570 = CARTESIAN_POINT('',(0.,1.61));
#7571 = VECTOR('',#7572,1.);
#7572 = DIRECTION('',(1.,0.));
#7573 = ( GEOMETRIC_REPRESENTATION_CONTEXT(2) 
PARAMETRIC_REPRESENTATION_CONTEXT() REPRESENTATION_CONTEXT('2D SPACE',''
  ) );
#7574 = FACE_BOUND('',#7575,.F.);
#7575 = EDGE_LOOP('',(#7576,#7599,#7620,#7641,#7662,#7683,#7704,#7725,
    #7746,#7767,#7788,#7809,#7830,#7851,#7872,#7893,#7914,#7935,#7956,
    #7977));
#7576 = ORIENTED_EDGE('',*,*,#7577,.F.);
#7577 = EDGE_CURVE('',#7578,#7580,#7582,.T.);
#7578 = VERTEX_POINT('',#7579);
#7579 = CARTESIAN_POINT('',(114.885108,-104.999875,1.6));
#7580 = VERTEX_POINT('',#7581);
#7581 = CARTESIAN_POINT('',(114.924935,-104.89707,1.6));
#7582 = SURFACE_CURVE('',#7583,(#7587,#7593),.PCURVE_S1.);
#7583 = LINE('',#7584,#7585);
#7584 = CARTESIAN_POINT('',(112.89881171004,-110.1270799134,1.6));
#7585 = VECTOR('',#7586,1.);
#7586 = DIRECTION('',(0.361242697938,0.932471829701,-0.));
#7587 = PCURVE('',#90,#7588);
#7588 = DEFINITIONAL_REPRESENTATION('',(#7589),#7592);
#7589 = B_SPLINE_CURVE_WITH_KNOTS('',1,(#7590,#7591),.UNSPECIFIED.,.F.,
  .F.,(2,2),(5.498509177615,5.608759156998),.PIECEWISE_BEZIER_KNOTS.);
#7590 = CARTESIAN_POINT('',(3.114892,13.000125));
#7591 = CARTESIAN_POINT('',(3.075065,13.10293));
#7592 = ( GEOMETRIC_REPRESENTATION_CONTEXT(2) 
PARAMETRIC_REPRESENTATION_CONTEXT() REPRESENTATION_CONTEXT('2D SPACE',''
  ) );
#7593 = PCURVE('',#3707,#7594);
#7594 = DEFINITIONAL_REPRESENTATION('',(#7595),#7598);
#7595 = B_SPLINE_CURVE_WITH_KNOTS('',1,(#7596,#7597),.UNSPECIFIED.,.F.,
  .F.,(2,2),(5.498509177615,5.608759156998),.PIECEWISE_BEZIER_KNOTS.);
#7596 = CARTESIAN_POINT('',(0.,-1.6));
#7597 = CARTESIAN_POINT('',(0.110249979383,-1.6));
#7598 = ( GEOMETRIC_REPRESENTATION_CONTEXT(2) 
PARAMETRIC_REPRESENTATION_CONTEXT() REPRESENTATION_CONTEXT('2D SPACE',''
  ) );
#7599 = ORIENTED_EDGE('',*,*,#7600,.F.);
#7600 = EDGE_CURVE('',#7601,#7578,#7603,.T.);
#7601 = VERTEX_POINT('',#7602);
#7602 = CARTESIAN_POINT('',(114.88,-105.055,1.6));
#7603 = SURFACE_CURVE('',#7604,(#7608,#7614),.PCURVE_S1.);
#7604 = LINE('',#7605,#7606);
#7605 = CARTESIAN_POINT('',(114.29863072978,-111.329076159,1.6));
#7606 = VECTOR('',#7607,1.);
#7607 = DIRECTION('',(9.22668640424E-02,0.995734314865,-0.));
#7608 = PCURVE('',#90,#7609);
#7609 = DEFINITIONAL_REPRESENTATION('',(#7610),#7613);
#7610 = B_SPLINE_CURVE_WITH_KNOTS('',1,(#7611,#7612),.UNSPECIFIED.,.F.,
  .F.,(2,2),(6.300954045058,6.356315198306),.PIECEWISE_BEZIER_KNOTS.);
#7611 = CARTESIAN_POINT('',(3.12,12.945));
#7612 = CARTESIAN_POINT('',(3.114892,13.000125));
#7613 = ( GEOMETRIC_REPRESENTATION_CONTEXT(2) 
PARAMETRIC_REPRESENTATION_CONTEXT() REPRESENTATION_CONTEXT('2D SPACE',''
  ) );
#7614 = PCURVE('',#3735,#7615);
#7615 = DEFINITIONAL_REPRESENTATION('',(#7616),#7619);
#7616 = B_SPLINE_CURVE_WITH_KNOTS('',1,(#7617,#7618),.UNSPECIFIED.,.F.,
  .F.,(2,2),(6.300954045058,6.356315198306),.PIECEWISE_BEZIER_KNOTS.);
#7617 = CARTESIAN_POINT('',(0.,-1.6));
#7618 = CARTESIAN_POINT('',(5.536115324847E-02,-1.6));
#7619 = ( GEOMETRIC_REPRESENTATION_CONTEXT(2) 
PARAMETRIC_REPRESENTATION_CONTEXT() REPRESENTATION_CONTEXT('2D SPACE',''
  ) );
#7620 = ORIENTED_EDGE('',*,*,#7621,.F.);
#7621 = EDGE_CURVE('',#7622,#7601,#7624,.T.);
#7622 = VERTEX_POINT('',#7623);
#7623 = CARTESIAN_POINT('',(114.88,-106.155,1.6));
#7624 = SURFACE_CURVE('',#7625,(#7629,#7635),.PCURVE_S1.);
#7625 = LINE('',#7626,#7627);
#7626 = CARTESIAN_POINT('',(114.88,-112.0775,1.6));
#7627 = VECTOR('',#7628,1.);
#7628 = DIRECTION('',(0.,1.,-0.));
#7629 = PCURVE('',#90,#7630);
#7630 = DEFINITIONAL_REPRESENTATION('',(#7631),#7634);
#7631 = B_SPLINE_CURVE_WITH_KNOTS('',1,(#7632,#7633),.UNSPECIFIED.,.F.,
  .F.,(2,2),(5.9225,7.0225),.PIECEWISE_BEZIER_KNOTS.);
#7632 = CARTESIAN_POINT('',(3.12,11.845));
#7633 = CARTESIAN_POINT('',(3.12,12.945));
#7634 = ( GEOMETRIC_REPRESENTATION_CONTEXT(2) 
PARAMETRIC_REPRESENTATION_CONTEXT() REPRESENTATION_CONTEXT('2D SPACE',''
  ) );
#7635 = PCURVE('',#3763,#7636);
#7636 = DEFINITIONAL_REPRESENTATION('',(#7637),#7640);
#7637 = B_SPLINE_CURVE_WITH_KNOTS('',1,(#7638,#7639),.UNSPECIFIED.,.F.,
  .F.,(2,2),(5.9225,7.0225),.PIECEWISE_BEZIER_KNOTS.);
#7638 = CARTESIAN_POINT('',(0.,-1.6));
#7639 = CARTESIAN_POINT('',(1.1,-1.6));
#7640 = ( GEOMETRIC_REPRESENTATION_CONTEXT(2) 
PARAMETRIC_REPRESENTATION_CONTEXT() REPRESENTATION_CONTEXT('2D SPACE',''
  ) );
#7641 = ORIENTED_EDGE('',*,*,#7642,.F.);
#7642 = EDGE_CURVE('',#7643,#7622,#7645,.T.);
#7643 = VERTEX_POINT('',#7644);
#7644 = CARTESIAN_POINT('',(114.900258,-106.263372,1.6));
#7645 = SURFACE_CURVE('',#7646,(#7650,#7656),.PCURVE_S1.);
#7646 = LINE('',#7647,#7648);
#7647 = CARTESIAN_POINT('',(116.01251464454,-112.2134893404,1.6));
#7648 = VECTOR('',#7649,1.);
#7649 = DIRECTION('',(-0.183747434241,0.982973489169,0.));
#7650 = PCURVE('',#90,#7651);
#7651 = DEFINITIONAL_REPRESENTATION('',(#7652),#7655);
#7652 = B_SPLINE_CURVE_WITH_KNOTS('',1,(#7653,#7654),.UNSPECIFIED.,.F.,
  .F.,(2,2),(6.053181907776,6.163431066267),.PIECEWISE_BEZIER_KNOTS.);
#7653 = CARTESIAN_POINT('',(3.099742,11.736628));
#7654 = CARTESIAN_POINT('',(3.12,11.845));
#7655 = ( GEOMETRIC_REPRESENTATION_CONTEXT(2) 
PARAMETRIC_REPRESENTATION_CONTEXT() REPRESENTATION_CONTEXT('2D SPACE',''
  ) );
#7656 = PCURVE('',#3791,#7657);
#7657 = DEFINITIONAL_REPRESENTATION('',(#7658),#7661);
#7658 = B_SPLINE_CURVE_WITH_KNOTS('',1,(#7659,#7660),.UNSPECIFIED.,.F.,
  .F.,(2,2),(6.053181907776,6.163431066267),.PIECEWISE_BEZIER_KNOTS.);
#7659 = CARTESIAN_POINT('',(0.,-1.6));
#7660 = CARTESIAN_POINT('',(0.110249158491,-1.6));
#7661 = ( GEOMETRIC_REPRESENTATION_CONTEXT(2) 
PARAMETRIC_REPRESENTATION_CONTEXT() REPRESENTATION_CONTEXT('2D SPACE',''
  ) );
#7662 = ORIENTED_EDGE('',*,*,#7663,.F.);
#7663 = EDGE_CURVE('',#7664,#7643,#7666,.T.);
#7664 = VERTEX_POINT('',#7665);
#7665 = CARTESIAN_POINT('',(114.958297,-106.357109,1.6));
#7666 = SURFACE_CURVE('',#7667,(#7671,#7677),.PCURVE_S1.);
#7667 = LINE('',#7668,#7669);
#7668 = CARTESIAN_POINT('',(117.98532893689,-111.2459749809,1.6));
#7669 = VECTOR('',#7670,1.);
#7670 = DIRECTION('',(-0.526428929276,0.850219137882,0.));
#7671 = PCURVE('',#90,#7672);
#7672 = DEFINITIONAL_REPRESENTATION('',(#7673),#7676);
#7673 = B_SPLINE_CURVE_WITH_KNOTS('',1,(#7674,#7675),.UNSPECIFIED.,.F.,
  .F.,(2,2),(5.750124600971,5.860375000925),.PIECEWISE_BEZIER_KNOTS.);
#7674 = CARTESIAN_POINT('',(3.041703,11.642891));
#7675 = CARTESIAN_POINT('',(3.099742,11.736628));
#7676 = ( GEOMETRIC_REPRESENTATION_CONTEXT(2) 
PARAMETRIC_REPRESENTATION_CONTEXT() REPRESENTATION_CONTEXT('2D SPACE',''
  ) );
#7677 = PCURVE('',#3819,#7678);
#7678 = DEFINITIONAL_REPRESENTATION('',(#7679),#7682);
#7679 = B_SPLINE_CURVE_WITH_KNOTS('',1,(#7680,#7681),.UNSPECIFIED.,.F.,
  .F.,(2,2),(5.750124600971,5.860375000925),.PIECEWISE_BEZIER_KNOTS.);
#7680 = CARTESIAN_POINT('',(0.,-1.6));
#7681 = CARTESIAN_POINT('',(0.110250399954,-1.6));
#7682 = ( GEOMETRIC_REPRESENTATION_CONTEXT(2) 
PARAMETRIC_REPRESENTATION_CONTEXT() REPRESENTATION_CONTEXT('2D SPACE',''
  ) );
#7683 = ORIENTED_EDGE('',*,*,#7684,.F.);
#7684 = EDGE_CURVE('',#7685,#7664,#7687,.T.);
#7685 = VERTEX_POINT('',#7686);
#7686 = CARTESIAN_POINT('',(115.046278,-106.423549,1.6));
#7687 = SURFACE_CURVE('',#7688,(#7692,#7698),.PCURVE_S1.);
#7688 = LINE('',#7689,#7690);
#7689 = CARTESIAN_POINT('',(118.77042125793,-109.2358843685,1.6));
#7690 = VECTOR('',#7691,1.);
#7691 = DIRECTION('',(-0.798017956254,0.60263367106,0.));
#7692 = PCURVE('',#90,#7693);
#7693 = DEFINITIONAL_REPRESENTATION('',(#7694),#7697);
#7694 = B_SPLINE_CURVE_WITH_KNOTS('',1,(#7695,#7696),.UNSPECIFIED.,.F.,
  .F.,(2,2),(4.666741178881,4.776990577796),.PIECEWISE_BEZIER_KNOTS.);
#7695 = CARTESIAN_POINT('',(2.953722,11.576451));
#7696 = CARTESIAN_POINT('',(3.041703,11.642891));
#7697 = ( GEOMETRIC_REPRESENTATION_CONTEXT(2) 
PARAMETRIC_REPRESENTATION_CONTEXT() REPRESENTATION_CONTEXT('2D SPACE',''
  ) );
#7698 = PCURVE('',#3847,#7699);
#7699 = DEFINITIONAL_REPRESENTATION('',(#7700),#7703);
#7700 = B_SPLINE_CURVE_WITH_KNOTS('',1,(#7701,#7702),.UNSPECIFIED.,.F.,
  .F.,(2,2),(4.666741178881,4.776990577796),.PIECEWISE_BEZIER_KNOTS.);
#7701 = CARTESIAN_POINT('',(0.,-1.6));
#7702 = CARTESIAN_POINT('',(0.110249398914,-1.6));
#7703 = ( GEOMETRIC_REPRESENTATION_CONTEXT(2) 
PARAMETRIC_REPRESENTATION_CONTEXT() REPRESENTATION_CONTEXT('2D SPACE',''
  ) );
#7704 = ORIENTED_EDGE('',*,*,#7705,.F.);
#7705 = EDGE_CURVE('',#7706,#7685,#7708,.T.);
#7706 = VERTEX_POINT('',#7707);
#7707 = CARTESIAN_POINT('',(115.152319,-106.45372,1.6));
#7708 = SURFACE_CURVE('',#7709,(#7713,#7719),.PCURVE_S1.);
#7709 = LINE('',#7710,#7711);
#7710 = CARTESIAN_POINT('',(117.98909969049,-107.2608465851,1.6));
#7711 = VECTOR('',#7712,1.);
#7712 = DIRECTION('',(-0.961826277748,0.273660759762,0.));
#7713 = PCURVE('',#90,#7714);
#7714 = DEFINITIONAL_REPRESENTATION('',(#7715),#7718);
#7715 = B_SPLINE_CURVE_WITH_KNOTS('',1,(#7716,#7717),.UNSPECIFIED.,.F.,
  .F.,(2,2),(2.949369086835,3.059618725937),.PIECEWISE_BEZIER_KNOTS.);
#7716 = CARTESIAN_POINT('',(2.847681,11.54628));
#7717 = CARTESIAN_POINT('',(2.953722,11.576451));
#7718 = ( GEOMETRIC_REPRESENTATION_CONTEXT(2) 
PARAMETRIC_REPRESENTATION_CONTEXT() REPRESENTATION_CONTEXT('2D SPACE',''
  ) );
#7719 = PCURVE('',#3875,#7720);
#7720 = DEFINITIONAL_REPRESENTATION('',(#7721),#7724);
#7721 = B_SPLINE_CURVE_WITH_KNOTS('',1,(#7722,#7723),.UNSPECIFIED.,.F.,
  .F.,(2,2),(2.949369086835,3.059618725937),.PIECEWISE_BEZIER_KNOTS.);
#7722 = CARTESIAN_POINT('',(0.,-1.6));
#7723 = CARTESIAN_POINT('',(0.110249639101,-1.6));
#7724 = ( GEOMETRIC_REPRESENTATION_CONTEXT(2) 
PARAMETRIC_REPRESENTATION_CONTEXT() REPRESENTATION_CONTEXT('2D SPACE',''
  ) );
#7725 = ORIENTED_EDGE('',*,*,#7726,.F.);
#7726 = EDGE_CURVE('',#7727,#7706,#7729,.T.);
#7727 = VERTEX_POINT('',#7728);
#7728 = CARTESIAN_POINT('',(115.262099,-106.443548,1.6));
#7729 = SURFACE_CURVE('',#7730,(#7734,#7740),.PCURVE_S1.);
#7730 = LINE('',#7731,#7732);
#7731 = CARTESIAN_POINT('',(116.08855483741,-106.3669702191,1.6));
#7732 = VECTOR('',#7733,1.);
#7733 = DIRECTION('',(-0.995734688848,-9.226282797371E-02,0.));
#7734 = PCURVE('',#90,#7735);
#7735 = DEFINITIONAL_REPRESENTATION('',(#7736),#7739);
#7736 = B_SPLINE_CURVE_WITH_KNOTS('',1,(#7737,#7738),.UNSPECIFIED.,.F.,
  .F.,(2,2),(0.829996028734,0.940246280362),.PIECEWISE_BEZIER_KNOTS.);
#7737 = CARTESIAN_POINT('',(2.737901,11.556452));
#7738 = CARTESIAN_POINT('',(2.847681,11.54628));
#7739 = ( GEOMETRIC_REPRESENTATION_CONTEXT(2) 
PARAMETRIC_REPRESENTATION_CONTEXT() REPRESENTATION_CONTEXT('2D SPACE',''
  ) );
#7740 = PCURVE('',#3903,#7741);
#7741 = DEFINITIONAL_REPRESENTATION('',(#7742),#7745);
#7742 = B_SPLINE_CURVE_WITH_KNOTS('',1,(#7743,#7744),.UNSPECIFIED.,.F.,
  .F.,(2,2),(0.829996028734,0.940246280362),.PIECEWISE_BEZIER_KNOTS.);
#7743 = CARTESIAN_POINT('',(0.,-1.6));
#7744 = CARTESIAN_POINT('',(0.110250251628,-1.6));
#7745 = ( GEOMETRIC_REPRESENTATION_CONTEXT(2) 
PARAMETRIC_REPRESENTATION_CONTEXT() REPRESENTATION_CONTEXT('2D SPACE',''
  ) );
#7746 = ORIENTED_EDGE('',*,*,#7747,.F.);
#7747 = EDGE_CURVE('',#7748,#7727,#7750,.T.);
#7748 = VERTEX_POINT('',#7749);
#7749 = CARTESIAN_POINT('',(115.36079,-106.394405,1.6));
#7750 = SURFACE_CURVE('',#7751,(#7755,#7761),.PCURVE_S1.);
#7751 = LINE('',#7752,#7753);
#7752 = CARTESIAN_POINT('',(114.10281951172,-107.0208090662,1.6));
#7753 = VECTOR('',#7754,1.);
#7754 = DIRECTION('',(-0.895160681354,-0.445743597327,0.));
#7755 = PCURVE('',#90,#7756);
#7756 = DEFINITIONAL_REPRESENTATION('',(#7757),#7760);
#7757 = B_SPLINE_CURVE_WITH_KNOTS('',1,(#7758,#7759),.UNSPECIFIED.,.F.,
  .F.,(2,2),(-1.405301321291,-1.295051840884),.PIECEWISE_BEZIER_KNOTS.);
#7758 = CARTESIAN_POINT('',(2.63921,11.605595));
#7759 = CARTESIAN_POINT('',(2.737901,11.556452));
#7760 = ( GEOMETRIC_REPRESENTATION_CONTEXT(2) 
PARAMETRIC_REPRESENTATION_CONTEXT() REPRESENTATION_CONTEXT('2D SPACE',''
  ) );
#7761 = PCURVE('',#3931,#7762);
#7762 = DEFINITIONAL_REPRESENTATION('',(#7763),#7766);
#7763 = B_SPLINE_CURVE_WITH_KNOTS('',1,(#7764,#7765),.UNSPECIFIED.,.F.,
  .F.,(2,2),(-1.405301321291,-1.295051840884),.PIECEWISE_BEZIER_KNOTS.);
#7764 = CARTESIAN_POINT('',(0.,-1.6));
#7765 = CARTESIAN_POINT('',(0.110249480407,-1.6));
#7766 = ( GEOMETRIC_REPRESENTATION_CONTEXT(2) 
PARAMETRIC_REPRESENTATION_CONTEXT() REPRESENTATION_CONTEXT('2D SPACE',''
  ) );
#7767 = ORIENTED_EDGE('',*,*,#7768,.F.);
#7768 = EDGE_CURVE('',#7769,#7748,#7771,.T.);
#7769 = VERTEX_POINT('',#7770);
#7770 = CARTESIAN_POINT('',(115.435065,-106.31293,1.6));
#7771 = SURFACE_CURVE('',#7772,(#7776,#7782),.PCURVE_S1.);
#7772 = LINE('',#7773,#7774);
#7773 = CARTESIAN_POINT('',(113.10783298783,-108.8657570372,1.6));
#7774 = VECTOR('',#7775,1.);
#7775 = DIRECTION('',(-0.67369922817,-0.73900564948,0.));
#7776 = PCURVE('',#90,#7777);
#7777 = DEFINITIONAL_REPRESENTATION('',(#7778),#7781);
#7778 = B_SPLINE_CURVE_WITH_KNOTS('',1,(#7779,#7780),.UNSPECIFIED.,.F.,
  .F.,(2,2),(-3.454408013032,-3.344158517568),.PIECEWISE_BEZIER_KNOTS.);
#7779 = CARTESIAN_POINT('',(2.564935,11.68707));
#7780 = CARTESIAN_POINT('',(2.63921,11.605595));
#7781 = ( GEOMETRIC_REPRESENTATION_CONTEXT(2) 
PARAMETRIC_REPRESENTATION_CONTEXT() REPRESENTATION_CONTEXT('2D SPACE',''
  ) );
#7782 = PCURVE('',#3959,#7783);
#7783 = DEFINITIONAL_REPRESENTATION('',(#7784),#7787);
#7784 = B_SPLINE_CURVE_WITH_KNOTS('',1,(#7785,#7786),.UNSPECIFIED.,.F.,
  .F.,(2,2),(-3.454408013032,-3.344158517568),.PIECEWISE_BEZIER_KNOTS.);
#7785 = CARTESIAN_POINT('',(0.,-1.6));
#7786 = CARTESIAN_POINT('',(0.110249495464,-1.6));
#7787 = ( GEOMETRIC_REPRESENTATION_CONTEXT(2) 
PARAMETRIC_REPRESENTATION_CONTEXT() REPRESENTATION_CONTEXT('2D SPACE',''
  ) );
#7788 = ORIENTED_EDGE('',*,*,#7789,.F.);
#7789 = EDGE_CURVE('',#7790,#7769,#7792,.T.);
#7790 = VERTEX_POINT('',#7791);
#7791 = CARTESIAN_POINT('',(115.474892,-106.210125,1.6));
#7792 = SURFACE_CURVE('',#7793,(#7797,#7803),.PCURVE_S1.);
#7793 = LINE('',#7794,#7795);
#7794 = CARTESIAN_POINT('',(113.65394893201,-110.910505448,1.6));
#7795 = VECTOR('',#7796,1.);
#7796 = DIRECTION('',(-0.361242697938,-0.932471829701,0.));
#7797 = PCURVE('',#90,#7798);
#7798 = DEFINITIONAL_REPRESENTATION('',(#7799),#7802);
#7799 = B_SPLINE_CURVE_WITH_KNOTS('',1,(#7800,#7801),.UNSPECIFIED.,.F.,
  .F.,(2,2),(-5.040774743347,-4.930524763964),.PIECEWISE_BEZIER_KNOTS.);
#7800 = CARTESIAN_POINT('',(2.525108,11.789875));
#7801 = CARTESIAN_POINT('',(2.564935,11.68707));
#7802 = ( GEOMETRIC_REPRESENTATION_CONTEXT(2) 
PARAMETRIC_REPRESENTATION_CONTEXT() REPRESENTATION_CONTEXT('2D SPACE',''
  ) );
#7803 = PCURVE('',#3987,#7804);
#7804 = DEFINITIONAL_REPRESENTATION('',(#7805),#7808);
#7805 = B_SPLINE_CURVE_WITH_KNOTS('',1,(#7806,#7807),.UNSPECIFIED.,.F.,
  .F.,(2,2),(-5.040774743347,-4.930524763964),.PIECEWISE_BEZIER_KNOTS.);
#7806 = CARTESIAN_POINT('',(0.,-1.6));
#7807 = CARTESIAN_POINT('',(0.110249979383,-1.6));
#7808 = ( GEOMETRIC_REPRESENTATION_CONTEXT(2) 
PARAMETRIC_REPRESENTATION_CONTEXT() REPRESENTATION_CONTEXT('2D SPACE',''
  ) );
#7809 = ORIENTED_EDGE('',*,*,#7810,.F.);
#7810 = EDGE_CURVE('',#7811,#7790,#7813,.T.);
#7811 = VERTEX_POINT('',#7812);
#7812 = CARTESIAN_POINT('',(115.48,-106.155,1.6));
#7813 = SURFACE_CURVE('',#7814,(#7818,#7824),.PCURVE_S1.);
#7814 = LINE('',#7815,#7816);
#7815 = CARTESIAN_POINT('',(114.94660708298,-111.9113203896,1.6));
#7816 = VECTOR('',#7817,1.);
#7817 = DIRECTION('',(-9.22668640424E-02,-0.995734314865,0.));
#7818 = PCURVE('',#90,#7819);
#7819 = DEFINITIONAL_REPRESENTATION('',(#7820),#7823);
#7820 = B_SPLINE_CURVE_WITH_KNOTS('',1,(#7821,#7822),.UNSPECIFIED.,.F.,
  .F.,(2,2),(-5.780980231095,-5.725619077846),.PIECEWISE_BEZIER_KNOTS.);
#7821 = CARTESIAN_POINT('',(2.52,11.845));
#7822 = CARTESIAN_POINT('',(2.525108,11.789875));
#7823 = ( GEOMETRIC_REPRESENTATION_CONTEXT(2) 
PARAMETRIC_REPRESENTATION_CONTEXT() REPRESENTATION_CONTEXT('2D SPACE',''
  ) );
#7824 = PCURVE('',#4015,#7825);
#7825 = DEFINITIONAL_REPRESENTATION('',(#7826),#7829);
#7826 = B_SPLINE_CURVE_WITH_KNOTS('',1,(#7827,#7828),.UNSPECIFIED.,.F.,
  .F.,(2,2),(-5.780980231095,-5.725619077846),.PIECEWISE_BEZIER_KNOTS.);
#7827 = CARTESIAN_POINT('',(0.,-1.6));
#7828 = CARTESIAN_POINT('',(5.536115324847E-02,-1.6));
#7829 = ( GEOMETRIC_REPRESENTATION_CONTEXT(2) 
PARAMETRIC_REPRESENTATION_CONTEXT() REPRESENTATION_CONTEXT('2D SPACE',''
  ) );
#7830 = ORIENTED_EDGE('',*,*,#7831,.F.);
#7831 = EDGE_CURVE('',#7832,#7811,#7834,.T.);
#7832 = VERTEX_POINT('',#7833);
#7833 = CARTESIAN_POINT('',(115.48,-105.055,1.6));
#7834 = SURFACE_CURVE('',#7835,(#7839,#7845),.PCURVE_S1.);
#7835 = LINE('',#7836,#7837);
#7836 = CARTESIAN_POINT('',(115.48,-111.5275,1.6));
#7837 = VECTOR('',#7838,1.);
#7838 = DIRECTION('',(0.,-1.,0.));
#7839 = PCURVE('',#90,#7840);
#7840 = DEFINITIONAL_REPRESENTATION('',(#7841),#7844);
#7841 = B_SPLINE_CURVE_WITH_KNOTS('',1,(#7842,#7843),.UNSPECIFIED.,.F.,
  .F.,(2,2),(-6.4725,-5.3725),.PIECEWISE_BEZIER_KNOTS.);
#7842 = CARTESIAN_POINT('',(2.52,12.945));
#7843 = CARTESIAN_POINT('',(2.52,11.845));
#7844 = ( GEOMETRIC_REPRESENTATION_CONTEXT(2) 
PARAMETRIC_REPRESENTATION_CONTEXT() REPRESENTATION_CONTEXT('2D SPACE',''
  ) );
#7845 = PCURVE('',#4043,#7846);
#7846 = DEFINITIONAL_REPRESENTATION('',(#7847),#7850);
#7847 = B_SPLINE_CURVE_WITH_KNOTS('',1,(#7848,#7849),.UNSPECIFIED.,.F.,
  .F.,(2,2),(-6.4725,-5.3725),.PIECEWISE_BEZIER_KNOTS.);
#7848 = CARTESIAN_POINT('',(0.,-1.6));
#7849 = CARTESIAN_POINT('',(1.1,-1.6));
#7850 = ( GEOMETRIC_REPRESENTATION_CONTEXT(2) 
PARAMETRIC_REPRESENTATION_CONTEXT() REPRESENTATION_CONTEXT('2D SPACE',''
  ) );
#7851 = ORIENTED_EDGE('',*,*,#7852,.F.);
#7852 = EDGE_CURVE('',#7853,#7832,#7855,.T.);
#7853 = VERTEX_POINT('',#7854);
#7854 = CARTESIAN_POINT('',(115.459742,-104.946628,1.6));
#7855 = SURFACE_CURVE('',#7856,(#7860,#7866),.PCURVE_S1.);
#7856 = LINE('',#7857,#7858);
#7857 = CARTESIAN_POINT('',(116.68146807978,-111.4823619677,1.6));
#7858 = VECTOR('',#7859,1.);
#7859 = DIRECTION('',(0.183747434241,-0.982973489169,0.));
#7860 = PCURVE('',#90,#7861);
#7861 = DEFINITIONAL_REPRESENTATION('',(#7862),#7865);
#7862 = B_SPLINE_CURVE_WITH_KNOTS('',1,(#7863,#7864),.UNSPECIFIED.,.F.,
  .F.,(2,2),(-6.648942255038,-6.538693096547),.PIECEWISE_BEZIER_KNOTS.);
#7863 = CARTESIAN_POINT('',(2.540258,13.053372));
#7864 = CARTESIAN_POINT('',(2.52,12.945));
#7865 = ( GEOMETRIC_REPRESENTATION_CONTEXT(2) 
PARAMETRIC_REPRESENTATION_CONTEXT() REPRESENTATION_CONTEXT('2D SPACE',''
  ) );
#7866 = PCURVE('',#4071,#7867);
#7867 = DEFINITIONAL_REPRESENTATION('',(#7868),#7871);
#7868 = B_SPLINE_CURVE_WITH_KNOTS('',1,(#7869,#7870),.UNSPECIFIED.,.F.,
  .F.,(2,2),(-6.648942255038,-6.538693096547),.PIECEWISE_BEZIER_KNOTS.);
#7869 = CARTESIAN_POINT('',(0.,-1.6));
#7870 = CARTESIAN_POINT('',(0.110249158491,-1.6));
#7871 = ( GEOMETRIC_REPRESENTATION_CONTEXT(2) 
PARAMETRIC_REPRESENTATION_CONTEXT() REPRESENTATION_CONTEXT('2D SPACE',''
  ) );
#7872 = ORIENTED_EDGE('',*,*,#7873,.F.);
#7873 = EDGE_CURVE('',#7874,#7853,#7876,.T.);
#7874 = VERTEX_POINT('',#7875);
#7875 = CARTESIAN_POINT('',(115.401703,-104.852891,1.6));
#7876 = SURFACE_CURVE('',#7877,(#7881,#7887),.PCURVE_S1.);
#7877 = LINE('',#7878,#7879);
#7878 = CARTESIAN_POINT('',(118.70392386595,-110.1862061383,1.6));
#7879 = VECTOR('',#7880,1.);
#7880 = DIRECTION('',(0.526428929276,-0.850219137882,0.));
#7881 = PCURVE('',#90,#7882);
#7882 = DEFINITIONAL_REPRESENTATION('',(#7883),#7886);
#7883 = B_SPLINE_CURVE_WITH_KNOTS('',1,(#7884,#7885),.UNSPECIFIED.,.F.,
  .F.,(2,2),(-6.272871193638,-6.162620793684),.PIECEWISE_BEZIER_KNOTS.);
#7884 = CARTESIAN_POINT('',(2.598297,13.147109));
#7885 = CARTESIAN_POINT('',(2.540258,13.053372));
#7886 = ( GEOMETRIC_REPRESENTATION_CONTEXT(2) 
PARAMETRIC_REPRESENTATION_CONTEXT() REPRESENTATION_CONTEXT('2D SPACE',''
  ) );
#7887 = PCURVE('',#4099,#7888);
#7888 = DEFINITIONAL_REPRESENTATION('',(#7889),#7892);
#7889 = B_SPLINE_CURVE_WITH_KNOTS('',1,(#7890,#7891),.UNSPECIFIED.,.F.,
  .F.,(2,2),(-6.272871193638,-6.162620793684),.PIECEWISE_BEZIER_KNOTS.);
#7890 = CARTESIAN_POINT('',(0.,-1.6));
#7891 = CARTESIAN_POINT('',(0.110250399954,-1.6));
#7892 = ( GEOMETRIC_REPRESENTATION_CONTEXT(2) 
PARAMETRIC_REPRESENTATION_CONTEXT() REPRESENTATION_CONTEXT('2D SPACE',''
  ) );
#7893 = ORIENTED_EDGE('',*,*,#7894,.F.);
#7894 = EDGE_CURVE('',#7895,#7874,#7897,.T.);
#7895 = VERTEX_POINT('',#7896);
#7896 = CARTESIAN_POINT('',(115.313722,-104.786451,1.6));
#7897 = SURFACE_CURVE('',#7898,(#7902,#7908),.PCURVE_S1.);
#7898 = LINE('',#7899,#7900);
#7899 = CARTESIAN_POINT('',(119.3463571594,-107.8317480526,1.6));
#7900 = VECTOR('',#7901,1.);
#7901 = DIRECTION('',(0.798017956254,-0.60263367106,0.));
#7902 = PCURVE('',#90,#7903);
#7903 = DEFINITIONAL_REPRESENTATION('',(#7904),#7907);
#7904 = B_SPLINE_CURVE_WITH_KNOTS('',1,(#7905,#7906),.UNSPECIFIED.,.F.,
  .F.,(2,2),(-5.053313810548,-4.943064411633),.PIECEWISE_BEZIER_KNOTS.);
#7905 = CARTESIAN_POINT('',(2.686278,13.213549));
#7906 = CARTESIAN_POINT('',(2.598297,13.147109));
#7907 = ( GEOMETRIC_REPRESENTATION_CONTEXT(2) 
PARAMETRIC_REPRESENTATION_CONTEXT() REPRESENTATION_CONTEXT('2D SPACE',''
  ) );
#7908 = PCURVE('',#4127,#7909);
#7909 = DEFINITIONAL_REPRESENTATION('',(#7910),#7913);
#7910 = B_SPLINE_CURVE_WITH_KNOTS('',1,(#7911,#7912),.UNSPECIFIED.,.F.,
  .F.,(2,2),(-5.053313810548,-4.943064411633),.PIECEWISE_BEZIER_KNOTS.);
#7911 = CARTESIAN_POINT('',(0.,-1.6));
#7912 = CARTESIAN_POINT('',(0.110249398914,-1.6));
#7913 = ( GEOMETRIC_REPRESENTATION_CONTEXT(2) 
PARAMETRIC_REPRESENTATION_CONTEXT() REPRESENTATION_CONTEXT('2D SPACE',''
  ) );
#7914 = ORIENTED_EDGE('',*,*,#7915,.F.);
#7915 = EDGE_CURVE('',#7916,#7895,#7918,.T.);
#7916 = VERTEX_POINT('',#7917);
#7917 = CARTESIAN_POINT('',(115.207681,-104.75628,1.6));
#7918 = SURFACE_CURVE('',#7919,(#7923,#7929),.PCURVE_S1.);
#7919 = LINE('',#7920,#7921);
#7920 = CARTESIAN_POINT('',(118.24224880581,-105.6196813755,1.6));
#7921 = VECTOR('',#7922,1.);
#7922 = DIRECTION('',(0.961826277748,-0.273660759762,0.));
#7923 = PCURVE('',#90,#7924);
#7924 = DEFINITIONAL_REPRESENTATION('',(#7925),#7928);
#7925 = B_SPLINE_CURVE_WITH_KNOTS('',1,(#7926,#7927),.UNSPECIFIED.,.F.,
  .F.,(2,2),(-3.155006133665,-3.044756494564),.PIECEWISE_BEZIER_KNOTS.);
#7926 = CARTESIAN_POINT('',(2.792319,13.24372));
#7927 = CARTESIAN_POINT('',(2.686278,13.213549));
#7928 = ( GEOMETRIC_REPRESENTATION_CONTEXT(2) 
PARAMETRIC_REPRESENTATION_CONTEXT() REPRESENTATION_CONTEXT('2D SPACE',''
  ) );
#7929 = PCURVE('',#4155,#7930);
#7930 = DEFINITIONAL_REPRESENTATION('',(#7931),#7934);
#7931 = B_SPLINE_CURVE_WITH_KNOTS('',1,(#7932,#7933),.UNSPECIFIED.,.F.,
  .F.,(2,2),(-3.155006133665,-3.044756494564),.PIECEWISE_BEZIER_KNOTS.);
#7932 = CARTESIAN_POINT('',(0.,-1.6));
#7933 = CARTESIAN_POINT('',(0.110249639101,-1.6));
#7934 = ( GEOMETRIC_REPRESENTATION_CONTEXT(2) 
PARAMETRIC_REPRESENTATION_CONTEXT() REPRESENTATION_CONTEXT('2D SPACE',''
  ) );
#7935 = ORIENTED_EDGE('',*,*,#7936,.F.);
#7936 = EDGE_CURVE('',#7937,#7916,#7939,.T.);
#7937 = VERTEX_POINT('',#7938);
#7938 = CARTESIAN_POINT('',(115.097901,-104.766452,1.6));
#7939 = SURFACE_CURVE('',#7940,(#7944,#7950),.PCURVE_S1.);
#7940 = LINE('',#7941,#7942);
#7941 = CARTESIAN_POINT('',(115.92872015911,-104.6894699223,1.6));
#7942 = VECTOR('',#7943,1.);
#7943 = DIRECTION('',(0.995734688848,9.226282797371E-02,-0.));
#7944 = PCURVE('',#90,#7945);
#7945 = DEFINITIONAL_REPRESENTATION('',(#7946),#7949);
#7946 = B_SPLINE_CURVE_WITH_KNOTS('',1,(#7947,#7948),.UNSPECIFIED.,.F.,
  .F.,(2,2),(-0.834378041082,-0.724127789454),.PIECEWISE_BEZIER_KNOTS.);
#7947 = CARTESIAN_POINT('',(2.902099,13.233548));
#7948 = CARTESIAN_POINT('',(2.792319,13.24372));
#7949 = ( GEOMETRIC_REPRESENTATION_CONTEXT(2) 
PARAMETRIC_REPRESENTATION_CONTEXT() REPRESENTATION_CONTEXT('2D SPACE',''
  ) );
#7950 = PCURVE('',#4183,#7951);
#7951 = DEFINITIONAL_REPRESENTATION('',(#7952),#7955);
#7952 = B_SPLINE_CURVE_WITH_KNOTS('',1,(#7953,#7954),.UNSPECIFIED.,.F.,
  .F.,(2,2),(-0.834378041082,-0.724127789454),.PIECEWISE_BEZIER_KNOTS.);
#7953 = CARTESIAN_POINT('',(0.,-1.6));
#7954 = CARTESIAN_POINT('',(0.110250251628,-1.6));
#7955 = ( GEOMETRIC_REPRESENTATION_CONTEXT(2) 
PARAMETRIC_REPRESENTATION_CONTEXT() REPRESENTATION_CONTEXT('2D SPACE',''
  ) );
#7956 = ORIENTED_EDGE('',*,*,#7957,.F.);
#7957 = EDGE_CURVE('',#7958,#7937,#7960,.T.);
#7958 = VERTEX_POINT('',#7959);
#7959 = CARTESIAN_POINT('',(114.99921,-104.815595,1.6));
#7960 = SURFACE_CURVE('',#7961,(#7965,#7971),.PCURVE_S1.);
#7961 = LINE('',#7962,#7963);
#7962 = CARTESIAN_POINT('',(113.5711266447,-105.5267064522,1.6));
#7963 = VECTOR('',#7964,1.);
#7964 = DIRECTION('',(0.895160681354,0.445743597327,-0.));
#7965 = PCURVE('',#90,#7966);
#7966 = DEFINITIONAL_REPRESENTATION('',(#7967),#7970);
#7967 = B_SPLINE_CURVE_WITH_KNOTS('',1,(#7968,#7969),.UNSPECIFIED.,.F.,
  .F.,(2,2),(1.595337446157,1.705586926564),.PIECEWISE_BEZIER_KNOTS.);
#7968 = CARTESIAN_POINT('',(3.00079,13.184405));
#7969 = CARTESIAN_POINT('',(2.902099,13.233548));
#7970 = ( GEOMETRIC_REPRESENTATION_CONTEXT(2) 
PARAMETRIC_REPRESENTATION_CONTEXT() REPRESENTATION_CONTEXT('2D SPACE',''
  ) );
#7971 = PCURVE('',#4211,#7972);
#7972 = DEFINITIONAL_REPRESENTATION('',(#7973),#7976);
#7973 = B_SPLINE_CURVE_WITH_KNOTS('',1,(#7974,#7975),.UNSPECIFIED.,.F.,
  .F.,(2,2),(1.595337446157,1.705586926564),.PIECEWISE_BEZIER_KNOTS.);
#7974 = CARTESIAN_POINT('',(0.,-1.6));
#7975 = CARTESIAN_POINT('',(0.110249480407,-1.6));
#7976 = ( GEOMETRIC_REPRESENTATION_CONTEXT(2) 
PARAMETRIC_REPRESENTATION_CONTEXT() REPRESENTATION_CONTEXT('2D SPACE',''
  ) );
#7977 = ORIENTED_EDGE('',*,*,#7978,.F.);
#7978 = EDGE_CURVE('',#7580,#7958,#7979,.T.);
#7979 = SURFACE_CURVE('',#7980,(#7984,#7990),.PCURVE_S1.);
#7980 = LINE('',#7981,#7982);
#7981 = CARTESIAN_POINT('',(112.36101414066,-107.7095298049,1.6));
#7982 = VECTOR('',#7983,1.);
#7983 = DIRECTION('',(0.67369922817,0.73900564948,-0.));
#7984 = PCURVE('',#90,#7985);
#7985 = DEFINITIONAL_REPRESENTATION('',(#7986),#7989);
#7986 = B_SPLINE_CURVE_WITH_KNOTS('',1,(#7987,#7988),.UNSPECIFIED.,.F.,
  .F.,(2,2),(3.805735188835,3.915984684299),.PIECEWISE_BEZIER_KNOTS.);
#7987 = CARTESIAN_POINT('',(3.075065,13.10293));
#7988 = CARTESIAN_POINT('',(3.00079,13.184405));
#7989 = ( GEOMETRIC_REPRESENTATION_CONTEXT(2) 
PARAMETRIC_REPRESENTATION_CONTEXT() REPRESENTATION_CONTEXT('2D SPACE',''
  ) );
#7990 = PCURVE('',#4237,#7991);
#7991 = DEFINITIONAL_REPRESENTATION('',(#7992),#7995);
#7992 = B_SPLINE_CURVE_WITH_KNOTS('',1,(#7993,#7994),.UNSPECIFIED.,.F.,
  .F.,(2,2),(3.805735188835,3.915984684299),.PIECEWISE_BEZIER_KNOTS.);
#7993 = CARTESIAN_POINT('',(0.,-1.6));
#7994 = CARTESIAN_POINT('',(0.110249495464,-1.6));
#7995 = ( GEOMETRIC_REPRESENTATION_CONTEXT(2) 
PARAMETRIC_REPRESENTATION_CONTEXT() REPRESENTATION_CONTEXT('2D SPACE',''
  ) );
#7996 = FACE_BOUND('',#7997,.F.);
#7997 = EDGE_LOOP('',(#7998,#8021,#8042,#8063,#8084,#8105,#8126,#8147,
    #8168,#8189,#8210,#8231,#8252,#8273,#8294,#8315,#8336,#8357,#8378,
    #8399));
#7998 = ORIENTED_EDGE('',*,*,#7999,.F.);
#7999 = EDGE_CURVE('',#8000,#8002,#8004,.T.);
#8000 = VERTEX_POINT('',#8001);
#8001 = CARTESIAN_POINT('',(114.885108,-100.969875,1.6));
#8002 = VERTEX_POINT('',#8003);
#8003 = CARTESIAN_POINT('',(114.924935,-100.86707,1.6));
#8004 = SURFACE_CURVE('',#8005,(#8009,#8015),.PCURVE_S1.);
#8005 = LINE('',#8006,#8007);
#8006 = CARTESIAN_POINT('',(112.22006170142,-107.8491298955,1.6));
#8007 = VECTOR('',#8008,1.);
#8008 = DIRECTION('',(0.361242697938,0.932471829701,-0.));
#8009 = PCURVE('',#90,#8010);
#8010 = DEFINITIONAL_REPRESENTATION('',(#8011),#8014);
#8011 = B_SPLINE_CURVE_WITH_KNOTS('',1,(#8012,#8013),.UNSPECIFIED.,.F.,
  .F.,(2,2),(7.377439914463,7.487689893846),.PIECEWISE_BEZIER_KNOTS.);
#8012 = CARTESIAN_POINT('',(3.114892,17.030125));
#8013 = CARTESIAN_POINT('',(3.075065,17.13293));
#8014 = ( GEOMETRIC_REPRESENTATION_CONTEXT(2) 
PARAMETRIC_REPRESENTATION_CONTEXT() REPRESENTATION_CONTEXT('2D SPACE',''
  ) );
#8015 = PCURVE('',#4269,#8016);
#8016 = DEFINITIONAL_REPRESENTATION('',(#8017),#8020);
#8017 = B_SPLINE_CURVE_WITH_KNOTS('',1,(#8018,#8019),.UNSPECIFIED.,.F.,
  .F.,(2,2),(7.377439914463,7.487689893846),.PIECEWISE_BEZIER_KNOTS.);
#8018 = CARTESIAN_POINT('',(0.,-1.6));
#8019 = CARTESIAN_POINT('',(0.110249979383,-1.6));
#8020 = ( GEOMETRIC_REPRESENTATION_CONTEXT(2) 
PARAMETRIC_REPRESENTATION_CONTEXT() REPRESENTATION_CONTEXT('2D SPACE',''
  ) );
#8021 = ORIENTED_EDGE('',*,*,#8022,.F.);
#8022 = EDGE_CURVE('',#8023,#8000,#8025,.T.);
#8023 = VERTEX_POINT('',#8024);
#8024 = CARTESIAN_POINT('',(114.88,-101.025,1.6));
#8025 = SURFACE_CURVE('',#8026,(#8030,#8036),.PCURVE_S1.);
#8026 = LINE('',#8027,#8028);
#8027 = CARTESIAN_POINT('',(114.11350606524,-109.296922113,1.6));
#8028 = VECTOR('',#8029,1.);
#8029 = DIRECTION('',(9.22668640424E-02,0.995734314865,-0.));
#8030 = PCURVE('',#90,#8031);
#8031 = DEFINITIONAL_REPRESENTATION('',(#8032),#8035);
#8032 = B_SPLINE_CURVE_WITH_KNOTS('',1,(#8033,#8034),.UNSPECIFIED.,.F.,
  .F.,(2,2),(8.307358689511,8.36271984276),.PIECEWISE_BEZIER_KNOTS.);
#8033 = CARTESIAN_POINT('',(3.12,16.975));
#8034 = CARTESIAN_POINT('',(3.114892,17.030125));
#8035 = ( GEOMETRIC_REPRESENTATION_CONTEXT(2) 
PARAMETRIC_REPRESENTATION_CONTEXT() REPRESENTATION_CONTEXT('2D SPACE',''
  ) );
#8036 = PCURVE('',#4297,#8037);
#8037 = DEFINITIONAL_REPRESENTATION('',(#8038),#8041);
#8038 = B_SPLINE_CURVE_WITH_KNOTS('',1,(#8039,#8040),.UNSPECIFIED.,.F.,
  .F.,(2,2),(8.307358689511,8.36271984276),.PIECEWISE_BEZIER_KNOTS.);
#8039 = CARTESIAN_POINT('',(0.,-1.6));
#8040 = CARTESIAN_POINT('',(5.536115324847E-02,-1.6));
#8041 = ( GEOMETRIC_REPRESENTATION_CONTEXT(2) 
PARAMETRIC_REPRESENTATION_CONTEXT() REPRESENTATION_CONTEXT('2D SPACE',''
  ) );
#8042 = ORIENTED_EDGE('',*,*,#8043,.F.);
#8043 = EDGE_CURVE('',#8044,#8023,#8046,.T.);
#8044 = VERTEX_POINT('',#8045);
#8045 = CARTESIAN_POINT('',(114.88,-101.825,1.6));
#8046 = SURFACE_CURVE('',#8047,(#8051,#8057),.PCURVE_S1.);
#8047 = LINE('',#8048,#8049);
#8048 = CARTESIAN_POINT('',(114.88,-109.9125,1.6));
#8049 = VECTOR('',#8050,1.);
#8050 = DIRECTION('',(0.,1.,-0.));
#8051 = PCURVE('',#90,#8052);
#8052 = DEFINITIONAL_REPRESENTATION('',(#8053),#8056);
#8053 = B_SPLINE_CURVE_WITH_KNOTS('',1,(#8054,#8055),.UNSPECIFIED.,.F.,
  .F.,(2,2),(8.0875,8.8875),.PIECEWISE_BEZIER_KNOTS.);
#8054 = CARTESIAN_POINT('',(3.12,16.175));
#8055 = CARTESIAN_POINT('',(3.12,16.975));
#8056 = ( GEOMETRIC_REPRESENTATION_CONTEXT(2) 
PARAMETRIC_REPRESENTATION_CONTEXT() REPRESENTATION_CONTEXT('2D SPACE',''
  ) );
#8057 = PCURVE('',#4325,#8058);
#8058 = DEFINITIONAL_REPRESENTATION('',(#8059),#8062);
#8059 = B_SPLINE_CURVE_WITH_KNOTS('',1,(#8060,#8061),.UNSPECIFIED.,.F.,
  .F.,(2,2),(8.0875,8.8875),.PIECEWISE_BEZIER_KNOTS.);
#8060 = CARTESIAN_POINT('',(0.,-1.6));
#8061 = CARTESIAN_POINT('',(0.8,-1.6));
#8062 = ( GEOMETRIC_REPRESENTATION_CONTEXT(2) 
PARAMETRIC_REPRESENTATION_CONTEXT() REPRESENTATION_CONTEXT('2D SPACE',''
  ) );
#8063 = ORIENTED_EDGE('',*,*,#8064,.F.);
#8064 = EDGE_CURVE('',#8065,#8044,#8067,.T.);
#8065 = VERTEX_POINT('',#8066);
#8066 = CARTESIAN_POINT('',(114.900258,-101.933372,1.6));
#8067 = SURFACE_CURVE('',#8068,(#8072,#8078),.PCURVE_S1.);
#8068 = LINE('',#8069,#8070);
#8069 = CARTESIAN_POINT('',(116.403554469,-109.9753921865,1.6));
#8070 = VECTOR('',#8071,1.);
#8071 = DIRECTION('',(-0.183747434241,0.982973489169,0.));
#8072 = PCURVE('',#90,#8073);
#8073 = DEFINITIONAL_REPRESENTATION('',(#8074),#8077);
#8074 = B_SPLINE_CURVE_WITH_KNOTS('',1,(#8075,#8076),.UNSPECIFIED.,.F.,
  .F.,(2,2),(8.181319511828,8.291568670319),.PIECEWISE_BEZIER_KNOTS.);
#8075 = CARTESIAN_POINT('',(3.099742,16.066628));
#8076 = CARTESIAN_POINT('',(3.12,16.175));
#8077 = ( GEOMETRIC_REPRESENTATION_CONTEXT(2) 
PARAMETRIC_REPRESENTATION_CONTEXT() REPRESENTATION_CONTEXT('2D SPACE',''
  ) );
#8078 = PCURVE('',#4353,#8079);
#8079 = DEFINITIONAL_REPRESENTATION('',(#8080),#8083);
#8080 = B_SPLINE_CURVE_WITH_KNOTS('',1,(#8081,#8082),.UNSPECIFIED.,.F.,
  .F.,(2,2),(8.181319511828,8.291568670319),.PIECEWISE_BEZIER_KNOTS.);
#8081 = CARTESIAN_POINT('',(0.,-1.6));
#8082 = CARTESIAN_POINT('',(0.110249158491,-1.6));
#8083 = ( GEOMETRIC_REPRESENTATION_CONTEXT(2) 
PARAMETRIC_REPRESENTATION_CONTEXT() REPRESENTATION_CONTEXT('2D SPACE',''
  ) );
#8084 = ORIENTED_EDGE('',*,*,#8085,.F.);
#8085 = EDGE_CURVE('',#8086,#8065,#8088,.T.);
#8086 = VERTEX_POINT('',#8087);
#8087 = CARTESIAN_POINT('',(114.958297,-102.027109,1.6));
#8088 = SURFACE_CURVE('',#8089,(#8093,#8099),.PCURVE_S1.);
#8089 = LINE('',#8090,#8091);
#8090 = CARTESIAN_POINT('',(118.95433952952,-108.4809941218,1.6));
#8091 = VECTOR('',#8092,1.);
#8092 = DIRECTION('',(-0.526428929276,0.850219137882,0.));
#8093 = PCURVE('',#90,#8094);
#8094 = DEFINITIONAL_REPRESENTATION('',(#8095),#8098);
#8095 = B_SPLINE_CURVE_WITH_KNOTS('',1,(#8096,#8097),.UNSPECIFIED.,.F.,
  .F.,(2,2),(7.590849034486,7.70109943444),.PIECEWISE_BEZIER_KNOTS.);
#8096 = CARTESIAN_POINT('',(3.041703,15.972891));
#8097 = CARTESIAN_POINT('',(3.099742,16.066628));
#8098 = ( GEOMETRIC_REPRESENTATION_CONTEXT(2) 
PARAMETRIC_REPRESENTATION_CONTEXT() REPRESENTATION_CONTEXT('2D SPACE',''
  ) );
#8099 = PCURVE('',#4381,#8100);
#8100 = DEFINITIONAL_REPRESENTATION('',(#8101),#8104);
#8101 = B_SPLINE_CURVE_WITH_KNOTS('',1,(#8102,#8103),.UNSPECIFIED.,.F.,
  .F.,(2,2),(7.590849034486,7.70109943444),.PIECEWISE_BEZIER_KNOTS.);
#8102 = CARTESIAN_POINT('',(0.,-1.6));
#8103 = CARTESIAN_POINT('',(0.110250399954,-1.6));
#8104 = ( GEOMETRIC_REPRESENTATION_CONTEXT(2) 
PARAMETRIC_REPRESENTATION_CONTEXT() REPRESENTATION_CONTEXT('2D SPACE',''
  ) );
#8105 = ORIENTED_EDGE('',*,*,#8106,.F.);
#8106 = EDGE_CURVE('',#8107,#8086,#8109,.T.);
#8107 = VERTEX_POINT('',#8108);
#8108 = CARTESIAN_POINT('',(115.046278,-102.093549,1.6));
#8109 = SURFACE_CURVE('',#8110,(#8114,#8120),.PCURVE_S1.);
#8110 = LINE('',#8111,#8112);
#8111 = CARTESIAN_POINT('',(119.81159679997,-105.6921416628,1.6));
#8112 = VECTOR('',#8113,1.);
#8113 = DIRECTION('',(-0.798017956254,0.60263367106,0.));
#8114 = PCURVE('',#90,#8115);
#8115 = DEFINITIONAL_REPRESENTATION('',(#8116),#8119);
#8116 = B_SPLINE_CURVE_WITH_KNOTS('',1,(#8117,#8118),.UNSPECIFIED.,.F.,
  .F.,(2,2),(5.971443076726,6.081692475641),.PIECEWISE_BEZIER_KNOTS.);
#8117 = CARTESIAN_POINT('',(2.953722,15.906451));
#8118 = CARTESIAN_POINT('',(3.041703,15.972891));
#8119 = ( GEOMETRIC_REPRESENTATION_CONTEXT(2) 
PARAMETRIC_REPRESENTATION_CONTEXT() REPRESENTATION_CONTEXT('2D SPACE',''
  ) );
#8120 = PCURVE('',#4409,#8121);
#8121 = DEFINITIONAL_REPRESENTATION('',(#8122),#8125);
#8122 = B_SPLINE_CURVE_WITH_KNOTS('',1,(#8123,#8124),.UNSPECIFIED.,.F.,
  .F.,(2,2),(5.971443076726,6.081692475641),.PIECEWISE_BEZIER_KNOTS.);
#8123 = CARTESIAN_POINT('',(0.,-1.6));
#8124 = CARTESIAN_POINT('',(0.110249398914,-1.6));
#8125 = ( GEOMETRIC_REPRESENTATION_CONTEXT(2) 
PARAMETRIC_REPRESENTATION_CONTEXT() REPRESENTATION_CONTEXT('2D SPACE',''
  ) );
#8126 = ORIENTED_EDGE('',*,*,#8127,.F.);
#8127 = EDGE_CURVE('',#8128,#8107,#8130,.T.);
#8128 = VERTEX_POINT('',#8129);
#8129 = CARTESIAN_POINT('',(115.152319,-102.12372,1.6));
#8130 = SURFACE_CURVE('',#8131,(#8135,#8141),.PCURVE_S1.);
#8131 = LINE('',#8132,#8133);
#8132 = CARTESIAN_POINT('',(118.55895823848,-103.0929838928,1.6));
#8133 = VECTOR('',#8134,1.);
#8134 = DIRECTION('',(-0.961826277748,0.273660759762,0.));
#8135 = PCURVE('',#90,#8136);
#8136 = DEFINITIONAL_REPRESENTATION('',(#8137),#8140);
#8137 = B_SPLINE_CURVE_WITH_KNOTS('',1,(#8138,#8139),.UNSPECIFIED.,.F.,
  .F.,(2,2),(3.54184463172,3.652094270822),.PIECEWISE_BEZIER_KNOTS.);
#8138 = CARTESIAN_POINT('',(2.847681,15.87628));
#8139 = CARTESIAN_POINT('',(2.953722,15.906451));
#8140 = ( GEOMETRIC_REPRESENTATION_CONTEXT(2) 
PARAMETRIC_REPRESENTATION_CONTEXT() REPRESENTATION_CONTEXT('2D SPACE',''
  ) );
#8141 = PCURVE('',#4437,#8142);
#8142 = DEFINITIONAL_REPRESENTATION('',(#8143),#8146);
#8143 = B_SPLINE_CURVE_WITH_KNOTS('',1,(#8144,#8145),.UNSPECIFIED.,.F.,
  .F.,(2,2),(3.54184463172,3.652094270822),.PIECEWISE_BEZIER_KNOTS.);
#8144 = CARTESIAN_POINT('',(0.,-1.6));
#8145 = CARTESIAN_POINT('',(0.110249639101,-1.6));
#8146 = ( GEOMETRIC_REPRESENTATION_CONTEXT(2) 
PARAMETRIC_REPRESENTATION_CONTEXT() REPRESENTATION_CONTEXT('2D SPACE',''
  ) );
#8147 = ORIENTED_EDGE('',*,*,#8148,.F.);
#8148 = EDGE_CURVE('',#8149,#8128,#8151,.T.);
#8149 = VERTEX_POINT('',#8150);
#8150 = CARTESIAN_POINT('',(115.262099,-102.113548,1.6));
#8151 = SURFACE_CURVE('',#8152,(#8156,#8162),.PCURVE_S1.);
#8152 = LINE('',#8153,#8154);
#8153 = CARTESIAN_POINT('',(115.88965780658,-102.0553996288,1.6));
#8154 = VECTOR('',#8155,1.);
#8155 = DIRECTION('',(-0.995734688848,-9.226282797384E-02,0.));
#8156 = PCURVE('',#90,#8157);
#8157 = DEFINITIONAL_REPRESENTATION('',(#8158),#8161);
#8158 = B_SPLINE_CURVE_WITH_KNOTS('',1,(#8159,#8160),.UNSPECIFIED.,.F.,
  .F.,(2,2),(0.63024700617,0.740497257798),.PIECEWISE_BEZIER_KNOTS.);
#8159 = CARTESIAN_POINT('',(2.737901,15.886452));
#8160 = CARTESIAN_POINT('',(2.847681,15.87628));
#8161 = ( GEOMETRIC_REPRESENTATION_CONTEXT(2) 
PARAMETRIC_REPRESENTATION_CONTEXT() REPRESENTATION_CONTEXT('2D SPACE',''
  ) );
#8162 = PCURVE('',#4465,#8163);
#8163 = DEFINITIONAL_REPRESENTATION('',(#8164),#8167);
#8164 = B_SPLINE_CURVE_WITH_KNOTS('',1,(#8165,#8166),.UNSPECIFIED.,.F.,
  .F.,(2,2),(0.63024700617,0.740497257798),.PIECEWISE_BEZIER_KNOTS.);
#8165 = CARTESIAN_POINT('',(0.,-1.6));
#8166 = CARTESIAN_POINT('',(0.110250251628,-1.6));
#8167 = ( GEOMETRIC_REPRESENTATION_CONTEXT(2) 
PARAMETRIC_REPRESENTATION_CONTEXT() REPRESENTATION_CONTEXT('2D SPACE',''
  ) );
#8168 = ORIENTED_EDGE('',*,*,#8169,.F.);
#8169 = EDGE_CURVE('',#8170,#8149,#8172,.T.);
#8170 = VERTEX_POINT('',#8171);
#8171 = CARTESIAN_POINT('',(115.36079,-102.064405,1.6));
#8172 = SURFACE_CURVE('',#8173,(#8177,#8183),.PCURVE_S1.);
#8173 = LINE('',#8174,#8175);
#8174 = CARTESIAN_POINT('',(113.23895822366,-103.1209671888,1.6));
#8175 = VECTOR('',#8176,1.);
#8176 = DIRECTION('',(-0.895160681354,-0.445743597327,0.));
#8177 = PCURVE('',#90,#8178);
#8178 = DEFINITIONAL_REPRESENTATION('',(#8179),#8182);
#8179 = B_SPLINE_CURVE_WITH_KNOTS('',1,(#8180,#8181),.UNSPECIFIED.,.F.,
  .F.,(2,2),(-2.370336209504,-2.260086729097),.PIECEWISE_BEZIER_KNOTS.);
#8180 = CARTESIAN_POINT('',(2.63921,15.935595));
#8181 = CARTESIAN_POINT('',(2.737901,15.886452));
#8182 = ( GEOMETRIC_REPRESENTATION_CONTEXT(2) 
PARAMETRIC_REPRESENTATION_CONTEXT() REPRESENTATION_CONTEXT('2D SPACE',''
  ) );
#8183 = PCURVE('',#4493,#8184);
#8184 = DEFINITIONAL_REPRESENTATION('',(#8185),#8188);
#8185 = B_SPLINE_CURVE_WITH_KNOTS('',1,(#8186,#8187),.UNSPECIFIED.,.F.,
  .F.,(2,2),(-2.370336209504,-2.260086729097),.PIECEWISE_BEZIER_KNOTS.);
#8186 = CARTESIAN_POINT('',(0.,-1.6));
#8187 = CARTESIAN_POINT('',(0.110249480407,-1.6));
#8188 = ( GEOMETRIC_REPRESENTATION_CONTEXT(2) 
PARAMETRIC_REPRESENTATION_CONTEXT() REPRESENTATION_CONTEXT('2D SPACE',''
  ) );
#8189 = ORIENTED_EDGE('',*,*,#8190,.F.);
#8190 = EDGE_CURVE('',#8191,#8170,#8193,.T.);
#8191 = VERTEX_POINT('',#8192);
#8192 = CARTESIAN_POINT('',(115.435065,-101.98293,1.6));
#8193 = SURFACE_CURVE('',#8194,(#8198,#8204),.PCURVE_S1.);
#8194 = LINE('',#8195,#8196);
#8195 = CARTESIAN_POINT('',(112.02994977311,-105.7181270799,1.6));
#8196 = VECTOR('',#8197,1.);
#8197 = DIRECTION('',(-0.67369922817,-0.73900564948,0.));
#8198 = PCURVE('',#90,#8199);
#8199 = DEFINITIONAL_REPRESENTATION('',(#8200),#8203);
#8200 = B_SPLINE_CURVE_WITH_KNOTS('',1,(#8201,#8202),.UNSPECIFIED.,.F.,
  .F.,(2,2),(-5.054355244156,-4.944105748692),.PIECEWISE_BEZIER_KNOTS.);
#8201 = CARTESIAN_POINT('',(2.564935,16.01707));
#8202 = CARTESIAN_POINT('',(2.63921,15.935595));
#8203 = ( GEOMETRIC_REPRESENTATION_CONTEXT(2) 
PARAMETRIC_REPRESENTATION_CONTEXT() REPRESENTATION_CONTEXT('2D SPACE',''
  ) );
#8204 = PCURVE('',#4521,#8205);
#8205 = DEFINITIONAL_REPRESENTATION('',(#8206),#8209);
#8206 = B_SPLINE_CURVE_WITH_KNOTS('',1,(#8207,#8208),.UNSPECIFIED.,.F.,
  .F.,(2,2),(-5.054355244156,-4.944105748692),.PIECEWISE_BEZIER_KNOTS.);
#8207 = CARTESIAN_POINT('',(0.,-1.6));
#8208 = CARTESIAN_POINT('',(0.110249495464,-1.6));
#8209 = ( GEOMETRIC_REPRESENTATION_CONTEXT(2) 
PARAMETRIC_REPRESENTATION_CONTEXT() REPRESENTATION_CONTEXT('2D SPACE',''
  ) );
#8210 = ORIENTED_EDGE('',*,*,#8211,.F.);
#8211 = EDGE_CURVE('',#8212,#8191,#8214,.T.);
#8212 = VERTEX_POINT('',#8213);
#8213 = CARTESIAN_POINT('',(115.474892,-101.880125,1.6));
#8214 = SURFACE_CURVE('',#8215,(#8219,#8225),.PCURVE_S1.);
#8215 = LINE('',#8216,#8217);
#8216 = CARTESIAN_POINT('',(112.92467162747,-108.462980987,1.6));
#8217 = VECTOR('',#8218,1.);
#8218 = DIRECTION('',(-0.361242697938,-0.932471829701,0.));
#8219 = PCURVE('',#90,#8220);
#8220 = DEFINITIONAL_REPRESENTATION('',(#8221),#8224);
#8221 = B_SPLINE_CURVE_WITH_KNOTS('',1,(#8222,#8223),.UNSPECIFIED.,.F.,
  .F.,(2,2),(-7.059576254651,-6.949326275267),.PIECEWISE_BEZIER_KNOTS.);
#8222 = CARTESIAN_POINT('',(2.525108,16.119875));
#8223 = CARTESIAN_POINT('',(2.564935,16.01707));
#8224 = ( GEOMETRIC_REPRESENTATION_CONTEXT(2) 
PARAMETRIC_REPRESENTATION_CONTEXT() REPRESENTATION_CONTEXT('2D SPACE',''
  ) );
#8225 = PCURVE('',#4549,#8226);
#8226 = DEFINITIONAL_REPRESENTATION('',(#8227),#8230);
#8227 = B_SPLINE_CURVE_WITH_KNOTS('',1,(#8228,#8229),.UNSPECIFIED.,.F.,
  .F.,(2,2),(-7.059576254651,-6.949326275267),.PIECEWISE_BEZIER_KNOTS.);
#8228 = CARTESIAN_POINT('',(0.,-1.6));
#8229 = CARTESIAN_POINT('',(0.110249979383,-1.6));
#8230 = ( GEOMETRIC_REPRESENTATION_CONTEXT(2) 
PARAMETRIC_REPRESENTATION_CONTEXT() REPRESENTATION_CONTEXT('2D SPACE',''
  ) );
#8231 = ORIENTED_EDGE('',*,*,#8232,.F.);
#8232 = EDGE_CURVE('',#8233,#8212,#8235,.T.);
#8233 = VERTEX_POINT('',#8234);
#8234 = CARTESIAN_POINT('',(115.48,-101.825,1.6));
#8235 = SURFACE_CURVE('',#8236,(#8240,#8246),.PCURVE_S1.);
#8236 = LINE('',#8237,#8238);
#8237 = CARTESIAN_POINT('',(114.74770142604,-109.7278893675,1.6));
#8238 = VECTOR('',#8239,1.);
#8239 = DIRECTION('',(-9.22668640424E-02,-0.995734314865,0.));
#8240 = PCURVE('',#90,#8241);
#8241 = DEFINITIONAL_REPRESENTATION('',(#8242),#8245);
#8242 = B_SPLINE_CURVE_WITH_KNOTS('',1,(#8243,#8244),.UNSPECIFIED.,.F.,
  .F.,(2,2),(-7.936745022778,-7.881383869529),.PIECEWISE_BEZIER_KNOTS.);
#8243 = CARTESIAN_POINT('',(2.52,16.175));
#8244 = CARTESIAN_POINT('',(2.525108,16.119875));
#8245 = ( GEOMETRIC_REPRESENTATION_CONTEXT(2) 
PARAMETRIC_REPRESENTATION_CONTEXT() REPRESENTATION_CONTEXT('2D SPACE',''
  ) );
#8246 = PCURVE('',#4577,#8247);
#8247 = DEFINITIONAL_REPRESENTATION('',(#8248),#8251);
#8248 = B_SPLINE_CURVE_WITH_KNOTS('',1,(#8249,#8250),.UNSPECIFIED.,.F.,
  .F.,(2,2),(-7.936745022778,-7.881383869529),.PIECEWISE_BEZIER_KNOTS.);
#8249 = CARTESIAN_POINT('',(0.,-1.6));
#8250 = CARTESIAN_POINT('',(5.536115324847E-02,-1.6));
#8251 = ( GEOMETRIC_REPRESENTATION_CONTEXT(2) 
PARAMETRIC_REPRESENTATION_CONTEXT() REPRESENTATION_CONTEXT('2D SPACE',''
  ) );
#8252 = ORIENTED_EDGE('',*,*,#8253,.F.);
#8253 = EDGE_CURVE('',#8254,#8233,#8256,.T.);
#8254 = VERTEX_POINT('',#8255);
#8255 = CARTESIAN_POINT('',(115.48,-101.025,1.6));
#8256 = SURFACE_CURVE('',#8257,(#8261,#8267),.PCURVE_S1.);
#8257 = LINE('',#8258,#8259);
#8258 = CARTESIAN_POINT('',(115.48,-109.5125,1.6));
#8259 = VECTOR('',#8260,1.);
#8260 = DIRECTION('',(0.,-1.,0.));
#8261 = PCURVE('',#90,#8262);
#8262 = DEFINITIONAL_REPRESENTATION('',(#8263),#8266);
#8263 = B_SPLINE_CURVE_WITH_KNOTS('',1,(#8264,#8265),.UNSPECIFIED.,.F.,
  .F.,(2,2),(-8.4875,-7.6875),.PIECEWISE_BEZIER_KNOTS.);
#8264 = CARTESIAN_POINT('',(2.52,16.975));
#8265 = CARTESIAN_POINT('',(2.52,16.175));
#8266 = ( GEOMETRIC_REPRESENTATION_CONTEXT(2) 
PARAMETRIC_REPRESENTATION_CONTEXT() REPRESENTATION_CONTEXT('2D SPACE',''
  ) );
#8267 = PCURVE('',#4605,#8268);
#8268 = DEFINITIONAL_REPRESENTATION('',(#8269),#8272);
#8269 = B_SPLINE_CURVE_WITH_KNOTS('',1,(#8270,#8271),.UNSPECIFIED.,.F.,
  .F.,(2,2),(-8.4875,-7.6875),.PIECEWISE_BEZIER_KNOTS.);
#8270 = CARTESIAN_POINT('',(0.,-1.6));
#8271 = CARTESIAN_POINT('',(0.8,-1.6));
#8272 = ( GEOMETRIC_REPRESENTATION_CONTEXT(2) 
PARAMETRIC_REPRESENTATION_CONTEXT() REPRESENTATION_CONTEXT('2D SPACE',''
  ) );
#8273 = ORIENTED_EDGE('',*,*,#8274,.F.);
#8274 = EDGE_CURVE('',#8275,#8254,#8277,.T.);
#8275 = VERTEX_POINT('',#8276);
#8276 = CARTESIAN_POINT('',(115.459742,-100.916628,1.6));
#8277 = SURFACE_CURVE('',#8278,(#8282,#8288),.PCURVE_S1.);
#8278 = LINE('',#8279,#8280);
#8279 = CARTESIAN_POINT('',(117.04541507575,-109.3993292817,1.6));
#8280 = VECTOR('',#8281,1.);
#8281 = DIRECTION('',(0.183747434241,-0.982973489169,0.));
#8282 = PCURVE('',#90,#8283);
#8283 = DEFINITIONAL_REPRESENTATION('',(#8284),#8287);
#8284 = B_SPLINE_CURVE_WITH_KNOTS('',1,(#8285,#8286),.UNSPECIFIED.,.F.,
  .F.,(2,2),(-8.629633835714,-8.519384677223),.PIECEWISE_BEZIER_KNOTS.);
#8285 = CARTESIAN_POINT('',(2.540258,17.083372));
#8286 = CARTESIAN_POINT('',(2.52,16.975));
#8287 = ( GEOMETRIC_REPRESENTATION_CONTEXT(2) 
PARAMETRIC_REPRESENTATION_CONTEXT() REPRESENTATION_CONTEXT('2D SPACE',''
  ) );
#8288 = PCURVE('',#4633,#8289);
#8289 = DEFINITIONAL_REPRESENTATION('',(#8290),#8293);
#8290 = B_SPLINE_CURVE_WITH_KNOTS('',1,(#8291,#8292),.UNSPECIFIED.,.F.,
  .F.,(2,2),(-8.629633835714,-8.519384677223),.PIECEWISE_BEZIER_KNOTS.);
#8291 = CARTESIAN_POINT('',(0.,-1.6));
#8292 = CARTESIAN_POINT('',(0.110249158491,-1.6));
#8293 = ( GEOMETRIC_REPRESENTATION_CONTEXT(2) 
PARAMETRIC_REPRESENTATION_CONTEXT() REPRESENTATION_CONTEXT('2D SPACE',''
  ) );
#8294 = ORIENTED_EDGE('',*,*,#8295,.F.);
#8295 = EDGE_CURVE('',#8296,#8275,#8298,.T.);
#8296 = VERTEX_POINT('',#8297);
#8297 = CARTESIAN_POINT('',(115.401703,-100.822891,1.6));
#8298 = SURFACE_CURVE('',#8299,(#8303,#8309),.PCURVE_S1.);
#8299 = LINE('',#8300,#8301);
#8300 = CARTESIAN_POINT('',(119.60579746602,-107.6127943918,1.6));
#8301 = VECTOR('',#8302,1.);
#8302 = DIRECTION('',(0.526428929276,-0.850219137882,0.));
#8303 = PCURVE('',#90,#8304);
#8304 = DEFINITIONAL_REPRESENTATION('',(#8305),#8308);
#8305 = B_SPLINE_CURVE_WITH_KNOTS('',1,(#8306,#8307),.UNSPECIFIED.,.F.,
  .F.,(2,2),(-7.98606275647,-7.875812356517),.PIECEWISE_BEZIER_KNOTS.);
#8306 = CARTESIAN_POINT('',(2.598297,17.177109));
#8307 = CARTESIAN_POINT('',(2.540258,17.083372));
#8308 = ( GEOMETRIC_REPRESENTATION_CONTEXT(2) 
PARAMETRIC_REPRESENTATION_CONTEXT() REPRESENTATION_CONTEXT('2D SPACE',''
  ) );
#8309 = PCURVE('',#4661,#8310);
#8310 = DEFINITIONAL_REPRESENTATION('',(#8311),#8314);
#8311 = B_SPLINE_CURVE_WITH_KNOTS('',1,(#8312,#8313),.UNSPECIFIED.,.F.,
  .F.,(2,2),(-7.98606275647,-7.875812356517),.PIECEWISE_BEZIER_KNOTS.);
#8312 = CARTESIAN_POINT('',(0.,-1.6));
#8313 = CARTESIAN_POINT('',(0.110250399954,-1.6));
#8314 = ( GEOMETRIC_REPRESENTATION_CONTEXT(2) 
PARAMETRIC_REPRESENTATION_CONTEXT() REPRESENTATION_CONTEXT('2D SPACE',''
  ) );
#8315 = ORIENTED_EDGE('',*,*,#8316,.F.);
#8316 = EDGE_CURVE('',#8317,#8296,#8319,.T.);
#8317 = VERTEX_POINT('',#8318);
#8318 = CARTESIAN_POINT('',(115.313722,-100.756451,1.6));
#8319 = SURFACE_CURVE('',#8320,(#8324,#8330),.PCURVE_S1.);
#8320 = LINE('',#8321,#8322);
#8321 = CARTESIAN_POINT('',(120.31539582786,-104.5335302457,1.6));
#8322 = VECTOR('',#8323,1.);
#8323 = DIRECTION('',(0.798017956254,-0.60263367106,0.));
#8324 = PCURVE('',#90,#8325);
#8325 = DEFINITIONAL_REPRESENTATION('',(#8326),#8329);
#8326 = B_SPLINE_CURVE_WITH_KNOTS('',1,(#8327,#8328),.UNSPECIFIED.,.F.,
  .F.,(2,2),(-6.267620657734,-6.157371258819),.PIECEWISE_BEZIER_KNOTS.);
#8327 = CARTESIAN_POINT('',(2.686278,17.243549));
#8328 = CARTESIAN_POINT('',(2.598297,17.177109));
#8329 = ( GEOMETRIC_REPRESENTATION_CONTEXT(2) 
PARAMETRIC_REPRESENTATION_CONTEXT() REPRESENTATION_CONTEXT('2D SPACE',''
  ) );
#8330 = PCURVE('',#4689,#8331);
#8331 = DEFINITIONAL_REPRESENTATION('',(#8332),#8335);
#8332 = B_SPLINE_CURVE_WITH_KNOTS('',1,(#8333,#8334),.UNSPECIFIED.,.F.,
  .F.,(2,2),(-6.267620657734,-6.157371258819),.PIECEWISE_BEZIER_KNOTS.);
#8333 = CARTESIAN_POINT('',(0.,-1.6));
#8334 = CARTESIAN_POINT('',(0.110249398914,-1.6));
#8335 = ( GEOMETRIC_REPRESENTATION_CONTEXT(2) 
PARAMETRIC_REPRESENTATION_CONTEXT() REPRESENTATION_CONTEXT('2D SPACE',''
  ) );
#8336 = ORIENTED_EDGE('',*,*,#8337,.F.);
#8337 = EDGE_CURVE('',#8338,#8317,#8340,.T.);
#8338 = VERTEX_POINT('',#8339);
#8339 = CARTESIAN_POINT('',(115.207681,-100.72628,1.6));
#8340 = SURFACE_CURVE('',#8341,(#8345,#8351),.PCURVE_S1.);
#8341 = LINE('',#8342,#8343);
#8342 = CARTESIAN_POINT('',(118.77262523731,-101.7405851516,1.6));
#8343 = VECTOR('',#8344,1.);
#8344 = DIRECTION('',(0.961826277748,-0.273660759762,0.));
#8345 = PCURVE('',#90,#8346);
#8346 = DEFINITIONAL_REPRESENTATION('',(#8347),#8350);
#8347 = B_SPLINE_CURVE_WITH_KNOTS('',1,(#8348,#8349),.UNSPECIFIED.,.F.,
  .F.,(2,2),(-3.706432564586,-3.596182925485),.PIECEWISE_BEZIER_KNOTS.);
#8348 = CARTESIAN_POINT('',(2.792319,17.27372));
#8349 = CARTESIAN_POINT('',(2.686278,17.243549));
#8350 = ( GEOMETRIC_REPRESENTATION_CONTEXT(2) 
PARAMETRIC_REPRESENTATION_CONTEXT() REPRESENTATION_CONTEXT('2D SPACE',''
  ) );
#8351 = PCURVE('',#4717,#8352);
#8352 = DEFINITIONAL_REPRESENTATION('',(#8353),#8356);
#8353 = B_SPLINE_CURVE_WITH_KNOTS('',1,(#8354,#8355),.UNSPECIFIED.,.F.,
  .F.,(2,2),(-3.706432564586,-3.596182925485),.PIECEWISE_BEZIER_KNOTS.);
#8354 = CARTESIAN_POINT('',(0.,-1.6));
#8355 = CARTESIAN_POINT('',(0.110249639101,-1.6));
#8356 = ( GEOMETRIC_REPRESENTATION_CONTEXT(2) 
PARAMETRIC_REPRESENTATION_CONTEXT() REPRESENTATION_CONTEXT('2D SPACE',''
  ) );
#8357 = ORIENTED_EDGE('',*,*,#8358,.F.);
#8358 = EDGE_CURVE('',#8359,#8338,#8361,.T.);
#8359 = VERTEX_POINT('',#8360);
#8360 = CARTESIAN_POINT('',(115.097901,-100.736452,1.6));
#8361 = SURFACE_CURVE('',#8362,(#8366,#8372),.PCURVE_S1.);
#8362 = LINE('',#8363,#8364);
#8363 = CARTESIAN_POINT('',(115.74360352303,-100.6766224676,1.6));
#8364 = VECTOR('',#8365,1.);
#8365 = DIRECTION('',(0.995734688848,9.226282797371E-02,-0.));
#8366 = PCURVE('',#90,#8367);
#8367 = DEFINITIONAL_REPRESENTATION('',(#8368),#8371);
#8368 = B_SPLINE_CURVE_WITH_KNOTS('',1,(#8369,#8370),.UNSPECIFIED.,.F.,
  .F.,(2,2),(-0.648468442715,-0.538218191087),.PIECEWISE_BEZIER_KNOTS.);
#8369 = CARTESIAN_POINT('',(2.902099,17.263548));
#8370 = CARTESIAN_POINT('',(2.792319,17.27372));
#8371 = ( GEOMETRIC_REPRESENTATION_CONTEXT(2) 
PARAMETRIC_REPRESENTATION_CONTEXT() REPRESENTATION_CONTEXT('2D SPACE',''
  ) );
#8372 = PCURVE('',#4745,#8373);
#8373 = DEFINITIONAL_REPRESENTATION('',(#8374),#8377);
#8374 = B_SPLINE_CURVE_WITH_KNOTS('',1,(#8375,#8376),.UNSPECIFIED.,.F.,
  .F.,(2,2),(-0.648468442715,-0.538218191087),.PIECEWISE_BEZIER_KNOTS.);
#8375 = CARTESIAN_POINT('',(0.,-1.6));
#8376 = CARTESIAN_POINT('',(0.110250251628,-1.6));
#8377 = ( GEOMETRIC_REPRESENTATION_CONTEXT(2) 
PARAMETRIC_REPRESENTATION_CONTEXT() REPRESENTATION_CONTEXT('2D SPACE',''
  ) );
#8378 = ORIENTED_EDGE('',*,*,#8379,.F.);
#8379 = EDGE_CURVE('',#8380,#8359,#8382,.T.);
#8380 = VERTEX_POINT('',#8381);
#8381 = CARTESIAN_POINT('',(114.99921,-100.785595,1.6));
#8382 = SURFACE_CURVE('',#8383,(#8387,#8393),.PCURVE_S1.);
#8383 = LINE('',#8384,#8385);
#8384 = CARTESIAN_POINT('',(112.76711717799,-101.8970614716,1.6));
#8385 = VECTOR('',#8386,1.);
#8386 = DIRECTION('',(0.895160681354,0.445743597327,-0.));
#8387 = PCURVE('',#90,#8388);
#8388 = DEFINITIONAL_REPRESENTATION('',(#8389),#8392);
#8389 = B_SPLINE_CURVE_WITH_KNOTS('',1,(#8390,#8391),.UNSPECIFIED.,.F.,
  .F.,(2,2),(2.493510794771,2.603760275177),.PIECEWISE_BEZIER_KNOTS.);
#8390 = CARTESIAN_POINT('',(3.00079,17.214405));
#8391 = CARTESIAN_POINT('',(2.902099,17.263548));
#8392 = ( GEOMETRIC_REPRESENTATION_CONTEXT(2) 
PARAMETRIC_REPRESENTATION_CONTEXT() REPRESENTATION_CONTEXT('2D SPACE',''
  ) );
#8393 = PCURVE('',#4773,#8394);
#8394 = DEFINITIONAL_REPRESENTATION('',(#8395),#8398);
#8395 = B_SPLINE_CURVE_WITH_KNOTS('',1,(#8396,#8397),.UNSPECIFIED.,.F.,
  .F.,(2,2),(2.493510794771,2.603760275177),.PIECEWISE_BEZIER_KNOTS.);
#8396 = CARTESIAN_POINT('',(0.,-1.6));
#8397 = CARTESIAN_POINT('',(0.110249480407,-1.6));
#8398 = ( GEOMETRIC_REPRESENTATION_CONTEXT(2) 
PARAMETRIC_REPRESENTATION_CONTEXT() REPRESENTATION_CONTEXT('2D SPACE',''
  ) );
#8399 = ORIENTED_EDGE('',*,*,#8400,.F.);
#8400 = EDGE_CURVE('',#8002,#8380,#8401,.T.);
#8401 = SURFACE_CURVE('',#8402,(#8406,#8412),.PCURVE_S1.);
#8402 = LINE('',#8403,#8404);
#8403 = CARTESIAN_POINT('',(111.35781105629,-104.7799804451,1.6));
#8404 = VECTOR('',#8405,1.);
#8405 = DIRECTION('',(0.67369922817,0.73900564948,-0.));
#8406 = PCURVE('',#90,#8407);
#8407 = DEFINITIONAL_REPRESENTATION('',(#8408),#8411);
#8408 = B_SPLINE_CURVE_WITH_KNOTS('',1,(#8409,#8410),.UNSPECIFIED.,.F.,
  .F.,(2,2),(5.294831572537,5.405081068001),.PIECEWISE_BEZIER_KNOTS.);
#8409 = CARTESIAN_POINT('',(3.075065,17.13293));
#8410 = CARTESIAN_POINT('',(3.00079,17.214405));
#8411 = ( GEOMETRIC_REPRESENTATION_CONTEXT(2) 
PARAMETRIC_REPRESENTATION_CONTEXT() REPRESENTATION_CONTEXT('2D SPACE',''
  ) );
#8412 = PCURVE('',#4799,#8413);
#8413 = DEFINITIONAL_REPRESENTATION('',(#8414),#8417);
#8414 = B_SPLINE_CURVE_WITH_KNOTS('',1,(#8415,#8416),.UNSPECIFIED.,.F.,
  .F.,(2,2),(5.294831572537,5.405081068001),.PIECEWISE_BEZIER_KNOTS.);
#8415 = CARTESIAN_POINT('',(0.,-1.6));
#8416 = CARTESIAN_POINT('',(0.110249495464,-1.6));
#8417 = ( GEOMETRIC_REPRESENTATION_CONTEXT(2) 
PARAMETRIC_REPRESENTATION_CONTEXT() REPRESENTATION_CONTEXT('2D SPACE',''
  ) );
#8418 = FACE_BOUND('',#8419,.F.);
#8419 = EDGE_LOOP('',(#8420));
#8420 = ORIENTED_EDGE('',*,*,#8421,.T.);
#8421 = EDGE_CURVE('',#8422,#8422,#8424,.T.);
#8422 = VERTEX_POINT('',#8423);
#8423 = CARTESIAN_POINT('',(104.35,-102.75,1.6));
#8424 = SURFACE_CURVE('',#8425,(#8430,#8441),.PCURVE_S1.);
#8425 = CIRCLE('',#8426,1.6);
#8426 = AXIS2_PLACEMENT_3D('',#8427,#8428,#8429);
#8427 = CARTESIAN_POINT('',(102.75,-102.75,1.6));
#8428 = DIRECTION('',(0.,0.,1.));
#8429 = DIRECTION('',(1.,0.,-0.));
#8430 = PCURVE('',#90,#8431);
#8431 = DEFINITIONAL_REPRESENTATION('',(#8432),#8440);
#8432 = ( BOUNDED_CURVE() B_SPLINE_CURVE(2,(#8433,#8434,#8435,#8436,
#8437,#8438,#8439),.UNSPECIFIED.,.T.,.F.) B_SPLINE_CURVE_WITH_KNOTS((1,2
    ,2,2,2,1),(-2.094395102393,0.,2.094395102393,4.188790204786,
6.28318530718,8.377580409573),.UNSPECIFIED.) CURVE() 
GEOMETRIC_REPRESENTATION_ITEM() RATIONAL_B_SPLINE_CURVE((1.,0.5,1.,0.5,
1.,0.5,1.)) REPRESENTATION_ITEM('') );
#8433 = CARTESIAN_POINT('',(13.65,15.25));
#8434 = CARTESIAN_POINT('',(13.65,18.02128129211));
#8435 = CARTESIAN_POINT('',(16.05,16.635640646055));
#8436 = CARTESIAN_POINT('',(18.45,15.25));
#8437 = CARTESIAN_POINT('',(16.05,13.864359353945));
#8438 = CARTESIAN_POINT('',(13.65,12.47871870789));
#8439 = CARTESIAN_POINT('',(13.65,15.25));
#8440 = ( GEOMETRIC_REPRESENTATION_CONTEXT(2) 
PARAMETRIC_REPRESENTATION_CONTEXT() REPRESENTATION_CONTEXT('2D SPACE',''
  ) );
#8441 = PCURVE('',#4834,#8442);
#8442 = DEFINITIONAL_REPRESENTATION('',(#8443),#8447);
#8443 = LINE('',#8444,#8445);
#8444 = CARTESIAN_POINT('',(0.,1.61));
#8445 = VECTOR('',#8446,1.);
#8446 = DIRECTION('',(1.,0.));
#8447 = ( GEOMETRIC_REPRESENTATION_CONTEXT(2) 
PARAMETRIC_REPRESENTATION_CONTEXT() REPRESENTATION_CONTEXT('2D SPACE',''
  ) );
#8448 = ADVANCED_FACE('',(#8449),#177,.T.);
#8449 = FACE_BOUND('',#8450,.T.);
#8450 = EDGE_LOOP('',(#8451,#8472,#8473,#8474));
#8451 = ORIENTED_EDGE('',*,*,#8452,.T.);
#8452 = EDGE_CURVE('',#1849,#6117,#8453,.T.);
#8453 = SURFACE_CURVE('',#8454,(#8458,#8465),.PCURVE_S1.);
#8454 = LINE('',#8455,#8456);
#8455 = CARTESIAN_POINT('',(103.,-100.,0.));
#8456 = VECTOR('',#8457,1.);
#8457 = DIRECTION('',(0.,0.,1.));
#8458 = PCURVE('',#177,#8459);
#8459 = DEFINITIONAL_REPRESENTATION('',(#8460),#8464);
#8460 = LINE('',#8461,#8462);
#8461 = CARTESIAN_POINT('',(0.,0.));
#8462 = VECTOR('',#8463,1.);
#8463 = DIRECTION('',(0.,-1.));
#8464 = ( GEOMETRIC_REPRESENTATION_CONTEXT(2) 
PARAMETRIC_REPRESENTATION_CONTEXT() REPRESENTATION_CONTEXT('2D SPACE',''
  ) );
#8465 = PCURVE('',#1864,#8466);
#8466 = DEFINITIONAL_REPRESENTATION('',(#8467),#8471);
#8467 = LINE('',#8468,#8469);
#8468 = CARTESIAN_POINT('',(0.336422235023,0.));
#8469 = VECTOR('',#8470,1.);
#8470 = DIRECTION('',(0.,-1.));
#8471 = ( GEOMETRIC_REPRESENTATION_CONTEXT(2) 
PARAMETRIC_REPRESENTATION_CONTEXT() REPRESENTATION_CONTEXT('2D SPACE',''
  ) );
#8472 = ORIENTED_EDGE('',*,*,#6139,.T.);
#8473 = ORIENTED_EDGE('',*,*,#159,.F.);
#8474 = ORIENTED_EDGE('',*,*,#1876,.F.);
#8475 = ADVANCED_FACE('',(#8476),#275,.T.);
#8476 = FACE_BOUND('',#8477,.T.);
#8477 = EDGE_LOOP('',(#8478,#8479,#8480,#8501));
#8478 = ORIENTED_EDGE('',*,*,#259,.T.);
#8479 = ORIENTED_EDGE('',*,*,#4851,.T.);
#8480 = ORIENTED_EDGE('',*,*,#8481,.F.);
#8481 = EDGE_CURVE('',#314,#4852,#8482,.T.);
#8482 = SURFACE_CURVE('',#8483,(#8487,#8494),.PCURVE_S1.);
#8483 = LINE('',#8484,#8485);
#8484 = CARTESIAN_POINT('',(134.301651,-100.297093,0.));
#8485 = VECTOR('',#8486,1.);
#8486 = DIRECTION('',(0.,0.,1.));
#8487 = PCURVE('',#275,#8488);
#8488 = DEFINITIONAL_REPRESENTATION('',(#8489),#8493);
#8489 = LINE('',#8490,#8491);
#8490 = CARTESIAN_POINT('',(0.336422506151,0.));
#8491 = VECTOR('',#8492,1.);
#8492 = DIRECTION('',(0.,-1.));
#8493 = ( GEOMETRIC_REPRESENTATION_CONTEXT(2) 
PARAMETRIC_REPRESENTATION_CONTEXT() REPRESENTATION_CONTEXT('2D SPACE',''
  ) );
#8494 = PCURVE('',#352,#8495);
#8495 = DEFINITIONAL_REPRESENTATION('',(#8496),#8500);
#8496 = LINE('',#8497,#8498);
#8497 = CARTESIAN_POINT('',(0.,0.));
#8498 = VECTOR('',#8499,1.);
#8499 = DIRECTION('',(0.,-1.));
#8500 = ( GEOMETRIC_REPRESENTATION_CONTEXT(2) 
PARAMETRIC_REPRESENTATION_CONTEXT() REPRESENTATION_CONTEXT('2D SPACE',''
  ) );
#8501 = ORIENTED_EDGE('',*,*,#313,.F.);
#8502 = ADVANCED_FACE('',(#8503),#1864,.T.);
#8503 = FACE_BOUND('',#8504,.T.);
#8504 = EDGE_LOOP('',(#8505,#8526,#8527,#8528));
#8505 = ORIENTED_EDGE('',*,*,#8506,.T.);
#8506 = EDGE_CURVE('',#1821,#6094,#8507,.T.);
#8507 = SURFACE_CURVE('',#8508,(#8512,#8519),.PCURVE_S1.);
#8508 = LINE('',#8509,#8510);
#8509 = CARTESIAN_POINT('',(102.664107,-100.018863,0.));
#8510 = VECTOR('',#8511,1.);
#8511 = DIRECTION('',(0.,0.,1.));
#8512 = PCURVE('',#1864,#8513);
#8513 = DEFINITIONAL_REPRESENTATION('',(#8514),#8518);
#8514 = LINE('',#8515,#8516);
#8515 = CARTESIAN_POINT('',(0.,0.));
#8516 = VECTOR('',#8517,1.);
#8517 = DIRECTION('',(0.,-1.));
#8518 = ( GEOMETRIC_REPRESENTATION_CONTEXT(2) 
PARAMETRIC_REPRESENTATION_CONTEXT() REPRESENTATION_CONTEXT('2D SPACE',''
  ) );
#8519 = PCURVE('',#1836,#8520);
#8520 = DEFINITIONAL_REPRESENTATION('',(#8521),#8525);
#8521 = LINE('',#8522,#8523);
#8522 = CARTESIAN_POINT('',(0.336423318914,0.));
#8523 = VECTOR('',#8524,1.);
#8524 = DIRECTION('',(0.,-1.));
#8525 = ( GEOMETRIC_REPRESENTATION_CONTEXT(2) 
PARAMETRIC_REPRESENTATION_CONTEXT() REPRESENTATION_CONTEXT('2D SPACE',''
  ) );
#8526 = ORIENTED_EDGE('',*,*,#6116,.T.);
#8527 = ORIENTED_EDGE('',*,*,#8452,.F.);
#8528 = ORIENTED_EDGE('',*,*,#1848,.F.);
#8529 = ADVANCED_FACE('',(#8530),#352,.T.);
#8530 = FACE_BOUND('',#8531,.T.);
#8531 = EDGE_LOOP('',(#8532,#8533,#8534,#8555));
#8532 = ORIENTED_EDGE('',*,*,#8481,.T.);
#8533 = ORIENTED_EDGE('',*,*,#4874,.T.);
#8534 = ORIENTED_EDGE('',*,*,#8535,.F.);
#8535 = EDGE_CURVE('',#337,#4875,#8536,.T.);
#8536 = SURFACE_CURVE('',#8537,(#8541,#8548),.PCURVE_S1.);
#8537 = LINE('',#8538,#8539);
#8538 = CARTESIAN_POINT('',(134.596096,-100.459827,0.));
#8539 = VECTOR('',#8540,1.);
#8540 = DIRECTION('',(0.,0.,1.));
#8541 = PCURVE('',#352,#8542);
#8542 = DEFINITIONAL_REPRESENTATION('',(#8543),#8547);
#8543 = LINE('',#8544,#8545);
#8544 = CARTESIAN_POINT('',(0.336422669838,0.));
#8545 = VECTOR('',#8546,1.);
#8546 = DIRECTION('',(0.,-1.));
#8547 = ( GEOMETRIC_REPRESENTATION_CONTEXT(2) 
PARAMETRIC_REPRESENTATION_CONTEXT() REPRESENTATION_CONTEXT('2D SPACE',''
  ) );
#8548 = PCURVE('',#380,#8549);
#8549 = DEFINITIONAL_REPRESENTATION('',(#8550),#8554);
#8550 = LINE('',#8551,#8552);
#8551 = CARTESIAN_POINT('',(0.,0.));
#8552 = VECTOR('',#8553,1.);
#8553 = DIRECTION('',(0.,-1.));
#8554 = ( GEOMETRIC_REPRESENTATION_CONTEXT(2) 
PARAMETRIC_REPRESENTATION_CONTEXT() REPRESENTATION_CONTEXT('2D SPACE',''
  ) );
#8555 = ORIENTED_EDGE('',*,*,#336,.F.);
#8556 = ADVANCED_FACE('',(#8557),#1836,.T.);
#8557 = FACE_BOUND('',#8558,.T.);
#8558 = EDGE_LOOP('',(#8559,#8580,#8581,#8582));
#8559 = ORIENTED_EDGE('',*,*,#8560,.T.);
#8560 = EDGE_CURVE('',#1793,#6071,#8561,.T.);
#8561 = SURFACE_CURVE('',#8562,(#8566,#8573),.PCURVE_S1.);
#8562 = LINE('',#8563,#8564);
#8563 = CARTESIAN_POINT('',(102.332437,-100.075216,0.));
#8564 = VECTOR('',#8565,1.);
#8565 = DIRECTION('',(0.,0.,1.));
#8566 = PCURVE('',#1836,#8567);
#8567 = DEFINITIONAL_REPRESENTATION('',(#8568),#8572);
#8568 = LINE('',#8569,#8570);
#8569 = CARTESIAN_POINT('',(0.,0.));
#8570 = VECTOR('',#8571,1.);
#8571 = DIRECTION('',(0.,-1.));
#8572 = ( GEOMETRIC_REPRESENTATION_CONTEXT(2) 
PARAMETRIC_REPRESENTATION_CONTEXT() REPRESENTATION_CONTEXT('2D SPACE',''
  ) );
#8573 = PCURVE('',#1808,#8574);
#8574 = DEFINITIONAL_REPRESENTATION('',(#8575),#8579);
#8575 = LINE('',#8576,#8577);
#8576 = CARTESIAN_POINT('',(0.336422384856,0.));
#8577 = VECTOR('',#8578,1.);
#8578 = DIRECTION('',(0.,-1.));
#8579 = ( GEOMETRIC_REPRESENTATION_CONTEXT(2) 
PARAMETRIC_REPRESENTATION_CONTEXT() REPRESENTATION_CONTEXT('2D SPACE',''
  ) );
#8580 = ORIENTED_EDGE('',*,*,#6093,.T.);
#8581 = ORIENTED_EDGE('',*,*,#8506,.F.);
#8582 = ORIENTED_EDGE('',*,*,#1820,.F.);
#8583 = ADVANCED_FACE('',(#8584),#380,.T.);
#8584 = FACE_BOUND('',#8585,.T.);
#8585 = EDGE_LOOP('',(#8586,#8587,#8588,#8609));
#8586 = ORIENTED_EDGE('',*,*,#8535,.T.);
#8587 = ORIENTED_EDGE('',*,*,#4897,.T.);
#8588 = ORIENTED_EDGE('',*,*,#8589,.F.);
#8589 = EDGE_CURVE('',#365,#4898,#8590,.T.);
#8590 = SURFACE_CURVE('',#8591,(#8595,#8602),.PCURVE_S1.);
#8591 = LINE('',#8592,#8593);
#8592 = CARTESIAN_POINT('',(134.870469,-100.654506,0.));
#8593 = VECTOR('',#8594,1.);
#8594 = DIRECTION('',(0.,0.,1.));
#8595 = PCURVE('',#380,#8596);
#8596 = DEFINITIONAL_REPRESENTATION('',(#8597),#8601);
#8597 = LINE('',#8598,#8599);
#8598 = CARTESIAN_POINT('',(0.336423031569,0.));
#8599 = VECTOR('',#8600,1.);
#8600 = DIRECTION('',(0.,-1.));
#8601 = ( GEOMETRIC_REPRESENTATION_CONTEXT(2) 
PARAMETRIC_REPRESENTATION_CONTEXT() REPRESENTATION_CONTEXT('2D SPACE',''
  ) );
#8602 = PCURVE('',#408,#8603);
#8603 = DEFINITIONAL_REPRESENTATION('',(#8604),#8608);
#8604 = LINE('',#8605,#8606);
#8605 = CARTESIAN_POINT('',(0.,0.));
#8606 = VECTOR('',#8607,1.);
#8607 = DIRECTION('',(0.,-1.));
#8608 = ( GEOMETRIC_REPRESENTATION_CONTEXT(2) 
PARAMETRIC_REPRESENTATION_CONTEXT() REPRESENTATION_CONTEXT('2D SPACE',''
  ) );
#8609 = ORIENTED_EDGE('',*,*,#364,.F.);
#8610 = ADVANCED_FACE('',(#8611),#1808,.T.);
#8611 = FACE_BOUND('',#8612,.T.);
#8612 = EDGE_LOOP('',(#8613,#8634,#8635,#8636));
#8613 = ORIENTED_EDGE('',*,*,#8614,.T.);
#8614 = EDGE_CURVE('',#1765,#6048,#8615,.T.);
#8615 = SURFACE_CURVE('',#8616,(#8620,#8627),.PCURVE_S1.);
#8616 = LINE('',#8617,#8618);
#8617 = CARTESIAN_POINT('',(102.009163,-100.16835,0.));
#8618 = VECTOR('',#8619,1.);
#8619 = DIRECTION('',(0.,0.,1.));
#8620 = PCURVE('',#1808,#8621);
#8621 = DEFINITIONAL_REPRESENTATION('',(#8622),#8626);
#8622 = LINE('',#8623,#8624);
#8623 = CARTESIAN_POINT('',(0.,0.));
#8624 = VECTOR('',#8625,1.);
#8625 = DIRECTION('',(0.,-1.));
#8626 = ( GEOMETRIC_REPRESENTATION_CONTEXT(2) 
PARAMETRIC_REPRESENTATION_CONTEXT() REPRESENTATION_CONTEXT('2D SPACE',''
  ) );
#8627 = PCURVE('',#1780,#8628);
#8628 = DEFINITIONAL_REPRESENTATION('',(#8629),#8633);
#8629 = LINE('',#8630,#8631);
#8630 = CARTESIAN_POINT('',(0.336422506151,0.));
#8631 = VECTOR('',#8632,1.);
#8632 = DIRECTION('',(0.,-1.));
#8633 = ( GEOMETRIC_REPRESENTATION_CONTEXT(2) 
PARAMETRIC_REPRESENTATION_CONTEXT() REPRESENTATION_CONTEXT('2D SPACE',''
  ) );
#8634 = ORIENTED_EDGE('',*,*,#6070,.T.);
#8635 = ORIENTED_EDGE('',*,*,#8560,.F.);
#8636 = ORIENTED_EDGE('',*,*,#1792,.F.);
#8637 = ADVANCED_FACE('',(#8638),#408,.T.);
#8638 = FACE_BOUND('',#8639,.T.);
#8639 = EDGE_LOOP('',(#8640,#8641,#8642,#8663));
#8640 = ORIENTED_EDGE('',*,*,#8589,.T.);
#8641 = ORIENTED_EDGE('',*,*,#4920,.T.);
#8642 = ORIENTED_EDGE('',*,*,#8643,.F.);
#8643 = EDGE_CURVE('',#393,#4921,#8644,.T.);
#8644 = SURFACE_CURVE('',#8645,(#8649,#8656),.PCURVE_S1.);
#8645 = LINE('',#8646,#8647);
#8646 = CARTESIAN_POINT('',(135.12132,-100.87868,0.));
#8647 = VECTOR('',#8648,1.);
#8648 = DIRECTION('',(0.,0.,1.));
#8649 = PCURVE('',#408,#8650);
#8650 = DEFINITIONAL_REPRESENTATION('',(#8651),#8655);
#8651 = LINE('',#8652,#8653);
#8652 = CARTESIAN_POINT('',(0.336422660469,0.));
#8653 = VECTOR('',#8654,1.);
#8654 = DIRECTION('',(0.,-1.));
#8655 = ( GEOMETRIC_REPRESENTATION_CONTEXT(2) 
PARAMETRIC_REPRESENTATION_CONTEXT() REPRESENTATION_CONTEXT('2D SPACE',''
  ) );
#8656 = PCURVE('',#436,#8657);
#8657 = DEFINITIONAL_REPRESENTATION('',(#8658),#8662);
#8658 = LINE('',#8659,#8660);
#8659 = CARTESIAN_POINT('',(0.,0.));
#8660 = VECTOR('',#8661,1.);
#8661 = DIRECTION('',(0.,-1.));
#8662 = ( GEOMETRIC_REPRESENTATION_CONTEXT(2) 
PARAMETRIC_REPRESENTATION_CONTEXT() REPRESENTATION_CONTEXT('2D SPACE',''
  ) );
#8663 = ORIENTED_EDGE('',*,*,#392,.F.);
#8664 = ADVANCED_FACE('',(#8665),#1780,.T.);
#8665 = FACE_BOUND('',#8666,.T.);
#8666 = EDGE_LOOP('',(#8667,#8688,#8689,#8690));
#8667 = ORIENTED_EDGE('',*,*,#8668,.T.);
#8668 = EDGE_CURVE('',#1737,#6025,#8669,.T.);
#8669 = SURFACE_CURVE('',#8670,(#8674,#8681),.PCURVE_S1.);
#8670 = LINE('',#8671,#8672);
#8671 = CARTESIAN_POINT('',(101.698349,-100.297093,0.));
#8672 = VECTOR('',#8673,1.);
#8673 = DIRECTION('',(0.,0.,1.));
#8674 = PCURVE('',#1780,#8675);
#8675 = DEFINITIONAL_REPRESENTATION('',(#8676),#8680);
#8676 = LINE('',#8677,#8678);
#8677 = CARTESIAN_POINT('',(0.,0.));
#8678 = VECTOR('',#8679,1.);
#8679 = DIRECTION('',(0.,-1.));
#8680 = ( GEOMETRIC_REPRESENTATION_CONTEXT(2) 
PARAMETRIC_REPRESENTATION_CONTEXT() REPRESENTATION_CONTEXT('2D SPACE',''
  ) );
#8681 = PCURVE('',#1752,#8682);
#8682 = DEFINITIONAL_REPRESENTATION('',(#8683),#8687);
#8683 = LINE('',#8684,#8685);
#8684 = CARTESIAN_POINT('',(0.336422669838,0.));
#8685 = VECTOR('',#8686,1.);
#8686 = DIRECTION('',(0.,-1.));
#8687 = ( GEOMETRIC_REPRESENTATION_CONTEXT(2) 
PARAMETRIC_REPRESENTATION_CONTEXT() REPRESENTATION_CONTEXT('2D SPACE',''
  ) );
#8688 = ORIENTED_EDGE('',*,*,#6047,.T.);
#8689 = ORIENTED_EDGE('',*,*,#8614,.F.);
#8690 = ORIENTED_EDGE('',*,*,#1764,.F.);
#8691 = ADVANCED_FACE('',(#8692),#436,.T.);
#8692 = FACE_BOUND('',#8693,.T.);
#8693 = EDGE_LOOP('',(#8694,#8695,#8696,#8717));
#8694 = ORIENTED_EDGE('',*,*,#8643,.T.);
#8695 = ORIENTED_EDGE('',*,*,#4943,.T.);
#8696 = ORIENTED_EDGE('',*,*,#8697,.F.);
#8697 = EDGE_CURVE('',#421,#4944,#8698,.T.);
#8698 = SURFACE_CURVE('',#8699,(#8703,#8710),.PCURVE_S1.);
#8699 = LINE('',#8700,#8701);
#8700 = CARTESIAN_POINT('',(135.345494,-101.129531,0.));
#8701 = VECTOR('',#8702,1.);
#8702 = DIRECTION('',(0.,0.,1.));
#8703 = PCURVE('',#436,#8704);
#8704 = DEFINITIONAL_REPRESENTATION('',(#8705),#8709);
#8705 = LINE('',#8706,#8707);
#8706 = CARTESIAN_POINT('',(0.336422660469,0.));
#8707 = VECTOR('',#8708,1.);
#8708 = DIRECTION('',(0.,-1.));
#8709 = ( GEOMETRIC_REPRESENTATION_CONTEXT(2) 
PARAMETRIC_REPRESENTATION_CONTEXT() REPRESENTATION_CONTEXT('2D SPACE',''
  ) );
#8710 = PCURVE('',#464,#8711);
#8711 = DEFINITIONAL_REPRESENTATION('',(#8712),#8716);
#8712 = LINE('',#8713,#8714);
#8713 = CARTESIAN_POINT('',(0.,0.));
#8714 = VECTOR('',#8715,1.);
#8715 = DIRECTION('',(0.,-1.));
#8716 = ( GEOMETRIC_REPRESENTATION_CONTEXT(2) 
PARAMETRIC_REPRESENTATION_CONTEXT() REPRESENTATION_CONTEXT('2D SPACE',''
  ) );
#8717 = ORIENTED_EDGE('',*,*,#420,.F.);
#8718 = ADVANCED_FACE('',(#8719),#1752,.T.);
#8719 = FACE_BOUND('',#8720,.T.);
#8720 = EDGE_LOOP('',(#8721,#8742,#8743,#8744));
#8721 = ORIENTED_EDGE('',*,*,#8722,.T.);
#8722 = EDGE_CURVE('',#1709,#6002,#8723,.T.);
#8723 = SURFACE_CURVE('',#8724,(#8728,#8735),.PCURVE_S1.);
#8724 = LINE('',#8725,#8726);
#8725 = CARTESIAN_POINT('',(101.403904,-100.459827,0.));
#8726 = VECTOR('',#8727,1.);
#8727 = DIRECTION('',(0.,0.,1.));
#8728 = PCURVE('',#1752,#8729);
#8729 = DEFINITIONAL_REPRESENTATION('',(#8730),#8734);
#8730 = LINE('',#8731,#8732);
#8731 = CARTESIAN_POINT('',(0.,0.));
#8732 = VECTOR('',#8733,1.);
#8733 = DIRECTION('',(0.,-1.));
#8734 = ( GEOMETRIC_REPRESENTATION_CONTEXT(2) 
PARAMETRIC_REPRESENTATION_CONTEXT() REPRESENTATION_CONTEXT('2D SPACE',''
  ) );
#8735 = PCURVE('',#1724,#8736);
#8736 = DEFINITIONAL_REPRESENTATION('',(#8737),#8741);
#8737 = LINE('',#8738,#8739);
#8738 = CARTESIAN_POINT('',(0.336423031569,0.));
#8739 = VECTOR('',#8740,1.);
#8740 = DIRECTION('',(0.,-1.));
#8741 = ( GEOMETRIC_REPRESENTATION_CONTEXT(2) 
PARAMETRIC_REPRESENTATION_CONTEXT() REPRESENTATION_CONTEXT('2D SPACE',''
  ) );
#8742 = ORIENTED_EDGE('',*,*,#6024,.T.);
#8743 = ORIENTED_EDGE('',*,*,#8668,.F.);
#8744 = ORIENTED_EDGE('',*,*,#1736,.F.);
#8745 = ADVANCED_FACE('',(#8746),#464,.T.);
#8746 = FACE_BOUND('',#8747,.T.);
#8747 = EDGE_LOOP('',(#8748,#8749,#8750,#8771));
#8748 = ORIENTED_EDGE('',*,*,#8697,.T.);
#8749 = ORIENTED_EDGE('',*,*,#4966,.T.);
#8750 = ORIENTED_EDGE('',*,*,#8751,.F.);
#8751 = EDGE_CURVE('',#449,#4967,#8752,.T.);
#8752 = SURFACE_CURVE('',#8753,(#8757,#8764),.PCURVE_S1.);
#8753 = LINE('',#8754,#8755);
#8754 = CARTESIAN_POINT('',(135.540173,-101.403904,0.));
#8755 = VECTOR('',#8756,1.);
#8756 = DIRECTION('',(0.,0.,1.));
#8757 = PCURVE('',#464,#8758);
#8758 = DEFINITIONAL_REPRESENTATION('',(#8759),#8763);
#8759 = LINE('',#8760,#8761);
#8760 = CARTESIAN_POINT('',(0.336423031569,0.));
#8761 = VECTOR('',#8762,1.);
#8762 = DIRECTION('',(0.,-1.));
#8763 = ( GEOMETRIC_REPRESENTATION_CONTEXT(2) 
PARAMETRIC_REPRESENTATION_CONTEXT() REPRESENTATION_CONTEXT('2D SPACE',''
  ) );
#8764 = PCURVE('',#492,#8765);
#8765 = DEFINITIONAL_REPRESENTATION('',(#8766),#8770);
#8766 = LINE('',#8767,#8768);
#8767 = CARTESIAN_POINT('',(0.,0.));
#8768 = VECTOR('',#8769,1.);
#8769 = DIRECTION('',(0.,-1.));
#8770 = ( GEOMETRIC_REPRESENTATION_CONTEXT(2) 
PARAMETRIC_REPRESENTATION_CONTEXT() REPRESENTATION_CONTEXT('2D SPACE',''
  ) );
#8771 = ORIENTED_EDGE('',*,*,#448,.F.);
#8772 = ADVANCED_FACE('',(#8773),#1724,.T.);
#8773 = FACE_BOUND('',#8774,.T.);
#8774 = EDGE_LOOP('',(#8775,#8796,#8797,#8798));
#8775 = ORIENTED_EDGE('',*,*,#8776,.T.);
#8776 = EDGE_CURVE('',#1681,#5979,#8777,.T.);
#8777 = SURFACE_CURVE('',#8778,(#8782,#8789),.PCURVE_S1.);
#8778 = LINE('',#8779,#8780);
#8779 = CARTESIAN_POINT('',(101.129531,-100.654506,0.));
#8780 = VECTOR('',#8781,1.);
#8781 = DIRECTION('',(0.,0.,1.));
#8782 = PCURVE('',#1724,#8783);
#8783 = DEFINITIONAL_REPRESENTATION('',(#8784),#8788);
#8784 = LINE('',#8785,#8786);
#8785 = CARTESIAN_POINT('',(0.,0.));
#8786 = VECTOR('',#8787,1.);
#8787 = DIRECTION('',(0.,-1.));
#8788 = ( GEOMETRIC_REPRESENTATION_CONTEXT(2) 
PARAMETRIC_REPRESENTATION_CONTEXT() REPRESENTATION_CONTEXT('2D SPACE',''
  ) );
#8789 = PCURVE('',#1696,#8790);
#8790 = DEFINITIONAL_REPRESENTATION('',(#8791),#8795);
#8791 = LINE('',#8792,#8793);
#8792 = CARTESIAN_POINT('',(0.336422660469,0.));
#8793 = VECTOR('',#8794,1.);
#8794 = DIRECTION('',(0.,-1.));
#8795 = ( GEOMETRIC_REPRESENTATION_CONTEXT(2) 
PARAMETRIC_REPRESENTATION_CONTEXT() REPRESENTATION_CONTEXT('2D SPACE',''
  ) );
#8796 = ORIENTED_EDGE('',*,*,#6001,.T.);
#8797 = ORIENTED_EDGE('',*,*,#8722,.F.);
#8798 = ORIENTED_EDGE('',*,*,#1708,.F.);
#8799 = ADVANCED_FACE('',(#8800),#492,.T.);
#8800 = FACE_BOUND('',#8801,.T.);
#8801 = EDGE_LOOP('',(#8802,#8803,#8804,#8825));
#8802 = ORIENTED_EDGE('',*,*,#8751,.T.);
#8803 = ORIENTED_EDGE('',*,*,#4989,.T.);
#8804 = ORIENTED_EDGE('',*,*,#8805,.F.);
#8805 = EDGE_CURVE('',#477,#4990,#8806,.T.);
#8806 = SURFACE_CURVE('',#8807,(#8811,#8818),.PCURVE_S1.);
#8807 = LINE('',#8808,#8809);
#8808 = CARTESIAN_POINT('',(135.702907,-101.698349,0.));
#8809 = VECTOR('',#8810,1.);
#8810 = DIRECTION('',(0.,0.,1.));
#8811 = PCURVE('',#492,#8812);
#8812 = DEFINITIONAL_REPRESENTATION('',(#8813),#8817);
#8813 = LINE('',#8814,#8815);
#8814 = CARTESIAN_POINT('',(0.336422669838,0.));
#8815 = VECTOR('',#8816,1.);
#8816 = DIRECTION('',(0.,-1.));
#8817 = ( GEOMETRIC_REPRESENTATION_CONTEXT(2) 
PARAMETRIC_REPRESENTATION_CONTEXT() REPRESENTATION_CONTEXT('2D SPACE',''
  ) );
#8818 = PCURVE('',#520,#8819);
#8819 = DEFINITIONAL_REPRESENTATION('',(#8820),#8824);
#8820 = LINE('',#8821,#8822);
#8821 = CARTESIAN_POINT('',(0.,0.));
#8822 = VECTOR('',#8823,1.);
#8823 = DIRECTION('',(0.,-1.));
#8824 = ( GEOMETRIC_REPRESENTATION_CONTEXT(2) 
PARAMETRIC_REPRESENTATION_CONTEXT() REPRESENTATION_CONTEXT('2D SPACE',''
  ) );
#8825 = ORIENTED_EDGE('',*,*,#476,.F.);
#8826 = ADVANCED_FACE('',(#8827),#1696,.T.);
#8827 = FACE_BOUND('',#8828,.T.);
#8828 = EDGE_LOOP('',(#8829,#8850,#8851,#8852));
#8829 = ORIENTED_EDGE('',*,*,#8830,.T.);
#8830 = EDGE_CURVE('',#1653,#5956,#8831,.T.);
#8831 = SURFACE_CURVE('',#8832,(#8836,#8843),.PCURVE_S1.);
#8832 = LINE('',#8833,#8834);
#8833 = CARTESIAN_POINT('',(100.87868,-100.87868,0.));
#8834 = VECTOR('',#8835,1.);
#8835 = DIRECTION('',(0.,0.,1.));
#8836 = PCURVE('',#1696,#8837);
#8837 = DEFINITIONAL_REPRESENTATION('',(#8838),#8842);
#8838 = LINE('',#8839,#8840);
#8839 = CARTESIAN_POINT('',(0.,0.));
#8840 = VECTOR('',#8841,1.);
#8841 = DIRECTION('',(0.,-1.));
#8842 = ( GEOMETRIC_REPRESENTATION_CONTEXT(2) 
PARAMETRIC_REPRESENTATION_CONTEXT() REPRESENTATION_CONTEXT('2D SPACE',''
  ) );
#8843 = PCURVE('',#1668,#8844);
#8844 = DEFINITIONAL_REPRESENTATION('',(#8845),#8849);
#8845 = LINE('',#8846,#8847);
#8846 = CARTESIAN_POINT('',(0.336422660469,0.));
#8847 = VECTOR('',#8848,1.);
#8848 = DIRECTION('',(0.,-1.));
#8849 = ( GEOMETRIC_REPRESENTATION_CONTEXT(2) 
PARAMETRIC_REPRESENTATION_CONTEXT() REPRESENTATION_CONTEXT('2D SPACE',''
  ) );
#8850 = ORIENTED_EDGE('',*,*,#5978,.T.);
#8851 = ORIENTED_EDGE('',*,*,#8776,.F.);
#8852 = ORIENTED_EDGE('',*,*,#1680,.F.);
#8853 = ADVANCED_FACE('',(#8854),#520,.T.);
#8854 = FACE_BOUND('',#8855,.T.);
#8855 = EDGE_LOOP('',(#8856,#8857,#8858,#8879));
#8856 = ORIENTED_EDGE('',*,*,#8805,.T.);
#8857 = ORIENTED_EDGE('',*,*,#5012,.T.);
#8858 = ORIENTED_EDGE('',*,*,#8859,.F.);
#8859 = EDGE_CURVE('',#505,#5013,#8860,.T.);
#8860 = SURFACE_CURVE('',#8861,(#8865,#8872),.PCURVE_S1.);
#8861 = LINE('',#8862,#8863);
#8862 = CARTESIAN_POINT('',(135.83165,-102.009163,0.));
#8863 = VECTOR('',#8864,1.);
#8864 = DIRECTION('',(0.,0.,1.));
#8865 = PCURVE('',#520,#8866);
#8866 = DEFINITIONAL_REPRESENTATION('',(#8867),#8871);
#8867 = LINE('',#8868,#8869);
#8868 = CARTESIAN_POINT('',(0.336422506151,0.));
#8869 = VECTOR('',#8870,1.);
#8870 = DIRECTION('',(0.,-1.));
#8871 = ( GEOMETRIC_REPRESENTATION_CONTEXT(2) 
PARAMETRIC_REPRESENTATION_CONTEXT() REPRESENTATION_CONTEXT('2D SPACE',''
  ) );
#8872 = PCURVE('',#548,#8873);
#8873 = DEFINITIONAL_REPRESENTATION('',(#8874),#8878);
#8874 = LINE('',#8875,#8876);
#8875 = CARTESIAN_POINT('',(0.,0.));
#8876 = VECTOR('',#8877,1.);
#8877 = DIRECTION('',(0.,-1.));
#8878 = ( GEOMETRIC_REPRESENTATION_CONTEXT(2) 
PARAMETRIC_REPRESENTATION_CONTEXT() REPRESENTATION_CONTEXT('2D SPACE',''
  ) );
#8879 = ORIENTED_EDGE('',*,*,#504,.F.);
#8880 = ADVANCED_FACE('',(#8881),#1668,.T.);
#8881 = FACE_BOUND('',#8882,.T.);
#8882 = EDGE_LOOP('',(#8883,#8904,#8905,#8906));
#8883 = ORIENTED_EDGE('',*,*,#8884,.T.);
#8884 = EDGE_CURVE('',#1625,#5933,#8885,.T.);
#8885 = SURFACE_CURVE('',#8886,(#8890,#8897),.PCURVE_S1.);
#8886 = LINE('',#8887,#8888);
#8887 = CARTESIAN_POINT('',(100.654506,-101.129531,0.));
#8888 = VECTOR('',#8889,1.);
#8889 = DIRECTION('',(0.,0.,1.));
#8890 = PCURVE('',#1668,#8891);
#8891 = DEFINITIONAL_REPRESENTATION('',(#8892),#8896);
#8892 = LINE('',#8893,#8894);
#8893 = CARTESIAN_POINT('',(0.,0.));
#8894 = VECTOR('',#8895,1.);
#8895 = DIRECTION('',(0.,-1.));
#8896 = ( GEOMETRIC_REPRESENTATION_CONTEXT(2) 
PARAMETRIC_REPRESENTATION_CONTEXT() REPRESENTATION_CONTEXT('2D SPACE',''
  ) );
#8897 = PCURVE('',#1640,#8898);
#8898 = DEFINITIONAL_REPRESENTATION('',(#8899),#8903);
#8899 = LINE('',#8900,#8901);
#8900 = CARTESIAN_POINT('',(0.336423031569,0.));
#8901 = VECTOR('',#8902,1.);
#8902 = DIRECTION('',(0.,-1.));
#8903 = ( GEOMETRIC_REPRESENTATION_CONTEXT(2) 
PARAMETRIC_REPRESENTATION_CONTEXT() REPRESENTATION_CONTEXT('2D SPACE',''
  ) );
#8904 = ORIENTED_EDGE('',*,*,#5955,.T.);
#8905 = ORIENTED_EDGE('',*,*,#8830,.F.);
#8906 = ORIENTED_EDGE('',*,*,#1652,.F.);
#8907 = ADVANCED_FACE('',(#8908),#548,.T.);
#8908 = FACE_BOUND('',#8909,.T.);
#8909 = EDGE_LOOP('',(#8910,#8911,#8912,#8933));
#8910 = ORIENTED_EDGE('',*,*,#8859,.T.);
#8911 = ORIENTED_EDGE('',*,*,#5035,.T.);
#8912 = ORIENTED_EDGE('',*,*,#8913,.F.);
#8913 = EDGE_CURVE('',#533,#5036,#8914,.T.);
#8914 = SURFACE_CURVE('',#8915,(#8919,#8926),.PCURVE_S1.);
#8915 = LINE('',#8916,#8917);
#8916 = CARTESIAN_POINT('',(135.924784,-102.332437,0.));
#8917 = VECTOR('',#8918,1.);
#8918 = DIRECTION('',(0.,0.,1.));
#8919 = PCURVE('',#548,#8920);
#8920 = DEFINITIONAL_REPRESENTATION('',(#8921),#8925);
#8921 = LINE('',#8922,#8923);
#8922 = CARTESIAN_POINT('',(0.336422384856,0.));
#8923 = VECTOR('',#8924,1.);
#8924 = DIRECTION('',(0.,-1.));
#8925 = ( GEOMETRIC_REPRESENTATION_CONTEXT(2) 
PARAMETRIC_REPRESENTATION_CONTEXT() REPRESENTATION_CONTEXT('2D SPACE',''
  ) );
#8926 = PCURVE('',#576,#8927);
#8927 = DEFINITIONAL_REPRESENTATION('',(#8928),#8932);
#8928 = LINE('',#8929,#8930);
#8929 = CARTESIAN_POINT('',(0.,0.));
#8930 = VECTOR('',#8931,1.);
#8931 = DIRECTION('',(0.,-1.));
#8932 = ( GEOMETRIC_REPRESENTATION_CONTEXT(2) 
PARAMETRIC_REPRESENTATION_CONTEXT() REPRESENTATION_CONTEXT('2D SPACE',''
  ) );
#8933 = ORIENTED_EDGE('',*,*,#532,.F.);
#8934 = ADVANCED_FACE('',(#8935),#1640,.T.);
#8935 = FACE_BOUND('',#8936,.T.);
#8936 = EDGE_LOOP('',(#8937,#8958,#8959,#8960));
#8937 = ORIENTED_EDGE('',*,*,#8938,.T.);
#8938 = EDGE_CURVE('',#1597,#5910,#8939,.T.);
#8939 = SURFACE_CURVE('',#8940,(#8944,#8951),.PCURVE_S1.);
#8940 = LINE('',#8941,#8942);
#8941 = CARTESIAN_POINT('',(100.459827,-101.403904,0.));
#8942 = VECTOR('',#8943,1.);
#8943 = DIRECTION('',(0.,0.,1.));
#8944 = PCURVE('',#1640,#8945);
#8945 = DEFINITIONAL_REPRESENTATION('',(#8946),#8950);
#8946 = LINE('',#8947,#8948);
#8947 = CARTESIAN_POINT('',(0.,0.));
#8948 = VECTOR('',#8949,1.);
#8949 = DIRECTION('',(0.,-1.));
#8950 = ( GEOMETRIC_REPRESENTATION_CONTEXT(2) 
PARAMETRIC_REPRESENTATION_CONTEXT() REPRESENTATION_CONTEXT('2D SPACE',''
  ) );
#8951 = PCURVE('',#1612,#8952);
#8952 = DEFINITIONAL_REPRESENTATION('',(#8953),#8957);
#8953 = LINE('',#8954,#8955);
#8954 = CARTESIAN_POINT('',(0.336422669838,0.));
#8955 = VECTOR('',#8956,1.);
#8956 = DIRECTION('',(0.,-1.));
#8957 = ( GEOMETRIC_REPRESENTATION_CONTEXT(2) 
PARAMETRIC_REPRESENTATION_CONTEXT() REPRESENTATION_CONTEXT('2D SPACE',''
  ) );
#8958 = ORIENTED_EDGE('',*,*,#5932,.T.);
#8959 = ORIENTED_EDGE('',*,*,#8884,.F.);
#8960 = ORIENTED_EDGE('',*,*,#1624,.F.);
#8961 = ADVANCED_FACE('',(#8962),#576,.T.);
#8962 = FACE_BOUND('',#8963,.T.);
#8963 = EDGE_LOOP('',(#8964,#8965,#8966,#8987));
#8964 = ORIENTED_EDGE('',*,*,#8913,.T.);
#8965 = ORIENTED_EDGE('',*,*,#5058,.T.);
#8966 = ORIENTED_EDGE('',*,*,#8967,.F.);
#8967 = EDGE_CURVE('',#561,#5059,#8968,.T.);
#8968 = SURFACE_CURVE('',#8969,(#8973,#8980),.PCURVE_S1.);
#8969 = LINE('',#8970,#8971);
#8970 = CARTESIAN_POINT('',(135.981137,-102.664107,0.));
#8971 = VECTOR('',#8972,1.);
#8972 = DIRECTION('',(0.,0.,1.));
#8973 = PCURVE('',#576,#8974);
#8974 = DEFINITIONAL_REPRESENTATION('',(#8975),#8979);
#8975 = LINE('',#8976,#8977);
#8976 = CARTESIAN_POINT('',(0.336423318914,0.));
#8977 = VECTOR('',#8978,1.);
#8978 = DIRECTION('',(0.,-1.));
#8979 = ( GEOMETRIC_REPRESENTATION_CONTEXT(2) 
PARAMETRIC_REPRESENTATION_CONTEXT() REPRESENTATION_CONTEXT('2D SPACE',''
  ) );
#8980 = PCURVE('',#604,#8981);
#8981 = DEFINITIONAL_REPRESENTATION('',(#8982),#8986);
#8982 = LINE('',#8983,#8984);
#8983 = CARTESIAN_POINT('',(0.,0.));
#8984 = VECTOR('',#8985,1.);
#8985 = DIRECTION('',(0.,-1.));
#8986 = ( GEOMETRIC_REPRESENTATION_CONTEXT(2) 
PARAMETRIC_REPRESENTATION_CONTEXT() REPRESENTATION_CONTEXT('2D SPACE',''
  ) );
#8987 = ORIENTED_EDGE('',*,*,#560,.F.);
#8988 = ADVANCED_FACE('',(#8989),#1612,.T.);
#8989 = FACE_BOUND('',#8990,.T.);
#8990 = EDGE_LOOP('',(#8991,#9012,#9013,#9014));
#8991 = ORIENTED_EDGE('',*,*,#8992,.T.);
#8992 = EDGE_CURVE('',#1569,#5887,#8993,.T.);
#8993 = SURFACE_CURVE('',#8994,(#8998,#9005),.PCURVE_S1.);
#8994 = LINE('',#8995,#8996);
#8995 = CARTESIAN_POINT('',(100.297093,-101.698349,0.));
#8996 = VECTOR('',#8997,1.);
#8997 = DIRECTION('',(0.,0.,1.));
#8998 = PCURVE('',#1612,#8999);
#8999 = DEFINITIONAL_REPRESENTATION('',(#9000),#9004);
#9000 = LINE('',#9001,#9002);
#9001 = CARTESIAN_POINT('',(0.,0.));
#9002 = VECTOR('',#9003,1.);
#9003 = DIRECTION('',(0.,-1.));
#9004 = ( GEOMETRIC_REPRESENTATION_CONTEXT(2) 
PARAMETRIC_REPRESENTATION_CONTEXT() REPRESENTATION_CONTEXT('2D SPACE',''
  ) );
#9005 = PCURVE('',#1584,#9006);
#9006 = DEFINITIONAL_REPRESENTATION('',(#9007),#9011);
#9007 = LINE('',#9008,#9009);
#9008 = CARTESIAN_POINT('',(0.336422506151,0.));
#9009 = VECTOR('',#9010,1.);
#9010 = DIRECTION('',(0.,-1.));
#9011 = ( GEOMETRIC_REPRESENTATION_CONTEXT(2) 
PARAMETRIC_REPRESENTATION_CONTEXT() REPRESENTATION_CONTEXT('2D SPACE',''
  ) );
#9012 = ORIENTED_EDGE('',*,*,#5909,.T.);
#9013 = ORIENTED_EDGE('',*,*,#8938,.F.);
#9014 = ORIENTED_EDGE('',*,*,#1596,.F.);
#9015 = ADVANCED_FACE('',(#9016),#604,.T.);
#9016 = FACE_BOUND('',#9017,.T.);
#9017 = EDGE_LOOP('',(#9018,#9019,#9020,#9041));
#9018 = ORIENTED_EDGE('',*,*,#8967,.T.);
#9019 = ORIENTED_EDGE('',*,*,#5081,.T.);
#9020 = ORIENTED_EDGE('',*,*,#9021,.F.);
#9021 = EDGE_CURVE('',#589,#5082,#9022,.T.);
#9022 = SURFACE_CURVE('',#9023,(#9027,#9034),.PCURVE_S1.);
#9023 = LINE('',#9024,#9025);
#9024 = CARTESIAN_POINT('',(136.,-103.,0.));
#9025 = VECTOR('',#9026,1.);
#9026 = DIRECTION('',(0.,0.,1.));
#9027 = PCURVE('',#604,#9028);
#9028 = DEFINITIONAL_REPRESENTATION('',(#9029),#9033);
#9029 = LINE('',#9030,#9031);
#9030 = CARTESIAN_POINT('',(0.336422235023,0.));
#9031 = VECTOR('',#9032,1.);
#9032 = DIRECTION('',(0.,-1.));
#9033 = ( GEOMETRIC_REPRESENTATION_CONTEXT(2) 
PARAMETRIC_REPRESENTATION_CONTEXT() REPRESENTATION_CONTEXT('2D SPACE',''
  ) );
#9034 = PCURVE('',#632,#9035);
#9035 = DEFINITIONAL_REPRESENTATION('',(#9036),#9040);
#9036 = LINE('',#9037,#9038);
#9037 = CARTESIAN_POINT('',(0.,0.));
#9038 = VECTOR('',#9039,1.);
#9039 = DIRECTION('',(0.,-1.));
#9040 = ( GEOMETRIC_REPRESENTATION_CONTEXT(2) 
PARAMETRIC_REPRESENTATION_CONTEXT() REPRESENTATION_CONTEXT('2D SPACE',''
  ) );
#9041 = ORIENTED_EDGE('',*,*,#588,.F.);
#9042 = ADVANCED_FACE('',(#9043),#1584,.T.);
#9043 = FACE_BOUND('',#9044,.T.);
#9044 = EDGE_LOOP('',(#9045,#9066,#9067,#9068));
#9045 = ORIENTED_EDGE('',*,*,#9046,.T.);
#9046 = EDGE_CURVE('',#1541,#5864,#9047,.T.);
#9047 = SURFACE_CURVE('',#9048,(#9052,#9059),.PCURVE_S1.);
#9048 = LINE('',#9049,#9050);
#9049 = CARTESIAN_POINT('',(100.16835,-102.009163,0.));
#9050 = VECTOR('',#9051,1.);
#9051 = DIRECTION('',(0.,0.,1.));
#9052 = PCURVE('',#1584,#9053);
#9053 = DEFINITIONAL_REPRESENTATION('',(#9054),#9058);
#9054 = LINE('',#9055,#9056);
#9055 = CARTESIAN_POINT('',(0.,0.));
#9056 = VECTOR('',#9057,1.);
#9057 = DIRECTION('',(0.,-1.));
#9058 = ( GEOMETRIC_REPRESENTATION_CONTEXT(2) 
PARAMETRIC_REPRESENTATION_CONTEXT() REPRESENTATION_CONTEXT('2D SPACE',''
  ) );
#9059 = PCURVE('',#1556,#9060);
#9060 = DEFINITIONAL_REPRESENTATION('',(#9061),#9065);
#9061 = LINE('',#9062,#9063);
#9062 = CARTESIAN_POINT('',(0.336422384856,0.));
#9063 = VECTOR('',#9064,1.);
#9064 = DIRECTION('',(0.,-1.));
#9065 = ( GEOMETRIC_REPRESENTATION_CONTEXT(2) 
PARAMETRIC_REPRESENTATION_CONTEXT() REPRESENTATION_CONTEXT('2D SPACE',''
  ) );
#9066 = ORIENTED_EDGE('',*,*,#5886,.T.);
#9067 = ORIENTED_EDGE('',*,*,#8992,.F.);
#9068 = ORIENTED_EDGE('',*,*,#1568,.F.);
#9069 = ADVANCED_FACE('',(#9070),#632,.T.);
#9070 = FACE_BOUND('',#9071,.T.);
#9071 = EDGE_LOOP('',(#9072,#9073,#9074,#9095));
#9072 = ORIENTED_EDGE('',*,*,#9021,.T.);
#9073 = ORIENTED_EDGE('',*,*,#5104,.T.);
#9074 = ORIENTED_EDGE('',*,*,#9075,.F.);
#9075 = EDGE_CURVE('',#617,#5105,#9076,.T.);
#9076 = SURFACE_CURVE('',#9077,(#9081,#9088),.PCURVE_S1.);
#9077 = LINE('',#9078,#9079);
#9078 = CARTESIAN_POINT('',(136.,-133.,0.));
#9079 = VECTOR('',#9080,1.);
#9080 = DIRECTION('',(0.,0.,1.));
#9081 = PCURVE('',#632,#9082);
#9082 = DEFINITIONAL_REPRESENTATION('',(#9083),#9087);
#9083 = LINE('',#9084,#9085);
#9084 = CARTESIAN_POINT('',(30.,0.));
#9085 = VECTOR('',#9086,1.);
#9086 = DIRECTION('',(0.,-1.));
#9087 = ( GEOMETRIC_REPRESENTATION_CONTEXT(2) 
PARAMETRIC_REPRESENTATION_CONTEXT() REPRESENTATION_CONTEXT('2D SPACE',''
  ) );
#9088 = PCURVE('',#660,#9089);
#9089 = DEFINITIONAL_REPRESENTATION('',(#9090),#9094);
#9090 = LINE('',#9091,#9092);
#9091 = CARTESIAN_POINT('',(0.,0.));
#9092 = VECTOR('',#9093,1.);
#9093 = DIRECTION('',(0.,-1.));
#9094 = ( GEOMETRIC_REPRESENTATION_CONTEXT(2) 
PARAMETRIC_REPRESENTATION_CONTEXT() REPRESENTATION_CONTEXT('2D SPACE',''
  ) );
#9095 = ORIENTED_EDGE('',*,*,#616,.F.);
#9096 = ADVANCED_FACE('',(#9097),#1556,.T.);
#9097 = FACE_BOUND('',#9098,.T.);
#9098 = EDGE_LOOP('',(#9099,#9120,#9121,#9122));
#9099 = ORIENTED_EDGE('',*,*,#9100,.T.);
#9100 = EDGE_CURVE('',#1513,#5841,#9101,.T.);
#9101 = SURFACE_CURVE('',#9102,(#9106,#9113),.PCURVE_S1.);
#9102 = LINE('',#9103,#9104);
#9103 = CARTESIAN_POINT('',(100.075216,-102.332437,0.));
#9104 = VECTOR('',#9105,1.);
#9105 = DIRECTION('',(0.,0.,1.));
#9106 = PCURVE('',#1556,#9107);
#9107 = DEFINITIONAL_REPRESENTATION('',(#9108),#9112);
#9108 = LINE('',#9109,#9110);
#9109 = CARTESIAN_POINT('',(0.,0.));
#9110 = VECTOR('',#9111,1.);
#9111 = DIRECTION('',(0.,-1.));
#9112 = ( GEOMETRIC_REPRESENTATION_CONTEXT(2) 
PARAMETRIC_REPRESENTATION_CONTEXT() REPRESENTATION_CONTEXT('2D SPACE',''
  ) );
#9113 = PCURVE('',#1528,#9114);
#9114 = DEFINITIONAL_REPRESENTATION('',(#9115),#9119);
#9115 = LINE('',#9116,#9117);
#9116 = CARTESIAN_POINT('',(0.336423318914,0.));
#9117 = VECTOR('',#9118,1.);
#9118 = DIRECTION('',(0.,-1.));
#9119 = ( GEOMETRIC_REPRESENTATION_CONTEXT(2) 
PARAMETRIC_REPRESENTATION_CONTEXT() REPRESENTATION_CONTEXT('2D SPACE',''
  ) );
#9120 = ORIENTED_EDGE('',*,*,#5863,.T.);
#9121 = ORIENTED_EDGE('',*,*,#9046,.F.);
#9122 = ORIENTED_EDGE('',*,*,#1540,.F.);
#9123 = ADVANCED_FACE('',(#9124),#660,.T.);
#9124 = FACE_BOUND('',#9125,.T.);
#9125 = EDGE_LOOP('',(#9126,#9127,#9128,#9149));
#9126 = ORIENTED_EDGE('',*,*,#9075,.T.);
#9127 = ORIENTED_EDGE('',*,*,#5127,.T.);
#9128 = ORIENTED_EDGE('',*,*,#9129,.F.);
#9129 = EDGE_CURVE('',#645,#5128,#9130,.T.);
#9130 = SURFACE_CURVE('',#9131,(#9135,#9142),.PCURVE_S1.);
#9131 = LINE('',#9132,#9133);
#9132 = CARTESIAN_POINT('',(135.981137,-133.335893,0.));
#9133 = VECTOR('',#9134,1.);
#9134 = DIRECTION('',(0.,0.,1.));
#9135 = PCURVE('',#660,#9136);
#9136 = DEFINITIONAL_REPRESENTATION('',(#9137),#9141);
#9137 = LINE('',#9138,#9139);
#9138 = CARTESIAN_POINT('',(0.336422235023,0.));
#9139 = VECTOR('',#9140,1.);
#9140 = DIRECTION('',(0.,-1.));
#9141 = ( GEOMETRIC_REPRESENTATION_CONTEXT(2) 
PARAMETRIC_REPRESENTATION_CONTEXT() REPRESENTATION_CONTEXT('2D SPACE',''
  ) );
#9142 = PCURVE('',#688,#9143);
#9143 = DEFINITIONAL_REPRESENTATION('',(#9144),#9148);
#9144 = LINE('',#9145,#9146);
#9145 = CARTESIAN_POINT('',(0.,0.));
#9146 = VECTOR('',#9147,1.);
#9147 = DIRECTION('',(0.,-1.));
#9148 = ( GEOMETRIC_REPRESENTATION_CONTEXT(2) 
PARAMETRIC_REPRESENTATION_CONTEXT() REPRESENTATION_CONTEXT('2D SPACE',''
  ) );
#9149 = ORIENTED_EDGE('',*,*,#644,.F.);
#9150 = ADVANCED_FACE('',(#9151),#1528,.T.);
#9151 = FACE_BOUND('',#9152,.T.);
#9152 = EDGE_LOOP('',(#9153,#9174,#9175,#9176));
#9153 = ORIENTED_EDGE('',*,*,#9154,.T.);
#9154 = EDGE_CURVE('',#1485,#5818,#9155,.T.);
#9155 = SURFACE_CURVE('',#9156,(#9160,#9167),.PCURVE_S1.);
#9156 = LINE('',#9157,#9158);
#9157 = CARTESIAN_POINT('',(100.018863,-102.664107,0.));
#9158 = VECTOR('',#9159,1.);
#9159 = DIRECTION('',(0.,0.,1.));
#9160 = PCURVE('',#1528,#9161);
#9161 = DEFINITIONAL_REPRESENTATION('',(#9162),#9166);
#9162 = LINE('',#9163,#9164);
#9163 = CARTESIAN_POINT('',(0.,0.));
#9164 = VECTOR('',#9165,1.);
#9165 = DIRECTION('',(0.,-1.));
#9166 = ( GEOMETRIC_REPRESENTATION_CONTEXT(2) 
PARAMETRIC_REPRESENTATION_CONTEXT() REPRESENTATION_CONTEXT('2D SPACE',''
  ) );
#9167 = PCURVE('',#1500,#9168);
#9168 = DEFINITIONAL_REPRESENTATION('',(#9169),#9173);
#9169 = LINE('',#9170,#9171);
#9170 = CARTESIAN_POINT('',(0.336422235023,0.));
#9171 = VECTOR('',#9172,1.);
#9172 = DIRECTION('',(0.,-1.));
#9173 = ( GEOMETRIC_REPRESENTATION_CONTEXT(2) 
PARAMETRIC_REPRESENTATION_CONTEXT() REPRESENTATION_CONTEXT('2D SPACE',''
  ) );
#9174 = ORIENTED_EDGE('',*,*,#5840,.T.);
#9175 = ORIENTED_EDGE('',*,*,#9100,.F.);
#9176 = ORIENTED_EDGE('',*,*,#1512,.F.);
#9177 = ADVANCED_FACE('',(#9178),#688,.T.);
#9178 = FACE_BOUND('',#9179,.T.);
#9179 = EDGE_LOOP('',(#9180,#9181,#9182,#9203));
#9180 = ORIENTED_EDGE('',*,*,#9129,.T.);
#9181 = ORIENTED_EDGE('',*,*,#5150,.T.);
#9182 = ORIENTED_EDGE('',*,*,#9183,.F.);
#9183 = EDGE_CURVE('',#673,#5151,#9184,.T.);
#9184 = SURFACE_CURVE('',#9185,(#9189,#9196),.PCURVE_S1.);
#9185 = LINE('',#9186,#9187);
#9186 = CARTESIAN_POINT('',(135.924784,-133.667563,0.));
#9187 = VECTOR('',#9188,1.);
#9188 = DIRECTION('',(0.,0.,1.));
#9189 = PCURVE('',#688,#9190);
#9190 = DEFINITIONAL_REPRESENTATION('',(#9191),#9195);
#9191 = LINE('',#9192,#9193);
#9192 = CARTESIAN_POINT('',(0.336423318914,0.));
#9193 = VECTOR('',#9194,1.);
#9194 = DIRECTION('',(0.,-1.));
#9195 = ( GEOMETRIC_REPRESENTATION_CONTEXT(2) 
PARAMETRIC_REPRESENTATION_CONTEXT() REPRESENTATION_CONTEXT('2D SPACE',''
  ) );
#9196 = PCURVE('',#716,#9197);
#9197 = DEFINITIONAL_REPRESENTATION('',(#9198),#9202);
#9198 = LINE('',#9199,#9200);
#9199 = CARTESIAN_POINT('',(0.,0.));
#9200 = VECTOR('',#9201,1.);
#9201 = DIRECTION('',(0.,-1.));
#9202 = ( GEOMETRIC_REPRESENTATION_CONTEXT(2) 
PARAMETRIC_REPRESENTATION_CONTEXT() REPRESENTATION_CONTEXT('2D SPACE',''
  ) );
#9203 = ORIENTED_EDGE('',*,*,#672,.F.);
#9204 = ADVANCED_FACE('',(#9205),#1500,.T.);
#9205 = FACE_BOUND('',#9206,.T.);
#9206 = EDGE_LOOP('',(#9207,#9228,#9229,#9230));
#9207 = ORIENTED_EDGE('',*,*,#9208,.T.);
#9208 = EDGE_CURVE('',#1457,#5795,#9209,.T.);
#9209 = SURFACE_CURVE('',#9210,(#9214,#9221),.PCURVE_S1.);
#9210 = LINE('',#9211,#9212);
#9211 = CARTESIAN_POINT('',(100.,-103.,0.));
#9212 = VECTOR('',#9213,1.);
#9213 = DIRECTION('',(0.,0.,1.));
#9214 = PCURVE('',#1500,#9215);
#9215 = DEFINITIONAL_REPRESENTATION('',(#9216),#9220);
#9216 = LINE('',#9217,#9218);
#9217 = CARTESIAN_POINT('',(0.,0.));
#9218 = VECTOR('',#9219,1.);
#9219 = DIRECTION('',(0.,-1.));
#9220 = ( GEOMETRIC_REPRESENTATION_CONTEXT(2) 
PARAMETRIC_REPRESENTATION_CONTEXT() REPRESENTATION_CONTEXT('2D SPACE',''
  ) );
#9221 = PCURVE('',#1472,#9222);
#9222 = DEFINITIONAL_REPRESENTATION('',(#9223),#9227);
#9223 = LINE('',#9224,#9225);
#9224 = CARTESIAN_POINT('',(30.,0.));
#9225 = VECTOR('',#9226,1.);
#9226 = DIRECTION('',(0.,-1.));
#9227 = ( GEOMETRIC_REPRESENTATION_CONTEXT(2) 
PARAMETRIC_REPRESENTATION_CONTEXT() REPRESENTATION_CONTEXT('2D SPACE',''
  ) );
#9228 = ORIENTED_EDGE('',*,*,#5817,.T.);
#9229 = ORIENTED_EDGE('',*,*,#9154,.F.);
#9230 = ORIENTED_EDGE('',*,*,#1484,.F.);
#9231 = ADVANCED_FACE('',(#9232),#716,.T.);
#9232 = FACE_BOUND('',#9233,.T.);
#9233 = EDGE_LOOP('',(#9234,#9235,#9236,#9257));
#9234 = ORIENTED_EDGE('',*,*,#9183,.T.);
#9235 = ORIENTED_EDGE('',*,*,#5173,.T.);
#9236 = ORIENTED_EDGE('',*,*,#9237,.F.);
#9237 = EDGE_CURVE('',#701,#5174,#9238,.T.);
#9238 = SURFACE_CURVE('',#9239,(#9243,#9250),.PCURVE_S1.);
#9239 = LINE('',#9240,#9241);
#9240 = CARTESIAN_POINT('',(135.83165,-133.990837,0.));
#9241 = VECTOR('',#9242,1.);
#9242 = DIRECTION('',(0.,0.,1.));
#9243 = PCURVE('',#716,#9244);
#9244 = DEFINITIONAL_REPRESENTATION('',(#9245),#9249);
#9245 = LINE('',#9246,#9247);
#9246 = CARTESIAN_POINT('',(0.336422384856,0.));
#9247 = VECTOR('',#9248,1.);
#9248 = DIRECTION('',(0.,-1.));
#9249 = ( GEOMETRIC_REPRESENTATION_CONTEXT(2) 
PARAMETRIC_REPRESENTATION_CONTEXT() REPRESENTATION_CONTEXT('2D SPACE',''
  ) );
#9250 = PCURVE('',#744,#9251);
#9251 = DEFINITIONAL_REPRESENTATION('',(#9252),#9256);
#9252 = LINE('',#9253,#9254);
#9253 = CARTESIAN_POINT('',(0.,0.));
#9254 = VECTOR('',#9255,1.);
#9255 = DIRECTION('',(0.,-1.));
#9256 = ( GEOMETRIC_REPRESENTATION_CONTEXT(2) 
PARAMETRIC_REPRESENTATION_CONTEXT() REPRESENTATION_CONTEXT('2D SPACE',''
  ) );
#9257 = ORIENTED_EDGE('',*,*,#700,.F.);
#9258 = ADVANCED_FACE('',(#9259),#1472,.T.);
#9259 = FACE_BOUND('',#9260,.T.);
#9260 = EDGE_LOOP('',(#9261,#9282,#9283,#9284));
#9261 = ORIENTED_EDGE('',*,*,#9262,.T.);
#9262 = EDGE_CURVE('',#1429,#5772,#9263,.T.);
#9263 = SURFACE_CURVE('',#9264,(#9268,#9275),.PCURVE_S1.);
#9264 = LINE('',#9265,#9266);
#9265 = CARTESIAN_POINT('',(100.,-133.,0.));
#9266 = VECTOR('',#9267,1.);
#9267 = DIRECTION('',(0.,0.,1.));
#9268 = PCURVE('',#1472,#9269);
#9269 = DEFINITIONAL_REPRESENTATION('',(#9270),#9274);
#9270 = LINE('',#9271,#9272);
#9271 = CARTESIAN_POINT('',(0.,0.));
#9272 = VECTOR('',#9273,1.);
#9273 = DIRECTION('',(0.,-1.));
#9274 = ( GEOMETRIC_REPRESENTATION_CONTEXT(2) 
PARAMETRIC_REPRESENTATION_CONTEXT() REPRESENTATION_CONTEXT('2D SPACE',''
  ) );
#9275 = PCURVE('',#1444,#9276);
#9276 = DEFINITIONAL_REPRESENTATION('',(#9277),#9281);
#9277 = LINE('',#9278,#9279);
#9278 = CARTESIAN_POINT('',(0.336422235023,0.));
#9279 = VECTOR('',#9280,1.);
#9280 = DIRECTION('',(0.,-1.));
#9281 = ( GEOMETRIC_REPRESENTATION_CONTEXT(2) 
PARAMETRIC_REPRESENTATION_CONTEXT() REPRESENTATION_CONTEXT('2D SPACE',''
  ) );
#9282 = ORIENTED_EDGE('',*,*,#5794,.T.);
#9283 = ORIENTED_EDGE('',*,*,#9208,.F.);
#9284 = ORIENTED_EDGE('',*,*,#1456,.F.);
#9285 = ADVANCED_FACE('',(#9286),#744,.T.);
#9286 = FACE_BOUND('',#9287,.T.);
#9287 = EDGE_LOOP('',(#9288,#9289,#9290,#9311));
#9288 = ORIENTED_EDGE('',*,*,#9237,.T.);
#9289 = ORIENTED_EDGE('',*,*,#5196,.T.);
#9290 = ORIENTED_EDGE('',*,*,#9291,.F.);
#9291 = EDGE_CURVE('',#729,#5197,#9292,.T.);
#9292 = SURFACE_CURVE('',#9293,(#9297,#9304),.PCURVE_S1.);
#9293 = LINE('',#9294,#9295);
#9294 = CARTESIAN_POINT('',(135.702907,-134.301651,0.));
#9295 = VECTOR('',#9296,1.);
#9296 = DIRECTION('',(0.,0.,1.));
#9297 = PCURVE('',#744,#9298);
#9298 = DEFINITIONAL_REPRESENTATION('',(#9299),#9303);
#9299 = LINE('',#9300,#9301);
#9300 = CARTESIAN_POINT('',(0.336422506151,0.));
#9301 = VECTOR('',#9302,1.);
#9302 = DIRECTION('',(0.,-1.));
#9303 = ( GEOMETRIC_REPRESENTATION_CONTEXT(2) 
PARAMETRIC_REPRESENTATION_CONTEXT() REPRESENTATION_CONTEXT('2D SPACE',''
  ) );
#9304 = PCURVE('',#772,#9305);
#9305 = DEFINITIONAL_REPRESENTATION('',(#9306),#9310);
#9306 = LINE('',#9307,#9308);
#9307 = CARTESIAN_POINT('',(0.,0.));
#9308 = VECTOR('',#9309,1.);
#9309 = DIRECTION('',(0.,-1.));
#9310 = ( GEOMETRIC_REPRESENTATION_CONTEXT(2) 
PARAMETRIC_REPRESENTATION_CONTEXT() REPRESENTATION_CONTEXT('2D SPACE',''
  ) );
#9311 = ORIENTED_EDGE('',*,*,#728,.F.);
#9312 = ADVANCED_FACE('',(#9313),#1444,.T.);
#9313 = FACE_BOUND('',#9314,.T.);
#9314 = EDGE_LOOP('',(#9315,#9336,#9337,#9338));
#9315 = ORIENTED_EDGE('',*,*,#9316,.T.);
#9316 = EDGE_CURVE('',#1401,#5749,#9317,.T.);
#9317 = SURFACE_CURVE('',#9318,(#9322,#9329),.PCURVE_S1.);
#9318 = LINE('',#9319,#9320);
#9319 = CARTESIAN_POINT('',(100.018863,-133.335893,0.));
#9320 = VECTOR('',#9321,1.);
#9321 = DIRECTION('',(0.,0.,1.));
#9322 = PCURVE('',#1444,#9323);
#9323 = DEFINITIONAL_REPRESENTATION('',(#9324),#9328);
#9324 = LINE('',#9325,#9326);
#9325 = CARTESIAN_POINT('',(0.,0.));
#9326 = VECTOR('',#9327,1.);
#9327 = DIRECTION('',(0.,-1.));
#9328 = ( GEOMETRIC_REPRESENTATION_CONTEXT(2) 
PARAMETRIC_REPRESENTATION_CONTEXT() REPRESENTATION_CONTEXT('2D SPACE',''
  ) );
#9329 = PCURVE('',#1416,#9330);
#9330 = DEFINITIONAL_REPRESENTATION('',(#9331),#9335);
#9331 = LINE('',#9332,#9333);
#9332 = CARTESIAN_POINT('',(0.336423318914,0.));
#9333 = VECTOR('',#9334,1.);
#9334 = DIRECTION('',(0.,-1.));
#9335 = ( GEOMETRIC_REPRESENTATION_CONTEXT(2) 
PARAMETRIC_REPRESENTATION_CONTEXT() REPRESENTATION_CONTEXT('2D SPACE',''
  ) );
#9336 = ORIENTED_EDGE('',*,*,#5771,.T.);
#9337 = ORIENTED_EDGE('',*,*,#9262,.F.);
#9338 = ORIENTED_EDGE('',*,*,#1428,.F.);
#9339 = ADVANCED_FACE('',(#9340),#772,.T.);
#9340 = FACE_BOUND('',#9341,.T.);
#9341 = EDGE_LOOP('',(#9342,#9343,#9344,#9365));
#9342 = ORIENTED_EDGE('',*,*,#9291,.T.);
#9343 = ORIENTED_EDGE('',*,*,#5219,.T.);
#9344 = ORIENTED_EDGE('',*,*,#9345,.F.);
#9345 = EDGE_CURVE('',#757,#5220,#9346,.T.);
#9346 = SURFACE_CURVE('',#9347,(#9351,#9358),.PCURVE_S1.);
#9347 = LINE('',#9348,#9349);
#9348 = CARTESIAN_POINT('',(135.540173,-134.596096,0.));
#9349 = VECTOR('',#9350,1.);
#9350 = DIRECTION('',(0.,0.,1.));
#9351 = PCURVE('',#772,#9352);
#9352 = DEFINITIONAL_REPRESENTATION('',(#9353),#9357);
#9353 = LINE('',#9354,#9355);
#9354 = CARTESIAN_POINT('',(0.336422669838,0.));
#9355 = VECTOR('',#9356,1.);
#9356 = DIRECTION('',(0.,-1.));
#9357 = ( GEOMETRIC_REPRESENTATION_CONTEXT(2) 
PARAMETRIC_REPRESENTATION_CONTEXT() REPRESENTATION_CONTEXT('2D SPACE',''
  ) );
#9358 = PCURVE('',#800,#9359);
#9359 = DEFINITIONAL_REPRESENTATION('',(#9360),#9364);
#9360 = LINE('',#9361,#9362);
#9361 = CARTESIAN_POINT('',(0.,0.));
#9362 = VECTOR('',#9363,1.);
#9363 = DIRECTION('',(0.,-1.));
#9364 = ( GEOMETRIC_REPRESENTATION_CONTEXT(2) 
PARAMETRIC_REPRESENTATION_CONTEXT() REPRESENTATION_CONTEXT('2D SPACE',''
  ) );
#9365 = ORIENTED_EDGE('',*,*,#756,.F.);
#9366 = ADVANCED_FACE('',(#9367),#1416,.T.);
#9367 = FACE_BOUND('',#9368,.T.);
#9368 = EDGE_LOOP('',(#9369,#9390,#9391,#9392));
#9369 = ORIENTED_EDGE('',*,*,#9370,.T.);
#9370 = EDGE_CURVE('',#1373,#5726,#9371,.T.);
#9371 = SURFACE_CURVE('',#9372,(#9376,#9383),.PCURVE_S1.);
#9372 = LINE('',#9373,#9374);
#9373 = CARTESIAN_POINT('',(100.075216,-133.667563,0.));
#9374 = VECTOR('',#9375,1.);
#9375 = DIRECTION('',(0.,0.,1.));
#9376 = PCURVE('',#1416,#9377);
#9377 = DEFINITIONAL_REPRESENTATION('',(#9378),#9382);
#9378 = LINE('',#9379,#9380);
#9379 = CARTESIAN_POINT('',(0.,0.));
#9380 = VECTOR('',#9381,1.);
#9381 = DIRECTION('',(0.,-1.));
#9382 = ( GEOMETRIC_REPRESENTATION_CONTEXT(2) 
PARAMETRIC_REPRESENTATION_CONTEXT() REPRESENTATION_CONTEXT('2D SPACE',''
  ) );
#9383 = PCURVE('',#1388,#9384);
#9384 = DEFINITIONAL_REPRESENTATION('',(#9385),#9389);
#9385 = LINE('',#9386,#9387);
#9386 = CARTESIAN_POINT('',(0.336422384856,0.));
#9387 = VECTOR('',#9388,1.);
#9388 = DIRECTION('',(0.,-1.));
#9389 = ( GEOMETRIC_REPRESENTATION_CONTEXT(2) 
PARAMETRIC_REPRESENTATION_CONTEXT() REPRESENTATION_CONTEXT('2D SPACE',''
  ) );
#9390 = ORIENTED_EDGE('',*,*,#5748,.T.);
#9391 = ORIENTED_EDGE('',*,*,#9316,.F.);
#9392 = ORIENTED_EDGE('',*,*,#1400,.F.);
#9393 = ADVANCED_FACE('',(#9394),#800,.T.);
#9394 = FACE_BOUND('',#9395,.T.);
#9395 = EDGE_LOOP('',(#9396,#9397,#9398,#9419));
#9396 = ORIENTED_EDGE('',*,*,#9345,.T.);
#9397 = ORIENTED_EDGE('',*,*,#5242,.T.);
#9398 = ORIENTED_EDGE('',*,*,#9399,.F.);
#9399 = EDGE_CURVE('',#785,#5243,#9400,.T.);
#9400 = SURFACE_CURVE('',#9401,(#9405,#9412),.PCURVE_S1.);
#9401 = LINE('',#9402,#9403);
#9402 = CARTESIAN_POINT('',(135.345494,-134.870469,0.));
#9403 = VECTOR('',#9404,1.);
#9404 = DIRECTION('',(0.,0.,1.));
#9405 = PCURVE('',#800,#9406);
#9406 = DEFINITIONAL_REPRESENTATION('',(#9407),#9411);
#9407 = LINE('',#9408,#9409);
#9408 = CARTESIAN_POINT('',(0.336423031569,0.));
#9409 = VECTOR('',#9410,1.);
#9410 = DIRECTION('',(0.,-1.));
#9411 = ( GEOMETRIC_REPRESENTATION_CONTEXT(2) 
PARAMETRIC_REPRESENTATION_CONTEXT() REPRESENTATION_CONTEXT('2D SPACE',''
  ) );
#9412 = PCURVE('',#828,#9413);
#9413 = DEFINITIONAL_REPRESENTATION('',(#9414),#9418);
#9414 = LINE('',#9415,#9416);
#9415 = CARTESIAN_POINT('',(0.,0.));
#9416 = VECTOR('',#9417,1.);
#9417 = DIRECTION('',(0.,-1.));
#9418 = ( GEOMETRIC_REPRESENTATION_CONTEXT(2) 
PARAMETRIC_REPRESENTATION_CONTEXT() REPRESENTATION_CONTEXT('2D SPACE',''
  ) );
#9419 = ORIENTED_EDGE('',*,*,#784,.F.);
#9420 = ADVANCED_FACE('',(#9421),#1388,.T.);
#9421 = FACE_BOUND('',#9422,.T.);
#9422 = EDGE_LOOP('',(#9423,#9444,#9445,#9446));
#9423 = ORIENTED_EDGE('',*,*,#9424,.T.);
#9424 = EDGE_CURVE('',#1345,#5703,#9425,.T.);
#9425 = SURFACE_CURVE('',#9426,(#9430,#9437),.PCURVE_S1.);
#9426 = LINE('',#9427,#9428);
#9427 = CARTESIAN_POINT('',(100.16835,-133.990837,0.));
#9428 = VECTOR('',#9429,1.);
#9429 = DIRECTION('',(0.,0.,1.));
#9430 = PCURVE('',#1388,#9431);
#9431 = DEFINITIONAL_REPRESENTATION('',(#9432),#9436);
#9432 = LINE('',#9433,#9434);
#9433 = CARTESIAN_POINT('',(0.,0.));
#9434 = VECTOR('',#9435,1.);
#9435 = DIRECTION('',(0.,-1.));
#9436 = ( GEOMETRIC_REPRESENTATION_CONTEXT(2) 
PARAMETRIC_REPRESENTATION_CONTEXT() REPRESENTATION_CONTEXT('2D SPACE',''
  ) );
#9437 = PCURVE('',#1360,#9438);
#9438 = DEFINITIONAL_REPRESENTATION('',(#9439),#9443);
#9439 = LINE('',#9440,#9441);
#9440 = CARTESIAN_POINT('',(0.336422506151,0.));
#9441 = VECTOR('',#9442,1.);
#9442 = DIRECTION('',(0.,-1.));
#9443 = ( GEOMETRIC_REPRESENTATION_CONTEXT(2) 
PARAMETRIC_REPRESENTATION_CONTEXT() REPRESENTATION_CONTEXT('2D SPACE',''
  ) );
#9444 = ORIENTED_EDGE('',*,*,#5725,.T.);
#9445 = ORIENTED_EDGE('',*,*,#9370,.F.);
#9446 = ORIENTED_EDGE('',*,*,#1372,.F.);
#9447 = ADVANCED_FACE('',(#9448),#828,.T.);
#9448 = FACE_BOUND('',#9449,.T.);
#9449 = EDGE_LOOP('',(#9450,#9451,#9452,#9473));
#9450 = ORIENTED_EDGE('',*,*,#9399,.T.);
#9451 = ORIENTED_EDGE('',*,*,#5265,.T.);
#9452 = ORIENTED_EDGE('',*,*,#9453,.F.);
#9453 = EDGE_CURVE('',#813,#5266,#9454,.T.);
#9454 = SURFACE_CURVE('',#9455,(#9459,#9466),.PCURVE_S1.);
#9455 = LINE('',#9456,#9457);
#9456 = CARTESIAN_POINT('',(135.12132,-135.12132,0.));
#9457 = VECTOR('',#9458,1.);
#9458 = DIRECTION('',(0.,0.,1.));
#9459 = PCURVE('',#828,#9460);
#9460 = DEFINITIONAL_REPRESENTATION('',(#9461),#9465);
#9461 = LINE('',#9462,#9463);
#9462 = CARTESIAN_POINT('',(0.336422660469,0.));
#9463 = VECTOR('',#9464,1.);
#9464 = DIRECTION('',(0.,-1.));
#9465 = ( GEOMETRIC_REPRESENTATION_CONTEXT(2) 
PARAMETRIC_REPRESENTATION_CONTEXT() REPRESENTATION_CONTEXT('2D SPACE',''
  ) );
#9466 = PCURVE('',#856,#9467);
#9467 = DEFINITIONAL_REPRESENTATION('',(#9468),#9472);
#9468 = LINE('',#9469,#9470);
#9469 = CARTESIAN_POINT('',(0.,0.));
#9470 = VECTOR('',#9471,1.);
#9471 = DIRECTION('',(0.,-1.));
#9472 = ( GEOMETRIC_REPRESENTATION_CONTEXT(2) 
PARAMETRIC_REPRESENTATION_CONTEXT() REPRESENTATION_CONTEXT('2D SPACE',''
  ) );
#9473 = ORIENTED_EDGE('',*,*,#812,.F.);
#9474 = ADVANCED_FACE('',(#9475),#1360,.T.);
#9475 = FACE_BOUND('',#9476,.T.);
#9476 = EDGE_LOOP('',(#9477,#9498,#9499,#9500));
#9477 = ORIENTED_EDGE('',*,*,#9478,.T.);
#9478 = EDGE_CURVE('',#1317,#5680,#9479,.T.);
#9479 = SURFACE_CURVE('',#9480,(#9484,#9491),.PCURVE_S1.);
#9480 = LINE('',#9481,#9482);
#9481 = CARTESIAN_POINT('',(100.297093,-134.301651,0.));
#9482 = VECTOR('',#9483,1.);
#9483 = DIRECTION('',(0.,0.,1.));
#9484 = PCURVE('',#1360,#9485);
#9485 = DEFINITIONAL_REPRESENTATION('',(#9486),#9490);
#9486 = LINE('',#9487,#9488);
#9487 = CARTESIAN_POINT('',(0.,0.));
#9488 = VECTOR('',#9489,1.);
#9489 = DIRECTION('',(0.,-1.));
#9490 = ( GEOMETRIC_REPRESENTATION_CONTEXT(2) 
PARAMETRIC_REPRESENTATION_CONTEXT() REPRESENTATION_CONTEXT('2D SPACE',''
  ) );
#9491 = PCURVE('',#1332,#9492);
#9492 = DEFINITIONAL_REPRESENTATION('',(#9493),#9497);
#9493 = LINE('',#9494,#9495);
#9494 = CARTESIAN_POINT('',(0.336422669838,0.));
#9495 = VECTOR('',#9496,1.);
#9496 = DIRECTION('',(0.,-1.));
#9497 = ( GEOMETRIC_REPRESENTATION_CONTEXT(2) 
PARAMETRIC_REPRESENTATION_CONTEXT() REPRESENTATION_CONTEXT('2D SPACE',''
  ) );
#9498 = ORIENTED_EDGE('',*,*,#5702,.T.);
#9499 = ORIENTED_EDGE('',*,*,#9424,.F.);
#9500 = ORIENTED_EDGE('',*,*,#1344,.F.);
#9501 = ADVANCED_FACE('',(#9502),#856,.T.);
#9502 = FACE_BOUND('',#9503,.T.);
#9503 = EDGE_LOOP('',(#9504,#9505,#9506,#9527));
#9504 = ORIENTED_EDGE('',*,*,#9453,.T.);
#9505 = ORIENTED_EDGE('',*,*,#5288,.T.);
#9506 = ORIENTED_EDGE('',*,*,#9507,.F.);
#9507 = EDGE_CURVE('',#841,#5289,#9508,.T.);
#9508 = SURFACE_CURVE('',#9509,(#9513,#9520),.PCURVE_S1.);
#9509 = LINE('',#9510,#9511);
#9510 = CARTESIAN_POINT('',(134.870469,-135.345494,0.));
#9511 = VECTOR('',#9512,1.);
#9512 = DIRECTION('',(0.,0.,1.));
#9513 = PCURVE('',#856,#9514);
#9514 = DEFINITIONAL_REPRESENTATION('',(#9515),#9519);
#9515 = LINE('',#9516,#9517);
#9516 = CARTESIAN_POINT('',(0.336422660469,0.));
#9517 = VECTOR('',#9518,1.);
#9518 = DIRECTION('',(0.,-1.));
#9519 = ( GEOMETRIC_REPRESENTATION_CONTEXT(2) 
PARAMETRIC_REPRESENTATION_CONTEXT() REPRESENTATION_CONTEXT('2D SPACE',''
  ) );
#9520 = PCURVE('',#884,#9521);
#9521 = DEFINITIONAL_REPRESENTATION('',(#9522),#9526);
#9522 = LINE('',#9523,#9524);
#9523 = CARTESIAN_POINT('',(0.,0.));
#9524 = VECTOR('',#9525,1.);
#9525 = DIRECTION('',(0.,-1.));
#9526 = ( GEOMETRIC_REPRESENTATION_CONTEXT(2) 
PARAMETRIC_REPRESENTATION_CONTEXT() REPRESENTATION_CONTEXT('2D SPACE',''
  ) );
#9527 = ORIENTED_EDGE('',*,*,#840,.F.);
#9528 = ADVANCED_FACE('',(#9529),#1332,.T.);
#9529 = FACE_BOUND('',#9530,.T.);
#9530 = EDGE_LOOP('',(#9531,#9552,#9553,#9554));
#9531 = ORIENTED_EDGE('',*,*,#9532,.T.);
#9532 = EDGE_CURVE('',#1289,#5657,#9533,.T.);
#9533 = SURFACE_CURVE('',#9534,(#9538,#9545),.PCURVE_S1.);
#9534 = LINE('',#9535,#9536);
#9535 = CARTESIAN_POINT('',(100.459827,-134.596096,0.));
#9536 = VECTOR('',#9537,1.);
#9537 = DIRECTION('',(0.,0.,1.));
#9538 = PCURVE('',#1332,#9539);
#9539 = DEFINITIONAL_REPRESENTATION('',(#9540),#9544);
#9540 = LINE('',#9541,#9542);
#9541 = CARTESIAN_POINT('',(0.,0.));
#9542 = VECTOR('',#9543,1.);
#9543 = DIRECTION('',(0.,-1.));
#9544 = ( GEOMETRIC_REPRESENTATION_CONTEXT(2) 
PARAMETRIC_REPRESENTATION_CONTEXT() REPRESENTATION_CONTEXT('2D SPACE',''
  ) );
#9545 = PCURVE('',#1304,#9546);
#9546 = DEFINITIONAL_REPRESENTATION('',(#9547),#9551);
#9547 = LINE('',#9548,#9549);
#9548 = CARTESIAN_POINT('',(0.336423031569,0.));
#9549 = VECTOR('',#9550,1.);
#9550 = DIRECTION('',(0.,-1.));
#9551 = ( GEOMETRIC_REPRESENTATION_CONTEXT(2) 
PARAMETRIC_REPRESENTATION_CONTEXT() REPRESENTATION_CONTEXT('2D SPACE',''
  ) );
#9552 = ORIENTED_EDGE('',*,*,#5679,.T.);
#9553 = ORIENTED_EDGE('',*,*,#9478,.F.);
#9554 = ORIENTED_EDGE('',*,*,#1316,.F.);
#9555 = ADVANCED_FACE('',(#9556),#884,.T.);
#9556 = FACE_BOUND('',#9557,.T.);
#9557 = EDGE_LOOP('',(#9558,#9559,#9560,#9581));
#9558 = ORIENTED_EDGE('',*,*,#9507,.T.);
#9559 = ORIENTED_EDGE('',*,*,#5311,.T.);
#9560 = ORIENTED_EDGE('',*,*,#9561,.F.);
#9561 = EDGE_CURVE('',#869,#5312,#9562,.T.);
#9562 = SURFACE_CURVE('',#9563,(#9567,#9574),.PCURVE_S1.);
#9563 = LINE('',#9564,#9565);
#9564 = CARTESIAN_POINT('',(134.596096,-135.540173,0.));
#9565 = VECTOR('',#9566,1.);
#9566 = DIRECTION('',(0.,0.,1.));
#9567 = PCURVE('',#884,#9568);
#9568 = DEFINITIONAL_REPRESENTATION('',(#9569),#9573);
#9569 = LINE('',#9570,#9571);
#9570 = CARTESIAN_POINT('',(0.336423031569,0.));
#9571 = VECTOR('',#9572,1.);
#9572 = DIRECTION('',(0.,-1.));
#9573 = ( GEOMETRIC_REPRESENTATION_CONTEXT(2) 
PARAMETRIC_REPRESENTATION_CONTEXT() REPRESENTATION_CONTEXT('2D SPACE',''
  ) );
#9574 = PCURVE('',#912,#9575);
#9575 = DEFINITIONAL_REPRESENTATION('',(#9576),#9580);
#9576 = LINE('',#9577,#9578);
#9577 = CARTESIAN_POINT('',(0.,0.));
#9578 = VECTOR('',#9579,1.);
#9579 = DIRECTION('',(0.,-1.));
#9580 = ( GEOMETRIC_REPRESENTATION_CONTEXT(2) 
PARAMETRIC_REPRESENTATION_CONTEXT() REPRESENTATION_CONTEXT('2D SPACE',''
  ) );
#9581 = ORIENTED_EDGE('',*,*,#868,.F.);
#9582 = ADVANCED_FACE('',(#9583),#1304,.T.);
#9583 = FACE_BOUND('',#9584,.T.);
#9584 = EDGE_LOOP('',(#9585,#9606,#9607,#9608));
#9585 = ORIENTED_EDGE('',*,*,#9586,.T.);
#9586 = EDGE_CURVE('',#1261,#5634,#9587,.T.);
#9587 = SURFACE_CURVE('',#9588,(#9592,#9599),.PCURVE_S1.);
#9588 = LINE('',#9589,#9590);
#9589 = CARTESIAN_POINT('',(100.654506,-134.870469,0.));
#9590 = VECTOR('',#9591,1.);
#9591 = DIRECTION('',(0.,0.,1.));
#9592 = PCURVE('',#1304,#9593);
#9593 = DEFINITIONAL_REPRESENTATION('',(#9594),#9598);
#9594 = LINE('',#9595,#9596);
#9595 = CARTESIAN_POINT('',(0.,0.));
#9596 = VECTOR('',#9597,1.);
#9597 = DIRECTION('',(0.,-1.));
#9598 = ( GEOMETRIC_REPRESENTATION_CONTEXT(2) 
PARAMETRIC_REPRESENTATION_CONTEXT() REPRESENTATION_CONTEXT('2D SPACE',''
  ) );
#9599 = PCURVE('',#1276,#9600);
#9600 = DEFINITIONAL_REPRESENTATION('',(#9601),#9605);
#9601 = LINE('',#9602,#9603);
#9602 = CARTESIAN_POINT('',(0.336422660469,0.));
#9603 = VECTOR('',#9604,1.);
#9604 = DIRECTION('',(0.,-1.));
#9605 = ( GEOMETRIC_REPRESENTATION_CONTEXT(2) 
PARAMETRIC_REPRESENTATION_CONTEXT() REPRESENTATION_CONTEXT('2D SPACE',''
  ) );
#9606 = ORIENTED_EDGE('',*,*,#5656,.T.);
#9607 = ORIENTED_EDGE('',*,*,#9532,.F.);
#9608 = ORIENTED_EDGE('',*,*,#1288,.F.);
#9609 = ADVANCED_FACE('',(#9610),#912,.T.);
#9610 = FACE_BOUND('',#9611,.T.);
#9611 = EDGE_LOOP('',(#9612,#9613,#9614,#9635));
#9612 = ORIENTED_EDGE('',*,*,#9561,.T.);
#9613 = ORIENTED_EDGE('',*,*,#5334,.T.);
#9614 = ORIENTED_EDGE('',*,*,#9615,.F.);
#9615 = EDGE_CURVE('',#897,#5335,#9616,.T.);
#9616 = SURFACE_CURVE('',#9617,(#9621,#9628),.PCURVE_S1.);
#9617 = LINE('',#9618,#9619);
#9618 = CARTESIAN_POINT('',(134.301651,-135.702907,0.));
#9619 = VECTOR('',#9620,1.);
#9620 = DIRECTION('',(0.,0.,1.));
#9621 = PCURVE('',#912,#9622);
#9622 = DEFINITIONAL_REPRESENTATION('',(#9623),#9627);
#9623 = LINE('',#9624,#9625);
#9624 = CARTESIAN_POINT('',(0.336422669838,0.));
#9625 = VECTOR('',#9626,1.);
#9626 = DIRECTION('',(0.,-1.));
#9627 = ( GEOMETRIC_REPRESENTATION_CONTEXT(2) 
PARAMETRIC_REPRESENTATION_CONTEXT() REPRESENTATION_CONTEXT('2D SPACE',''
  ) );
#9628 = PCURVE('',#940,#9629);
#9629 = DEFINITIONAL_REPRESENTATION('',(#9630),#9634);
#9630 = LINE('',#9631,#9632);
#9631 = CARTESIAN_POINT('',(0.,0.));
#9632 = VECTOR('',#9633,1.);
#9633 = DIRECTION('',(0.,-1.));
#9634 = ( GEOMETRIC_REPRESENTATION_CONTEXT(2) 
PARAMETRIC_REPRESENTATION_CONTEXT() REPRESENTATION_CONTEXT('2D SPACE',''
  ) );
#9635 = ORIENTED_EDGE('',*,*,#896,.F.);
#9636 = ADVANCED_FACE('',(#9637),#1276,.T.);
#9637 = FACE_BOUND('',#9638,.T.);
#9638 = EDGE_LOOP('',(#9639,#9660,#9661,#9662));
#9639 = ORIENTED_EDGE('',*,*,#9640,.T.);
#9640 = EDGE_CURVE('',#1233,#5611,#9641,.T.);
#9641 = SURFACE_CURVE('',#9642,(#9646,#9653),.PCURVE_S1.);
#9642 = LINE('',#9643,#9644);
#9643 = CARTESIAN_POINT('',(100.87868,-135.12132,0.));
#9644 = VECTOR('',#9645,1.);
#9645 = DIRECTION('',(0.,0.,1.));
#9646 = PCURVE('',#1276,#9647);
#9647 = DEFINITIONAL_REPRESENTATION('',(#9648),#9652);
#9648 = LINE('',#9649,#9650);
#9649 = CARTESIAN_POINT('',(0.,0.));
#9650 = VECTOR('',#9651,1.);
#9651 = DIRECTION('',(0.,-1.));
#9652 = ( GEOMETRIC_REPRESENTATION_CONTEXT(2) 
PARAMETRIC_REPRESENTATION_CONTEXT() REPRESENTATION_CONTEXT('2D SPACE',''
  ) );
#9653 = PCURVE('',#1248,#9654);
#9654 = DEFINITIONAL_REPRESENTATION('',(#9655),#9659);
#9655 = LINE('',#9656,#9657);
#9656 = CARTESIAN_POINT('',(0.336422660469,0.));
#9657 = VECTOR('',#9658,1.);
#9658 = DIRECTION('',(0.,-1.));
#9659 = ( GEOMETRIC_REPRESENTATION_CONTEXT(2) 
PARAMETRIC_REPRESENTATION_CONTEXT() REPRESENTATION_CONTEXT('2D SPACE',''
  ) );
#9660 = ORIENTED_EDGE('',*,*,#5633,.T.);
#9661 = ORIENTED_EDGE('',*,*,#9586,.F.);
#9662 = ORIENTED_EDGE('',*,*,#1260,.F.);
#9663 = ADVANCED_FACE('',(#9664),#940,.T.);
#9664 = FACE_BOUND('',#9665,.T.);
#9665 = EDGE_LOOP('',(#9666,#9667,#9668,#9689));
#9666 = ORIENTED_EDGE('',*,*,#9615,.T.);
#9667 = ORIENTED_EDGE('',*,*,#5357,.T.);
#9668 = ORIENTED_EDGE('',*,*,#9669,.F.);
#9669 = EDGE_CURVE('',#925,#5358,#9670,.T.);
#9670 = SURFACE_CURVE('',#9671,(#9675,#9682),.PCURVE_S1.);
#9671 = LINE('',#9672,#9673);
#9672 = CARTESIAN_POINT('',(133.990837,-135.83165,0.));
#9673 = VECTOR('',#9674,1.);
#9674 = DIRECTION('',(0.,0.,1.));
#9675 = PCURVE('',#940,#9676);
#9676 = DEFINITIONAL_REPRESENTATION('',(#9677),#9681);
#9677 = LINE('',#9678,#9679);
#9678 = CARTESIAN_POINT('',(0.336422506151,0.));
#9679 = VECTOR('',#9680,1.);
#9680 = DIRECTION('',(0.,-1.));
#9681 = ( GEOMETRIC_REPRESENTATION_CONTEXT(2) 
PARAMETRIC_REPRESENTATION_CONTEXT() REPRESENTATION_CONTEXT('2D SPACE',''
  ) );
#9682 = PCURVE('',#968,#9683);
#9683 = DEFINITIONAL_REPRESENTATION('',(#9684),#9688);
#9684 = LINE('',#9685,#9686);
#9685 = CARTESIAN_POINT('',(0.,0.));
#9686 = VECTOR('',#9687,1.);
#9687 = DIRECTION('',(0.,-1.));
#9688 = ( GEOMETRIC_REPRESENTATION_CONTEXT(2) 
PARAMETRIC_REPRESENTATION_CONTEXT() REPRESENTATION_CONTEXT('2D SPACE',''
  ) );
#9689 = ORIENTED_EDGE('',*,*,#924,.F.);
#9690 = ADVANCED_FACE('',(#9691),#1248,.T.);
#9691 = FACE_BOUND('',#9692,.T.);
#9692 = EDGE_LOOP('',(#9693,#9714,#9715,#9716));
#9693 = ORIENTED_EDGE('',*,*,#9694,.T.);
#9694 = EDGE_CURVE('',#1205,#5588,#9695,.T.);
#9695 = SURFACE_CURVE('',#9696,(#9700,#9707),.PCURVE_S1.);
#9696 = LINE('',#9697,#9698);
#9697 = CARTESIAN_POINT('',(101.129531,-135.345494,0.));
#9698 = VECTOR('',#9699,1.);
#9699 = DIRECTION('',(0.,0.,1.));
#9700 = PCURVE('',#1248,#9701);
#9701 = DEFINITIONAL_REPRESENTATION('',(#9702),#9706);
#9702 = LINE('',#9703,#9704);
#9703 = CARTESIAN_POINT('',(0.,0.));
#9704 = VECTOR('',#9705,1.);
#9705 = DIRECTION('',(0.,-1.));
#9706 = ( GEOMETRIC_REPRESENTATION_CONTEXT(2) 
PARAMETRIC_REPRESENTATION_CONTEXT() REPRESENTATION_CONTEXT('2D SPACE',''
  ) );
#9707 = PCURVE('',#1220,#9708);
#9708 = DEFINITIONAL_REPRESENTATION('',(#9709),#9713);
#9709 = LINE('',#9710,#9711);
#9710 = CARTESIAN_POINT('',(0.336423031569,0.));
#9711 = VECTOR('',#9712,1.);
#9712 = DIRECTION('',(0.,-1.));
#9713 = ( GEOMETRIC_REPRESENTATION_CONTEXT(2) 
PARAMETRIC_REPRESENTATION_CONTEXT() REPRESENTATION_CONTEXT('2D SPACE',''
  ) );
#9714 = ORIENTED_EDGE('',*,*,#5610,.T.);
#9715 = ORIENTED_EDGE('',*,*,#9640,.F.);
#9716 = ORIENTED_EDGE('',*,*,#1232,.F.);
#9717 = ADVANCED_FACE('',(#9718),#968,.T.);
#9718 = FACE_BOUND('',#9719,.T.);
#9719 = EDGE_LOOP('',(#9720,#9721,#9722,#9743));
#9720 = ORIENTED_EDGE('',*,*,#9669,.T.);
#9721 = ORIENTED_EDGE('',*,*,#5380,.T.);
#9722 = ORIENTED_EDGE('',*,*,#9723,.F.);
#9723 = EDGE_CURVE('',#953,#5381,#9724,.T.);
#9724 = SURFACE_CURVE('',#9725,(#9729,#9736),.PCURVE_S1.);
#9725 = LINE('',#9726,#9727);
#9726 = CARTESIAN_POINT('',(133.667563,-135.924784,0.));
#9727 = VECTOR('',#9728,1.);
#9728 = DIRECTION('',(0.,0.,1.));
#9729 = PCURVE('',#968,#9730);
#9730 = DEFINITIONAL_REPRESENTATION('',(#9731),#9735);
#9731 = LINE('',#9732,#9733);
#9732 = CARTESIAN_POINT('',(0.336422384856,0.));
#9733 = VECTOR('',#9734,1.);
#9734 = DIRECTION('',(0.,-1.));
#9735 = ( GEOMETRIC_REPRESENTATION_CONTEXT(2) 
PARAMETRIC_REPRESENTATION_CONTEXT() REPRESENTATION_CONTEXT('2D SPACE',''
  ) );
#9736 = PCURVE('',#996,#9737);
#9737 = DEFINITIONAL_REPRESENTATION('',(#9738),#9742);
#9738 = LINE('',#9739,#9740);
#9739 = CARTESIAN_POINT('',(0.,0.));
#9740 = VECTOR('',#9741,1.);
#9741 = DIRECTION('',(0.,-1.));
#9742 = ( GEOMETRIC_REPRESENTATION_CONTEXT(2) 
PARAMETRIC_REPRESENTATION_CONTEXT() REPRESENTATION_CONTEXT('2D SPACE',''
  ) );
#9743 = ORIENTED_EDGE('',*,*,#952,.F.);
#9744 = ADVANCED_FACE('',(#9745),#1220,.T.);
#9745 = FACE_BOUND('',#9746,.T.);
#9746 = EDGE_LOOP('',(#9747,#9768,#9769,#9770));
#9747 = ORIENTED_EDGE('',*,*,#9748,.T.);
#9748 = EDGE_CURVE('',#1177,#5565,#9749,.T.);
#9749 = SURFACE_CURVE('',#9750,(#9754,#9761),.PCURVE_S1.);
#9750 = LINE('',#9751,#9752);
#9751 = CARTESIAN_POINT('',(101.403904,-135.540173,0.));
#9752 = VECTOR('',#9753,1.);
#9753 = DIRECTION('',(0.,0.,1.));
#9754 = PCURVE('',#1220,#9755);
#9755 = DEFINITIONAL_REPRESENTATION('',(#9756),#9760);
#9756 = LINE('',#9757,#9758);
#9757 = CARTESIAN_POINT('',(0.,0.));
#9758 = VECTOR('',#9759,1.);
#9759 = DIRECTION('',(0.,-1.));
#9760 = ( GEOMETRIC_REPRESENTATION_CONTEXT(2) 
PARAMETRIC_REPRESENTATION_CONTEXT() REPRESENTATION_CONTEXT('2D SPACE',''
  ) );
#9761 = PCURVE('',#1192,#9762);
#9762 = DEFINITIONAL_REPRESENTATION('',(#9763),#9767);
#9763 = LINE('',#9764,#9765);
#9764 = CARTESIAN_POINT('',(0.336422669838,0.));
#9765 = VECTOR('',#9766,1.);
#9766 = DIRECTION('',(0.,-1.));
#9767 = ( GEOMETRIC_REPRESENTATION_CONTEXT(2) 
PARAMETRIC_REPRESENTATION_CONTEXT() REPRESENTATION_CONTEXT('2D SPACE',''
  ) );
#9768 = ORIENTED_EDGE('',*,*,#5587,.T.);
#9769 = ORIENTED_EDGE('',*,*,#9694,.F.);
#9770 = ORIENTED_EDGE('',*,*,#1204,.F.);
#9771 = ADVANCED_FACE('',(#9772),#996,.T.);
#9772 = FACE_BOUND('',#9773,.T.);
#9773 = EDGE_LOOP('',(#9774,#9775,#9776,#9797));
#9774 = ORIENTED_EDGE('',*,*,#9723,.T.);
#9775 = ORIENTED_EDGE('',*,*,#5403,.T.);
#9776 = ORIENTED_EDGE('',*,*,#9777,.F.);
#9777 = EDGE_CURVE('',#981,#5404,#9778,.T.);
#9778 = SURFACE_CURVE('',#9779,(#9783,#9790),.PCURVE_S1.);
#9779 = LINE('',#9780,#9781);
#9780 = CARTESIAN_POINT('',(133.335893,-135.981137,0.));
#9781 = VECTOR('',#9782,1.);
#9782 = DIRECTION('',(0.,0.,1.));
#9783 = PCURVE('',#996,#9784);
#9784 = DEFINITIONAL_REPRESENTATION('',(#9785),#9789);
#9785 = LINE('',#9786,#9787);
#9786 = CARTESIAN_POINT('',(0.336423318914,0.));
#9787 = VECTOR('',#9788,1.);
#9788 = DIRECTION('',(0.,-1.));
#9789 = ( GEOMETRIC_REPRESENTATION_CONTEXT(2) 
PARAMETRIC_REPRESENTATION_CONTEXT() REPRESENTATION_CONTEXT('2D SPACE',''
  ) );
#9790 = PCURVE('',#1024,#9791);
#9791 = DEFINITIONAL_REPRESENTATION('',(#9792),#9796);
#9792 = LINE('',#9793,#9794);
#9793 = CARTESIAN_POINT('',(0.,0.));
#9794 = VECTOR('',#9795,1.);
#9795 = DIRECTION('',(0.,-1.));
#9796 = ( GEOMETRIC_REPRESENTATION_CONTEXT(2) 
PARAMETRIC_REPRESENTATION_CONTEXT() REPRESENTATION_CONTEXT('2D SPACE',''
  ) );
#9797 = ORIENTED_EDGE('',*,*,#980,.F.);
#9798 = ADVANCED_FACE('',(#9799),#1192,.T.);
#9799 = FACE_BOUND('',#9800,.T.);
#9800 = EDGE_LOOP('',(#9801,#9822,#9823,#9824));
#9801 = ORIENTED_EDGE('',*,*,#9802,.T.);
#9802 = EDGE_CURVE('',#1149,#5542,#9803,.T.);
#9803 = SURFACE_CURVE('',#9804,(#9808,#9815),.PCURVE_S1.);
#9804 = LINE('',#9805,#9806);
#9805 = CARTESIAN_POINT('',(101.698349,-135.702907,0.));
#9806 = VECTOR('',#9807,1.);
#9807 = DIRECTION('',(0.,0.,1.));
#9808 = PCURVE('',#1192,#9809);
#9809 = DEFINITIONAL_REPRESENTATION('',(#9810),#9814);
#9810 = LINE('',#9811,#9812);
#9811 = CARTESIAN_POINT('',(0.,0.));
#9812 = VECTOR('',#9813,1.);
#9813 = DIRECTION('',(0.,-1.));
#9814 = ( GEOMETRIC_REPRESENTATION_CONTEXT(2) 
PARAMETRIC_REPRESENTATION_CONTEXT() REPRESENTATION_CONTEXT('2D SPACE',''
  ) );
#9815 = PCURVE('',#1164,#9816);
#9816 = DEFINITIONAL_REPRESENTATION('',(#9817),#9821);
#9817 = LINE('',#9818,#9819);
#9818 = CARTESIAN_POINT('',(0.336422506151,0.));
#9819 = VECTOR('',#9820,1.);
#9820 = DIRECTION('',(0.,-1.));
#9821 = ( GEOMETRIC_REPRESENTATION_CONTEXT(2) 
PARAMETRIC_REPRESENTATION_CONTEXT() REPRESENTATION_CONTEXT('2D SPACE',''
  ) );
#9822 = ORIENTED_EDGE('',*,*,#5564,.T.);
#9823 = ORIENTED_EDGE('',*,*,#9748,.F.);
#9824 = ORIENTED_EDGE('',*,*,#1176,.F.);
#9825 = ADVANCED_FACE('',(#9826),#1024,.T.);
#9826 = FACE_BOUND('',#9827,.T.);
#9827 = EDGE_LOOP('',(#9828,#9829,#9830,#9851));
#9828 = ORIENTED_EDGE('',*,*,#9777,.T.);
#9829 = ORIENTED_EDGE('',*,*,#5426,.T.);
#9830 = ORIENTED_EDGE('',*,*,#9831,.F.);
#9831 = EDGE_CURVE('',#1009,#5427,#9832,.T.);
#9832 = SURFACE_CURVE('',#9833,(#9837,#9844),.PCURVE_S1.);
#9833 = LINE('',#9834,#9835);
#9834 = CARTESIAN_POINT('',(133.,-136.,0.));
#9835 = VECTOR('',#9836,1.);
#9836 = DIRECTION('',(0.,0.,1.));
#9837 = PCURVE('',#1024,#9838);
#9838 = DEFINITIONAL_REPRESENTATION('',(#9839),#9843);
#9839 = LINE('',#9840,#9841);
#9840 = CARTESIAN_POINT('',(0.336422235023,0.));
#9841 = VECTOR('',#9842,1.);
#9842 = DIRECTION('',(0.,-1.));
#9843 = ( GEOMETRIC_REPRESENTATION_CONTEXT(2) 
PARAMETRIC_REPRESENTATION_CONTEXT() REPRESENTATION_CONTEXT('2D SPACE',''
  ) );
#9844 = PCURVE('',#1052,#9845);
#9845 = DEFINITIONAL_REPRESENTATION('',(#9846),#9850);
#9846 = LINE('',#9847,#9848);
#9847 = CARTESIAN_POINT('',(0.,-0.));
#9848 = VECTOR('',#9849,1.);
#9849 = DIRECTION('',(0.,-1.));
#9850 = ( GEOMETRIC_REPRESENTATION_CONTEXT(2) 
PARAMETRIC_REPRESENTATION_CONTEXT() REPRESENTATION_CONTEXT('2D SPACE',''
  ) );
#9851 = ORIENTED_EDGE('',*,*,#1008,.F.);
#9852 = ADVANCED_FACE('',(#9853),#1164,.T.);
#9853 = FACE_BOUND('',#9854,.T.);
#9854 = EDGE_LOOP('',(#9855,#9876,#9877,#9878));
#9855 = ORIENTED_EDGE('',*,*,#9856,.T.);
#9856 = EDGE_CURVE('',#1121,#5519,#9857,.T.);
#9857 = SURFACE_CURVE('',#9858,(#9862,#9869),.PCURVE_S1.);
#9858 = LINE('',#9859,#9860);
#9859 = CARTESIAN_POINT('',(102.009163,-135.83165,0.));
#9860 = VECTOR('',#9861,1.);
#9861 = DIRECTION('',(0.,0.,1.));
#9862 = PCURVE('',#1164,#9863);
#9863 = DEFINITIONAL_REPRESENTATION('',(#9864),#9868);
#9864 = LINE('',#9865,#9866);
#9865 = CARTESIAN_POINT('',(0.,0.));
#9866 = VECTOR('',#9867,1.);
#9867 = DIRECTION('',(0.,-1.));
#9868 = ( GEOMETRIC_REPRESENTATION_CONTEXT(2) 
PARAMETRIC_REPRESENTATION_CONTEXT() REPRESENTATION_CONTEXT('2D SPACE',''
  ) );
#9869 = PCURVE('',#1136,#9870);
#9870 = DEFINITIONAL_REPRESENTATION('',(#9871),#9875);
#9871 = LINE('',#9872,#9873);
#9872 = CARTESIAN_POINT('',(0.336422384856,0.));
#9873 = VECTOR('',#9874,1.);
#9874 = DIRECTION('',(0.,-1.));
#9875 = ( GEOMETRIC_REPRESENTATION_CONTEXT(2) 
PARAMETRIC_REPRESENTATION_CONTEXT() REPRESENTATION_CONTEXT('2D SPACE',''
  ) );
#9876 = ORIENTED_EDGE('',*,*,#5541,.T.);
#9877 = ORIENTED_EDGE('',*,*,#9802,.F.);
#9878 = ORIENTED_EDGE('',*,*,#1148,.F.);
#9879 = ADVANCED_FACE('',(#9880),#1052,.T.);
#9880 = FACE_BOUND('',#9881,.T.);
#9881 = EDGE_LOOP('',(#9882,#9883,#9884,#9905));
#9882 = ORIENTED_EDGE('',*,*,#9831,.T.);
#9883 = ORIENTED_EDGE('',*,*,#5449,.T.);
#9884 = ORIENTED_EDGE('',*,*,#9885,.F.);
#9885 = EDGE_CURVE('',#1037,#5450,#9886,.T.);
#9886 = SURFACE_CURVE('',#9887,(#9891,#9898),.PCURVE_S1.);
#9887 = LINE('',#9888,#9889);
#9888 = CARTESIAN_POINT('',(103.,-136.,0.));
#9889 = VECTOR('',#9890,1.);
#9890 = DIRECTION('',(0.,0.,1.));
#9891 = PCURVE('',#1052,#9892);
#9892 = DEFINITIONAL_REPRESENTATION('',(#9893),#9897);
#9893 = LINE('',#9894,#9895);
#9894 = CARTESIAN_POINT('',(30.,0.));
#9895 = VECTOR('',#9896,1.);
#9896 = DIRECTION('',(0.,-1.));
#9897 = ( GEOMETRIC_REPRESENTATION_CONTEXT(2) 
PARAMETRIC_REPRESENTATION_CONTEXT() REPRESENTATION_CONTEXT('2D SPACE',''
  ) );
#9898 = PCURVE('',#1080,#9899);
#9899 = DEFINITIONAL_REPRESENTATION('',(#9900),#9904);
#9900 = LINE('',#9901,#9902);
#9901 = CARTESIAN_POINT('',(0.,0.));
#9902 = VECTOR('',#9903,1.);
#9903 = DIRECTION('',(0.,-1.));
#9904 = ( GEOMETRIC_REPRESENTATION_CONTEXT(2) 
PARAMETRIC_REPRESENTATION_CONTEXT() REPRESENTATION_CONTEXT('2D SPACE',''
  ) );
#9905 = ORIENTED_EDGE('',*,*,#1036,.F.);
#9906 = ADVANCED_FACE('',(#9907),#1136,.T.);
#9907 = FACE_BOUND('',#9908,.T.);
#9908 = EDGE_LOOP('',(#9909,#9930,#9931,#9932));
#9909 = ORIENTED_EDGE('',*,*,#9910,.T.);
#9910 = EDGE_CURVE('',#1093,#5496,#9911,.T.);
#9911 = SURFACE_CURVE('',#9912,(#9916,#9923),.PCURVE_S1.);
#9912 = LINE('',#9913,#9914);
#9913 = CARTESIAN_POINT('',(102.332437,-135.924784,0.));
#9914 = VECTOR('',#9915,1.);
#9915 = DIRECTION('',(0.,0.,1.));
#9916 = PCURVE('',#1136,#9917);
#9917 = DEFINITIONAL_REPRESENTATION('',(#9918),#9922);
#9918 = LINE('',#9919,#9920);
#9919 = CARTESIAN_POINT('',(0.,0.));
#9920 = VECTOR('',#9921,1.);
#9921 = DIRECTION('',(0.,-1.));
#9922 = ( GEOMETRIC_REPRESENTATION_CONTEXT(2) 
PARAMETRIC_REPRESENTATION_CONTEXT() REPRESENTATION_CONTEXT('2D SPACE',''
  ) );
#9923 = PCURVE('',#1108,#9924);
#9924 = DEFINITIONAL_REPRESENTATION('',(#9925),#9929);
#9925 = LINE('',#9926,#9927);
#9926 = CARTESIAN_POINT('',(0.336423318914,0.));
#9927 = VECTOR('',#9928,1.);
#9928 = DIRECTION('',(0.,-1.));
#9929 = ( GEOMETRIC_REPRESENTATION_CONTEXT(2) 
PARAMETRIC_REPRESENTATION_CONTEXT() REPRESENTATION_CONTEXT('2D SPACE',''
  ) );
#9930 = ORIENTED_EDGE('',*,*,#5518,.T.);
#9931 = ORIENTED_EDGE('',*,*,#9856,.F.);
#9932 = ORIENTED_EDGE('',*,*,#1120,.F.);
#9933 = ADVANCED_FACE('',(#9934),#1080,.T.);
#9934 = FACE_BOUND('',#9935,.T.);
#9935 = EDGE_LOOP('',(#9936,#9937,#9938,#9959));
#9936 = ORIENTED_EDGE('',*,*,#9885,.T.);
#9937 = ORIENTED_EDGE('',*,*,#5472,.T.);
#9938 = ORIENTED_EDGE('',*,*,#9939,.F.);
#9939 = EDGE_CURVE('',#1065,#5473,#9940,.T.);
#9940 = SURFACE_CURVE('',#9941,(#9945,#9952),.PCURVE_S1.);
#9941 = LINE('',#9942,#9943);
#9942 = CARTESIAN_POINT('',(102.664107,-135.981137,0.));
#9943 = VECTOR('',#9944,1.);
#9944 = DIRECTION('',(0.,0.,1.));
#9945 = PCURVE('',#1080,#9946);
#9946 = DEFINITIONAL_REPRESENTATION('',(#9947),#9951);
#9947 = LINE('',#9948,#9949);
#9948 = CARTESIAN_POINT('',(0.336422235023,0.));
#9949 = VECTOR('',#9950,1.);
#9950 = DIRECTION('',(0.,-1.));
#9951 = ( GEOMETRIC_REPRESENTATION_CONTEXT(2) 
PARAMETRIC_REPRESENTATION_CONTEXT() REPRESENTATION_CONTEXT('2D SPACE',''
  ) );
#9952 = PCURVE('',#1108,#9953);
#9953 = DEFINITIONAL_REPRESENTATION('',(#9954),#9958);
#9954 = LINE('',#9955,#9956);
#9955 = CARTESIAN_POINT('',(0.,0.));
#9956 = VECTOR('',#9957,1.);
#9957 = DIRECTION('',(0.,-1.));
#9958 = ( GEOMETRIC_REPRESENTATION_CONTEXT(2) 
PARAMETRIC_REPRESENTATION_CONTEXT() REPRESENTATION_CONTEXT('2D SPACE',''
  ) );
#9959 = ORIENTED_EDGE('',*,*,#1064,.F.);
#9960 = ADVANCED_FACE('',(#9961),#1108,.T.);
#9961 = FACE_BOUND('',#9962,.T.);
#9962 = EDGE_LOOP('',(#9963,#9964,#9965,#9966));
#9963 = ORIENTED_EDGE('',*,*,#9939,.T.);
#9964 = ORIENTED_EDGE('',*,*,#5495,.T.);
#9965 = ORIENTED_EDGE('',*,*,#9910,.F.);
#9966 = ORIENTED_EDGE('',*,*,#1092,.F.);
#9967 = ADVANCED_FACE('',(#9968),#1921,.F.);
#9968 = FACE_BOUND('',#9969,.F.);
#9969 = EDGE_LOOP('',(#9970,#9971,#9992,#9993));
#9970 = ORIENTED_EDGE('',*,*,#6163,.F.);
#9971 = ORIENTED_EDGE('',*,*,#9972,.F.);
#9972 = EDGE_CURVE('',#1901,#6164,#9973,.T.);
#9973 = SEAM_CURVE('',#9974,(#9978,#9985),.PCURVE_S1.);
#9974 = LINE('',#9975,#9976);
#9975 = CARTESIAN_POINT('',(134.85,-133.25,-1.E-02));
#9976 = VECTOR('',#9977,1.);
#9977 = DIRECTION('',(0.,0.,1.));
#9978 = PCURVE('',#1921,#9979);
#9979 = DEFINITIONAL_REPRESENTATION('',(#9980),#9984);
#9980 = LINE('',#9981,#9982);
#9981 = CARTESIAN_POINT('',(6.28318530718,-0.));
#9982 = VECTOR('',#9983,1.);
#9983 = DIRECTION('',(0.,1.));
#9984 = ( GEOMETRIC_REPRESENTATION_CONTEXT(2) 
PARAMETRIC_REPRESENTATION_CONTEXT() REPRESENTATION_CONTEXT('2D SPACE',''
  ) );
#9985 = PCURVE('',#1921,#9986);
#9986 = DEFINITIONAL_REPRESENTATION('',(#9987),#9991);
#9987 = LINE('',#9988,#9989);
#9988 = CARTESIAN_POINT('',(0.,-0.));
#9989 = VECTOR('',#9990,1.);
#9990 = DIRECTION('',(0.,1.));
#9991 = ( GEOMETRIC_REPRESENTATION_CONTEXT(2) 
PARAMETRIC_REPRESENTATION_CONTEXT() REPRESENTATION_CONTEXT('2D SPACE',''
  ) );
#9992 = ORIENTED_EDGE('',*,*,#1900,.T.);
#9993 = ORIENTED_EDGE('',*,*,#9972,.T.);
#9994 = ADVANCED_FACE('',(#9995),#1956,.F.);
#9995 = FACE_BOUND('',#9996,.F.);
#9996 = EDGE_LOOP('',(#9997,#9998,#10019,#10020));
#9997 = ORIENTED_EDGE('',*,*,#6193,.F.);
#9998 = ORIENTED_EDGE('',*,*,#9999,.F.);
#9999 = EDGE_CURVE('',#1936,#6194,#10000,.T.);
#10000 = SEAM_CURVE('',#10001,(#10005,#10012),.PCURVE_S1.);
#10001 = LINE('',#10002,#10003);
#10002 = CARTESIAN_POINT('',(134.325,-124.81,-1.E-02));
#10003 = VECTOR('',#10004,1.);
#10004 = DIRECTION('',(0.,0.,1.));
#10005 = PCURVE('',#1956,#10006);
#10006 = DEFINITIONAL_REPRESENTATION('',(#10007),#10011);
#10007 = LINE('',#10008,#10009);
#10008 = CARTESIAN_POINT('',(6.28318530718,-0.));
#10009 = VECTOR('',#10010,1.);
#10010 = DIRECTION('',(0.,1.));
#10011 = ( GEOMETRIC_REPRESENTATION_CONTEXT(2) 
PARAMETRIC_REPRESENTATION_CONTEXT() REPRESENTATION_CONTEXT('2D SPACE',''
  ) );
#10012 = PCURVE('',#1956,#10013);
#10013 = DEFINITIONAL_REPRESENTATION('',(#10014),#10018);
#10014 = LINE('',#10015,#10016);
#10015 = CARTESIAN_POINT('',(0.,-0.));
#10016 = VECTOR('',#10017,1.);
#10017 = DIRECTION('',(0.,1.));
#10018 = ( GEOMETRIC_REPRESENTATION_CONTEXT(2) 
PARAMETRIC_REPRESENTATION_CONTEXT() REPRESENTATION_CONTEXT('2D SPACE',''
  ) );
#10019 = ORIENTED_EDGE('',*,*,#1935,.T.);
#10020 = ORIENTED_EDGE('',*,*,#9999,.T.);
#10021 = ADVANCED_FACE('',(#10022),#1991,.F.);
#10022 = FACE_BOUND('',#10023,.F.);
#10023 = EDGE_LOOP('',(#10024,#10025,#10046,#10047));
#10024 = ORIENTED_EDGE('',*,*,#6223,.F.);
#10025 = ORIENTED_EDGE('',*,*,#10026,.F.);
#10026 = EDGE_CURVE('',#1971,#6224,#10027,.T.);
#10027 = SEAM_CURVE('',#10028,(#10032,#10039),.PCURVE_S1.);
#10028 = LINE('',#10029,#10030);
#10029 = CARTESIAN_POINT('',(134.325,-123.54,-1.E-02));
#10030 = VECTOR('',#10031,1.);
#10031 = DIRECTION('',(0.,0.,1.));
#10032 = PCURVE('',#1991,#10033);
#10033 = DEFINITIONAL_REPRESENTATION('',(#10034),#10038);
#10034 = LINE('',#10035,#10036);
#10035 = CARTESIAN_POINT('',(6.28318530718,-0.));
#10036 = VECTOR('',#10037,1.);
#10037 = DIRECTION('',(0.,1.));
#10038 = ( GEOMETRIC_REPRESENTATION_CONTEXT(2) 
PARAMETRIC_REPRESENTATION_CONTEXT() REPRESENTATION_CONTEXT('2D SPACE',''
  ) );
#10039 = PCURVE('',#1991,#10040);
#10040 = DEFINITIONAL_REPRESENTATION('',(#10041),#10045);
#10041 = LINE('',#10042,#10043);
#10042 = CARTESIAN_POINT('',(0.,-0.));
#10043 = VECTOR('',#10044,1.);
#10044 = DIRECTION('',(0.,1.));
#10045 = ( GEOMETRIC_REPRESENTATION_CONTEXT(2) 
PARAMETRIC_REPRESENTATION_CONTEXT() REPRESENTATION_CONTEXT('2D SPACE',''
  ) );
#10046 = ORIENTED_EDGE('',*,*,#1970,.T.);
#10047 = ORIENTED_EDGE('',*,*,#10026,.T.);
#10048 = ADVANCED_FACE('',(#10049),#2026,.F.);
#10049 = FACE_BOUND('',#10050,.F.);
#10050 = EDGE_LOOP('',(#10051,#10052,#10073,#10074));
#10051 = ORIENTED_EDGE('',*,*,#6253,.F.);
#10052 = ORIENTED_EDGE('',*,*,#10053,.F.);
#10053 = EDGE_CURVE('',#2006,#6254,#10054,.T.);
#10054 = SEAM_CURVE('',#10055,(#10059,#10066),.PCURVE_S1.);
#10055 = LINE('',#10056,#10057);
#10056 = CARTESIAN_POINT('',(134.325,-122.27,-1.E-02));
#10057 = VECTOR('',#10058,1.);
#10058 = DIRECTION('',(0.,0.,1.));
#10059 = PCURVE('',#2026,#10060);
#10060 = DEFINITIONAL_REPRESENTATION('',(#10061),#10065);
#10061 = LINE('',#10062,#10063);
#10062 = CARTESIAN_POINT('',(6.28318530718,-0.));
#10063 = VECTOR('',#10064,1.);
#10064 = DIRECTION('',(0.,1.));
#10065 = ( GEOMETRIC_REPRESENTATION_CONTEXT(2) 
PARAMETRIC_REPRESENTATION_CONTEXT() REPRESENTATION_CONTEXT('2D SPACE',''
  ) );
#10066 = PCURVE('',#2026,#10067);
#10067 = DEFINITIONAL_REPRESENTATION('',(#10068),#10072);
#10068 = LINE('',#10069,#10070);
#10069 = CARTESIAN_POINT('',(0.,-0.));
#10070 = VECTOR('',#10071,1.);
#10071 = DIRECTION('',(0.,1.));
#10072 = ( GEOMETRIC_REPRESENTATION_CONTEXT(2) 
PARAMETRIC_REPRESENTATION_CONTEXT() REPRESENTATION_CONTEXT('2D SPACE',''
  ) );
#10073 = ORIENTED_EDGE('',*,*,#2005,.T.);
#10074 = ORIENTED_EDGE('',*,*,#10053,.T.);
#10075 = ADVANCED_FACE('',(#10076),#2061,.F.);
#10076 = FACE_BOUND('',#10077,.F.);
#10077 = EDGE_LOOP('',(#10078,#10079,#10100,#10101));
#10078 = ORIENTED_EDGE('',*,*,#6283,.F.);
#10079 = ORIENTED_EDGE('',*,*,#10080,.F.);
#10080 = EDGE_CURVE('',#2041,#6284,#10081,.T.);
#10081 = SEAM_CURVE('',#10082,(#10086,#10093),.PCURVE_S1.);
#10082 = LINE('',#10083,#10084);
#10083 = CARTESIAN_POINT('',(134.325,-121.,-1.E-02));
#10084 = VECTOR('',#10085,1.);
#10085 = DIRECTION('',(0.,0.,1.));
#10086 = PCURVE('',#2061,#10087);
#10087 = DEFINITIONAL_REPRESENTATION('',(#10088),#10092);
#10088 = LINE('',#10089,#10090);
#10089 = CARTESIAN_POINT('',(6.28318530718,-0.));
#10090 = VECTOR('',#10091,1.);
#10091 = DIRECTION('',(0.,1.));
#10092 = ( GEOMETRIC_REPRESENTATION_CONTEXT(2) 
PARAMETRIC_REPRESENTATION_CONTEXT() REPRESENTATION_CONTEXT('2D SPACE',''
  ) );
#10093 = PCURVE('',#2061,#10094);
#10094 = DEFINITIONAL_REPRESENTATION('',(#10095),#10099);
#10095 = LINE('',#10096,#10097);
#10096 = CARTESIAN_POINT('',(0.,-0.));
#10097 = VECTOR('',#10098,1.);
#10098 = DIRECTION('',(0.,1.));
#10099 = ( GEOMETRIC_REPRESENTATION_CONTEXT(2) 
PARAMETRIC_REPRESENTATION_CONTEXT() REPRESENTATION_CONTEXT('2D SPACE',''
  ) );
#10100 = ORIENTED_EDGE('',*,*,#2040,.T.);
#10101 = ORIENTED_EDGE('',*,*,#10080,.T.);
#10102 = ADVANCED_FACE('',(#10103),#2096,.F.);
#10103 = FACE_BOUND('',#10104,.F.);
#10104 = EDGE_LOOP('',(#10105,#10106,#10127,#10128));
#10105 = ORIENTED_EDGE('',*,*,#6313,.F.);
#10106 = ORIENTED_EDGE('',*,*,#10107,.F.);
#10107 = EDGE_CURVE('',#2076,#6314,#10108,.T.);
#10108 = SEAM_CURVE('',#10109,(#10113,#10120),.PCURVE_S1.);
#10109 = LINE('',#10110,#10111);
#10110 = CARTESIAN_POINT('',(115.55,-133.,-1.E-02));
#10111 = VECTOR('',#10112,1.);
#10112 = DIRECTION('',(0.,0.,1.));
#10113 = PCURVE('',#2096,#10114);
#10114 = DEFINITIONAL_REPRESENTATION('',(#10115),#10119);
#10115 = LINE('',#10116,#10117);
#10116 = CARTESIAN_POINT('',(6.28318530718,-0.));
#10117 = VECTOR('',#10118,1.);
#10118 = DIRECTION('',(0.,1.));
#10119 = ( GEOMETRIC_REPRESENTATION_CONTEXT(2) 
PARAMETRIC_REPRESENTATION_CONTEXT() REPRESENTATION_CONTEXT('2D SPACE',''
  ) );
#10120 = PCURVE('',#2096,#10121);
#10121 = DEFINITIONAL_REPRESENTATION('',(#10122),#10126);
#10122 = LINE('',#10123,#10124);
#10123 = CARTESIAN_POINT('',(0.,-0.));
#10124 = VECTOR('',#10125,1.);
#10125 = DIRECTION('',(0.,1.));
#10126 = ( GEOMETRIC_REPRESENTATION_CONTEXT(2) 
PARAMETRIC_REPRESENTATION_CONTEXT() REPRESENTATION_CONTEXT('2D SPACE',''
  ) );
#10127 = ORIENTED_EDGE('',*,*,#2075,.T.);
#10128 = ORIENTED_EDGE('',*,*,#10107,.T.);
#10129 = ADVANCED_FACE('',(#10130),#2131,.F.);
#10130 = FACE_BOUND('',#10131,.F.);
#10131 = EDGE_LOOP('',(#10132,#10133,#10154,#10155));
#10132 = ORIENTED_EDGE('',*,*,#6343,.F.);
#10133 = ORIENTED_EDGE('',*,*,#10134,.F.);
#10134 = EDGE_CURVE('',#2111,#6344,#10135,.T.);
#10135 = SEAM_CURVE('',#10136,(#10140,#10147),.PCURVE_S1.);
#10136 = LINE('',#10137,#10138);
#10137 = CARTESIAN_POINT('',(109.55,-133.,-1.E-02));
#10138 = VECTOR('',#10139,1.);
#10139 = DIRECTION('',(0.,0.,1.));
#10140 = PCURVE('',#2131,#10141);
#10141 = DEFINITIONAL_REPRESENTATION('',(#10142),#10146);
#10142 = LINE('',#10143,#10144);
#10143 = CARTESIAN_POINT('',(6.28318530718,-0.));
#10144 = VECTOR('',#10145,1.);
#10145 = DIRECTION('',(0.,1.));
#10146 = ( GEOMETRIC_REPRESENTATION_CONTEXT(2) 
PARAMETRIC_REPRESENTATION_CONTEXT() REPRESENTATION_CONTEXT('2D SPACE',''
  ) );
#10147 = PCURVE('',#2131,#10148);
#10148 = DEFINITIONAL_REPRESENTATION('',(#10149),#10153);
#10149 = LINE('',#10150,#10151);
#10150 = CARTESIAN_POINT('',(0.,-0.));
#10151 = VECTOR('',#10152,1.);
#10152 = DIRECTION('',(0.,1.));
#10153 = ( GEOMETRIC_REPRESENTATION_CONTEXT(2) 
PARAMETRIC_REPRESENTATION_CONTEXT() REPRESENTATION_CONTEXT('2D SPACE',''
  ) );
#10154 = ORIENTED_EDGE('',*,*,#2110,.T.);
#10155 = ORIENTED_EDGE('',*,*,#10134,.T.);
#10156 = ADVANCED_FACE('',(#10157),#2166,.F.);
#10157 = FACE_BOUND('',#10158,.F.);
#10158 = EDGE_LOOP('',(#10159,#10160,#10181,#10182));
#10159 = ORIENTED_EDGE('',*,*,#6373,.F.);
#10160 = ORIENTED_EDGE('',*,*,#10161,.F.);
#10161 = EDGE_CURVE('',#2146,#6374,#10162,.T.);
#10162 = SEAM_CURVE('',#10163,(#10167,#10174),.PCURVE_S1.);
#10163 = LINE('',#10164,#10165);
#10164 = CARTESIAN_POINT('',(104.35,-133.25,-1.E-02));
#10165 = VECTOR('',#10166,1.);
#10166 = DIRECTION('',(0.,0.,1.));
#10167 = PCURVE('',#2166,#10168);
#10168 = DEFINITIONAL_REPRESENTATION('',(#10169),#10173);
#10169 = LINE('',#10170,#10171);
#10170 = CARTESIAN_POINT('',(6.28318530718,-0.));
#10171 = VECTOR('',#10172,1.);
#10172 = DIRECTION('',(0.,1.));
#10173 = ( GEOMETRIC_REPRESENTATION_CONTEXT(2) 
PARAMETRIC_REPRESENTATION_CONTEXT() REPRESENTATION_CONTEXT('2D SPACE',''
  ) );
#10174 = PCURVE('',#2166,#10175);
#10175 = DEFINITIONAL_REPRESENTATION('',(#10176),#10180);
#10176 = LINE('',#10177,#10178);
#10177 = CARTESIAN_POINT('',(0.,-0.));
#10178 = VECTOR('',#10179,1.);
#10179 = DIRECTION('',(0.,1.));
#10180 = ( GEOMETRIC_REPRESENTATION_CONTEXT(2) 
PARAMETRIC_REPRESENTATION_CONTEXT() REPRESENTATION_CONTEXT('2D SPACE',''
  ) );
#10181 = ORIENTED_EDGE('',*,*,#2145,.T.);
#10182 = ORIENTED_EDGE('',*,*,#10161,.T.);
#10183 = ADVANCED_FACE('',(#10184),#2201,.F.);
#10184 = FACE_BOUND('',#10185,.F.);
#10185 = EDGE_LOOP('',(#10186,#10187,#10208,#10209));
#10186 = ORIENTED_EDGE('',*,*,#6403,.F.);
#10187 = ORIENTED_EDGE('',*,*,#10188,.F.);
#10188 = EDGE_CURVE('',#2181,#6404,#10189,.T.);
#10189 = SEAM_CURVE('',#10190,(#10194,#10201),.PCURVE_S1.);
#10190 = LINE('',#10191,#10192);
#10191 = CARTESIAN_POINT('',(108.45,-120.1,-1.E-02));
#10192 = VECTOR('',#10193,1.);
#10193 = DIRECTION('',(0.,0.,1.));
#10194 = PCURVE('',#2201,#10195);
#10195 = DEFINITIONAL_REPRESENTATION('',(#10196),#10200);
#10196 = LINE('',#10197,#10198);
#10197 = CARTESIAN_POINT('',(6.28318530718,-0.));
#10198 = VECTOR('',#10199,1.);
#10199 = DIRECTION('',(0.,1.));
#10200 = ( GEOMETRIC_REPRESENTATION_CONTEXT(2) 
PARAMETRIC_REPRESENTATION_CONTEXT() REPRESENTATION_CONTEXT('2D SPACE',''
  ) );
#10201 = PCURVE('',#2201,#10202);
#10202 = DEFINITIONAL_REPRESENTATION('',(#10203),#10207);
#10203 = LINE('',#10204,#10205);
#10204 = CARTESIAN_POINT('',(0.,-0.));
#10205 = VECTOR('',#10206,1.);
#10206 = DIRECTION('',(0.,1.));
#10207 = ( GEOMETRIC_REPRESENTATION_CONTEXT(2) 
PARAMETRIC_REPRESENTATION_CONTEXT() REPRESENTATION_CONTEXT('2D SPACE',''
  ) );
#10208 = ORIENTED_EDGE('',*,*,#2180,.T.);
#10209 = ORIENTED_EDGE('',*,*,#10188,.T.);
#10210 = ADVANCED_FACE('',(#10211),#2236,.F.);
#10211 = FACE_BOUND('',#10212,.F.);
#10212 = EDGE_LOOP('',(#10213,#10214,#10235,#10236));
#10213 = ORIENTED_EDGE('',*,*,#6433,.F.);
#10214 = ORIENTED_EDGE('',*,*,#10215,.F.);
#10215 = EDGE_CURVE('',#2216,#6434,#10216,.T.);
#10216 = SEAM_CURVE('',#10217,(#10221,#10228),.PCURVE_S1.);
#10217 = LINE('',#10218,#10219);
#10218 = CARTESIAN_POINT('',(107.25,-120.1,-1.E-02));
#10219 = VECTOR('',#10220,1.);
#10220 = DIRECTION('',(0.,0.,1.));
#10221 = PCURVE('',#2236,#10222);
#10222 = DEFINITIONAL_REPRESENTATION('',(#10223),#10227);
#10223 = LINE('',#10224,#10225);
#10224 = CARTESIAN_POINT('',(6.28318530718,-0.));
#10225 = VECTOR('',#10226,1.);
#10226 = DIRECTION('',(0.,1.));
#10227 = ( GEOMETRIC_REPRESENTATION_CONTEXT(2) 
PARAMETRIC_REPRESENTATION_CONTEXT() REPRESENTATION_CONTEXT('2D SPACE',''
  ) );
#10228 = PCURVE('',#2236,#10229);
#10229 = DEFINITIONAL_REPRESENTATION('',(#10230),#10234);
#10230 = LINE('',#10231,#10232);
#10231 = CARTESIAN_POINT('',(0.,-0.));
#10232 = VECTOR('',#10233,1.);
#10233 = DIRECTION('',(0.,1.));
#10234 = ( GEOMETRIC_REPRESENTATION_CONTEXT(2) 
PARAMETRIC_REPRESENTATION_CONTEXT() REPRESENTATION_CONTEXT('2D SPACE',''
  ) );
#10235 = ORIENTED_EDGE('',*,*,#2215,.T.);
#10236 = ORIENTED_EDGE('',*,*,#10215,.T.);
#10237 = ADVANCED_FACE('',(#10238),#2271,.F.);
#10238 = FACE_BOUND('',#10239,.F.);
#10239 = EDGE_LOOP('',(#10240,#10241,#10262,#10263));
#10240 = ORIENTED_EDGE('',*,*,#6463,.F.);
#10241 = ORIENTED_EDGE('',*,*,#10242,.F.);
#10242 = EDGE_CURVE('',#2251,#6464,#10243,.T.);
#10243 = SEAM_CURVE('',#10244,(#10248,#10255),.PCURVE_S1.);
#10244 = LINE('',#10245,#10246);
#10245 = CARTESIAN_POINT('',(105.95,-120.1,-1.E-02));
#10246 = VECTOR('',#10247,1.);
#10247 = DIRECTION('',(0.,0.,1.));
#10248 = PCURVE('',#2271,#10249);
#10249 = DEFINITIONAL_REPRESENTATION('',(#10250),#10254);
#10250 = LINE('',#10251,#10252);
#10251 = CARTESIAN_POINT('',(6.28318530718,-0.));
#10252 = VECTOR('',#10253,1.);
#10253 = DIRECTION('',(0.,1.));
#10254 = ( GEOMETRIC_REPRESENTATION_CONTEXT(2) 
PARAMETRIC_REPRESENTATION_CONTEXT() REPRESENTATION_CONTEXT('2D SPACE',''
  ) );
#10255 = PCURVE('',#2271,#10256);
#10256 = DEFINITIONAL_REPRESENTATION('',(#10257),#10261);
#10257 = LINE('',#10258,#10259);
#10258 = CARTESIAN_POINT('',(0.,-0.));
#10259 = VECTOR('',#10260,1.);
#10260 = DIRECTION('',(0.,1.));
#10261 = ( GEOMETRIC_REPRESENTATION_CONTEXT(2) 
PARAMETRIC_REPRESENTATION_CONTEXT() REPRESENTATION_CONTEXT('2D SPACE',''
  ) );
#10262 = ORIENTED_EDGE('',*,*,#2250,.T.);
#10263 = ORIENTED_EDGE('',*,*,#10242,.T.);
#10264 = ADVANCED_FACE('',(#10265),#2306,.F.);
#10265 = FACE_BOUND('',#10266,.F.);
#10266 = EDGE_LOOP('',(#10267,#10268,#10289,#10290));
#10267 = ORIENTED_EDGE('',*,*,#6493,.F.);
#10268 = ORIENTED_EDGE('',*,*,#10269,.F.);
#10269 = EDGE_CURVE('',#2286,#6494,#10270,.T.);
#10270 = SEAM_CURVE('',#10271,(#10275,#10282),.PCURVE_S1.);
#10271 = LINE('',#10272,#10273);
#10272 = CARTESIAN_POINT('',(108.45,-118.9,-1.E-02));
#10273 = VECTOR('',#10274,1.);
#10274 = DIRECTION('',(0.,0.,1.));
#10275 = PCURVE('',#2306,#10276);
#10276 = DEFINITIONAL_REPRESENTATION('',(#10277),#10281);
#10277 = LINE('',#10278,#10279);
#10278 = CARTESIAN_POINT('',(6.28318530718,-0.));
#10279 = VECTOR('',#10280,1.);
#10280 = DIRECTION('',(0.,1.));
#10281 = ( GEOMETRIC_REPRESENTATION_CONTEXT(2) 
PARAMETRIC_REPRESENTATION_CONTEXT() REPRESENTATION_CONTEXT('2D SPACE',''
  ) );
#10282 = PCURVE('',#2306,#10283);
#10283 = DEFINITIONAL_REPRESENTATION('',(#10284),#10288);
#10284 = LINE('',#10285,#10286);
#10285 = CARTESIAN_POINT('',(0.,-0.));
#10286 = VECTOR('',#10287,1.);
#10287 = DIRECTION('',(0.,1.));
#10288 = ( GEOMETRIC_REPRESENTATION_CONTEXT(2) 
PARAMETRIC_REPRESENTATION_CONTEXT() REPRESENTATION_CONTEXT('2D SPACE',''
  ) );
#10289 = ORIENTED_EDGE('',*,*,#2285,.T.);
#10290 = ORIENTED_EDGE('',*,*,#10269,.T.);
#10291 = ADVANCED_FACE('',(#10292),#2341,.F.);
#10292 = FACE_BOUND('',#10293,.F.);
#10293 = EDGE_LOOP('',(#10294,#10295,#10316,#10317));
#10294 = ORIENTED_EDGE('',*,*,#6523,.F.);
#10295 = ORIENTED_EDGE('',*,*,#10296,.F.);
#10296 = EDGE_CURVE('',#2321,#6524,#10297,.T.);
#10297 = SEAM_CURVE('',#10298,(#10302,#10309),.PCURVE_S1.);
#10298 = LINE('',#10299,#10300);
#10299 = CARTESIAN_POINT('',(107.25,-118.9,-1.E-02));
#10300 = VECTOR('',#10301,1.);
#10301 = DIRECTION('',(0.,0.,1.));
#10302 = PCURVE('',#2341,#10303);
#10303 = DEFINITIONAL_REPRESENTATION('',(#10304),#10308);
#10304 = LINE('',#10305,#10306);
#10305 = CARTESIAN_POINT('',(6.28318530718,-0.));
#10306 = VECTOR('',#10307,1.);
#10307 = DIRECTION('',(0.,1.));
#10308 = ( GEOMETRIC_REPRESENTATION_CONTEXT(2) 
PARAMETRIC_REPRESENTATION_CONTEXT() REPRESENTATION_CONTEXT('2D SPACE',''
  ) );
#10309 = PCURVE('',#2341,#10310);
#10310 = DEFINITIONAL_REPRESENTATION('',(#10311),#10315);
#10311 = LINE('',#10312,#10313);
#10312 = CARTESIAN_POINT('',(0.,-0.));
#10313 = VECTOR('',#10314,1.);
#10314 = DIRECTION('',(0.,1.));
#10315 = ( GEOMETRIC_REPRESENTATION_CONTEXT(2) 
PARAMETRIC_REPRESENTATION_CONTEXT() REPRESENTATION_CONTEXT('2D SPACE',''
  ) );
#10316 = ORIENTED_EDGE('',*,*,#2320,.T.);
#10317 = ORIENTED_EDGE('',*,*,#10296,.T.);
#10318 = ADVANCED_FACE('',(#10319),#2376,.F.);
#10319 = FACE_BOUND('',#10320,.F.);
#10320 = EDGE_LOOP('',(#10321,#10322,#10343,#10344));
#10321 = ORIENTED_EDGE('',*,*,#6553,.F.);
#10322 = ORIENTED_EDGE('',*,*,#10323,.F.);
#10323 = EDGE_CURVE('',#2356,#6554,#10324,.T.);
#10324 = SEAM_CURVE('',#10325,(#10329,#10336),.PCURVE_S1.);
#10325 = LINE('',#10326,#10327);
#10326 = CARTESIAN_POINT('',(105.95,-118.9,-1.E-02));
#10327 = VECTOR('',#10328,1.);
#10328 = DIRECTION('',(0.,0.,1.));
#10329 = PCURVE('',#2376,#10330);
#10330 = DEFINITIONAL_REPRESENTATION('',(#10331),#10335);
#10331 = LINE('',#10332,#10333);
#10332 = CARTESIAN_POINT('',(6.28318530718,-0.));
#10333 = VECTOR('',#10334,1.);
#10334 = DIRECTION('',(0.,1.));
#10335 = ( GEOMETRIC_REPRESENTATION_CONTEXT(2) 
PARAMETRIC_REPRESENTATION_CONTEXT() REPRESENTATION_CONTEXT('2D SPACE',''
  ) );
#10336 = PCURVE('',#2376,#10337);
#10337 = DEFINITIONAL_REPRESENTATION('',(#10338),#10342);
#10338 = LINE('',#10339,#10340);
#10339 = CARTESIAN_POINT('',(0.,-0.));
#10340 = VECTOR('',#10341,1.);
#10341 = DIRECTION('',(0.,1.));
#10342 = ( GEOMETRIC_REPRESENTATION_CONTEXT(2) 
PARAMETRIC_REPRESENTATION_CONTEXT() REPRESENTATION_CONTEXT('2D SPACE',''
  ) );
#10343 = ORIENTED_EDGE('',*,*,#2355,.T.);
#10344 = ORIENTED_EDGE('',*,*,#10323,.T.);
#10345 = ADVANCED_FACE('',(#10346),#2411,.F.);
#10346 = FACE_BOUND('',#10347,.F.);
#10347 = EDGE_LOOP('',(#10348,#10349,#10370,#10371));
#10348 = ORIENTED_EDGE('',*,*,#6583,.F.);
#10349 = ORIENTED_EDGE('',*,*,#10350,.F.);
#10350 = EDGE_CURVE('',#2391,#6584,#10351,.T.);
#10351 = SEAM_CURVE('',#10352,(#10356,#10363),.PCURVE_S1.);
#10352 = LINE('',#10353,#10354);
#10353 = CARTESIAN_POINT('',(104.85,-120.1,-1.E-02));
#10354 = VECTOR('',#10355,1.);
#10355 = DIRECTION('',(0.,0.,1.));
#10356 = PCURVE('',#2411,#10357);
#10357 = DEFINITIONAL_REPRESENTATION('',(#10358),#10362);
#10358 = LINE('',#10359,#10360);
#10359 = CARTESIAN_POINT('',(6.28318530718,-0.));
#10360 = VECTOR('',#10361,1.);
#10361 = DIRECTION('',(0.,1.));
#10362 = ( GEOMETRIC_REPRESENTATION_CONTEXT(2) 
PARAMETRIC_REPRESENTATION_CONTEXT() REPRESENTATION_CONTEXT('2D SPACE',''
  ) );
#10363 = PCURVE('',#2411,#10364);
#10364 = DEFINITIONAL_REPRESENTATION('',(#10365),#10369);
#10365 = LINE('',#10366,#10367);
#10366 = CARTESIAN_POINT('',(0.,-0.));
#10367 = VECTOR('',#10368,1.);
#10368 = DIRECTION('',(0.,1.));
#10369 = ( GEOMETRIC_REPRESENTATION_CONTEXT(2) 
PARAMETRIC_REPRESENTATION_CONTEXT() REPRESENTATION_CONTEXT('2D SPACE',''
  ) );
#10370 = ORIENTED_EDGE('',*,*,#2390,.T.);
#10371 = ORIENTED_EDGE('',*,*,#10350,.T.);
#10372 = ADVANCED_FACE('',(#10373),#2446,.F.);
#10373 = FACE_BOUND('',#10374,.F.);
#10374 = EDGE_LOOP('',(#10375,#10376,#10397,#10398));
#10375 = ORIENTED_EDGE('',*,*,#6613,.F.);
#10376 = ORIENTED_EDGE('',*,*,#10377,.F.);
#10377 = EDGE_CURVE('',#2426,#6614,#10378,.T.);
#10378 = SEAM_CURVE('',#10379,(#10383,#10390),.PCURVE_S1.);
#10379 = LINE('',#10380,#10381);
#10380 = CARTESIAN_POINT('',(104.85,-118.9,-1.E-02));
#10381 = VECTOR('',#10382,1.);
#10382 = DIRECTION('',(0.,0.,1.));
#10383 = PCURVE('',#2446,#10384);
#10384 = DEFINITIONAL_REPRESENTATION('',(#10385),#10389);
#10385 = LINE('',#10386,#10387);
#10386 = CARTESIAN_POINT('',(6.28318530718,-0.));
#10387 = VECTOR('',#10388,1.);
#10388 = DIRECTION('',(0.,1.));
#10389 = ( GEOMETRIC_REPRESENTATION_CONTEXT(2) 
PARAMETRIC_REPRESENTATION_CONTEXT() REPRESENTATION_CONTEXT('2D SPACE',''
  ) );
#10390 = PCURVE('',#2446,#10391);
#10391 = DEFINITIONAL_REPRESENTATION('',(#10392),#10396);
#10392 = LINE('',#10393,#10394);
#10393 = CARTESIAN_POINT('',(0.,-0.));
#10394 = VECTOR('',#10395,1.);
#10395 = DIRECTION('',(0.,1.));
#10396 = ( GEOMETRIC_REPRESENTATION_CONTEXT(2) 
PARAMETRIC_REPRESENTATION_CONTEXT() REPRESENTATION_CONTEXT('2D SPACE',''
  ) );
#10397 = ORIENTED_EDGE('',*,*,#2425,.T.);
#10398 = ORIENTED_EDGE('',*,*,#10377,.T.);
#10399 = ADVANCED_FACE('',(#10400),#2481,.F.);
#10400 = FACE_BOUND('',#10401,.F.);
#10401 = EDGE_LOOP('',(#10402,#10403,#10424,#10425));
#10402 = ORIENTED_EDGE('',*,*,#6643,.F.);
#10403 = ORIENTED_EDGE('',*,*,#10404,.F.);
#10404 = EDGE_CURVE('',#2461,#6644,#10405,.T.);
#10405 = SEAM_CURVE('',#10406,(#10410,#10417),.PCURVE_S1.);
#10406 = LINE('',#10407,#10408);
#10407 = CARTESIAN_POINT('',(134.85,-102.75,-1.E-02));
#10408 = VECTOR('',#10409,1.);
#10409 = DIRECTION('',(0.,0.,1.));
#10410 = PCURVE('',#2481,#10411);
#10411 = DEFINITIONAL_REPRESENTATION('',(#10412),#10416);
#10412 = LINE('',#10413,#10414);
#10413 = CARTESIAN_POINT('',(6.28318530718,-0.));
#10414 = VECTOR('',#10415,1.);
#10415 = DIRECTION('',(0.,1.));
#10416 = ( GEOMETRIC_REPRESENTATION_CONTEXT(2) 
PARAMETRIC_REPRESENTATION_CONTEXT() REPRESENTATION_CONTEXT('2D SPACE',''
  ) );
#10417 = PCURVE('',#2481,#10418);
#10418 = DEFINITIONAL_REPRESENTATION('',(#10419),#10423);
#10419 = LINE('',#10420,#10421);
#10420 = CARTESIAN_POINT('',(0.,-0.));
#10421 = VECTOR('',#10422,1.);
#10422 = DIRECTION('',(0.,1.));
#10423 = ( GEOMETRIC_REPRESENTATION_CONTEXT(2) 
PARAMETRIC_REPRESENTATION_CONTEXT() REPRESENTATION_CONTEXT('2D SPACE',''
  ) );
#10424 = ORIENTED_EDGE('',*,*,#2460,.T.);
#10425 = ORIENTED_EDGE('',*,*,#10404,.T.);
#10426 = ADVANCED_FACE('',(#10427),#2513,.F.);
#10427 = FACE_BOUND('',#10428,.F.);
#10428 = EDGE_LOOP('',(#10429,#10430,#10451,#10452));
#10429 = ORIENTED_EDGE('',*,*,#2495,.F.);
#10430 = ORIENTED_EDGE('',*,*,#10431,.T.);
#10431 = EDGE_CURVE('',#2496,#6674,#10432,.T.);
#10432 = SURFACE_CURVE('',#10433,(#10437,#10444),.PCURVE_S1.);
#10433 = LINE('',#10434,#10435);
#10434 = CARTESIAN_POINT('',(123.525108,-104.999875,0.));
#10435 = VECTOR('',#10436,1.);
#10436 = DIRECTION('',(0.,0.,1.));
#10437 = PCURVE('',#2513,#10438);
#10438 = DEFINITIONAL_REPRESENTATION('',(#10439),#10443);
#10439 = LINE('',#10440,#10441);
#10440 = CARTESIAN_POINT('',(0.,0.));
#10441 = VECTOR('',#10442,1.);
#10442 = DIRECTION('',(0.,-1.));
#10443 = ( GEOMETRIC_REPRESENTATION_CONTEXT(2) 
PARAMETRIC_REPRESENTATION_CONTEXT() REPRESENTATION_CONTEXT('2D SPACE',''
  ) );
#10444 = PCURVE('',#2541,#10445);
#10445 = DEFINITIONAL_REPRESENTATION('',(#10446),#10450);
#10446 = LINE('',#10447,#10448);
#10447 = CARTESIAN_POINT('',(5.536115324847E-02,0.));
#10448 = VECTOR('',#10449,1.);
#10449 = DIRECTION('',(0.,-1.));
#10450 = ( GEOMETRIC_REPRESENTATION_CONTEXT(2) 
PARAMETRIC_REPRESENTATION_CONTEXT() REPRESENTATION_CONTEXT('2D SPACE',''
  ) );
#10451 = ORIENTED_EDGE('',*,*,#6673,.T.);
#10452 = ORIENTED_EDGE('',*,*,#10453,.F.);
#10453 = EDGE_CURVE('',#2498,#6676,#10454,.T.);
#10454 = SURFACE_CURVE('',#10455,(#10459,#10466),.PCURVE_S1.);
#10455 = LINE('',#10456,#10457);
#10456 = CARTESIAN_POINT('',(123.564935,-104.89707,0.));
#10457 = VECTOR('',#10458,1.);
#10458 = DIRECTION('',(0.,0.,1.));
#10459 = PCURVE('',#2513,#10460);
#10460 = DEFINITIONAL_REPRESENTATION('',(#10461),#10465);
#10461 = LINE('',#10462,#10463);
#10462 = CARTESIAN_POINT('',(0.110249979383,0.));
#10463 = VECTOR('',#10464,1.);
#10464 = DIRECTION('',(0.,-1.));
#10465 = ( GEOMETRIC_REPRESENTATION_CONTEXT(2) 
PARAMETRIC_REPRESENTATION_CONTEXT() REPRESENTATION_CONTEXT('2D SPACE',''
  ) );
#10466 = PCURVE('',#3043,#10467);
#10467 = DEFINITIONAL_REPRESENTATION('',(#10468),#10472);
#10468 = LINE('',#10469,#10470);
#10469 = CARTESIAN_POINT('',(0.,0.));
#10470 = VECTOR('',#10471,1.);
#10471 = DIRECTION('',(0.,-1.));
#10472 = ( GEOMETRIC_REPRESENTATION_CONTEXT(2) 
PARAMETRIC_REPRESENTATION_CONTEXT() REPRESENTATION_CONTEXT('2D SPACE',''
  ) );
#10473 = ADVANCED_FACE('',(#10474),#3043,.F.);
#10474 = FACE_BOUND('',#10475,.F.);
#10475 = EDGE_LOOP('',(#10476,#10477,#10478,#10479));
#10476 = ORIENTED_EDGE('',*,*,#3029,.F.);
#10477 = ORIENTED_EDGE('',*,*,#10453,.T.);
#10478 = ORIENTED_EDGE('',*,*,#7074,.T.);
#10479 = ORIENTED_EDGE('',*,*,#10480,.F.);
#10480 = EDGE_CURVE('',#3002,#7054,#10481,.T.);
#10481 = SURFACE_CURVE('',#10482,(#10486,#10493),.PCURVE_S1.);
#10482 = LINE('',#10483,#10484);
#10483 = CARTESIAN_POINT('',(123.63921,-104.815595,0.));
#10484 = VECTOR('',#10485,1.);
#10485 = DIRECTION('',(0.,0.,1.));
#10486 = PCURVE('',#3043,#10487);
#10487 = DEFINITIONAL_REPRESENTATION('',(#10488),#10492);
#10488 = LINE('',#10489,#10490);
#10489 = CARTESIAN_POINT('',(0.110249495464,0.));
#10490 = VECTOR('',#10491,1.);
#10491 = DIRECTION('',(0.,-1.));
#10492 = ( GEOMETRIC_REPRESENTATION_CONTEXT(2) 
PARAMETRIC_REPRESENTATION_CONTEXT() REPRESENTATION_CONTEXT('2D SPACE',''
  ) );
#10493 = PCURVE('',#3017,#10494);
#10494 = DEFINITIONAL_REPRESENTATION('',(#10495),#10499);
#10495 = LINE('',#10496,#10497);
#10496 = CARTESIAN_POINT('',(0.,0.));
#10497 = VECTOR('',#10498,1.);
#10498 = DIRECTION('',(0.,-1.));
#10499 = ( GEOMETRIC_REPRESENTATION_CONTEXT(2) 
PARAMETRIC_REPRESENTATION_CONTEXT() REPRESENTATION_CONTEXT('2D SPACE',''
  ) );
#10500 = ADVANCED_FACE('',(#10501),#3017,.F.);
#10501 = FACE_BOUND('',#10502,.F.);
#10502 = EDGE_LOOP('',(#10503,#10504,#10505,#10506));
#10503 = ORIENTED_EDGE('',*,*,#3001,.F.);
#10504 = ORIENTED_EDGE('',*,*,#10480,.T.);
#10505 = ORIENTED_EDGE('',*,*,#7053,.T.);
#10506 = ORIENTED_EDGE('',*,*,#10507,.F.);
#10507 = EDGE_CURVE('',#2974,#7033,#10508,.T.);
#10508 = SURFACE_CURVE('',#10509,(#10513,#10520),.PCURVE_S1.);
#10509 = LINE('',#10510,#10511);
#10510 = CARTESIAN_POINT('',(123.737901,-104.766452,0.));
#10511 = VECTOR('',#10512,1.);
#10512 = DIRECTION('',(0.,0.,1.));
#10513 = PCURVE('',#3017,#10514);
#10514 = DEFINITIONAL_REPRESENTATION('',(#10515),#10519);
#10515 = LINE('',#10516,#10517);
#10516 = CARTESIAN_POINT('',(0.110249480407,0.));
#10517 = VECTOR('',#10518,1.);
#10518 = DIRECTION('',(0.,-1.));
#10519 = ( GEOMETRIC_REPRESENTATION_CONTEXT(2) 
PARAMETRIC_REPRESENTATION_CONTEXT() REPRESENTATION_CONTEXT('2D SPACE',''
  ) );
#10520 = PCURVE('',#2989,#10521);
#10521 = DEFINITIONAL_REPRESENTATION('',(#10522),#10526);
#10522 = LINE('',#10523,#10524);
#10523 = CARTESIAN_POINT('',(0.,0.));
#10524 = VECTOR('',#10525,1.);
#10525 = DIRECTION('',(0.,-1.));
#10526 = ( GEOMETRIC_REPRESENTATION_CONTEXT(2) 
PARAMETRIC_REPRESENTATION_CONTEXT() REPRESENTATION_CONTEXT('2D SPACE',''
  ) );
#10527 = ADVANCED_FACE('',(#10528),#2989,.F.);
#10528 = FACE_BOUND('',#10529,.F.);
#10529 = EDGE_LOOP('',(#10530,#10531,#10532,#10533));
#10530 = ORIENTED_EDGE('',*,*,#2973,.F.);
#10531 = ORIENTED_EDGE('',*,*,#10507,.T.);
#10532 = ORIENTED_EDGE('',*,*,#7032,.T.);
#10533 = ORIENTED_EDGE('',*,*,#10534,.F.);
#10534 = EDGE_CURVE('',#2946,#7012,#10535,.T.);
#10535 = SURFACE_CURVE('',#10536,(#10540,#10547),.PCURVE_S1.);
#10536 = LINE('',#10537,#10538);
#10537 = CARTESIAN_POINT('',(123.847681,-104.75628,0.));
#10538 = VECTOR('',#10539,1.);
#10539 = DIRECTION('',(0.,0.,1.));
#10540 = PCURVE('',#2989,#10541);
#10541 = DEFINITIONAL_REPRESENTATION('',(#10542),#10546);
#10542 = LINE('',#10543,#10544);
#10543 = CARTESIAN_POINT('',(0.110250251628,0.));
#10544 = VECTOR('',#10545,1.);
#10545 = DIRECTION('',(0.,-1.));
#10546 = ( GEOMETRIC_REPRESENTATION_CONTEXT(2) 
PARAMETRIC_REPRESENTATION_CONTEXT() REPRESENTATION_CONTEXT('2D SPACE',''
  ) );
#10547 = PCURVE('',#2961,#10548);
#10548 = DEFINITIONAL_REPRESENTATION('',(#10549),#10553);
#10549 = LINE('',#10550,#10551);
#10550 = CARTESIAN_POINT('',(0.,0.));
#10551 = VECTOR('',#10552,1.);
#10552 = DIRECTION('',(0.,-1.));
#10553 = ( GEOMETRIC_REPRESENTATION_CONTEXT(2) 
PARAMETRIC_REPRESENTATION_CONTEXT() REPRESENTATION_CONTEXT('2D SPACE',''
  ) );
#10554 = ADVANCED_FACE('',(#10555),#2961,.F.);
#10555 = FACE_BOUND('',#10556,.F.);
#10556 = EDGE_LOOP('',(#10557,#10558,#10559,#10560));
#10557 = ORIENTED_EDGE('',*,*,#2945,.F.);
#10558 = ORIENTED_EDGE('',*,*,#10534,.T.);
#10559 = ORIENTED_EDGE('',*,*,#7011,.T.);
#10560 = ORIENTED_EDGE('',*,*,#10561,.F.);
#10561 = EDGE_CURVE('',#2918,#6991,#10562,.T.);
#10562 = SURFACE_CURVE('',#10563,(#10567,#10574),.PCURVE_S1.);
#10563 = LINE('',#10564,#10565);
#10564 = CARTESIAN_POINT('',(123.953722,-104.786451,0.));
#10565 = VECTOR('',#10566,1.);
#10566 = DIRECTION('',(0.,0.,1.));
#10567 = PCURVE('',#2961,#10568);
#10568 = DEFINITIONAL_REPRESENTATION('',(#10569),#10573);
#10569 = LINE('',#10570,#10571);
#10570 = CARTESIAN_POINT('',(0.110249639101,0.));
#10571 = VECTOR('',#10572,1.);
#10572 = DIRECTION('',(0.,-1.));
#10573 = ( GEOMETRIC_REPRESENTATION_CONTEXT(2) 
PARAMETRIC_REPRESENTATION_CONTEXT() REPRESENTATION_CONTEXT('2D SPACE',''
  ) );
#10574 = PCURVE('',#2933,#10575);
#10575 = DEFINITIONAL_REPRESENTATION('',(#10576),#10580);
#10576 = LINE('',#10577,#10578);
#10577 = CARTESIAN_POINT('',(0.,0.));
#10578 = VECTOR('',#10579,1.);
#10579 = DIRECTION('',(0.,-1.));
#10580 = ( GEOMETRIC_REPRESENTATION_CONTEXT(2) 
PARAMETRIC_REPRESENTATION_CONTEXT() REPRESENTATION_CONTEXT('2D SPACE',''
  ) );
#10581 = ADVANCED_FACE('',(#10582),#2933,.F.);
#10582 = FACE_BOUND('',#10583,.F.);
#10583 = EDGE_LOOP('',(#10584,#10585,#10586,#10587));
#10584 = ORIENTED_EDGE('',*,*,#2917,.F.);
#10585 = ORIENTED_EDGE('',*,*,#10561,.T.);
#10586 = ORIENTED_EDGE('',*,*,#6990,.T.);
#10587 = ORIENTED_EDGE('',*,*,#10588,.F.);
#10588 = EDGE_CURVE('',#2890,#6970,#10589,.T.);
#10589 = SURFACE_CURVE('',#10590,(#10594,#10601),.PCURVE_S1.);
#10590 = LINE('',#10591,#10592);
#10591 = CARTESIAN_POINT('',(124.041703,-104.852891,0.));
#10592 = VECTOR('',#10593,1.);
#10593 = DIRECTION('',(0.,0.,1.));
#10594 = PCURVE('',#2933,#10595);
#10595 = DEFINITIONAL_REPRESENTATION('',(#10596),#10600);
#10596 = LINE('',#10597,#10598);
#10597 = CARTESIAN_POINT('',(0.110249398914,0.));
#10598 = VECTOR('',#10599,1.);
#10599 = DIRECTION('',(0.,-1.));
#10600 = ( GEOMETRIC_REPRESENTATION_CONTEXT(2) 
PARAMETRIC_REPRESENTATION_CONTEXT() REPRESENTATION_CONTEXT('2D SPACE',''
  ) );
#10601 = PCURVE('',#2905,#10602);
#10602 = DEFINITIONAL_REPRESENTATION('',(#10603),#10607);
#10603 = LINE('',#10604,#10605);
#10604 = CARTESIAN_POINT('',(0.,0.));
#10605 = VECTOR('',#10606,1.);
#10606 = DIRECTION('',(0.,-1.));
#10607 = ( GEOMETRIC_REPRESENTATION_CONTEXT(2) 
PARAMETRIC_REPRESENTATION_CONTEXT() REPRESENTATION_CONTEXT('2D SPACE',''
  ) );
#10608 = ADVANCED_FACE('',(#10609),#2905,.F.);
#10609 = FACE_BOUND('',#10610,.F.);
#10610 = EDGE_LOOP('',(#10611,#10612,#10613,#10614));
#10611 = ORIENTED_EDGE('',*,*,#2889,.F.);
#10612 = ORIENTED_EDGE('',*,*,#10588,.T.);
#10613 = ORIENTED_EDGE('',*,*,#6969,.T.);
#10614 = ORIENTED_EDGE('',*,*,#10615,.F.);
#10615 = EDGE_CURVE('',#2862,#6949,#10616,.T.);
#10616 = SURFACE_CURVE('',#10617,(#10621,#10628),.PCURVE_S1.);
#10617 = LINE('',#10618,#10619);
#10618 = CARTESIAN_POINT('',(124.099742,-104.946628,0.));
#10619 = VECTOR('',#10620,1.);
#10620 = DIRECTION('',(0.,0.,1.));
#10621 = PCURVE('',#2905,#10622);
#10622 = DEFINITIONAL_REPRESENTATION('',(#10623),#10627);
#10623 = LINE('',#10624,#10625);
#10624 = CARTESIAN_POINT('',(0.110250399954,0.));
#10625 = VECTOR('',#10626,1.);
#10626 = DIRECTION('',(0.,-1.));
#10627 = ( GEOMETRIC_REPRESENTATION_CONTEXT(2) 
PARAMETRIC_REPRESENTATION_CONTEXT() REPRESENTATION_CONTEXT('2D SPACE',''
  ) );
#10628 = PCURVE('',#2877,#10629);
#10629 = DEFINITIONAL_REPRESENTATION('',(#10630),#10634);
#10630 = LINE('',#10631,#10632);
#10631 = CARTESIAN_POINT('',(0.,0.));
#10632 = VECTOR('',#10633,1.);
#10633 = DIRECTION('',(0.,-1.));
#10634 = ( GEOMETRIC_REPRESENTATION_CONTEXT(2) 
PARAMETRIC_REPRESENTATION_CONTEXT() REPRESENTATION_CONTEXT('2D SPACE',''
  ) );
#10635 = ADVANCED_FACE('',(#10636),#2877,.F.);
#10636 = FACE_BOUND('',#10637,.F.);
#10637 = EDGE_LOOP('',(#10638,#10639,#10640,#10641));
#10638 = ORIENTED_EDGE('',*,*,#2861,.F.);
#10639 = ORIENTED_EDGE('',*,*,#10615,.T.);
#10640 = ORIENTED_EDGE('',*,*,#6948,.T.);
#10641 = ORIENTED_EDGE('',*,*,#10642,.F.);
#10642 = EDGE_CURVE('',#2834,#6928,#10643,.T.);
#10643 = SURFACE_CURVE('',#10644,(#10648,#10655),.PCURVE_S1.);
#10644 = LINE('',#10645,#10646);
#10645 = CARTESIAN_POINT('',(124.12,-105.055,0.));
#10646 = VECTOR('',#10647,1.);
#10647 = DIRECTION('',(0.,0.,1.));
#10648 = PCURVE('',#2877,#10649);
#10649 = DEFINITIONAL_REPRESENTATION('',(#10650),#10654);
#10650 = LINE('',#10651,#10652);
#10651 = CARTESIAN_POINT('',(0.110249158491,0.));
#10652 = VECTOR('',#10653,1.);
#10653 = DIRECTION('',(0.,-1.));
#10654 = ( GEOMETRIC_REPRESENTATION_CONTEXT(2) 
PARAMETRIC_REPRESENTATION_CONTEXT() REPRESENTATION_CONTEXT('2D SPACE',''
  ) );
#10655 = PCURVE('',#2849,#10656);
#10656 = DEFINITIONAL_REPRESENTATION('',(#10657),#10661);
#10657 = LINE('',#10658,#10659);
#10658 = CARTESIAN_POINT('',(0.,0.));
#10659 = VECTOR('',#10660,1.);
#10660 = DIRECTION('',(0.,-1.));
#10661 = ( GEOMETRIC_REPRESENTATION_CONTEXT(2) 
PARAMETRIC_REPRESENTATION_CONTEXT() REPRESENTATION_CONTEXT('2D SPACE',''
  ) );
#10662 = ADVANCED_FACE('',(#10663),#2849,.F.);
#10663 = FACE_BOUND('',#10664,.F.);
#10664 = EDGE_LOOP('',(#10665,#10666,#10667,#10668));
#10665 = ORIENTED_EDGE('',*,*,#2833,.F.);
#10666 = ORIENTED_EDGE('',*,*,#10642,.T.);
#10667 = ORIENTED_EDGE('',*,*,#6927,.T.);
#10668 = ORIENTED_EDGE('',*,*,#10669,.F.);
#10669 = EDGE_CURVE('',#2806,#6907,#10670,.T.);
#10670 = SURFACE_CURVE('',#10671,(#10675,#10682),.PCURVE_S1.);
#10671 = LINE('',#10672,#10673);
#10672 = CARTESIAN_POINT('',(124.12,-106.155,0.));
#10673 = VECTOR('',#10674,1.);
#10674 = DIRECTION('',(0.,0.,1.));
#10675 = PCURVE('',#2849,#10676);
#10676 = DEFINITIONAL_REPRESENTATION('',(#10677),#10681);
#10677 = LINE('',#10678,#10679);
#10678 = CARTESIAN_POINT('',(1.1,0.));
#10679 = VECTOR('',#10680,1.);
#10680 = DIRECTION('',(0.,-1.));
#10681 = ( GEOMETRIC_REPRESENTATION_CONTEXT(2) 
PARAMETRIC_REPRESENTATION_CONTEXT() REPRESENTATION_CONTEXT('2D SPACE',''
  ) );
#10682 = PCURVE('',#2821,#10683);
#10683 = DEFINITIONAL_REPRESENTATION('',(#10684),#10688);
#10684 = LINE('',#10685,#10686);
#10685 = CARTESIAN_POINT('',(0.,0.));
#10686 = VECTOR('',#10687,1.);
#10687 = DIRECTION('',(0.,-1.));
#10688 = ( GEOMETRIC_REPRESENTATION_CONTEXT(2) 
PARAMETRIC_REPRESENTATION_CONTEXT() REPRESENTATION_CONTEXT('2D SPACE',''
  ) );
#10689 = ADVANCED_FACE('',(#10690),#2821,.F.);
#10690 = FACE_BOUND('',#10691,.F.);
#10691 = EDGE_LOOP('',(#10692,#10693,#10694,#10695));
#10692 = ORIENTED_EDGE('',*,*,#2805,.F.);
#10693 = ORIENTED_EDGE('',*,*,#10669,.T.);
#10694 = ORIENTED_EDGE('',*,*,#6906,.T.);
#10695 = ORIENTED_EDGE('',*,*,#10696,.F.);
#10696 = EDGE_CURVE('',#2778,#6886,#10697,.T.);
#10697 = SURFACE_CURVE('',#10698,(#10702,#10709),.PCURVE_S1.);
#10698 = LINE('',#10699,#10700);
#10699 = CARTESIAN_POINT('',(124.114892,-106.210125,0.));
#10700 = VECTOR('',#10701,1.);
#10701 = DIRECTION('',(0.,0.,1.));
#10702 = PCURVE('',#2821,#10703);
#10703 = DEFINITIONAL_REPRESENTATION('',(#10704),#10708);
#10704 = LINE('',#10705,#10706);
#10705 = CARTESIAN_POINT('',(5.536115324847E-02,0.));
#10706 = VECTOR('',#10707,1.);
#10707 = DIRECTION('',(0.,-1.));
#10708 = ( GEOMETRIC_REPRESENTATION_CONTEXT(2) 
PARAMETRIC_REPRESENTATION_CONTEXT() REPRESENTATION_CONTEXT('2D SPACE',''
  ) );
#10709 = PCURVE('',#2793,#10710);
#10710 = DEFINITIONAL_REPRESENTATION('',(#10711),#10715);
#10711 = LINE('',#10712,#10713);
#10712 = CARTESIAN_POINT('',(0.,0.));
#10713 = VECTOR('',#10714,1.);
#10714 = DIRECTION('',(0.,-1.));
#10715 = ( GEOMETRIC_REPRESENTATION_CONTEXT(2) 
PARAMETRIC_REPRESENTATION_CONTEXT() REPRESENTATION_CONTEXT('2D SPACE',''
  ) );
#10716 = ADVANCED_FACE('',(#10717),#2793,.F.);
#10717 = FACE_BOUND('',#10718,.F.);
#10718 = EDGE_LOOP('',(#10719,#10720,#10721,#10722));
#10719 = ORIENTED_EDGE('',*,*,#2777,.F.);
#10720 = ORIENTED_EDGE('',*,*,#10696,.T.);
#10721 = ORIENTED_EDGE('',*,*,#6885,.T.);
#10722 = ORIENTED_EDGE('',*,*,#10723,.F.);
#10723 = EDGE_CURVE('',#2750,#6865,#10724,.T.);
#10724 = SURFACE_CURVE('',#10725,(#10729,#10736),.PCURVE_S1.);
#10725 = LINE('',#10726,#10727);
#10726 = CARTESIAN_POINT('',(124.075065,-106.31293,0.));
#10727 = VECTOR('',#10728,1.);
#10728 = DIRECTION('',(0.,0.,1.));
#10729 = PCURVE('',#2793,#10730);
#10730 = DEFINITIONAL_REPRESENTATION('',(#10731),#10735);
#10731 = LINE('',#10732,#10733);
#10732 = CARTESIAN_POINT('',(0.110249979383,0.));
#10733 = VECTOR('',#10734,1.);
#10734 = DIRECTION('',(0.,-1.));
#10735 = ( GEOMETRIC_REPRESENTATION_CONTEXT(2) 
PARAMETRIC_REPRESENTATION_CONTEXT() REPRESENTATION_CONTEXT('2D SPACE',''
  ) );
#10736 = PCURVE('',#2765,#10737);
#10737 = DEFINITIONAL_REPRESENTATION('',(#10738),#10742);
#10738 = LINE('',#10739,#10740);
#10739 = CARTESIAN_POINT('',(0.,0.));
#10740 = VECTOR('',#10741,1.);
#10741 = DIRECTION('',(0.,-1.));
#10742 = ( GEOMETRIC_REPRESENTATION_CONTEXT(2) 
PARAMETRIC_REPRESENTATION_CONTEXT() REPRESENTATION_CONTEXT('2D SPACE',''
  ) );
#10743 = ADVANCED_FACE('',(#10744),#2765,.F.);
#10744 = FACE_BOUND('',#10745,.F.);
#10745 = EDGE_LOOP('',(#10746,#10747,#10748,#10749));
#10746 = ORIENTED_EDGE('',*,*,#2749,.F.);
#10747 = ORIENTED_EDGE('',*,*,#10723,.T.);
#10748 = ORIENTED_EDGE('',*,*,#6864,.T.);
#10749 = ORIENTED_EDGE('',*,*,#10750,.F.);
#10750 = EDGE_CURVE('',#2722,#6844,#10751,.T.);
#10751 = SURFACE_CURVE('',#10752,(#10756,#10763),.PCURVE_S1.);
#10752 = LINE('',#10753,#10754);
#10753 = CARTESIAN_POINT('',(124.00079,-106.394405,0.));
#10754 = VECTOR('',#10755,1.);
#10755 = DIRECTION('',(0.,0.,1.));
#10756 = PCURVE('',#2765,#10757);
#10757 = DEFINITIONAL_REPRESENTATION('',(#10758),#10762);
#10758 = LINE('',#10759,#10760);
#10759 = CARTESIAN_POINT('',(0.110249495464,0.));
#10760 = VECTOR('',#10761,1.);
#10761 = DIRECTION('',(0.,-1.));
#10762 = ( GEOMETRIC_REPRESENTATION_CONTEXT(2) 
PARAMETRIC_REPRESENTATION_CONTEXT() REPRESENTATION_CONTEXT('2D SPACE',''
  ) );
#10763 = PCURVE('',#2737,#10764);
#10764 = DEFINITIONAL_REPRESENTATION('',(#10765),#10769);
#10765 = LINE('',#10766,#10767);
#10766 = CARTESIAN_POINT('',(0.,0.));
#10767 = VECTOR('',#10768,1.);
#10768 = DIRECTION('',(0.,-1.));
#10769 = ( GEOMETRIC_REPRESENTATION_CONTEXT(2) 
PARAMETRIC_REPRESENTATION_CONTEXT() REPRESENTATION_CONTEXT('2D SPACE',''
  ) );
#10770 = ADVANCED_FACE('',(#10771),#2737,.F.);
#10771 = FACE_BOUND('',#10772,.F.);
#10772 = EDGE_LOOP('',(#10773,#10774,#10775,#10776));
#10773 = ORIENTED_EDGE('',*,*,#2721,.F.);
#10774 = ORIENTED_EDGE('',*,*,#10750,.T.);
#10775 = ORIENTED_EDGE('',*,*,#6843,.T.);
#10776 = ORIENTED_EDGE('',*,*,#10777,.F.);
#10777 = EDGE_CURVE('',#2694,#6823,#10778,.T.);
#10778 = SURFACE_CURVE('',#10779,(#10783,#10790),.PCURVE_S1.);
#10779 = LINE('',#10780,#10781);
#10780 = CARTESIAN_POINT('',(123.902099,-106.443548,0.));
#10781 = VECTOR('',#10782,1.);
#10782 = DIRECTION('',(0.,0.,1.));
#10783 = PCURVE('',#2737,#10784);
#10784 = DEFINITIONAL_REPRESENTATION('',(#10785),#10789);
#10785 = LINE('',#10786,#10787);
#10786 = CARTESIAN_POINT('',(0.110249480407,0.));
#10787 = VECTOR('',#10788,1.);
#10788 = DIRECTION('',(0.,-1.));
#10789 = ( GEOMETRIC_REPRESENTATION_CONTEXT(2) 
PARAMETRIC_REPRESENTATION_CONTEXT() REPRESENTATION_CONTEXT('2D SPACE',''
  ) );
#10790 = PCURVE('',#2709,#10791);
#10791 = DEFINITIONAL_REPRESENTATION('',(#10792),#10796);
#10792 = LINE('',#10793,#10794);
#10793 = CARTESIAN_POINT('',(0.,0.));
#10794 = VECTOR('',#10795,1.);
#10795 = DIRECTION('',(0.,-1.));
#10796 = ( GEOMETRIC_REPRESENTATION_CONTEXT(2) 
PARAMETRIC_REPRESENTATION_CONTEXT() REPRESENTATION_CONTEXT('2D SPACE',''
  ) );
#10797 = ADVANCED_FACE('',(#10798),#2709,.F.);
#10798 = FACE_BOUND('',#10799,.F.);
#10799 = EDGE_LOOP('',(#10800,#10801,#10802,#10803));
#10800 = ORIENTED_EDGE('',*,*,#2693,.F.);
#10801 = ORIENTED_EDGE('',*,*,#10777,.T.);
#10802 = ORIENTED_EDGE('',*,*,#6822,.T.);
#10803 = ORIENTED_EDGE('',*,*,#10804,.F.);
#10804 = EDGE_CURVE('',#2666,#6802,#10805,.T.);
#10805 = SURFACE_CURVE('',#10806,(#10810,#10817),.PCURVE_S1.);
#10806 = LINE('',#10807,#10808);
#10807 = CARTESIAN_POINT('',(123.792319,-106.45372,0.));
#10808 = VECTOR('',#10809,1.);
#10809 = DIRECTION('',(0.,0.,1.));
#10810 = PCURVE('',#2709,#10811);
#10811 = DEFINITIONAL_REPRESENTATION('',(#10812),#10816);
#10812 = LINE('',#10813,#10814);
#10813 = CARTESIAN_POINT('',(0.110250251628,0.));
#10814 = VECTOR('',#10815,1.);
#10815 = DIRECTION('',(0.,-1.));
#10816 = ( GEOMETRIC_REPRESENTATION_CONTEXT(2) 
PARAMETRIC_REPRESENTATION_CONTEXT() REPRESENTATION_CONTEXT('2D SPACE',''
  ) );
#10817 = PCURVE('',#2681,#10818);
#10818 = DEFINITIONAL_REPRESENTATION('',(#10819),#10823);
#10819 = LINE('',#10820,#10821);
#10820 = CARTESIAN_POINT('',(0.,0.));
#10821 = VECTOR('',#10822,1.);
#10822 = DIRECTION('',(0.,-1.));
#10823 = ( GEOMETRIC_REPRESENTATION_CONTEXT(2) 
PARAMETRIC_REPRESENTATION_CONTEXT() REPRESENTATION_CONTEXT('2D SPACE',''
  ) );
#10824 = ADVANCED_FACE('',(#10825),#2681,.F.);
#10825 = FACE_BOUND('',#10826,.F.);
#10826 = EDGE_LOOP('',(#10827,#10828,#10829,#10830));
#10827 = ORIENTED_EDGE('',*,*,#2665,.F.);
#10828 = ORIENTED_EDGE('',*,*,#10804,.T.);
#10829 = ORIENTED_EDGE('',*,*,#6801,.T.);
#10830 = ORIENTED_EDGE('',*,*,#10831,.F.);
#10831 = EDGE_CURVE('',#2638,#6781,#10832,.T.);
#10832 = SURFACE_CURVE('',#10833,(#10837,#10844),.PCURVE_S1.);
#10833 = LINE('',#10834,#10835);
#10834 = CARTESIAN_POINT('',(123.686278,-106.423549,0.));
#10835 = VECTOR('',#10836,1.);
#10836 = DIRECTION('',(0.,0.,1.));
#10837 = PCURVE('',#2681,#10838);
#10838 = DEFINITIONAL_REPRESENTATION('',(#10839),#10843);
#10839 = LINE('',#10840,#10841);
#10840 = CARTESIAN_POINT('',(0.110249639101,0.));
#10841 = VECTOR('',#10842,1.);
#10842 = DIRECTION('',(0.,-1.));
#10843 = ( GEOMETRIC_REPRESENTATION_CONTEXT(2) 
PARAMETRIC_REPRESENTATION_CONTEXT() REPRESENTATION_CONTEXT('2D SPACE',''
  ) );
#10844 = PCURVE('',#2653,#10845);
#10845 = DEFINITIONAL_REPRESENTATION('',(#10846),#10850);
#10846 = LINE('',#10847,#10848);
#10847 = CARTESIAN_POINT('',(0.,0.));
#10848 = VECTOR('',#10849,1.);
#10849 = DIRECTION('',(0.,-1.));
#10850 = ( GEOMETRIC_REPRESENTATION_CONTEXT(2) 
PARAMETRIC_REPRESENTATION_CONTEXT() REPRESENTATION_CONTEXT('2D SPACE',''
  ) );
#10851 = ADVANCED_FACE('',(#10852),#2653,.F.);
#10852 = FACE_BOUND('',#10853,.F.);
#10853 = EDGE_LOOP('',(#10854,#10855,#10856,#10857));
#10854 = ORIENTED_EDGE('',*,*,#2637,.F.);
#10855 = ORIENTED_EDGE('',*,*,#10831,.T.);
#10856 = ORIENTED_EDGE('',*,*,#6780,.T.);
#10857 = ORIENTED_EDGE('',*,*,#10858,.F.);
#10858 = EDGE_CURVE('',#2610,#6760,#10859,.T.);
#10859 = SURFACE_CURVE('',#10860,(#10864,#10871),.PCURVE_S1.);
#10860 = LINE('',#10861,#10862);
#10861 = CARTESIAN_POINT('',(123.598297,-106.357109,0.));
#10862 = VECTOR('',#10863,1.);
#10863 = DIRECTION('',(0.,0.,1.));
#10864 = PCURVE('',#2653,#10865);
#10865 = DEFINITIONAL_REPRESENTATION('',(#10866),#10870);
#10866 = LINE('',#10867,#10868);
#10867 = CARTESIAN_POINT('',(0.110249398914,0.));
#10868 = VECTOR('',#10869,1.);
#10869 = DIRECTION('',(0.,-1.));
#10870 = ( GEOMETRIC_REPRESENTATION_CONTEXT(2) 
PARAMETRIC_REPRESENTATION_CONTEXT() REPRESENTATION_CONTEXT('2D SPACE',''
  ) );
#10871 = PCURVE('',#2625,#10872);
#10872 = DEFINITIONAL_REPRESENTATION('',(#10873),#10877);
#10873 = LINE('',#10874,#10875);
#10874 = CARTESIAN_POINT('',(0.,0.));
#10875 = VECTOR('',#10876,1.);
#10876 = DIRECTION('',(0.,-1.));
#10877 = ( GEOMETRIC_REPRESENTATION_CONTEXT(2) 
PARAMETRIC_REPRESENTATION_CONTEXT() REPRESENTATION_CONTEXT('2D SPACE',''
  ) );
#10878 = ADVANCED_FACE('',(#10879),#2625,.F.);
#10879 = FACE_BOUND('',#10880,.F.);
#10880 = EDGE_LOOP('',(#10881,#10882,#10883,#10884));
#10881 = ORIENTED_EDGE('',*,*,#2609,.F.);
#10882 = ORIENTED_EDGE('',*,*,#10858,.T.);
#10883 = ORIENTED_EDGE('',*,*,#6759,.T.);
#10884 = ORIENTED_EDGE('',*,*,#10885,.F.);
#10885 = EDGE_CURVE('',#2582,#6739,#10886,.T.);
#10886 = SURFACE_CURVE('',#10887,(#10891,#10898),.PCURVE_S1.);
#10887 = LINE('',#10888,#10889);
#10888 = CARTESIAN_POINT('',(123.540258,-106.263372,0.));
#10889 = VECTOR('',#10890,1.);
#10890 = DIRECTION('',(0.,0.,1.));
#10891 = PCURVE('',#2625,#10892);
#10892 = DEFINITIONAL_REPRESENTATION('',(#10893),#10897);
#10893 = LINE('',#10894,#10895);
#10894 = CARTESIAN_POINT('',(0.110250399954,0.));
#10895 = VECTOR('',#10896,1.);
#10896 = DIRECTION('',(0.,-1.));
#10897 = ( GEOMETRIC_REPRESENTATION_CONTEXT(2) 
PARAMETRIC_REPRESENTATION_CONTEXT() REPRESENTATION_CONTEXT('2D SPACE',''
  ) );
#10898 = PCURVE('',#2597,#10899);
#10899 = DEFINITIONAL_REPRESENTATION('',(#10900),#10904);
#10900 = LINE('',#10901,#10902);
#10901 = CARTESIAN_POINT('',(0.,0.));
#10902 = VECTOR('',#10903,1.);
#10903 = DIRECTION('',(0.,-1.));
#10904 = ( GEOMETRIC_REPRESENTATION_CONTEXT(2) 
PARAMETRIC_REPRESENTATION_CONTEXT() REPRESENTATION_CONTEXT('2D SPACE',''
  ) );
#10905 = ADVANCED_FACE('',(#10906),#2597,.F.);
#10906 = FACE_BOUND('',#10907,.F.);
#10907 = EDGE_LOOP('',(#10908,#10909,#10910,#10911));
#10908 = ORIENTED_EDGE('',*,*,#2581,.F.);
#10909 = ORIENTED_EDGE('',*,*,#10885,.T.);
#10910 = ORIENTED_EDGE('',*,*,#6738,.T.);
#10911 = ORIENTED_EDGE('',*,*,#10912,.F.);
#10912 = EDGE_CURVE('',#2554,#6718,#10913,.T.);
#10913 = SURFACE_CURVE('',#10914,(#10918,#10925),.PCURVE_S1.);
#10914 = LINE('',#10915,#10916);
#10915 = CARTESIAN_POINT('',(123.52,-106.155,0.));
#10916 = VECTOR('',#10917,1.);
#10917 = DIRECTION('',(0.,0.,1.));
#10918 = PCURVE('',#2597,#10919);
#10919 = DEFINITIONAL_REPRESENTATION('',(#10920),#10924);
#10920 = LINE('',#10921,#10922);
#10921 = CARTESIAN_POINT('',(0.110249158491,0.));
#10922 = VECTOR('',#10923,1.);
#10923 = DIRECTION('',(0.,-1.));
#10924 = ( GEOMETRIC_REPRESENTATION_CONTEXT(2) 
PARAMETRIC_REPRESENTATION_CONTEXT() REPRESENTATION_CONTEXT('2D SPACE',''
  ) );
#10925 = PCURVE('',#2569,#10926);
#10926 = DEFINITIONAL_REPRESENTATION('',(#10927),#10931);
#10927 = LINE('',#10928,#10929);
#10928 = CARTESIAN_POINT('',(0.,0.));
#10929 = VECTOR('',#10930,1.);
#10930 = DIRECTION('',(0.,-1.));
#10931 = ( GEOMETRIC_REPRESENTATION_CONTEXT(2) 
PARAMETRIC_REPRESENTATION_CONTEXT() REPRESENTATION_CONTEXT('2D SPACE',''
  ) );
#10932 = ADVANCED_FACE('',(#10933),#2569,.F.);
#10933 = FACE_BOUND('',#10934,.F.);
#10934 = EDGE_LOOP('',(#10935,#10936,#10937,#10938));
#10935 = ORIENTED_EDGE('',*,*,#2553,.F.);
#10936 = ORIENTED_EDGE('',*,*,#10912,.T.);
#10937 = ORIENTED_EDGE('',*,*,#6717,.T.);
#10938 = ORIENTED_EDGE('',*,*,#10939,.F.);
#10939 = EDGE_CURVE('',#2526,#6697,#10940,.T.);
#10940 = SURFACE_CURVE('',#10941,(#10945,#10952),.PCURVE_S1.);
#10941 = LINE('',#10942,#10943);
#10942 = CARTESIAN_POINT('',(123.52,-105.055,0.));
#10943 = VECTOR('',#10944,1.);
#10944 = DIRECTION('',(0.,0.,1.));
#10945 = PCURVE('',#2569,#10946);
#10946 = DEFINITIONAL_REPRESENTATION('',(#10947),#10951);
#10947 = LINE('',#10948,#10949);
#10948 = CARTESIAN_POINT('',(1.1,0.));
#10949 = VECTOR('',#10950,1.);
#10950 = DIRECTION('',(0.,-1.));
#10951 = ( GEOMETRIC_REPRESENTATION_CONTEXT(2) 
PARAMETRIC_REPRESENTATION_CONTEXT() REPRESENTATION_CONTEXT('2D SPACE',''
  ) );
#10952 = PCURVE('',#2541,#10953);
#10953 = DEFINITIONAL_REPRESENTATION('',(#10954),#10958);
#10954 = LINE('',#10955,#10956);
#10955 = CARTESIAN_POINT('',(0.,0.));
#10956 = VECTOR('',#10957,1.);
#10957 = DIRECTION('',(0.,-1.));
#10958 = ( GEOMETRIC_REPRESENTATION_CONTEXT(2) 
PARAMETRIC_REPRESENTATION_CONTEXT() REPRESENTATION_CONTEXT('2D SPACE',''
  ) );
#10959 = ADVANCED_FACE('',(#10960),#2541,.F.);
#10960 = FACE_BOUND('',#10961,.F.);
#10961 = EDGE_LOOP('',(#10962,#10963,#10964,#10965));
#10962 = ORIENTED_EDGE('',*,*,#2525,.F.);
#10963 = ORIENTED_EDGE('',*,*,#10939,.T.);
#10964 = ORIENTED_EDGE('',*,*,#6696,.T.);
#10965 = ORIENTED_EDGE('',*,*,#10431,.F.);
#10966 = ADVANCED_FACE('',(#10967),#3078,.F.);
#10967 = FACE_BOUND('',#10968,.F.);
#10968 = EDGE_LOOP('',(#10969,#10970,#10991,#10992));
#10969 = ORIENTED_EDGE('',*,*,#7095,.F.);
#10970 = ORIENTED_EDGE('',*,*,#10971,.F.);
#10971 = EDGE_CURVE('',#3058,#7096,#10972,.T.);
#10972 = SEAM_CURVE('',#10973,(#10977,#10984),.PCURVE_S1.);
#10973 = LINE('',#10974,#10975);
#10974 = CARTESIAN_POINT('',(122.715,-105.105,-1.E-02));
#10975 = VECTOR('',#10976,1.);
#10976 = DIRECTION('',(0.,0.,1.));
#10977 = PCURVE('',#3078,#10978);
#10978 = DEFINITIONAL_REPRESENTATION('',(#10979),#10983);
#10979 = LINE('',#10980,#10981);
#10980 = CARTESIAN_POINT('',(6.28318530718,-0.));
#10981 = VECTOR('',#10982,1.);
#10982 = DIRECTION('',(0.,1.));
#10983 = ( GEOMETRIC_REPRESENTATION_CONTEXT(2) 
PARAMETRIC_REPRESENTATION_CONTEXT() REPRESENTATION_CONTEXT('2D SPACE',''
  ) );
#10984 = PCURVE('',#3078,#10985);
#10985 = DEFINITIONAL_REPRESENTATION('',(#10986),#10990);
#10986 = LINE('',#10987,#10988);
#10987 = CARTESIAN_POINT('',(0.,-0.));
#10988 = VECTOR('',#10989,1.);
#10989 = DIRECTION('',(0.,1.));
#10990 = ( GEOMETRIC_REPRESENTATION_CONTEXT(2) 
PARAMETRIC_REPRESENTATION_CONTEXT() REPRESENTATION_CONTEXT('2D SPACE',''
  ) );
#10991 = ORIENTED_EDGE('',*,*,#3057,.T.);
#10992 = ORIENTED_EDGE('',*,*,#10971,.T.);
#10993 = ADVANCED_FACE('',(#10994),#3110,.F.);
#10994 = FACE_BOUND('',#10995,.F.);
#10995 = EDGE_LOOP('',(#10996,#10997,#11018,#11019));
#10996 = ORIENTED_EDGE('',*,*,#3092,.F.);
#10997 = ORIENTED_EDGE('',*,*,#10998,.T.);
#10998 = EDGE_CURVE('',#3093,#7126,#10999,.T.);
#10999 = SURFACE_CURVE('',#11000,(#11004,#11011),.PCURVE_S1.);
#11000 = LINE('',#11001,#11002);
#11001 = CARTESIAN_POINT('',(123.525108,-100.969875,0.));
#11002 = VECTOR('',#11003,1.);
#11003 = DIRECTION('',(0.,0.,1.));
#11004 = PCURVE('',#3110,#11005);
#11005 = DEFINITIONAL_REPRESENTATION('',(#11006),#11010);
#11006 = LINE('',#11007,#11008);
#11007 = CARTESIAN_POINT('',(0.,0.));
#11008 = VECTOR('',#11009,1.);
#11009 = DIRECTION('',(0.,-1.));
#11010 = ( GEOMETRIC_REPRESENTATION_CONTEXT(2) 
PARAMETRIC_REPRESENTATION_CONTEXT() REPRESENTATION_CONTEXT('2D SPACE',''
  ) );
#11011 = PCURVE('',#3138,#11012);
#11012 = DEFINITIONAL_REPRESENTATION('',(#11013),#11017);
#11013 = LINE('',#11014,#11015);
#11014 = CARTESIAN_POINT('',(5.536115324847E-02,0.));
#11015 = VECTOR('',#11016,1.);
#11016 = DIRECTION('',(0.,-1.));
#11017 = ( GEOMETRIC_REPRESENTATION_CONTEXT(2) 
PARAMETRIC_REPRESENTATION_CONTEXT() REPRESENTATION_CONTEXT('2D SPACE',''
  ) );
#11018 = ORIENTED_EDGE('',*,*,#7125,.T.);
#11019 = ORIENTED_EDGE('',*,*,#11020,.F.);
#11020 = EDGE_CURVE('',#3095,#7128,#11021,.T.);
#11021 = SURFACE_CURVE('',#11022,(#11026,#11033),.PCURVE_S1.);
#11022 = LINE('',#11023,#11024);
#11023 = CARTESIAN_POINT('',(123.564935,-100.86707,0.));
#11024 = VECTOR('',#11025,1.);
#11025 = DIRECTION('',(0.,0.,1.));
#11026 = PCURVE('',#3110,#11027);
#11027 = DEFINITIONAL_REPRESENTATION('',(#11028),#11032);
#11028 = LINE('',#11029,#11030);
#11029 = CARTESIAN_POINT('',(0.110249979383,0.));
#11030 = VECTOR('',#11031,1.);
#11031 = DIRECTION('',(0.,-1.));
#11032 = ( GEOMETRIC_REPRESENTATION_CONTEXT(2) 
PARAMETRIC_REPRESENTATION_CONTEXT() REPRESENTATION_CONTEXT('2D SPACE',''
  ) );
#11033 = PCURVE('',#3640,#11034);
#11034 = DEFINITIONAL_REPRESENTATION('',(#11035),#11039);
#11035 = LINE('',#11036,#11037);
#11036 = CARTESIAN_POINT('',(0.,0.));
#11037 = VECTOR('',#11038,1.);
#11038 = DIRECTION('',(0.,-1.));
#11039 = ( GEOMETRIC_REPRESENTATION_CONTEXT(2) 
PARAMETRIC_REPRESENTATION_CONTEXT() REPRESENTATION_CONTEXT('2D SPACE',''
  ) );
#11040 = ADVANCED_FACE('',(#11041),#3640,.F.);
#11041 = FACE_BOUND('',#11042,.F.);
#11042 = EDGE_LOOP('',(#11043,#11044,#11045,#11046));
#11043 = ORIENTED_EDGE('',*,*,#3626,.F.);
#11044 = ORIENTED_EDGE('',*,*,#11020,.T.);
#11045 = ORIENTED_EDGE('',*,*,#7526,.T.);
#11046 = ORIENTED_EDGE('',*,*,#11047,.F.);
#11047 = EDGE_CURVE('',#3599,#7506,#11048,.T.);
#11048 = SURFACE_CURVE('',#11049,(#11053,#11060),.PCURVE_S1.);
#11049 = LINE('',#11050,#11051);
#11050 = CARTESIAN_POINT('',(123.63921,-100.785595,0.));
#11051 = VECTOR('',#11052,1.);
#11052 = DIRECTION('',(0.,0.,1.));
#11053 = PCURVE('',#3640,#11054);
#11054 = DEFINITIONAL_REPRESENTATION('',(#11055),#11059);
#11055 = LINE('',#11056,#11057);
#11056 = CARTESIAN_POINT('',(0.110249495464,0.));
#11057 = VECTOR('',#11058,1.);
#11058 = DIRECTION('',(0.,-1.));
#11059 = ( GEOMETRIC_REPRESENTATION_CONTEXT(2) 
PARAMETRIC_REPRESENTATION_CONTEXT() REPRESENTATION_CONTEXT('2D SPACE',''
  ) );
#11060 = PCURVE('',#3614,#11061);
#11061 = DEFINITIONAL_REPRESENTATION('',(#11062),#11066);
#11062 = LINE('',#11063,#11064);
#11063 = CARTESIAN_POINT('',(0.,0.));
#11064 = VECTOR('',#11065,1.);
#11065 = DIRECTION('',(0.,-1.));
#11066 = ( GEOMETRIC_REPRESENTATION_CONTEXT(2) 
PARAMETRIC_REPRESENTATION_CONTEXT() REPRESENTATION_CONTEXT('2D SPACE',''
  ) );
#11067 = ADVANCED_FACE('',(#11068),#3614,.F.);
#11068 = FACE_BOUND('',#11069,.F.);
#11069 = EDGE_LOOP('',(#11070,#11071,#11072,#11073));
#11070 = ORIENTED_EDGE('',*,*,#3598,.F.);
#11071 = ORIENTED_EDGE('',*,*,#11047,.T.);
#11072 = ORIENTED_EDGE('',*,*,#7505,.T.);
#11073 = ORIENTED_EDGE('',*,*,#11074,.F.);
#11074 = EDGE_CURVE('',#3571,#7485,#11075,.T.);
#11075 = SURFACE_CURVE('',#11076,(#11080,#11087),.PCURVE_S1.);
#11076 = LINE('',#11077,#11078);
#11077 = CARTESIAN_POINT('',(123.737901,-100.736452,0.));
#11078 = VECTOR('',#11079,1.);
#11079 = DIRECTION('',(0.,0.,1.));
#11080 = PCURVE('',#3614,#11081);
#11081 = DEFINITIONAL_REPRESENTATION('',(#11082),#11086);
#11082 = LINE('',#11083,#11084);
#11083 = CARTESIAN_POINT('',(0.110249480407,0.));
#11084 = VECTOR('',#11085,1.);
#11085 = DIRECTION('',(0.,-1.));
#11086 = ( GEOMETRIC_REPRESENTATION_CONTEXT(2) 
PARAMETRIC_REPRESENTATION_CONTEXT() REPRESENTATION_CONTEXT('2D SPACE',''
  ) );
#11087 = PCURVE('',#3586,#11088);
#11088 = DEFINITIONAL_REPRESENTATION('',(#11089),#11093);
#11089 = LINE('',#11090,#11091);
#11090 = CARTESIAN_POINT('',(0.,0.));
#11091 = VECTOR('',#11092,1.);
#11092 = DIRECTION('',(0.,-1.));
#11093 = ( GEOMETRIC_REPRESENTATION_CONTEXT(2) 
PARAMETRIC_REPRESENTATION_CONTEXT() REPRESENTATION_CONTEXT('2D SPACE',''
  ) );
#11094 = ADVANCED_FACE('',(#11095),#3586,.F.);
#11095 = FACE_BOUND('',#11096,.F.);
#11096 = EDGE_LOOP('',(#11097,#11098,#11099,#11100));
#11097 = ORIENTED_EDGE('',*,*,#3570,.F.);
#11098 = ORIENTED_EDGE('',*,*,#11074,.T.);
#11099 = ORIENTED_EDGE('',*,*,#7484,.T.);
#11100 = ORIENTED_EDGE('',*,*,#11101,.F.);
#11101 = EDGE_CURVE('',#3543,#7464,#11102,.T.);
#11102 = SURFACE_CURVE('',#11103,(#11107,#11114),.PCURVE_S1.);
#11103 = LINE('',#11104,#11105);
#11104 = CARTESIAN_POINT('',(123.847681,-100.72628,0.));
#11105 = VECTOR('',#11106,1.);
#11106 = DIRECTION('',(0.,0.,1.));
#11107 = PCURVE('',#3586,#11108);
#11108 = DEFINITIONAL_REPRESENTATION('',(#11109),#11113);
#11109 = LINE('',#11110,#11111);
#11110 = CARTESIAN_POINT('',(0.110250251628,0.));
#11111 = VECTOR('',#11112,1.);
#11112 = DIRECTION('',(0.,-1.));
#11113 = ( GEOMETRIC_REPRESENTATION_CONTEXT(2) 
PARAMETRIC_REPRESENTATION_CONTEXT() REPRESENTATION_CONTEXT('2D SPACE',''
  ) );
#11114 = PCURVE('',#3558,#11115);
#11115 = DEFINITIONAL_REPRESENTATION('',(#11116),#11120);
#11116 = LINE('',#11117,#11118);
#11117 = CARTESIAN_POINT('',(0.,0.));
#11118 = VECTOR('',#11119,1.);
#11119 = DIRECTION('',(0.,-1.));
#11120 = ( GEOMETRIC_REPRESENTATION_CONTEXT(2) 
PARAMETRIC_REPRESENTATION_CONTEXT() REPRESENTATION_CONTEXT('2D SPACE',''
  ) );
#11121 = ADVANCED_FACE('',(#11122),#3558,.F.);
#11122 = FACE_BOUND('',#11123,.F.);
#11123 = EDGE_LOOP('',(#11124,#11125,#11126,#11127));
#11124 = ORIENTED_EDGE('',*,*,#3542,.F.);
#11125 = ORIENTED_EDGE('',*,*,#11101,.T.);
#11126 = ORIENTED_EDGE('',*,*,#7463,.T.);
#11127 = ORIENTED_EDGE('',*,*,#11128,.F.);
#11128 = EDGE_CURVE('',#3515,#7443,#11129,.T.);
#11129 = SURFACE_CURVE('',#11130,(#11134,#11141),.PCURVE_S1.);
#11130 = LINE('',#11131,#11132);
#11131 = CARTESIAN_POINT('',(123.953722,-100.756451,0.));
#11132 = VECTOR('',#11133,1.);
#11133 = DIRECTION('',(0.,0.,1.));
#11134 = PCURVE('',#3558,#11135);
#11135 = DEFINITIONAL_REPRESENTATION('',(#11136),#11140);
#11136 = LINE('',#11137,#11138);
#11137 = CARTESIAN_POINT('',(0.110249639101,0.));
#11138 = VECTOR('',#11139,1.);
#11139 = DIRECTION('',(0.,-1.));
#11140 = ( GEOMETRIC_REPRESENTATION_CONTEXT(2) 
PARAMETRIC_REPRESENTATION_CONTEXT() REPRESENTATION_CONTEXT('2D SPACE',''
  ) );
#11141 = PCURVE('',#3530,#11142);
#11142 = DEFINITIONAL_REPRESENTATION('',(#11143),#11147);
#11143 = LINE('',#11144,#11145);
#11144 = CARTESIAN_POINT('',(0.,0.));
#11145 = VECTOR('',#11146,1.);
#11146 = DIRECTION('',(0.,-1.));
#11147 = ( GEOMETRIC_REPRESENTATION_CONTEXT(2) 
PARAMETRIC_REPRESENTATION_CONTEXT() REPRESENTATION_CONTEXT('2D SPACE',''
  ) );
#11148 = ADVANCED_FACE('',(#11149),#3530,.F.);
#11149 = FACE_BOUND('',#11150,.F.);
#11150 = EDGE_LOOP('',(#11151,#11152,#11153,#11154));
#11151 = ORIENTED_EDGE('',*,*,#3514,.F.);
#11152 = ORIENTED_EDGE('',*,*,#11128,.T.);
#11153 = ORIENTED_EDGE('',*,*,#7442,.T.);
#11154 = ORIENTED_EDGE('',*,*,#11155,.F.);
#11155 = EDGE_CURVE('',#3487,#7422,#11156,.T.);
#11156 = SURFACE_CURVE('',#11157,(#11161,#11168),.PCURVE_S1.);
#11157 = LINE('',#11158,#11159);
#11158 = CARTESIAN_POINT('',(124.041703,-100.822891,0.));
#11159 = VECTOR('',#11160,1.);
#11160 = DIRECTION('',(0.,0.,1.));
#11161 = PCURVE('',#3530,#11162);
#11162 = DEFINITIONAL_REPRESENTATION('',(#11163),#11167);
#11163 = LINE('',#11164,#11165);
#11164 = CARTESIAN_POINT('',(0.110249398914,0.));
#11165 = VECTOR('',#11166,1.);
#11166 = DIRECTION('',(0.,-1.));
#11167 = ( GEOMETRIC_REPRESENTATION_CONTEXT(2) 
PARAMETRIC_REPRESENTATION_CONTEXT() REPRESENTATION_CONTEXT('2D SPACE',''
  ) );
#11168 = PCURVE('',#3502,#11169);
#11169 = DEFINITIONAL_REPRESENTATION('',(#11170),#11174);
#11170 = LINE('',#11171,#11172);
#11171 = CARTESIAN_POINT('',(0.,0.));
#11172 = VECTOR('',#11173,1.);
#11173 = DIRECTION('',(0.,-1.));
#11174 = ( GEOMETRIC_REPRESENTATION_CONTEXT(2) 
PARAMETRIC_REPRESENTATION_CONTEXT() REPRESENTATION_CONTEXT('2D SPACE',''
  ) );
#11175 = ADVANCED_FACE('',(#11176),#3502,.F.);
#11176 = FACE_BOUND('',#11177,.F.);
#11177 = EDGE_LOOP('',(#11178,#11179,#11180,#11181));
#11178 = ORIENTED_EDGE('',*,*,#3486,.F.);
#11179 = ORIENTED_EDGE('',*,*,#11155,.T.);
#11180 = ORIENTED_EDGE('',*,*,#7421,.T.);
#11181 = ORIENTED_EDGE('',*,*,#11182,.F.);
#11182 = EDGE_CURVE('',#3459,#7401,#11183,.T.);
#11183 = SURFACE_CURVE('',#11184,(#11188,#11195),.PCURVE_S1.);
#11184 = LINE('',#11185,#11186);
#11185 = CARTESIAN_POINT('',(124.099742,-100.916628,0.));
#11186 = VECTOR('',#11187,1.);
#11187 = DIRECTION('',(0.,0.,1.));
#11188 = PCURVE('',#3502,#11189);
#11189 = DEFINITIONAL_REPRESENTATION('',(#11190),#11194);
#11190 = LINE('',#11191,#11192);
#11191 = CARTESIAN_POINT('',(0.110250399954,0.));
#11192 = VECTOR('',#11193,1.);
#11193 = DIRECTION('',(0.,-1.));
#11194 = ( GEOMETRIC_REPRESENTATION_CONTEXT(2) 
PARAMETRIC_REPRESENTATION_CONTEXT() REPRESENTATION_CONTEXT('2D SPACE',''
  ) );
#11195 = PCURVE('',#3474,#11196);
#11196 = DEFINITIONAL_REPRESENTATION('',(#11197),#11201);
#11197 = LINE('',#11198,#11199);
#11198 = CARTESIAN_POINT('',(0.,0.));
#11199 = VECTOR('',#11200,1.);
#11200 = DIRECTION('',(0.,-1.));
#11201 = ( GEOMETRIC_REPRESENTATION_CONTEXT(2) 
PARAMETRIC_REPRESENTATION_CONTEXT() REPRESENTATION_CONTEXT('2D SPACE',''
  ) );
#11202 = ADVANCED_FACE('',(#11203),#3474,.F.);
#11203 = FACE_BOUND('',#11204,.F.);
#11204 = EDGE_LOOP('',(#11205,#11206,#11207,#11208));
#11205 = ORIENTED_EDGE('',*,*,#3458,.F.);
#11206 = ORIENTED_EDGE('',*,*,#11182,.T.);
#11207 = ORIENTED_EDGE('',*,*,#7400,.T.);
#11208 = ORIENTED_EDGE('',*,*,#11209,.F.);
#11209 = EDGE_CURVE('',#3431,#7380,#11210,.T.);
#11210 = SURFACE_CURVE('',#11211,(#11215,#11222),.PCURVE_S1.);
#11211 = LINE('',#11212,#11213);
#11212 = CARTESIAN_POINT('',(124.12,-101.025,0.));
#11213 = VECTOR('',#11214,1.);
#11214 = DIRECTION('',(0.,0.,1.));
#11215 = PCURVE('',#3474,#11216);
#11216 = DEFINITIONAL_REPRESENTATION('',(#11217),#11221);
#11217 = LINE('',#11218,#11219);
#11218 = CARTESIAN_POINT('',(0.110249158491,0.));
#11219 = VECTOR('',#11220,1.);
#11220 = DIRECTION('',(0.,-1.));
#11221 = ( GEOMETRIC_REPRESENTATION_CONTEXT(2) 
PARAMETRIC_REPRESENTATION_CONTEXT() REPRESENTATION_CONTEXT('2D SPACE',''
  ) );
#11222 = PCURVE('',#3446,#11223);
#11223 = DEFINITIONAL_REPRESENTATION('',(#11224),#11228);
#11224 = LINE('',#11225,#11226);
#11225 = CARTESIAN_POINT('',(0.,0.));
#11226 = VECTOR('',#11227,1.);
#11227 = DIRECTION('',(0.,-1.));
#11228 = ( GEOMETRIC_REPRESENTATION_CONTEXT(2) 
PARAMETRIC_REPRESENTATION_CONTEXT() REPRESENTATION_CONTEXT('2D SPACE',''
  ) );
#11229 = ADVANCED_FACE('',(#11230),#3446,.F.);
#11230 = FACE_BOUND('',#11231,.F.);
#11231 = EDGE_LOOP('',(#11232,#11233,#11234,#11235));
#11232 = ORIENTED_EDGE('',*,*,#3430,.F.);
#11233 = ORIENTED_EDGE('',*,*,#11209,.T.);
#11234 = ORIENTED_EDGE('',*,*,#7379,.T.);
#11235 = ORIENTED_EDGE('',*,*,#11236,.F.);
#11236 = EDGE_CURVE('',#3403,#7359,#11237,.T.);
#11237 = SURFACE_CURVE('',#11238,(#11242,#11249),.PCURVE_S1.);
#11238 = LINE('',#11239,#11240);
#11239 = CARTESIAN_POINT('',(124.12,-101.825,0.));
#11240 = VECTOR('',#11241,1.);
#11241 = DIRECTION('',(0.,0.,1.));
#11242 = PCURVE('',#3446,#11243);
#11243 = DEFINITIONAL_REPRESENTATION('',(#11244),#11248);
#11244 = LINE('',#11245,#11246);
#11245 = CARTESIAN_POINT('',(0.8,0.));
#11246 = VECTOR('',#11247,1.);
#11247 = DIRECTION('',(0.,-1.));
#11248 = ( GEOMETRIC_REPRESENTATION_CONTEXT(2) 
PARAMETRIC_REPRESENTATION_CONTEXT() REPRESENTATION_CONTEXT('2D SPACE',''
  ) );
#11249 = PCURVE('',#3418,#11250);
#11250 = DEFINITIONAL_REPRESENTATION('',(#11251),#11255);
#11251 = LINE('',#11252,#11253);
#11252 = CARTESIAN_POINT('',(0.,0.));
#11253 = VECTOR('',#11254,1.);
#11254 = DIRECTION('',(0.,-1.));
#11255 = ( GEOMETRIC_REPRESENTATION_CONTEXT(2) 
PARAMETRIC_REPRESENTATION_CONTEXT() REPRESENTATION_CONTEXT('2D SPACE',''
  ) );
#11256 = ADVANCED_FACE('',(#11257),#3418,.F.);
#11257 = FACE_BOUND('',#11258,.F.);
#11258 = EDGE_LOOP('',(#11259,#11260,#11261,#11262));
#11259 = ORIENTED_EDGE('',*,*,#3402,.F.);
#11260 = ORIENTED_EDGE('',*,*,#11236,.T.);
#11261 = ORIENTED_EDGE('',*,*,#7358,.T.);
#11262 = ORIENTED_EDGE('',*,*,#11263,.F.);
#11263 = EDGE_CURVE('',#3375,#7338,#11264,.T.);
#11264 = SURFACE_CURVE('',#11265,(#11269,#11276),.PCURVE_S1.);
#11265 = LINE('',#11266,#11267);
#11266 = CARTESIAN_POINT('',(124.114892,-101.880125,0.));
#11267 = VECTOR('',#11268,1.);
#11268 = DIRECTION('',(0.,0.,1.));
#11269 = PCURVE('',#3418,#11270);
#11270 = DEFINITIONAL_REPRESENTATION('',(#11271),#11275);
#11271 = LINE('',#11272,#11273);
#11272 = CARTESIAN_POINT('',(5.536115324847E-02,0.));
#11273 = VECTOR('',#11274,1.);
#11274 = DIRECTION('',(0.,-1.));
#11275 = ( GEOMETRIC_REPRESENTATION_CONTEXT(2) 
PARAMETRIC_REPRESENTATION_CONTEXT() REPRESENTATION_CONTEXT('2D SPACE',''
  ) );
#11276 = PCURVE('',#3390,#11277);
#11277 = DEFINITIONAL_REPRESENTATION('',(#11278),#11282);
#11278 = LINE('',#11279,#11280);
#11279 = CARTESIAN_POINT('',(0.,0.));
#11280 = VECTOR('',#11281,1.);
#11281 = DIRECTION('',(0.,-1.));
#11282 = ( GEOMETRIC_REPRESENTATION_CONTEXT(2) 
PARAMETRIC_REPRESENTATION_CONTEXT() REPRESENTATION_CONTEXT('2D SPACE',''
  ) );
#11283 = ADVANCED_FACE('',(#11284),#3390,.F.);
#11284 = FACE_BOUND('',#11285,.F.);
#11285 = EDGE_LOOP('',(#11286,#11287,#11288,#11289));
#11286 = ORIENTED_EDGE('',*,*,#3374,.F.);
#11287 = ORIENTED_EDGE('',*,*,#11263,.T.);
#11288 = ORIENTED_EDGE('',*,*,#7337,.T.);
#11289 = ORIENTED_EDGE('',*,*,#11290,.F.);
#11290 = EDGE_CURVE('',#3347,#7317,#11291,.T.);
#11291 = SURFACE_CURVE('',#11292,(#11296,#11303),.PCURVE_S1.);
#11292 = LINE('',#11293,#11294);
#11293 = CARTESIAN_POINT('',(124.075065,-101.98293,0.));
#11294 = VECTOR('',#11295,1.);
#11295 = DIRECTION('',(0.,0.,1.));
#11296 = PCURVE('',#3390,#11297);
#11297 = DEFINITIONAL_REPRESENTATION('',(#11298),#11302);
#11298 = LINE('',#11299,#11300);
#11299 = CARTESIAN_POINT('',(0.110249979383,0.));
#11300 = VECTOR('',#11301,1.);
#11301 = DIRECTION('',(0.,-1.));
#11302 = ( GEOMETRIC_REPRESENTATION_CONTEXT(2) 
PARAMETRIC_REPRESENTATION_CONTEXT() REPRESENTATION_CONTEXT('2D SPACE',''
  ) );
#11303 = PCURVE('',#3362,#11304);
#11304 = DEFINITIONAL_REPRESENTATION('',(#11305),#11309);
#11305 = LINE('',#11306,#11307);
#11306 = CARTESIAN_POINT('',(0.,0.));
#11307 = VECTOR('',#11308,1.);
#11308 = DIRECTION('',(0.,-1.));
#11309 = ( GEOMETRIC_REPRESENTATION_CONTEXT(2) 
PARAMETRIC_REPRESENTATION_CONTEXT() REPRESENTATION_CONTEXT('2D SPACE',''
  ) );
#11310 = ADVANCED_FACE('',(#11311),#3362,.F.);
#11311 = FACE_BOUND('',#11312,.F.);
#11312 = EDGE_LOOP('',(#11313,#11314,#11315,#11316));
#11313 = ORIENTED_EDGE('',*,*,#3346,.F.);
#11314 = ORIENTED_EDGE('',*,*,#11290,.T.);
#11315 = ORIENTED_EDGE('',*,*,#7316,.T.);
#11316 = ORIENTED_EDGE('',*,*,#11317,.F.);
#11317 = EDGE_CURVE('',#3319,#7296,#11318,.T.);
#11318 = SURFACE_CURVE('',#11319,(#11323,#11330),.PCURVE_S1.);
#11319 = LINE('',#11320,#11321);
#11320 = CARTESIAN_POINT('',(124.00079,-102.064405,0.));
#11321 = VECTOR('',#11322,1.);
#11322 = DIRECTION('',(0.,0.,1.));
#11323 = PCURVE('',#3362,#11324);
#11324 = DEFINITIONAL_REPRESENTATION('',(#11325),#11329);
#11325 = LINE('',#11326,#11327);
#11326 = CARTESIAN_POINT('',(0.110249495464,0.));
#11327 = VECTOR('',#11328,1.);
#11328 = DIRECTION('',(0.,-1.));
#11329 = ( GEOMETRIC_REPRESENTATION_CONTEXT(2) 
PARAMETRIC_REPRESENTATION_CONTEXT() REPRESENTATION_CONTEXT('2D SPACE',''
  ) );
#11330 = PCURVE('',#3334,#11331);
#11331 = DEFINITIONAL_REPRESENTATION('',(#11332),#11336);
#11332 = LINE('',#11333,#11334);
#11333 = CARTESIAN_POINT('',(0.,0.));
#11334 = VECTOR('',#11335,1.);
#11335 = DIRECTION('',(0.,-1.));
#11336 = ( GEOMETRIC_REPRESENTATION_CONTEXT(2) 
PARAMETRIC_REPRESENTATION_CONTEXT() REPRESENTATION_CONTEXT('2D SPACE',''
  ) );
#11337 = ADVANCED_FACE('',(#11338),#3334,.F.);
#11338 = FACE_BOUND('',#11339,.F.);
#11339 = EDGE_LOOP('',(#11340,#11341,#11342,#11343));
#11340 = ORIENTED_EDGE('',*,*,#3318,.F.);
#11341 = ORIENTED_EDGE('',*,*,#11317,.T.);
#11342 = ORIENTED_EDGE('',*,*,#7295,.T.);
#11343 = ORIENTED_EDGE('',*,*,#11344,.F.);
#11344 = EDGE_CURVE('',#3291,#7275,#11345,.T.);
#11345 = SURFACE_CURVE('',#11346,(#11350,#11357),.PCURVE_S1.);
#11346 = LINE('',#11347,#11348);
#11347 = CARTESIAN_POINT('',(123.902099,-102.113548,0.));
#11348 = VECTOR('',#11349,1.);
#11349 = DIRECTION('',(0.,0.,1.));
#11350 = PCURVE('',#3334,#11351);
#11351 = DEFINITIONAL_REPRESENTATION('',(#11352),#11356);
#11352 = LINE('',#11353,#11354);
#11353 = CARTESIAN_POINT('',(0.110249480407,0.));
#11354 = VECTOR('',#11355,1.);
#11355 = DIRECTION('',(0.,-1.));
#11356 = ( GEOMETRIC_REPRESENTATION_CONTEXT(2) 
PARAMETRIC_REPRESENTATION_CONTEXT() REPRESENTATION_CONTEXT('2D SPACE',''
  ) );
#11357 = PCURVE('',#3306,#11358);
#11358 = DEFINITIONAL_REPRESENTATION('',(#11359),#11363);
#11359 = LINE('',#11360,#11361);
#11360 = CARTESIAN_POINT('',(0.,0.));
#11361 = VECTOR('',#11362,1.);
#11362 = DIRECTION('',(0.,-1.));
#11363 = ( GEOMETRIC_REPRESENTATION_CONTEXT(2) 
PARAMETRIC_REPRESENTATION_CONTEXT() REPRESENTATION_CONTEXT('2D SPACE',''
  ) );
#11364 = ADVANCED_FACE('',(#11365),#3306,.F.);
#11365 = FACE_BOUND('',#11366,.F.);
#11366 = EDGE_LOOP('',(#11367,#11368,#11369,#11370));
#11367 = ORIENTED_EDGE('',*,*,#3290,.F.);
#11368 = ORIENTED_EDGE('',*,*,#11344,.T.);
#11369 = ORIENTED_EDGE('',*,*,#7274,.T.);
#11370 = ORIENTED_EDGE('',*,*,#11371,.F.);
#11371 = EDGE_CURVE('',#3263,#7254,#11372,.T.);
#11372 = SURFACE_CURVE('',#11373,(#11377,#11384),.PCURVE_S1.);
#11373 = LINE('',#11374,#11375);
#11374 = CARTESIAN_POINT('',(123.792319,-102.12372,0.));
#11375 = VECTOR('',#11376,1.);
#11376 = DIRECTION('',(0.,0.,1.));
#11377 = PCURVE('',#3306,#11378);
#11378 = DEFINITIONAL_REPRESENTATION('',(#11379),#11383);
#11379 = LINE('',#11380,#11381);
#11380 = CARTESIAN_POINT('',(0.110250251628,0.));
#11381 = VECTOR('',#11382,1.);
#11382 = DIRECTION('',(0.,-1.));
#11383 = ( GEOMETRIC_REPRESENTATION_CONTEXT(2) 
PARAMETRIC_REPRESENTATION_CONTEXT() REPRESENTATION_CONTEXT('2D SPACE',''
  ) );
#11384 = PCURVE('',#3278,#11385);
#11385 = DEFINITIONAL_REPRESENTATION('',(#11386),#11390);
#11386 = LINE('',#11387,#11388);
#11387 = CARTESIAN_POINT('',(0.,0.));
#11388 = VECTOR('',#11389,1.);
#11389 = DIRECTION('',(0.,-1.));
#11390 = ( GEOMETRIC_REPRESENTATION_CONTEXT(2) 
PARAMETRIC_REPRESENTATION_CONTEXT() REPRESENTATION_CONTEXT('2D SPACE',''
  ) );
#11391 = ADVANCED_FACE('',(#11392),#3278,.F.);
#11392 = FACE_BOUND('',#11393,.F.);
#11393 = EDGE_LOOP('',(#11394,#11395,#11396,#11397));
#11394 = ORIENTED_EDGE('',*,*,#3262,.F.);
#11395 = ORIENTED_EDGE('',*,*,#11371,.T.);
#11396 = ORIENTED_EDGE('',*,*,#7253,.T.);
#11397 = ORIENTED_EDGE('',*,*,#11398,.F.);
#11398 = EDGE_CURVE('',#3235,#7233,#11399,.T.);
#11399 = SURFACE_CURVE('',#11400,(#11404,#11411),.PCURVE_S1.);
#11400 = LINE('',#11401,#11402);
#11401 = CARTESIAN_POINT('',(123.686278,-102.093549,0.));
#11402 = VECTOR('',#11403,1.);
#11403 = DIRECTION('',(0.,0.,1.));
#11404 = PCURVE('',#3278,#11405);
#11405 = DEFINITIONAL_REPRESENTATION('',(#11406),#11410);
#11406 = LINE('',#11407,#11408);
#11407 = CARTESIAN_POINT('',(0.110249639101,0.));
#11408 = VECTOR('',#11409,1.);
#11409 = DIRECTION('',(0.,-1.));
#11410 = ( GEOMETRIC_REPRESENTATION_CONTEXT(2) 
PARAMETRIC_REPRESENTATION_CONTEXT() REPRESENTATION_CONTEXT('2D SPACE',''
  ) );
#11411 = PCURVE('',#3250,#11412);
#11412 = DEFINITIONAL_REPRESENTATION('',(#11413),#11417);
#11413 = LINE('',#11414,#11415);
#11414 = CARTESIAN_POINT('',(0.,0.));
#11415 = VECTOR('',#11416,1.);
#11416 = DIRECTION('',(0.,-1.));
#11417 = ( GEOMETRIC_REPRESENTATION_CONTEXT(2) 
PARAMETRIC_REPRESENTATION_CONTEXT() REPRESENTATION_CONTEXT('2D SPACE',''
  ) );
#11418 = ADVANCED_FACE('',(#11419),#3250,.F.);
#11419 = FACE_BOUND('',#11420,.F.);
#11420 = EDGE_LOOP('',(#11421,#11422,#11423,#11424));
#11421 = ORIENTED_EDGE('',*,*,#3234,.F.);
#11422 = ORIENTED_EDGE('',*,*,#11398,.T.);
#11423 = ORIENTED_EDGE('',*,*,#7232,.T.);
#11424 = ORIENTED_EDGE('',*,*,#11425,.F.);
#11425 = EDGE_CURVE('',#3207,#7212,#11426,.T.);
#11426 = SURFACE_CURVE('',#11427,(#11431,#11438),.PCURVE_S1.);
#11427 = LINE('',#11428,#11429);
#11428 = CARTESIAN_POINT('',(123.598297,-102.027109,0.));
#11429 = VECTOR('',#11430,1.);
#11430 = DIRECTION('',(0.,0.,1.));
#11431 = PCURVE('',#3250,#11432);
#11432 = DEFINITIONAL_REPRESENTATION('',(#11433),#11437);
#11433 = LINE('',#11434,#11435);
#11434 = CARTESIAN_POINT('',(0.110249398914,0.));
#11435 = VECTOR('',#11436,1.);
#11436 = DIRECTION('',(0.,-1.));
#11437 = ( GEOMETRIC_REPRESENTATION_CONTEXT(2) 
PARAMETRIC_REPRESENTATION_CONTEXT() REPRESENTATION_CONTEXT('2D SPACE',''
  ) );
#11438 = PCURVE('',#3222,#11439);
#11439 = DEFINITIONAL_REPRESENTATION('',(#11440),#11444);
#11440 = LINE('',#11441,#11442);
#11441 = CARTESIAN_POINT('',(0.,0.));
#11442 = VECTOR('',#11443,1.);
#11443 = DIRECTION('',(0.,-1.));
#11444 = ( GEOMETRIC_REPRESENTATION_CONTEXT(2) 
PARAMETRIC_REPRESENTATION_CONTEXT() REPRESENTATION_CONTEXT('2D SPACE',''
  ) );
#11445 = ADVANCED_FACE('',(#11446),#3222,.F.);
#11446 = FACE_BOUND('',#11447,.F.);
#11447 = EDGE_LOOP('',(#11448,#11449,#11450,#11451));
#11448 = ORIENTED_EDGE('',*,*,#3206,.F.);
#11449 = ORIENTED_EDGE('',*,*,#11425,.T.);
#11450 = ORIENTED_EDGE('',*,*,#7211,.T.);
#11451 = ORIENTED_EDGE('',*,*,#11452,.F.);
#11452 = EDGE_CURVE('',#3179,#7191,#11453,.T.);
#11453 = SURFACE_CURVE('',#11454,(#11458,#11465),.PCURVE_S1.);
#11454 = LINE('',#11455,#11456);
#11455 = CARTESIAN_POINT('',(123.540258,-101.933372,0.));
#11456 = VECTOR('',#11457,1.);
#11457 = DIRECTION('',(0.,0.,1.));
#11458 = PCURVE('',#3222,#11459);
#11459 = DEFINITIONAL_REPRESENTATION('',(#11460),#11464);
#11460 = LINE('',#11461,#11462);
#11461 = CARTESIAN_POINT('',(0.110250399954,0.));
#11462 = VECTOR('',#11463,1.);
#11463 = DIRECTION('',(0.,-1.));
#11464 = ( GEOMETRIC_REPRESENTATION_CONTEXT(2) 
PARAMETRIC_REPRESENTATION_CONTEXT() REPRESENTATION_CONTEXT('2D SPACE',''
  ) );
#11465 = PCURVE('',#3194,#11466);
#11466 = DEFINITIONAL_REPRESENTATION('',(#11467),#11471);
#11467 = LINE('',#11468,#11469);
#11468 = CARTESIAN_POINT('',(0.,0.));
#11469 = VECTOR('',#11470,1.);
#11470 = DIRECTION('',(0.,-1.));
#11471 = ( GEOMETRIC_REPRESENTATION_CONTEXT(2) 
PARAMETRIC_REPRESENTATION_CONTEXT() REPRESENTATION_CONTEXT('2D SPACE',''
  ) );
#11472 = ADVANCED_FACE('',(#11473),#3194,.F.);
#11473 = FACE_BOUND('',#11474,.F.);
#11474 = EDGE_LOOP('',(#11475,#11476,#11477,#11478));
#11475 = ORIENTED_EDGE('',*,*,#3178,.F.);
#11476 = ORIENTED_EDGE('',*,*,#11452,.T.);
#11477 = ORIENTED_EDGE('',*,*,#7190,.T.);
#11478 = ORIENTED_EDGE('',*,*,#11479,.F.);
#11479 = EDGE_CURVE('',#3151,#7170,#11480,.T.);
#11480 = SURFACE_CURVE('',#11481,(#11485,#11492),.PCURVE_S1.);
#11481 = LINE('',#11482,#11483);
#11482 = CARTESIAN_POINT('',(123.52,-101.825,0.));
#11483 = VECTOR('',#11484,1.);
#11484 = DIRECTION('',(0.,0.,1.));
#11485 = PCURVE('',#3194,#11486);
#11486 = DEFINITIONAL_REPRESENTATION('',(#11487),#11491);
#11487 = LINE('',#11488,#11489);
#11488 = CARTESIAN_POINT('',(0.110249158491,0.));
#11489 = VECTOR('',#11490,1.);
#11490 = DIRECTION('',(0.,-1.));
#11491 = ( GEOMETRIC_REPRESENTATION_CONTEXT(2) 
PARAMETRIC_REPRESENTATION_CONTEXT() REPRESENTATION_CONTEXT('2D SPACE',''
  ) );
#11492 = PCURVE('',#3166,#11493);
#11493 = DEFINITIONAL_REPRESENTATION('',(#11494),#11498);
#11494 = LINE('',#11495,#11496);
#11495 = CARTESIAN_POINT('',(0.,0.));
#11496 = VECTOR('',#11497,1.);
#11497 = DIRECTION('',(0.,-1.));
#11498 = ( GEOMETRIC_REPRESENTATION_CONTEXT(2) 
PARAMETRIC_REPRESENTATION_CONTEXT() REPRESENTATION_CONTEXT('2D SPACE',''
  ) );
#11499 = ADVANCED_FACE('',(#11500),#3166,.F.);
#11500 = FACE_BOUND('',#11501,.F.);
#11501 = EDGE_LOOP('',(#11502,#11503,#11504,#11505));
#11502 = ORIENTED_EDGE('',*,*,#3150,.F.);
#11503 = ORIENTED_EDGE('',*,*,#11479,.T.);
#11504 = ORIENTED_EDGE('',*,*,#7169,.T.);
#11505 = ORIENTED_EDGE('',*,*,#11506,.F.);
#11506 = EDGE_CURVE('',#3123,#7149,#11507,.T.);
#11507 = SURFACE_CURVE('',#11508,(#11512,#11519),.PCURVE_S1.);
#11508 = LINE('',#11509,#11510);
#11509 = CARTESIAN_POINT('',(123.52,-101.025,0.));
#11510 = VECTOR('',#11511,1.);
#11511 = DIRECTION('',(0.,0.,1.));
#11512 = PCURVE('',#3166,#11513);
#11513 = DEFINITIONAL_REPRESENTATION('',(#11514),#11518);
#11514 = LINE('',#11515,#11516);
#11515 = CARTESIAN_POINT('',(0.8,0.));
#11516 = VECTOR('',#11517,1.);
#11517 = DIRECTION('',(0.,-1.));
#11518 = ( GEOMETRIC_REPRESENTATION_CONTEXT(2) 
PARAMETRIC_REPRESENTATION_CONTEXT() REPRESENTATION_CONTEXT('2D SPACE',''
  ) );
#11519 = PCURVE('',#3138,#11520);
#11520 = DEFINITIONAL_REPRESENTATION('',(#11521),#11525);
#11521 = LINE('',#11522,#11523);
#11522 = CARTESIAN_POINT('',(0.,0.));
#11523 = VECTOR('',#11524,1.);
#11524 = DIRECTION('',(0.,-1.));
#11525 = ( GEOMETRIC_REPRESENTATION_CONTEXT(2) 
PARAMETRIC_REPRESENTATION_CONTEXT() REPRESENTATION_CONTEXT('2D SPACE',''
  ) );
#11526 = ADVANCED_FACE('',(#11527),#3138,.F.);
#11527 = FACE_BOUND('',#11528,.F.);
#11528 = EDGE_LOOP('',(#11529,#11530,#11531,#11532));
#11529 = ORIENTED_EDGE('',*,*,#3122,.F.);
#11530 = ORIENTED_EDGE('',*,*,#11506,.T.);
#11531 = ORIENTED_EDGE('',*,*,#7148,.T.);
#11532 = ORIENTED_EDGE('',*,*,#10998,.F.);
#11533 = ADVANCED_FACE('',(#11534),#3675,.F.);
#11534 = FACE_BOUND('',#11535,.F.);
#11535 = EDGE_LOOP('',(#11536,#11537,#11558,#11559));
#11536 = ORIENTED_EDGE('',*,*,#7547,.F.);
#11537 = ORIENTED_EDGE('',*,*,#11538,.F.);
#11538 = EDGE_CURVE('',#3655,#7548,#11539,.T.);
#11539 = SEAM_CURVE('',#11540,(#11544,#11551),.PCURVE_S1.);
#11540 = LINE('',#11541,#11542);
#11541 = CARTESIAN_POINT('',(116.935,-105.105,-1.E-02));
#11542 = VECTOR('',#11543,1.);
#11543 = DIRECTION('',(0.,0.,1.));
#11544 = PCURVE('',#3675,#11545);
#11545 = DEFINITIONAL_REPRESENTATION('',(#11546),#11550);
#11546 = LINE('',#11547,#11548);
#11547 = CARTESIAN_POINT('',(6.28318530718,-0.));
#11548 = VECTOR('',#11549,1.);
#11549 = DIRECTION('',(0.,1.));
#11550 = ( GEOMETRIC_REPRESENTATION_CONTEXT(2) 
PARAMETRIC_REPRESENTATION_CONTEXT() REPRESENTATION_CONTEXT('2D SPACE',''
  ) );
#11551 = PCURVE('',#3675,#11552);
#11552 = DEFINITIONAL_REPRESENTATION('',(#11553),#11557);
#11553 = LINE('',#11554,#11555);
#11554 = CARTESIAN_POINT('',(0.,-0.));
#11555 = VECTOR('',#11556,1.);
#11556 = DIRECTION('',(0.,1.));
#11557 = ( GEOMETRIC_REPRESENTATION_CONTEXT(2) 
PARAMETRIC_REPRESENTATION_CONTEXT() REPRESENTATION_CONTEXT('2D SPACE',''
  ) );
#11558 = ORIENTED_EDGE('',*,*,#3654,.T.);
#11559 = ORIENTED_EDGE('',*,*,#11538,.T.);
#11560 = ADVANCED_FACE('',(#11561),#3707,.F.);
#11561 = FACE_BOUND('',#11562,.F.);
#11562 = EDGE_LOOP('',(#11563,#11564,#11585,#11586));
#11563 = ORIENTED_EDGE('',*,*,#3689,.F.);
#11564 = ORIENTED_EDGE('',*,*,#11565,.T.);
#11565 = EDGE_CURVE('',#3690,#7578,#11566,.T.);
#11566 = SURFACE_CURVE('',#11567,(#11571,#11578),.PCURVE_S1.);
#11567 = LINE('',#11568,#11569);
#11568 = CARTESIAN_POINT('',(114.885108,-104.999875,0.));
#11569 = VECTOR('',#11570,1.);
#11570 = DIRECTION('',(0.,0.,1.));
#11571 = PCURVE('',#3707,#11572);
#11572 = DEFINITIONAL_REPRESENTATION('',(#11573),#11577);
#11573 = LINE('',#11574,#11575);
#11574 = CARTESIAN_POINT('',(0.,0.));
#11575 = VECTOR('',#11576,1.);
#11576 = DIRECTION('',(0.,-1.));
#11577 = ( GEOMETRIC_REPRESENTATION_CONTEXT(2) 
PARAMETRIC_REPRESENTATION_CONTEXT() REPRESENTATION_CONTEXT('2D SPACE',''
  ) );
#11578 = PCURVE('',#3735,#11579);
#11579 = DEFINITIONAL_REPRESENTATION('',(#11580),#11584);
#11580 = LINE('',#11581,#11582);
#11581 = CARTESIAN_POINT('',(5.536115324847E-02,0.));
#11582 = VECTOR('',#11583,1.);
#11583 = DIRECTION('',(0.,-1.));
#11584 = ( GEOMETRIC_REPRESENTATION_CONTEXT(2) 
PARAMETRIC_REPRESENTATION_CONTEXT() REPRESENTATION_CONTEXT('2D SPACE',''
  ) );
#11585 = ORIENTED_EDGE('',*,*,#7577,.T.);
#11586 = ORIENTED_EDGE('',*,*,#11587,.F.);
#11587 = EDGE_CURVE('',#3692,#7580,#11588,.T.);
#11588 = SURFACE_CURVE('',#11589,(#11593,#11600),.PCURVE_S1.);
#11589 = LINE('',#11590,#11591);
#11590 = CARTESIAN_POINT('',(114.924935,-104.89707,0.));
#11591 = VECTOR('',#11592,1.);
#11592 = DIRECTION('',(0.,0.,1.));
#11593 = PCURVE('',#3707,#11594);
#11594 = DEFINITIONAL_REPRESENTATION('',(#11595),#11599);
#11595 = LINE('',#11596,#11597);
#11596 = CARTESIAN_POINT('',(0.110249979383,0.));
#11597 = VECTOR('',#11598,1.);
#11598 = DIRECTION('',(0.,-1.));
#11599 = ( GEOMETRIC_REPRESENTATION_CONTEXT(2) 
PARAMETRIC_REPRESENTATION_CONTEXT() REPRESENTATION_CONTEXT('2D SPACE',''
  ) );
#11600 = PCURVE('',#4237,#11601);
#11601 = DEFINITIONAL_REPRESENTATION('',(#11602),#11606);
#11602 = LINE('',#11603,#11604);
#11603 = CARTESIAN_POINT('',(0.,0.));
#11604 = VECTOR('',#11605,1.);
#11605 = DIRECTION('',(0.,-1.));
#11606 = ( GEOMETRIC_REPRESENTATION_CONTEXT(2) 
PARAMETRIC_REPRESENTATION_CONTEXT() REPRESENTATION_CONTEXT('2D SPACE',''
  ) );
#11607 = ADVANCED_FACE('',(#11608),#4237,.F.);
#11608 = FACE_BOUND('',#11609,.F.);
#11609 = EDGE_LOOP('',(#11610,#11611,#11612,#11613));
#11610 = ORIENTED_EDGE('',*,*,#4223,.F.);
#11611 = ORIENTED_EDGE('',*,*,#11587,.T.);
#11612 = ORIENTED_EDGE('',*,*,#7978,.T.);
#11613 = ORIENTED_EDGE('',*,*,#11614,.F.);
#11614 = EDGE_CURVE('',#4196,#7958,#11615,.T.);
#11615 = SURFACE_CURVE('',#11616,(#11620,#11627),.PCURVE_S1.);
#11616 = LINE('',#11617,#11618);
#11617 = CARTESIAN_POINT('',(114.99921,-104.815595,0.));
#11618 = VECTOR('',#11619,1.);
#11619 = DIRECTION('',(0.,0.,1.));
#11620 = PCURVE('',#4237,#11621);
#11621 = DEFINITIONAL_REPRESENTATION('',(#11622),#11626);
#11622 = LINE('',#11623,#11624);
#11623 = CARTESIAN_POINT('',(0.110249495464,0.));
#11624 = VECTOR('',#11625,1.);
#11625 = DIRECTION('',(0.,-1.));
#11626 = ( GEOMETRIC_REPRESENTATION_CONTEXT(2) 
PARAMETRIC_REPRESENTATION_CONTEXT() REPRESENTATION_CONTEXT('2D SPACE',''
  ) );
#11627 = PCURVE('',#4211,#11628);
#11628 = DEFINITIONAL_REPRESENTATION('',(#11629),#11633);
#11629 = LINE('',#11630,#11631);
#11630 = CARTESIAN_POINT('',(0.,0.));
#11631 = VECTOR('',#11632,1.);
#11632 = DIRECTION('',(0.,-1.));
#11633 = ( GEOMETRIC_REPRESENTATION_CONTEXT(2) 
PARAMETRIC_REPRESENTATION_CONTEXT() REPRESENTATION_CONTEXT('2D SPACE',''
  ) );
#11634 = ADVANCED_FACE('',(#11635),#4211,.F.);
#11635 = FACE_BOUND('',#11636,.F.);
#11636 = EDGE_LOOP('',(#11637,#11638,#11639,#11640));
#11637 = ORIENTED_EDGE('',*,*,#4195,.F.);
#11638 = ORIENTED_EDGE('',*,*,#11614,.T.);
#11639 = ORIENTED_EDGE('',*,*,#7957,.T.);
#11640 = ORIENTED_EDGE('',*,*,#11641,.F.);
#11641 = EDGE_CURVE('',#4168,#7937,#11642,.T.);
#11642 = SURFACE_CURVE('',#11643,(#11647,#11654),.PCURVE_S1.);
#11643 = LINE('',#11644,#11645);
#11644 = CARTESIAN_POINT('',(115.097901,-104.766452,0.));
#11645 = VECTOR('',#11646,1.);
#11646 = DIRECTION('',(0.,0.,1.));
#11647 = PCURVE('',#4211,#11648);
#11648 = DEFINITIONAL_REPRESENTATION('',(#11649),#11653);
#11649 = LINE('',#11650,#11651);
#11650 = CARTESIAN_POINT('',(0.110249480407,0.));
#11651 = VECTOR('',#11652,1.);
#11652 = DIRECTION('',(0.,-1.));
#11653 = ( GEOMETRIC_REPRESENTATION_CONTEXT(2) 
PARAMETRIC_REPRESENTATION_CONTEXT() REPRESENTATION_CONTEXT('2D SPACE',''
  ) );
#11654 = PCURVE('',#4183,#11655);
#11655 = DEFINITIONAL_REPRESENTATION('',(#11656),#11660);
#11656 = LINE('',#11657,#11658);
#11657 = CARTESIAN_POINT('',(0.,0.));
#11658 = VECTOR('',#11659,1.);
#11659 = DIRECTION('',(0.,-1.));
#11660 = ( GEOMETRIC_REPRESENTATION_CONTEXT(2) 
PARAMETRIC_REPRESENTATION_CONTEXT() REPRESENTATION_CONTEXT('2D SPACE',''
  ) );
#11661 = ADVANCED_FACE('',(#11662),#4183,.F.);
#11662 = FACE_BOUND('',#11663,.F.);
#11663 = EDGE_LOOP('',(#11664,#11665,#11666,#11667));
#11664 = ORIENTED_EDGE('',*,*,#4167,.F.);
#11665 = ORIENTED_EDGE('',*,*,#11641,.T.);
#11666 = ORIENTED_EDGE('',*,*,#7936,.T.);
#11667 = ORIENTED_EDGE('',*,*,#11668,.F.);
#11668 = EDGE_CURVE('',#4140,#7916,#11669,.T.);
#11669 = SURFACE_CURVE('',#11670,(#11674,#11681),.PCURVE_S1.);
#11670 = LINE('',#11671,#11672);
#11671 = CARTESIAN_POINT('',(115.207681,-104.75628,0.));
#11672 = VECTOR('',#11673,1.);
#11673 = DIRECTION('',(0.,0.,1.));
#11674 = PCURVE('',#4183,#11675);
#11675 = DEFINITIONAL_REPRESENTATION('',(#11676),#11680);
#11676 = LINE('',#11677,#11678);
#11677 = CARTESIAN_POINT('',(0.110250251628,0.));
#11678 = VECTOR('',#11679,1.);
#11679 = DIRECTION('',(0.,-1.));
#11680 = ( GEOMETRIC_REPRESENTATION_CONTEXT(2) 
PARAMETRIC_REPRESENTATION_CONTEXT() REPRESENTATION_CONTEXT('2D SPACE',''
  ) );
#11681 = PCURVE('',#4155,#11682);
#11682 = DEFINITIONAL_REPRESENTATION('',(#11683),#11687);
#11683 = LINE('',#11684,#11685);
#11684 = CARTESIAN_POINT('',(0.,0.));
#11685 = VECTOR('',#11686,1.);
#11686 = DIRECTION('',(0.,-1.));
#11687 = ( GEOMETRIC_REPRESENTATION_CONTEXT(2) 
PARAMETRIC_REPRESENTATION_CONTEXT() REPRESENTATION_CONTEXT('2D SPACE',''
  ) );
#11688 = ADVANCED_FACE('',(#11689),#4155,.F.);
#11689 = FACE_BOUND('',#11690,.F.);
#11690 = EDGE_LOOP('',(#11691,#11692,#11693,#11694));
#11691 = ORIENTED_EDGE('',*,*,#4139,.F.);
#11692 = ORIENTED_EDGE('',*,*,#11668,.T.);
#11693 = ORIENTED_EDGE('',*,*,#7915,.T.);
#11694 = ORIENTED_EDGE('',*,*,#11695,.F.);
#11695 = EDGE_CURVE('',#4112,#7895,#11696,.T.);
#11696 = SURFACE_CURVE('',#11697,(#11701,#11708),.PCURVE_S1.);
#11697 = LINE('',#11698,#11699);
#11698 = CARTESIAN_POINT('',(115.313722,-104.786451,0.));
#11699 = VECTOR('',#11700,1.);
#11700 = DIRECTION('',(0.,0.,1.));
#11701 = PCURVE('',#4155,#11702);
#11702 = DEFINITIONAL_REPRESENTATION('',(#11703),#11707);
#11703 = LINE('',#11704,#11705);
#11704 = CARTESIAN_POINT('',(0.110249639101,0.));
#11705 = VECTOR('',#11706,1.);
#11706 = DIRECTION('',(0.,-1.));
#11707 = ( GEOMETRIC_REPRESENTATION_CONTEXT(2) 
PARAMETRIC_REPRESENTATION_CONTEXT() REPRESENTATION_CONTEXT('2D SPACE',''
  ) );
#11708 = PCURVE('',#4127,#11709);
#11709 = DEFINITIONAL_REPRESENTATION('',(#11710),#11714);
#11710 = LINE('',#11711,#11712);
#11711 = CARTESIAN_POINT('',(0.,0.));
#11712 = VECTOR('',#11713,1.);
#11713 = DIRECTION('',(0.,-1.));
#11714 = ( GEOMETRIC_REPRESENTATION_CONTEXT(2) 
PARAMETRIC_REPRESENTATION_CONTEXT() REPRESENTATION_CONTEXT('2D SPACE',''
  ) );
#11715 = ADVANCED_FACE('',(#11716),#4127,.F.);
#11716 = FACE_BOUND('',#11717,.F.);
#11717 = EDGE_LOOP('',(#11718,#11719,#11720,#11721));
#11718 = ORIENTED_EDGE('',*,*,#4111,.F.);
#11719 = ORIENTED_EDGE('',*,*,#11695,.T.);
#11720 = ORIENTED_EDGE('',*,*,#7894,.T.);
#11721 = ORIENTED_EDGE('',*,*,#11722,.F.);
#11722 = EDGE_CURVE('',#4084,#7874,#11723,.T.);
#11723 = SURFACE_CURVE('',#11724,(#11728,#11735),.PCURVE_S1.);
#11724 = LINE('',#11725,#11726);
#11725 = CARTESIAN_POINT('',(115.401703,-104.852891,0.));
#11726 = VECTOR('',#11727,1.);
#11727 = DIRECTION('',(0.,0.,1.));
#11728 = PCURVE('',#4127,#11729);
#11729 = DEFINITIONAL_REPRESENTATION('',(#11730),#11734);
#11730 = LINE('',#11731,#11732);
#11731 = CARTESIAN_POINT('',(0.110249398914,0.));
#11732 = VECTOR('',#11733,1.);
#11733 = DIRECTION('',(0.,-1.));
#11734 = ( GEOMETRIC_REPRESENTATION_CONTEXT(2) 
PARAMETRIC_REPRESENTATION_CONTEXT() REPRESENTATION_CONTEXT('2D SPACE',''
  ) );
#11735 = PCURVE('',#4099,#11736);
#11736 = DEFINITIONAL_REPRESENTATION('',(#11737),#11741);
#11737 = LINE('',#11738,#11739);
#11738 = CARTESIAN_POINT('',(0.,0.));
#11739 = VECTOR('',#11740,1.);
#11740 = DIRECTION('',(0.,-1.));
#11741 = ( GEOMETRIC_REPRESENTATION_CONTEXT(2) 
PARAMETRIC_REPRESENTATION_CONTEXT() REPRESENTATION_CONTEXT('2D SPACE',''
  ) );
#11742 = ADVANCED_FACE('',(#11743),#4099,.F.);
#11743 = FACE_BOUND('',#11744,.F.);
#11744 = EDGE_LOOP('',(#11745,#11746,#11747,#11748));
#11745 = ORIENTED_EDGE('',*,*,#4083,.F.);
#11746 = ORIENTED_EDGE('',*,*,#11722,.T.);
#11747 = ORIENTED_EDGE('',*,*,#7873,.T.);
#11748 = ORIENTED_EDGE('',*,*,#11749,.F.);
#11749 = EDGE_CURVE('',#4056,#7853,#11750,.T.);
#11750 = SURFACE_CURVE('',#11751,(#11755,#11762),.PCURVE_S1.);
#11751 = LINE('',#11752,#11753);
#11752 = CARTESIAN_POINT('',(115.459742,-104.946628,0.));
#11753 = VECTOR('',#11754,1.);
#11754 = DIRECTION('',(0.,0.,1.));
#11755 = PCURVE('',#4099,#11756);
#11756 = DEFINITIONAL_REPRESENTATION('',(#11757),#11761);
#11757 = LINE('',#11758,#11759);
#11758 = CARTESIAN_POINT('',(0.110250399954,0.));
#11759 = VECTOR('',#11760,1.);
#11760 = DIRECTION('',(0.,-1.));
#11761 = ( GEOMETRIC_REPRESENTATION_CONTEXT(2) 
PARAMETRIC_REPRESENTATION_CONTEXT() REPRESENTATION_CONTEXT('2D SPACE',''
  ) );
#11762 = PCURVE('',#4071,#11763);
#11763 = DEFINITIONAL_REPRESENTATION('',(#11764),#11768);
#11764 = LINE('',#11765,#11766);
#11765 = CARTESIAN_POINT('',(0.,0.));
#11766 = VECTOR('',#11767,1.);
#11767 = DIRECTION('',(0.,-1.));
#11768 = ( GEOMETRIC_REPRESENTATION_CONTEXT(2) 
PARAMETRIC_REPRESENTATION_CONTEXT() REPRESENTATION_CONTEXT('2D SPACE',''
  ) );
#11769 = ADVANCED_FACE('',(#11770),#4071,.F.);
#11770 = FACE_BOUND('',#11771,.F.);
#11771 = EDGE_LOOP('',(#11772,#11773,#11774,#11775));
#11772 = ORIENTED_EDGE('',*,*,#4055,.F.);
#11773 = ORIENTED_EDGE('',*,*,#11749,.T.);
#11774 = ORIENTED_EDGE('',*,*,#7852,.T.);
#11775 = ORIENTED_EDGE('',*,*,#11776,.F.);
#11776 = EDGE_CURVE('',#4028,#7832,#11777,.T.);
#11777 = SURFACE_CURVE('',#11778,(#11782,#11789),.PCURVE_S1.);
#11778 = LINE('',#11779,#11780);
#11779 = CARTESIAN_POINT('',(115.48,-105.055,0.));
#11780 = VECTOR('',#11781,1.);
#11781 = DIRECTION('',(0.,0.,1.));
#11782 = PCURVE('',#4071,#11783);
#11783 = DEFINITIONAL_REPRESENTATION('',(#11784),#11788);
#11784 = LINE('',#11785,#11786);
#11785 = CARTESIAN_POINT('',(0.110249158491,0.));
#11786 = VECTOR('',#11787,1.);
#11787 = DIRECTION('',(0.,-1.));
#11788 = ( GEOMETRIC_REPRESENTATION_CONTEXT(2) 
PARAMETRIC_REPRESENTATION_CONTEXT() REPRESENTATION_CONTEXT('2D SPACE',''
  ) );
#11789 = PCURVE('',#4043,#11790);
#11790 = DEFINITIONAL_REPRESENTATION('',(#11791),#11795);
#11791 = LINE('',#11792,#11793);
#11792 = CARTESIAN_POINT('',(0.,0.));
#11793 = VECTOR('',#11794,1.);
#11794 = DIRECTION('',(0.,-1.));
#11795 = ( GEOMETRIC_REPRESENTATION_CONTEXT(2) 
PARAMETRIC_REPRESENTATION_CONTEXT() REPRESENTATION_CONTEXT('2D SPACE',''
  ) );
#11796 = ADVANCED_FACE('',(#11797),#4043,.F.);
#11797 = FACE_BOUND('',#11798,.F.);
#11798 = EDGE_LOOP('',(#11799,#11800,#11801,#11802));
#11799 = ORIENTED_EDGE('',*,*,#4027,.F.);
#11800 = ORIENTED_EDGE('',*,*,#11776,.T.);
#11801 = ORIENTED_EDGE('',*,*,#7831,.T.);
#11802 = ORIENTED_EDGE('',*,*,#11803,.F.);
#11803 = EDGE_CURVE('',#4000,#7811,#11804,.T.);
#11804 = SURFACE_CURVE('',#11805,(#11809,#11816),.PCURVE_S1.);
#11805 = LINE('',#11806,#11807);
#11806 = CARTESIAN_POINT('',(115.48,-106.155,0.));
#11807 = VECTOR('',#11808,1.);
#11808 = DIRECTION('',(0.,0.,1.));
#11809 = PCURVE('',#4043,#11810);
#11810 = DEFINITIONAL_REPRESENTATION('',(#11811),#11815);
#11811 = LINE('',#11812,#11813);
#11812 = CARTESIAN_POINT('',(1.1,0.));
#11813 = VECTOR('',#11814,1.);
#11814 = DIRECTION('',(0.,-1.));
#11815 = ( GEOMETRIC_REPRESENTATION_CONTEXT(2) 
PARAMETRIC_REPRESENTATION_CONTEXT() REPRESENTATION_CONTEXT('2D SPACE',''
  ) );
#11816 = PCURVE('',#4015,#11817);
#11817 = DEFINITIONAL_REPRESENTATION('',(#11818),#11822);
#11818 = LINE('',#11819,#11820);
#11819 = CARTESIAN_POINT('',(0.,0.));
#11820 = VECTOR('',#11821,1.);
#11821 = DIRECTION('',(0.,-1.));
#11822 = ( GEOMETRIC_REPRESENTATION_CONTEXT(2) 
PARAMETRIC_REPRESENTATION_CONTEXT() REPRESENTATION_CONTEXT('2D SPACE',''
  ) );
#11823 = ADVANCED_FACE('',(#11824),#4015,.F.);
#11824 = FACE_BOUND('',#11825,.F.);
#11825 = EDGE_LOOP('',(#11826,#11827,#11828,#11829));
#11826 = ORIENTED_EDGE('',*,*,#3999,.F.);
#11827 = ORIENTED_EDGE('',*,*,#11803,.T.);
#11828 = ORIENTED_EDGE('',*,*,#7810,.T.);
#11829 = ORIENTED_EDGE('',*,*,#11830,.F.);
#11830 = EDGE_CURVE('',#3972,#7790,#11831,.T.);
#11831 = SURFACE_CURVE('',#11832,(#11836,#11843),.PCURVE_S1.);
#11832 = LINE('',#11833,#11834);
#11833 = CARTESIAN_POINT('',(115.474892,-106.210125,0.));
#11834 = VECTOR('',#11835,1.);
#11835 = DIRECTION('',(0.,0.,1.));
#11836 = PCURVE('',#4015,#11837);
#11837 = DEFINITIONAL_REPRESENTATION('',(#11838),#11842);
#11838 = LINE('',#11839,#11840);
#11839 = CARTESIAN_POINT('',(5.536115324847E-02,0.));
#11840 = VECTOR('',#11841,1.);
#11841 = DIRECTION('',(0.,-1.));
#11842 = ( GEOMETRIC_REPRESENTATION_CONTEXT(2) 
PARAMETRIC_REPRESENTATION_CONTEXT() REPRESENTATION_CONTEXT('2D SPACE',''
  ) );
#11843 = PCURVE('',#3987,#11844);
#11844 = DEFINITIONAL_REPRESENTATION('',(#11845),#11849);
#11845 = LINE('',#11846,#11847);
#11846 = CARTESIAN_POINT('',(0.,0.));
#11847 = VECTOR('',#11848,1.);
#11848 = DIRECTION('',(0.,-1.));
#11849 = ( GEOMETRIC_REPRESENTATION_CONTEXT(2) 
PARAMETRIC_REPRESENTATION_CONTEXT() REPRESENTATION_CONTEXT('2D SPACE',''
  ) );
#11850 = ADVANCED_FACE('',(#11851),#3987,.F.);
#11851 = FACE_BOUND('',#11852,.F.);
#11852 = EDGE_LOOP('',(#11853,#11854,#11855,#11856));
#11853 = ORIENTED_EDGE('',*,*,#3971,.F.);
#11854 = ORIENTED_EDGE('',*,*,#11830,.T.);
#11855 = ORIENTED_EDGE('',*,*,#7789,.T.);
#11856 = ORIENTED_EDGE('',*,*,#11857,.F.);
#11857 = EDGE_CURVE('',#3944,#7769,#11858,.T.);
#11858 = SURFACE_CURVE('',#11859,(#11863,#11870),.PCURVE_S1.);
#11859 = LINE('',#11860,#11861);
#11860 = CARTESIAN_POINT('',(115.435065,-106.31293,0.));
#11861 = VECTOR('',#11862,1.);
#11862 = DIRECTION('',(0.,0.,1.));
#11863 = PCURVE('',#3987,#11864);
#11864 = DEFINITIONAL_REPRESENTATION('',(#11865),#11869);
#11865 = LINE('',#11866,#11867);
#11866 = CARTESIAN_POINT('',(0.110249979383,0.));
#11867 = VECTOR('',#11868,1.);
#11868 = DIRECTION('',(0.,-1.));
#11869 = ( GEOMETRIC_REPRESENTATION_CONTEXT(2) 
PARAMETRIC_REPRESENTATION_CONTEXT() REPRESENTATION_CONTEXT('2D SPACE',''
  ) );
#11870 = PCURVE('',#3959,#11871);
#11871 = DEFINITIONAL_REPRESENTATION('',(#11872),#11876);
#11872 = LINE('',#11873,#11874);
#11873 = CARTESIAN_POINT('',(0.,0.));
#11874 = VECTOR('',#11875,1.);
#11875 = DIRECTION('',(0.,-1.));
#11876 = ( GEOMETRIC_REPRESENTATION_CONTEXT(2) 
PARAMETRIC_REPRESENTATION_CONTEXT() REPRESENTATION_CONTEXT('2D SPACE',''
  ) );
#11877 = ADVANCED_FACE('',(#11878),#3959,.F.);
#11878 = FACE_BOUND('',#11879,.F.);
#11879 = EDGE_LOOP('',(#11880,#11881,#11882,#11883));
#11880 = ORIENTED_EDGE('',*,*,#3943,.F.);
#11881 = ORIENTED_EDGE('',*,*,#11857,.T.);
#11882 = ORIENTED_EDGE('',*,*,#7768,.T.);
#11883 = ORIENTED_EDGE('',*,*,#11884,.F.);
#11884 = EDGE_CURVE('',#3916,#7748,#11885,.T.);
#11885 = SURFACE_CURVE('',#11886,(#11890,#11897),.PCURVE_S1.);
#11886 = LINE('',#11887,#11888);
#11887 = CARTESIAN_POINT('',(115.36079,-106.394405,0.));
#11888 = VECTOR('',#11889,1.);
#11889 = DIRECTION('',(0.,0.,1.));
#11890 = PCURVE('',#3959,#11891);
#11891 = DEFINITIONAL_REPRESENTATION('',(#11892),#11896);
#11892 = LINE('',#11893,#11894);
#11893 = CARTESIAN_POINT('',(0.110249495464,0.));
#11894 = VECTOR('',#11895,1.);
#11895 = DIRECTION('',(0.,-1.));
#11896 = ( GEOMETRIC_REPRESENTATION_CONTEXT(2) 
PARAMETRIC_REPRESENTATION_CONTEXT() REPRESENTATION_CONTEXT('2D SPACE',''
  ) );
#11897 = PCURVE('',#3931,#11898);
#11898 = DEFINITIONAL_REPRESENTATION('',(#11899),#11903);
#11899 = LINE('',#11900,#11901);
#11900 = CARTESIAN_POINT('',(0.,0.));
#11901 = VECTOR('',#11902,1.);
#11902 = DIRECTION('',(0.,-1.));
#11903 = ( GEOMETRIC_REPRESENTATION_CONTEXT(2) 
PARAMETRIC_REPRESENTATION_CONTEXT() REPRESENTATION_CONTEXT('2D SPACE',''
  ) );
#11904 = ADVANCED_FACE('',(#11905),#3931,.F.);
#11905 = FACE_BOUND('',#11906,.F.);
#11906 = EDGE_LOOP('',(#11907,#11908,#11909,#11910));
#11907 = ORIENTED_EDGE('',*,*,#3915,.F.);
#11908 = ORIENTED_EDGE('',*,*,#11884,.T.);
#11909 = ORIENTED_EDGE('',*,*,#7747,.T.);
#11910 = ORIENTED_EDGE('',*,*,#11911,.F.);
#11911 = EDGE_CURVE('',#3888,#7727,#11912,.T.);
#11912 = SURFACE_CURVE('',#11913,(#11917,#11924),.PCURVE_S1.);
#11913 = LINE('',#11914,#11915);
#11914 = CARTESIAN_POINT('',(115.262099,-106.443548,0.));
#11915 = VECTOR('',#11916,1.);
#11916 = DIRECTION('',(0.,0.,1.));
#11917 = PCURVE('',#3931,#11918);
#11918 = DEFINITIONAL_REPRESENTATION('',(#11919),#11923);
#11919 = LINE('',#11920,#11921);
#11920 = CARTESIAN_POINT('',(0.110249480407,0.));
#11921 = VECTOR('',#11922,1.);
#11922 = DIRECTION('',(0.,-1.));
#11923 = ( GEOMETRIC_REPRESENTATION_CONTEXT(2) 
PARAMETRIC_REPRESENTATION_CONTEXT() REPRESENTATION_CONTEXT('2D SPACE',''
  ) );
#11924 = PCURVE('',#3903,#11925);
#11925 = DEFINITIONAL_REPRESENTATION('',(#11926),#11930);
#11926 = LINE('',#11927,#11928);
#11927 = CARTESIAN_POINT('',(0.,0.));
#11928 = VECTOR('',#11929,1.);
#11929 = DIRECTION('',(0.,-1.));
#11930 = ( GEOMETRIC_REPRESENTATION_CONTEXT(2) 
PARAMETRIC_REPRESENTATION_CONTEXT() REPRESENTATION_CONTEXT('2D SPACE',''
  ) );
#11931 = ADVANCED_FACE('',(#11932),#3903,.F.);
#11932 = FACE_BOUND('',#11933,.F.);
#11933 = EDGE_LOOP('',(#11934,#11935,#11936,#11937));
#11934 = ORIENTED_EDGE('',*,*,#3887,.F.);
#11935 = ORIENTED_EDGE('',*,*,#11911,.T.);
#11936 = ORIENTED_EDGE('',*,*,#7726,.T.);
#11937 = ORIENTED_EDGE('',*,*,#11938,.F.);
#11938 = EDGE_CURVE('',#3860,#7706,#11939,.T.);
#11939 = SURFACE_CURVE('',#11940,(#11944,#11951),.PCURVE_S1.);
#11940 = LINE('',#11941,#11942);
#11941 = CARTESIAN_POINT('',(115.152319,-106.45372,0.));
#11942 = VECTOR('',#11943,1.);
#11943 = DIRECTION('',(0.,0.,1.));
#11944 = PCURVE('',#3903,#11945);
#11945 = DEFINITIONAL_REPRESENTATION('',(#11946),#11950);
#11946 = LINE('',#11947,#11948);
#11947 = CARTESIAN_POINT('',(0.110250251628,0.));
#11948 = VECTOR('',#11949,1.);
#11949 = DIRECTION('',(0.,-1.));
#11950 = ( GEOMETRIC_REPRESENTATION_CONTEXT(2) 
PARAMETRIC_REPRESENTATION_CONTEXT() REPRESENTATION_CONTEXT('2D SPACE',''
  ) );
#11951 = PCURVE('',#3875,#11952);
#11952 = DEFINITIONAL_REPRESENTATION('',(#11953),#11957);
#11953 = LINE('',#11954,#11955);
#11954 = CARTESIAN_POINT('',(0.,0.));
#11955 = VECTOR('',#11956,1.);
#11956 = DIRECTION('',(0.,-1.));
#11957 = ( GEOMETRIC_REPRESENTATION_CONTEXT(2) 
PARAMETRIC_REPRESENTATION_CONTEXT() REPRESENTATION_CONTEXT('2D SPACE',''
  ) );
#11958 = ADVANCED_FACE('',(#11959),#3875,.F.);
#11959 = FACE_BOUND('',#11960,.F.);
#11960 = EDGE_LOOP('',(#11961,#11962,#11963,#11964));
#11961 = ORIENTED_EDGE('',*,*,#3859,.F.);
#11962 = ORIENTED_EDGE('',*,*,#11938,.T.);
#11963 = ORIENTED_EDGE('',*,*,#7705,.T.);
#11964 = ORIENTED_EDGE('',*,*,#11965,.F.);
#11965 = EDGE_CURVE('',#3832,#7685,#11966,.T.);
#11966 = SURFACE_CURVE('',#11967,(#11971,#11978),.PCURVE_S1.);
#11967 = LINE('',#11968,#11969);
#11968 = CARTESIAN_POINT('',(115.046278,-106.423549,0.));
#11969 = VECTOR('',#11970,1.);
#11970 = DIRECTION('',(0.,0.,1.));
#11971 = PCURVE('',#3875,#11972);
#11972 = DEFINITIONAL_REPRESENTATION('',(#11973),#11977);
#11973 = LINE('',#11974,#11975);
#11974 = CARTESIAN_POINT('',(0.110249639101,0.));
#11975 = VECTOR('',#11976,1.);
#11976 = DIRECTION('',(0.,-1.));
#11977 = ( GEOMETRIC_REPRESENTATION_CONTEXT(2) 
PARAMETRIC_REPRESENTATION_CONTEXT() REPRESENTATION_CONTEXT('2D SPACE',''
  ) );
#11978 = PCURVE('',#3847,#11979);
#11979 = DEFINITIONAL_REPRESENTATION('',(#11980),#11984);
#11980 = LINE('',#11981,#11982);
#11981 = CARTESIAN_POINT('',(0.,0.));
#11982 = VECTOR('',#11983,1.);
#11983 = DIRECTION('',(0.,-1.));
#11984 = ( GEOMETRIC_REPRESENTATION_CONTEXT(2) 
PARAMETRIC_REPRESENTATION_CONTEXT() REPRESENTATION_CONTEXT('2D SPACE',''
  ) );
#11985 = ADVANCED_FACE('',(#11986),#3847,.F.);
#11986 = FACE_BOUND('',#11987,.F.);
#11987 = EDGE_LOOP('',(#11988,#11989,#11990,#11991));
#11988 = ORIENTED_EDGE('',*,*,#3831,.F.);
#11989 = ORIENTED_EDGE('',*,*,#11965,.T.);
#11990 = ORIENTED_EDGE('',*,*,#7684,.T.);
#11991 = ORIENTED_EDGE('',*,*,#11992,.F.);
#11992 = EDGE_CURVE('',#3804,#7664,#11993,.T.);
#11993 = SURFACE_CURVE('',#11994,(#11998,#12005),.PCURVE_S1.);
#11994 = LINE('',#11995,#11996);
#11995 = CARTESIAN_POINT('',(114.958297,-106.357109,0.));
#11996 = VECTOR('',#11997,1.);
#11997 = DIRECTION('',(0.,0.,1.));
#11998 = PCURVE('',#3847,#11999);
#11999 = DEFINITIONAL_REPRESENTATION('',(#12000),#12004);
#12000 = LINE('',#12001,#12002);
#12001 = CARTESIAN_POINT('',(0.110249398914,0.));
#12002 = VECTOR('',#12003,1.);
#12003 = DIRECTION('',(0.,-1.));
#12004 = ( GEOMETRIC_REPRESENTATION_CONTEXT(2) 
PARAMETRIC_REPRESENTATION_CONTEXT() REPRESENTATION_CONTEXT('2D SPACE',''
  ) );
#12005 = PCURVE('',#3819,#12006);
#12006 = DEFINITIONAL_REPRESENTATION('',(#12007),#12011);
#12007 = LINE('',#12008,#12009);
#12008 = CARTESIAN_POINT('',(0.,0.));
#12009 = VECTOR('',#12010,1.);
#12010 = DIRECTION('',(0.,-1.));
#12011 = ( GEOMETRIC_REPRESENTATION_CONTEXT(2) 
PARAMETRIC_REPRESENTATION_CONTEXT() REPRESENTATION_CONTEXT('2D SPACE',''
  ) );
#12012 = ADVANCED_FACE('',(#12013),#3819,.F.);
#12013 = FACE_BOUND('',#12014,.F.);
#12014 = EDGE_LOOP('',(#12015,#12016,#12017,#12018));
#12015 = ORIENTED_EDGE('',*,*,#3803,.F.);
#12016 = ORIENTED_EDGE('',*,*,#11992,.T.);
#12017 = ORIENTED_EDGE('',*,*,#7663,.T.);
#12018 = ORIENTED_EDGE('',*,*,#12019,.F.);
#12019 = EDGE_CURVE('',#3776,#7643,#12020,.T.);
#12020 = SURFACE_CURVE('',#12021,(#12025,#12032),.PCURVE_S1.);
#12021 = LINE('',#12022,#12023);
#12022 = CARTESIAN_POINT('',(114.900258,-106.263372,0.));
#12023 = VECTOR('',#12024,1.);
#12024 = DIRECTION('',(0.,0.,1.));
#12025 = PCURVE('',#3819,#12026);
#12026 = DEFINITIONAL_REPRESENTATION('',(#12027),#12031);
#12027 = LINE('',#12028,#12029);
#12028 = CARTESIAN_POINT('',(0.110250399954,0.));
#12029 = VECTOR('',#12030,1.);
#12030 = DIRECTION('',(0.,-1.));
#12031 = ( GEOMETRIC_REPRESENTATION_CONTEXT(2) 
PARAMETRIC_REPRESENTATION_CONTEXT() REPRESENTATION_CONTEXT('2D SPACE',''
  ) );
#12032 = PCURVE('',#3791,#12033);
#12033 = DEFINITIONAL_REPRESENTATION('',(#12034),#12038);
#12034 = LINE('',#12035,#12036);
#12035 = CARTESIAN_POINT('',(0.,0.));
#12036 = VECTOR('',#12037,1.);
#12037 = DIRECTION('',(0.,-1.));
#12038 = ( GEOMETRIC_REPRESENTATION_CONTEXT(2) 
PARAMETRIC_REPRESENTATION_CONTEXT() REPRESENTATION_CONTEXT('2D SPACE',''
  ) );
#12039 = ADVANCED_FACE('',(#12040),#3791,.F.);
#12040 = FACE_BOUND('',#12041,.F.);
#12041 = EDGE_LOOP('',(#12042,#12043,#12044,#12045));
#12042 = ORIENTED_EDGE('',*,*,#3775,.F.);
#12043 = ORIENTED_EDGE('',*,*,#12019,.T.);
#12044 = ORIENTED_EDGE('',*,*,#7642,.T.);
#12045 = ORIENTED_EDGE('',*,*,#12046,.F.);
#12046 = EDGE_CURVE('',#3748,#7622,#12047,.T.);
#12047 = SURFACE_CURVE('',#12048,(#12052,#12059),.PCURVE_S1.);
#12048 = LINE('',#12049,#12050);
#12049 = CARTESIAN_POINT('',(114.88,-106.155,0.));
#12050 = VECTOR('',#12051,1.);
#12051 = DIRECTION('',(0.,0.,1.));
#12052 = PCURVE('',#3791,#12053);
#12053 = DEFINITIONAL_REPRESENTATION('',(#12054),#12058);
#12054 = LINE('',#12055,#12056);
#12055 = CARTESIAN_POINT('',(0.110249158491,0.));
#12056 = VECTOR('',#12057,1.);
#12057 = DIRECTION('',(0.,-1.));
#12058 = ( GEOMETRIC_REPRESENTATION_CONTEXT(2) 
PARAMETRIC_REPRESENTATION_CONTEXT() REPRESENTATION_CONTEXT('2D SPACE',''
  ) );
#12059 = PCURVE('',#3763,#12060);
#12060 = DEFINITIONAL_REPRESENTATION('',(#12061),#12065);
#12061 = LINE('',#12062,#12063);
#12062 = CARTESIAN_POINT('',(0.,0.));
#12063 = VECTOR('',#12064,1.);
#12064 = DIRECTION('',(0.,-1.));
#12065 = ( GEOMETRIC_REPRESENTATION_CONTEXT(2) 
PARAMETRIC_REPRESENTATION_CONTEXT() REPRESENTATION_CONTEXT('2D SPACE',''
  ) );
#12066 = ADVANCED_FACE('',(#12067),#3763,.F.);
#12067 = FACE_BOUND('',#12068,.F.);
#12068 = EDGE_LOOP('',(#12069,#12070,#12071,#12072));
#12069 = ORIENTED_EDGE('',*,*,#3747,.F.);
#12070 = ORIENTED_EDGE('',*,*,#12046,.T.);
#12071 = ORIENTED_EDGE('',*,*,#7621,.T.);
#12072 = ORIENTED_EDGE('',*,*,#12073,.F.);
#12073 = EDGE_CURVE('',#3720,#7601,#12074,.T.);
#12074 = SURFACE_CURVE('',#12075,(#12079,#12086),.PCURVE_S1.);
#12075 = LINE('',#12076,#12077);
#12076 = CARTESIAN_POINT('',(114.88,-105.055,0.));
#12077 = VECTOR('',#12078,1.);
#12078 = DIRECTION('',(0.,0.,1.));
#12079 = PCURVE('',#3763,#12080);
#12080 = DEFINITIONAL_REPRESENTATION('',(#12081),#12085);
#12081 = LINE('',#12082,#12083);
#12082 = CARTESIAN_POINT('',(1.1,0.));
#12083 = VECTOR('',#12084,1.);
#12084 = DIRECTION('',(0.,-1.));
#12085 = ( GEOMETRIC_REPRESENTATION_CONTEXT(2) 
PARAMETRIC_REPRESENTATION_CONTEXT() REPRESENTATION_CONTEXT('2D SPACE',''
  ) );
#12086 = PCURVE('',#3735,#12087);
#12087 = DEFINITIONAL_REPRESENTATION('',(#12088),#12092);
#12088 = LINE('',#12089,#12090);
#12089 = CARTESIAN_POINT('',(0.,0.));
#12090 = VECTOR('',#12091,1.);
#12091 = DIRECTION('',(0.,-1.));
#12092 = ( GEOMETRIC_REPRESENTATION_CONTEXT(2) 
PARAMETRIC_REPRESENTATION_CONTEXT() REPRESENTATION_CONTEXT('2D SPACE',''
  ) );
#12093 = ADVANCED_FACE('',(#12094),#3735,.F.);
#12094 = FACE_BOUND('',#12095,.F.);
#12095 = EDGE_LOOP('',(#12096,#12097,#12098,#12099));
#12096 = ORIENTED_EDGE('',*,*,#3719,.F.);
#12097 = ORIENTED_EDGE('',*,*,#12073,.T.);
#12098 = ORIENTED_EDGE('',*,*,#7600,.T.);
#12099 = ORIENTED_EDGE('',*,*,#11565,.F.);
#12100 = ADVANCED_FACE('',(#12101),#4269,.F.);
#12101 = FACE_BOUND('',#12102,.F.);
#12102 = EDGE_LOOP('',(#12103,#12104,#12125,#12126));
#12103 = ORIENTED_EDGE('',*,*,#4251,.F.);
#12104 = ORIENTED_EDGE('',*,*,#12105,.T.);
#12105 = EDGE_CURVE('',#4252,#8000,#12106,.T.);
#12106 = SURFACE_CURVE('',#12107,(#12111,#12118),.PCURVE_S1.);
#12107 = LINE('',#12108,#12109);
#12108 = CARTESIAN_POINT('',(114.885108,-100.969875,0.));
#12109 = VECTOR('',#12110,1.);
#12110 = DIRECTION('',(0.,0.,1.));
#12111 = PCURVE('',#4269,#12112);
#12112 = DEFINITIONAL_REPRESENTATION('',(#12113),#12117);
#12113 = LINE('',#12114,#12115);
#12114 = CARTESIAN_POINT('',(0.,0.));
#12115 = VECTOR('',#12116,1.);
#12116 = DIRECTION('',(0.,-1.));
#12117 = ( GEOMETRIC_REPRESENTATION_CONTEXT(2) 
PARAMETRIC_REPRESENTATION_CONTEXT() REPRESENTATION_CONTEXT('2D SPACE',''
  ) );
#12118 = PCURVE('',#4297,#12119);
#12119 = DEFINITIONAL_REPRESENTATION('',(#12120),#12124);
#12120 = LINE('',#12121,#12122);
#12121 = CARTESIAN_POINT('',(5.536115324847E-02,0.));
#12122 = VECTOR('',#12123,1.);
#12123 = DIRECTION('',(0.,-1.));
#12124 = ( GEOMETRIC_REPRESENTATION_CONTEXT(2) 
PARAMETRIC_REPRESENTATION_CONTEXT() REPRESENTATION_CONTEXT('2D SPACE',''
  ) );
#12125 = ORIENTED_EDGE('',*,*,#7999,.T.);
#12126 = ORIENTED_EDGE('',*,*,#12127,.F.);
#12127 = EDGE_CURVE('',#4254,#8002,#12128,.T.);
#12128 = SURFACE_CURVE('',#12129,(#12133,#12140),.PCURVE_S1.);
#12129 = LINE('',#12130,#12131);
#12130 = CARTESIAN_POINT('',(114.924935,-100.86707,0.));
#12131 = VECTOR('',#12132,1.);
#12132 = DIRECTION('',(0.,0.,1.));
#12133 = PCURVE('',#4269,#12134);
#12134 = DEFINITIONAL_REPRESENTATION('',(#12135),#12139);
#12135 = LINE('',#12136,#12137);
#12136 = CARTESIAN_POINT('',(0.110249979383,0.));
#12137 = VECTOR('',#12138,1.);
#12138 = DIRECTION('',(0.,-1.));
#12139 = ( GEOMETRIC_REPRESENTATION_CONTEXT(2) 
PARAMETRIC_REPRESENTATION_CONTEXT() REPRESENTATION_CONTEXT('2D SPACE',''
  ) );
#12140 = PCURVE('',#4799,#12141);
#12141 = DEFINITIONAL_REPRESENTATION('',(#12142),#12146);
#12142 = LINE('',#12143,#12144);
#12143 = CARTESIAN_POINT('',(0.,0.));
#12144 = VECTOR('',#12145,1.);
#12145 = DIRECTION('',(0.,-1.));
#12146 = ( GEOMETRIC_REPRESENTATION_CONTEXT(2) 
PARAMETRIC_REPRESENTATION_CONTEXT() REPRESENTATION_CONTEXT('2D SPACE',''
  ) );
#12147 = ADVANCED_FACE('',(#12148),#4799,.F.);
#12148 = FACE_BOUND('',#12149,.F.);
#12149 = EDGE_LOOP('',(#12150,#12151,#12152,#12153));
#12150 = ORIENTED_EDGE('',*,*,#4785,.F.);
#12151 = ORIENTED_EDGE('',*,*,#12127,.T.);
#12152 = ORIENTED_EDGE('',*,*,#8400,.T.);
#12153 = ORIENTED_EDGE('',*,*,#12154,.F.);
#12154 = EDGE_CURVE('',#4758,#8380,#12155,.T.);
#12155 = SURFACE_CURVE('',#12156,(#12160,#12167),.PCURVE_S1.);
#12156 = LINE('',#12157,#12158);
#12157 = CARTESIAN_POINT('',(114.99921,-100.785595,0.));
#12158 = VECTOR('',#12159,1.);
#12159 = DIRECTION('',(0.,0.,1.));
#12160 = PCURVE('',#4799,#12161);
#12161 = DEFINITIONAL_REPRESENTATION('',(#12162),#12166);
#12162 = LINE('',#12163,#12164);
#12163 = CARTESIAN_POINT('',(0.110249495464,0.));
#12164 = VECTOR('',#12165,1.);
#12165 = DIRECTION('',(0.,-1.));
#12166 = ( GEOMETRIC_REPRESENTATION_CONTEXT(2) 
PARAMETRIC_REPRESENTATION_CONTEXT() REPRESENTATION_CONTEXT('2D SPACE',''
  ) );
#12167 = PCURVE('',#4773,#12168);
#12168 = DEFINITIONAL_REPRESENTATION('',(#12169),#12173);
#12169 = LINE('',#12170,#12171);
#12170 = CARTESIAN_POINT('',(0.,0.));
#12171 = VECTOR('',#12172,1.);
#12172 = DIRECTION('',(0.,-1.));
#12173 = ( GEOMETRIC_REPRESENTATION_CONTEXT(2) 
PARAMETRIC_REPRESENTATION_CONTEXT() REPRESENTATION_CONTEXT('2D SPACE',''
  ) );
#12174 = ADVANCED_FACE('',(#12175),#4773,.F.);
#12175 = FACE_BOUND('',#12176,.F.);
#12176 = EDGE_LOOP('',(#12177,#12178,#12179,#12180));
#12177 = ORIENTED_EDGE('',*,*,#4757,.F.);
#12178 = ORIENTED_EDGE('',*,*,#12154,.T.);
#12179 = ORIENTED_EDGE('',*,*,#8379,.T.);
#12180 = ORIENTED_EDGE('',*,*,#12181,.F.);
#12181 = EDGE_CURVE('',#4730,#8359,#12182,.T.);
#12182 = SURFACE_CURVE('',#12183,(#12187,#12194),.PCURVE_S1.);
#12183 = LINE('',#12184,#12185);
#12184 = CARTESIAN_POINT('',(115.097901,-100.736452,0.));
#12185 = VECTOR('',#12186,1.);
#12186 = DIRECTION('',(0.,0.,1.));
#12187 = PCURVE('',#4773,#12188);
#12188 = DEFINITIONAL_REPRESENTATION('',(#12189),#12193);
#12189 = LINE('',#12190,#12191);
#12190 = CARTESIAN_POINT('',(0.110249480407,0.));
#12191 = VECTOR('',#12192,1.);
#12192 = DIRECTION('',(0.,-1.));
#12193 = ( GEOMETRIC_REPRESENTATION_CONTEXT(2) 
PARAMETRIC_REPRESENTATION_CONTEXT() REPRESENTATION_CONTEXT('2D SPACE',''
  ) );
#12194 = PCURVE('',#4745,#12195);
#12195 = DEFINITIONAL_REPRESENTATION('',(#12196),#12200);
#12196 = LINE('',#12197,#12198);
#12197 = CARTESIAN_POINT('',(0.,0.));
#12198 = VECTOR('',#12199,1.);
#12199 = DIRECTION('',(0.,-1.));
#12200 = ( GEOMETRIC_REPRESENTATION_CONTEXT(2) 
PARAMETRIC_REPRESENTATION_CONTEXT() REPRESENTATION_CONTEXT('2D SPACE',''
  ) );
#12201 = ADVANCED_FACE('',(#12202),#4745,.F.);
#12202 = FACE_BOUND('',#12203,.F.);
#12203 = EDGE_LOOP('',(#12204,#12205,#12206,#12207));
#12204 = ORIENTED_EDGE('',*,*,#4729,.F.);
#12205 = ORIENTED_EDGE('',*,*,#12181,.T.);
#12206 = ORIENTED_EDGE('',*,*,#8358,.T.);
#12207 = ORIENTED_EDGE('',*,*,#12208,.F.);
#12208 = EDGE_CURVE('',#4702,#8338,#12209,.T.);
#12209 = SURFACE_CURVE('',#12210,(#12214,#12221),.PCURVE_S1.);
#12210 = LINE('',#12211,#12212);
#12211 = CARTESIAN_POINT('',(115.207681,-100.72628,0.));
#12212 = VECTOR('',#12213,1.);
#12213 = DIRECTION('',(0.,0.,1.));
#12214 = PCURVE('',#4745,#12215);
#12215 = DEFINITIONAL_REPRESENTATION('',(#12216),#12220);
#12216 = LINE('',#12217,#12218);
#12217 = CARTESIAN_POINT('',(0.110250251628,0.));
#12218 = VECTOR('',#12219,1.);
#12219 = DIRECTION('',(0.,-1.));
#12220 = ( GEOMETRIC_REPRESENTATION_CONTEXT(2) 
PARAMETRIC_REPRESENTATION_CONTEXT() REPRESENTATION_CONTEXT('2D SPACE',''
  ) );
#12221 = PCURVE('',#4717,#12222);
#12222 = DEFINITIONAL_REPRESENTATION('',(#12223),#12227);
#12223 = LINE('',#12224,#12225);
#12224 = CARTESIAN_POINT('',(0.,0.));
#12225 = VECTOR('',#12226,1.);
#12226 = DIRECTION('',(0.,-1.));
#12227 = ( GEOMETRIC_REPRESENTATION_CONTEXT(2) 
PARAMETRIC_REPRESENTATION_CONTEXT() REPRESENTATION_CONTEXT('2D SPACE',''
  ) );
#12228 = ADVANCED_FACE('',(#12229),#4717,.F.);
#12229 = FACE_BOUND('',#12230,.F.);
#12230 = EDGE_LOOP('',(#12231,#12232,#12233,#12234));
#12231 = ORIENTED_EDGE('',*,*,#4701,.F.);
#12232 = ORIENTED_EDGE('',*,*,#12208,.T.);
#12233 = ORIENTED_EDGE('',*,*,#8337,.T.);
#12234 = ORIENTED_EDGE('',*,*,#12235,.F.);
#12235 = EDGE_CURVE('',#4674,#8317,#12236,.T.);
#12236 = SURFACE_CURVE('',#12237,(#12241,#12248),.PCURVE_S1.);
#12237 = LINE('',#12238,#12239);
#12238 = CARTESIAN_POINT('',(115.313722,-100.756451,0.));
#12239 = VECTOR('',#12240,1.);
#12240 = DIRECTION('',(0.,0.,1.));
#12241 = PCURVE('',#4717,#12242);
#12242 = DEFINITIONAL_REPRESENTATION('',(#12243),#12247);
#12243 = LINE('',#12244,#12245);
#12244 = CARTESIAN_POINT('',(0.110249639101,0.));
#12245 = VECTOR('',#12246,1.);
#12246 = DIRECTION('',(0.,-1.));
#12247 = ( GEOMETRIC_REPRESENTATION_CONTEXT(2) 
PARAMETRIC_REPRESENTATION_CONTEXT() REPRESENTATION_CONTEXT('2D SPACE',''
  ) );
#12248 = PCURVE('',#4689,#12249);
#12249 = DEFINITIONAL_REPRESENTATION('',(#12250),#12254);
#12250 = LINE('',#12251,#12252);
#12251 = CARTESIAN_POINT('',(0.,0.));
#12252 = VECTOR('',#12253,1.);
#12253 = DIRECTION('',(0.,-1.));
#12254 = ( GEOMETRIC_REPRESENTATION_CONTEXT(2) 
PARAMETRIC_REPRESENTATION_CONTEXT() REPRESENTATION_CONTEXT('2D SPACE',''
  ) );
#12255 = ADVANCED_FACE('',(#12256),#4689,.F.);
#12256 = FACE_BOUND('',#12257,.F.);
#12257 = EDGE_LOOP('',(#12258,#12259,#12260,#12261));
#12258 = ORIENTED_EDGE('',*,*,#4673,.F.);
#12259 = ORIENTED_EDGE('',*,*,#12235,.T.);
#12260 = ORIENTED_EDGE('',*,*,#8316,.T.);
#12261 = ORIENTED_EDGE('',*,*,#12262,.F.);
#12262 = EDGE_CURVE('',#4646,#8296,#12263,.T.);
#12263 = SURFACE_CURVE('',#12264,(#12268,#12275),.PCURVE_S1.);
#12264 = LINE('',#12265,#12266);
#12265 = CARTESIAN_POINT('',(115.401703,-100.822891,0.));
#12266 = VECTOR('',#12267,1.);
#12267 = DIRECTION('',(0.,0.,1.));
#12268 = PCURVE('',#4689,#12269);
#12269 = DEFINITIONAL_REPRESENTATION('',(#12270),#12274);
#12270 = LINE('',#12271,#12272);
#12271 = CARTESIAN_POINT('',(0.110249398914,0.));
#12272 = VECTOR('',#12273,1.);
#12273 = DIRECTION('',(0.,-1.));
#12274 = ( GEOMETRIC_REPRESENTATION_CONTEXT(2) 
PARAMETRIC_REPRESENTATION_CONTEXT() REPRESENTATION_CONTEXT('2D SPACE',''
  ) );
#12275 = PCURVE('',#4661,#12276);
#12276 = DEFINITIONAL_REPRESENTATION('',(#12277),#12281);
#12277 = LINE('',#12278,#12279);
#12278 = CARTESIAN_POINT('',(0.,0.));
#12279 = VECTOR('',#12280,1.);
#12280 = DIRECTION('',(0.,-1.));
#12281 = ( GEOMETRIC_REPRESENTATION_CONTEXT(2) 
PARAMETRIC_REPRESENTATION_CONTEXT() REPRESENTATION_CONTEXT('2D SPACE',''
  ) );
#12282 = ADVANCED_FACE('',(#12283),#4661,.F.);
#12283 = FACE_BOUND('',#12284,.F.);
#12284 = EDGE_LOOP('',(#12285,#12286,#12287,#12288));
#12285 = ORIENTED_EDGE('',*,*,#4645,.F.);
#12286 = ORIENTED_EDGE('',*,*,#12262,.T.);
#12287 = ORIENTED_EDGE('',*,*,#8295,.T.);
#12288 = ORIENTED_EDGE('',*,*,#12289,.F.);
#12289 = EDGE_CURVE('',#4618,#8275,#12290,.T.);
#12290 = SURFACE_CURVE('',#12291,(#12295,#12302),.PCURVE_S1.);
#12291 = LINE('',#12292,#12293);
#12292 = CARTESIAN_POINT('',(115.459742,-100.916628,0.));
#12293 = VECTOR('',#12294,1.);
#12294 = DIRECTION('',(0.,0.,1.));
#12295 = PCURVE('',#4661,#12296);
#12296 = DEFINITIONAL_REPRESENTATION('',(#12297),#12301);
#12297 = LINE('',#12298,#12299);
#12298 = CARTESIAN_POINT('',(0.110250399954,0.));
#12299 = VECTOR('',#12300,1.);
#12300 = DIRECTION('',(0.,-1.));
#12301 = ( GEOMETRIC_REPRESENTATION_CONTEXT(2) 
PARAMETRIC_REPRESENTATION_CONTEXT() REPRESENTATION_CONTEXT('2D SPACE',''
  ) );
#12302 = PCURVE('',#4633,#12303);
#12303 = DEFINITIONAL_REPRESENTATION('',(#12304),#12308);
#12304 = LINE('',#12305,#12306);
#12305 = CARTESIAN_POINT('',(0.,0.));
#12306 = VECTOR('',#12307,1.);
#12307 = DIRECTION('',(0.,-1.));
#12308 = ( GEOMETRIC_REPRESENTATION_CONTEXT(2) 
PARAMETRIC_REPRESENTATION_CONTEXT() REPRESENTATION_CONTEXT('2D SPACE',''
  ) );
#12309 = ADVANCED_FACE('',(#12310),#4633,.F.);
#12310 = FACE_BOUND('',#12311,.F.);
#12311 = EDGE_LOOP('',(#12312,#12313,#12314,#12315));
#12312 = ORIENTED_EDGE('',*,*,#4617,.F.);
#12313 = ORIENTED_EDGE('',*,*,#12289,.T.);
#12314 = ORIENTED_EDGE('',*,*,#8274,.T.);
#12315 = ORIENTED_EDGE('',*,*,#12316,.F.);
#12316 = EDGE_CURVE('',#4590,#8254,#12317,.T.);
#12317 = SURFACE_CURVE('',#12318,(#12322,#12329),.PCURVE_S1.);
#12318 = LINE('',#12319,#12320);
#12319 = CARTESIAN_POINT('',(115.48,-101.025,0.));
#12320 = VECTOR('',#12321,1.);
#12321 = DIRECTION('',(0.,0.,1.));
#12322 = PCURVE('',#4633,#12323);
#12323 = DEFINITIONAL_REPRESENTATION('',(#12324),#12328);
#12324 = LINE('',#12325,#12326);
#12325 = CARTESIAN_POINT('',(0.110249158491,0.));
#12326 = VECTOR('',#12327,1.);
#12327 = DIRECTION('',(0.,-1.));
#12328 = ( GEOMETRIC_REPRESENTATION_CONTEXT(2) 
PARAMETRIC_REPRESENTATION_CONTEXT() REPRESENTATION_CONTEXT('2D SPACE',''
  ) );
#12329 = PCURVE('',#4605,#12330);
#12330 = DEFINITIONAL_REPRESENTATION('',(#12331),#12335);
#12331 = LINE('',#12332,#12333);
#12332 = CARTESIAN_POINT('',(0.,0.));
#12333 = VECTOR('',#12334,1.);
#12334 = DIRECTION('',(0.,-1.));
#12335 = ( GEOMETRIC_REPRESENTATION_CONTEXT(2) 
PARAMETRIC_REPRESENTATION_CONTEXT() REPRESENTATION_CONTEXT('2D SPACE',''
  ) );
#12336 = ADVANCED_FACE('',(#12337),#4605,.F.);
#12337 = FACE_BOUND('',#12338,.F.);
#12338 = EDGE_LOOP('',(#12339,#12340,#12341,#12342));
#12339 = ORIENTED_EDGE('',*,*,#4589,.F.);
#12340 = ORIENTED_EDGE('',*,*,#12316,.T.);
#12341 = ORIENTED_EDGE('',*,*,#8253,.T.);
#12342 = ORIENTED_EDGE('',*,*,#12343,.F.);
#12343 = EDGE_CURVE('',#4562,#8233,#12344,.T.);
#12344 = SURFACE_CURVE('',#12345,(#12349,#12356),.PCURVE_S1.);
#12345 = LINE('',#12346,#12347);
#12346 = CARTESIAN_POINT('',(115.48,-101.825,0.));
#12347 = VECTOR('',#12348,1.);
#12348 = DIRECTION('',(0.,0.,1.));
#12349 = PCURVE('',#4605,#12350);
#12350 = DEFINITIONAL_REPRESENTATION('',(#12351),#12355);
#12351 = LINE('',#12352,#12353);
#12352 = CARTESIAN_POINT('',(0.8,0.));
#12353 = VECTOR('',#12354,1.);
#12354 = DIRECTION('',(0.,-1.));
#12355 = ( GEOMETRIC_REPRESENTATION_CONTEXT(2) 
PARAMETRIC_REPRESENTATION_CONTEXT() REPRESENTATION_CONTEXT('2D SPACE',''
  ) );
#12356 = PCURVE('',#4577,#12357);
#12357 = DEFINITIONAL_REPRESENTATION('',(#12358),#12362);
#12358 = LINE('',#12359,#12360);
#12359 = CARTESIAN_POINT('',(0.,0.));
#12360 = VECTOR('',#12361,1.);
#12361 = DIRECTION('',(0.,-1.));
#12362 = ( GEOMETRIC_REPRESENTATION_CONTEXT(2) 
PARAMETRIC_REPRESENTATION_CONTEXT() REPRESENTATION_CONTEXT('2D SPACE',''
  ) );
#12363 = ADVANCED_FACE('',(#12364),#4577,.F.);
#12364 = FACE_BOUND('',#12365,.F.);
#12365 = EDGE_LOOP('',(#12366,#12367,#12368,#12369));
#12366 = ORIENTED_EDGE('',*,*,#4561,.F.);
#12367 = ORIENTED_EDGE('',*,*,#12343,.T.);
#12368 = ORIENTED_EDGE('',*,*,#8232,.T.);
#12369 = ORIENTED_EDGE('',*,*,#12370,.F.);
#12370 = EDGE_CURVE('',#4534,#8212,#12371,.T.);
#12371 = SURFACE_CURVE('',#12372,(#12376,#12383),.PCURVE_S1.);
#12372 = LINE('',#12373,#12374);
#12373 = CARTESIAN_POINT('',(115.474892,-101.880125,0.));
#12374 = VECTOR('',#12375,1.);
#12375 = DIRECTION('',(0.,0.,1.));
#12376 = PCURVE('',#4577,#12377);
#12377 = DEFINITIONAL_REPRESENTATION('',(#12378),#12382);
#12378 = LINE('',#12379,#12380);
#12379 = CARTESIAN_POINT('',(5.536115324847E-02,0.));
#12380 = VECTOR('',#12381,1.);
#12381 = DIRECTION('',(0.,-1.));
#12382 = ( GEOMETRIC_REPRESENTATION_CONTEXT(2) 
PARAMETRIC_REPRESENTATION_CONTEXT() REPRESENTATION_CONTEXT('2D SPACE',''
  ) );
#12383 = PCURVE('',#4549,#12384);
#12384 = DEFINITIONAL_REPRESENTATION('',(#12385),#12389);
#12385 = LINE('',#12386,#12387);
#12386 = CARTESIAN_POINT('',(0.,0.));
#12387 = VECTOR('',#12388,1.);
#12388 = DIRECTION('',(0.,-1.));
#12389 = ( GEOMETRIC_REPRESENTATION_CONTEXT(2) 
PARAMETRIC_REPRESENTATION_CONTEXT() REPRESENTATION_CONTEXT('2D SPACE',''
  ) );
#12390 = ADVANCED_FACE('',(#12391),#4549,.F.);
#12391 = FACE_BOUND('',#12392,.F.);
#12392 = EDGE_LOOP('',(#12393,#12394,#12395,#12396));
#12393 = ORIENTED_EDGE('',*,*,#4533,.F.);
#12394 = ORIENTED_EDGE('',*,*,#12370,.T.);
#12395 = ORIENTED_EDGE('',*,*,#8211,.T.);
#12396 = ORIENTED_EDGE('',*,*,#12397,.F.);
#12397 = EDGE_CURVE('',#4506,#8191,#12398,.T.);
#12398 = SURFACE_CURVE('',#12399,(#12403,#12410),.PCURVE_S1.);
#12399 = LINE('',#12400,#12401);
#12400 = CARTESIAN_POINT('',(115.435065,-101.98293,0.));
#12401 = VECTOR('',#12402,1.);
#12402 = DIRECTION('',(0.,0.,1.));
#12403 = PCURVE('',#4549,#12404);
#12404 = DEFINITIONAL_REPRESENTATION('',(#12405),#12409);
#12405 = LINE('',#12406,#12407);
#12406 = CARTESIAN_POINT('',(0.110249979383,0.));
#12407 = VECTOR('',#12408,1.);
#12408 = DIRECTION('',(0.,-1.));
#12409 = ( GEOMETRIC_REPRESENTATION_CONTEXT(2) 
PARAMETRIC_REPRESENTATION_CONTEXT() REPRESENTATION_CONTEXT('2D SPACE',''
  ) );
#12410 = PCURVE('',#4521,#12411);
#12411 = DEFINITIONAL_REPRESENTATION('',(#12412),#12416);
#12412 = LINE('',#12413,#12414);
#12413 = CARTESIAN_POINT('',(0.,0.));
#12414 = VECTOR('',#12415,1.);
#12415 = DIRECTION('',(0.,-1.));
#12416 = ( GEOMETRIC_REPRESENTATION_CONTEXT(2) 
PARAMETRIC_REPRESENTATION_CONTEXT() REPRESENTATION_CONTEXT('2D SPACE',''
  ) );
#12417 = ADVANCED_FACE('',(#12418),#4521,.F.);
#12418 = FACE_BOUND('',#12419,.F.);
#12419 = EDGE_LOOP('',(#12420,#12421,#12422,#12423));
#12420 = ORIENTED_EDGE('',*,*,#4505,.F.);
#12421 = ORIENTED_EDGE('',*,*,#12397,.T.);
#12422 = ORIENTED_EDGE('',*,*,#8190,.T.);
#12423 = ORIENTED_EDGE('',*,*,#12424,.F.);
#12424 = EDGE_CURVE('',#4478,#8170,#12425,.T.);
#12425 = SURFACE_CURVE('',#12426,(#12430,#12437),.PCURVE_S1.);
#12426 = LINE('',#12427,#12428);
#12427 = CARTESIAN_POINT('',(115.36079,-102.064405,0.));
#12428 = VECTOR('',#12429,1.);
#12429 = DIRECTION('',(0.,0.,1.));
#12430 = PCURVE('',#4521,#12431);
#12431 = DEFINITIONAL_REPRESENTATION('',(#12432),#12436);
#12432 = LINE('',#12433,#12434);
#12433 = CARTESIAN_POINT('',(0.110249495464,0.));
#12434 = VECTOR('',#12435,1.);
#12435 = DIRECTION('',(0.,-1.));
#12436 = ( GEOMETRIC_REPRESENTATION_CONTEXT(2) 
PARAMETRIC_REPRESENTATION_CONTEXT() REPRESENTATION_CONTEXT('2D SPACE',''
  ) );
#12437 = PCURVE('',#4493,#12438);
#12438 = DEFINITIONAL_REPRESENTATION('',(#12439),#12443);
#12439 = LINE('',#12440,#12441);
#12440 = CARTESIAN_POINT('',(0.,0.));
#12441 = VECTOR('',#12442,1.);
#12442 = DIRECTION('',(0.,-1.));
#12443 = ( GEOMETRIC_REPRESENTATION_CONTEXT(2) 
PARAMETRIC_REPRESENTATION_CONTEXT() REPRESENTATION_CONTEXT('2D SPACE',''
  ) );
#12444 = ADVANCED_FACE('',(#12445),#4493,.F.);
#12445 = FACE_BOUND('',#12446,.F.);
#12446 = EDGE_LOOP('',(#12447,#12448,#12449,#12450));
#12447 = ORIENTED_EDGE('',*,*,#4477,.F.);
#12448 = ORIENTED_EDGE('',*,*,#12424,.T.);
#12449 = ORIENTED_EDGE('',*,*,#8169,.T.);
#12450 = ORIENTED_EDGE('',*,*,#12451,.F.);
#12451 = EDGE_CURVE('',#4450,#8149,#12452,.T.);
#12452 = SURFACE_CURVE('',#12453,(#12457,#12464),.PCURVE_S1.);
#12453 = LINE('',#12454,#12455);
#12454 = CARTESIAN_POINT('',(115.262099,-102.113548,0.));
#12455 = VECTOR('',#12456,1.);
#12456 = DIRECTION('',(0.,0.,1.));
#12457 = PCURVE('',#4493,#12458);
#12458 = DEFINITIONAL_REPRESENTATION('',(#12459),#12463);
#12459 = LINE('',#12460,#12461);
#12460 = CARTESIAN_POINT('',(0.110249480407,0.));
#12461 = VECTOR('',#12462,1.);
#12462 = DIRECTION('',(0.,-1.));
#12463 = ( GEOMETRIC_REPRESENTATION_CONTEXT(2) 
PARAMETRIC_REPRESENTATION_CONTEXT() REPRESENTATION_CONTEXT('2D SPACE',''
  ) );
#12464 = PCURVE('',#4465,#12465);
#12465 = DEFINITIONAL_REPRESENTATION('',(#12466),#12470);
#12466 = LINE('',#12467,#12468);
#12467 = CARTESIAN_POINT('',(0.,0.));
#12468 = VECTOR('',#12469,1.);
#12469 = DIRECTION('',(0.,-1.));
#12470 = ( GEOMETRIC_REPRESENTATION_CONTEXT(2) 
PARAMETRIC_REPRESENTATION_CONTEXT() REPRESENTATION_CONTEXT('2D SPACE',''
  ) );
#12471 = ADVANCED_FACE('',(#12472),#4465,.F.);
#12472 = FACE_BOUND('',#12473,.F.);
#12473 = EDGE_LOOP('',(#12474,#12475,#12476,#12477));
#12474 = ORIENTED_EDGE('',*,*,#4449,.F.);
#12475 = ORIENTED_EDGE('',*,*,#12451,.T.);
#12476 = ORIENTED_EDGE('',*,*,#8148,.T.);
#12477 = ORIENTED_EDGE('',*,*,#12478,.F.);
#12478 = EDGE_CURVE('',#4422,#8128,#12479,.T.);
#12479 = SURFACE_CURVE('',#12480,(#12484,#12491),.PCURVE_S1.);
#12480 = LINE('',#12481,#12482);
#12481 = CARTESIAN_POINT('',(115.152319,-102.12372,0.));
#12482 = VECTOR('',#12483,1.);
#12483 = DIRECTION('',(0.,0.,1.));
#12484 = PCURVE('',#4465,#12485);
#12485 = DEFINITIONAL_REPRESENTATION('',(#12486),#12490);
#12486 = LINE('',#12487,#12488);
#12487 = CARTESIAN_POINT('',(0.110250251628,0.));
#12488 = VECTOR('',#12489,1.);
#12489 = DIRECTION('',(0.,-1.));
#12490 = ( GEOMETRIC_REPRESENTATION_CONTEXT(2) 
PARAMETRIC_REPRESENTATION_CONTEXT() REPRESENTATION_CONTEXT('2D SPACE',''
  ) );
#12491 = PCURVE('',#4437,#12492);
#12492 = DEFINITIONAL_REPRESENTATION('',(#12493),#12497);
#12493 = LINE('',#12494,#12495);
#12494 = CARTESIAN_POINT('',(0.,0.));
#12495 = VECTOR('',#12496,1.);
#12496 = DIRECTION('',(0.,-1.));
#12497 = ( GEOMETRIC_REPRESENTATION_CONTEXT(2) 
PARAMETRIC_REPRESENTATION_CONTEXT() REPRESENTATION_CONTEXT('2D SPACE',''
  ) );
#12498 = ADVANCED_FACE('',(#12499),#4437,.F.);
#12499 = FACE_BOUND('',#12500,.F.);
#12500 = EDGE_LOOP('',(#12501,#12502,#12503,#12504));
#12501 = ORIENTED_EDGE('',*,*,#4421,.F.);
#12502 = ORIENTED_EDGE('',*,*,#12478,.T.);
#12503 = ORIENTED_EDGE('',*,*,#8127,.T.);
#12504 = ORIENTED_EDGE('',*,*,#12505,.F.);
#12505 = EDGE_CURVE('',#4394,#8107,#12506,.T.);
#12506 = SURFACE_CURVE('',#12507,(#12511,#12518),.PCURVE_S1.);
#12507 = LINE('',#12508,#12509);
#12508 = CARTESIAN_POINT('',(115.046278,-102.093549,0.));
#12509 = VECTOR('',#12510,1.);
#12510 = DIRECTION('',(0.,0.,1.));
#12511 = PCURVE('',#4437,#12512);
#12512 = DEFINITIONAL_REPRESENTATION('',(#12513),#12517);
#12513 = LINE('',#12514,#12515);
#12514 = CARTESIAN_POINT('',(0.110249639101,0.));
#12515 = VECTOR('',#12516,1.);
#12516 = DIRECTION('',(0.,-1.));
#12517 = ( GEOMETRIC_REPRESENTATION_CONTEXT(2) 
PARAMETRIC_REPRESENTATION_CONTEXT() REPRESENTATION_CONTEXT('2D SPACE',''
  ) );
#12518 = PCURVE('',#4409,#12519);
#12519 = DEFINITIONAL_REPRESENTATION('',(#12520),#12524);
#12520 = LINE('',#12521,#12522);
#12521 = CARTESIAN_POINT('',(0.,0.));
#12522 = VECTOR('',#12523,1.);
#12523 = DIRECTION('',(0.,-1.));
#12524 = ( GEOMETRIC_REPRESENTATION_CONTEXT(2) 
PARAMETRIC_REPRESENTATION_CONTEXT() REPRESENTATION_CONTEXT('2D SPACE',''
  ) );
#12525 = ADVANCED_FACE('',(#12526),#4409,.F.);
#12526 = FACE_BOUND('',#12527,.F.);
#12527 = EDGE_LOOP('',(#12528,#12529,#12530,#12531));
#12528 = ORIENTED_EDGE('',*,*,#4393,.F.);
#12529 = ORIENTED_EDGE('',*,*,#12505,.T.);
#12530 = ORIENTED_EDGE('',*,*,#8106,.T.);
#12531 = ORIENTED_EDGE('',*,*,#12532,.F.);
#12532 = EDGE_CURVE('',#4366,#8086,#12533,.T.);
#12533 = SURFACE_CURVE('',#12534,(#12538,#12545),.PCURVE_S1.);
#12534 = LINE('',#12535,#12536);
#12535 = CARTESIAN_POINT('',(114.958297,-102.027109,0.));
#12536 = VECTOR('',#12537,1.);
#12537 = DIRECTION('',(0.,0.,1.));
#12538 = PCURVE('',#4409,#12539);
#12539 = DEFINITIONAL_REPRESENTATION('',(#12540),#12544);
#12540 = LINE('',#12541,#12542);
#12541 = CARTESIAN_POINT('',(0.110249398914,0.));
#12542 = VECTOR('',#12543,1.);
#12543 = DIRECTION('',(0.,-1.));
#12544 = ( GEOMETRIC_REPRESENTATION_CONTEXT(2) 
PARAMETRIC_REPRESENTATION_CONTEXT() REPRESENTATION_CONTEXT('2D SPACE',''
  ) );
#12545 = PCURVE('',#4381,#12546);
#12546 = DEFINITIONAL_REPRESENTATION('',(#12547),#12551);
#12547 = LINE('',#12548,#12549);
#12548 = CARTESIAN_POINT('',(0.,0.));
#12549 = VECTOR('',#12550,1.);
#12550 = DIRECTION('',(0.,-1.));
#12551 = ( GEOMETRIC_REPRESENTATION_CONTEXT(2) 
PARAMETRIC_REPRESENTATION_CONTEXT() REPRESENTATION_CONTEXT('2D SPACE',''
  ) );
#12552 = ADVANCED_FACE('',(#12553),#4381,.F.);
#12553 = FACE_BOUND('',#12554,.F.);
#12554 = EDGE_LOOP('',(#12555,#12556,#12557,#12558));
#12555 = ORIENTED_EDGE('',*,*,#4365,.F.);
#12556 = ORIENTED_EDGE('',*,*,#12532,.T.);
#12557 = ORIENTED_EDGE('',*,*,#8085,.T.);
#12558 = ORIENTED_EDGE('',*,*,#12559,.F.);
#12559 = EDGE_CURVE('',#4338,#8065,#12560,.T.);
#12560 = SURFACE_CURVE('',#12561,(#12565,#12572),.PCURVE_S1.);
#12561 = LINE('',#12562,#12563);
#12562 = CARTESIAN_POINT('',(114.900258,-101.933372,0.));
#12563 = VECTOR('',#12564,1.);
#12564 = DIRECTION('',(0.,0.,1.));
#12565 = PCURVE('',#4381,#12566);
#12566 = DEFINITIONAL_REPRESENTATION('',(#12567),#12571);
#12567 = LINE('',#12568,#12569);
#12568 = CARTESIAN_POINT('',(0.110250399954,0.));
#12569 = VECTOR('',#12570,1.);
#12570 = DIRECTION('',(0.,-1.));
#12571 = ( GEOMETRIC_REPRESENTATION_CONTEXT(2) 
PARAMETRIC_REPRESENTATION_CONTEXT() REPRESENTATION_CONTEXT('2D SPACE',''
  ) );
#12572 = PCURVE('',#4353,#12573);
#12573 = DEFINITIONAL_REPRESENTATION('',(#12574),#12578);
#12574 = LINE('',#12575,#12576);
#12575 = CARTESIAN_POINT('',(0.,0.));
#12576 = VECTOR('',#12577,1.);
#12577 = DIRECTION('',(0.,-1.));
#12578 = ( GEOMETRIC_REPRESENTATION_CONTEXT(2) 
PARAMETRIC_REPRESENTATION_CONTEXT() REPRESENTATION_CONTEXT('2D SPACE',''
  ) );
#12579 = ADVANCED_FACE('',(#12580),#4353,.F.);
#12580 = FACE_BOUND('',#12581,.F.);
#12581 = EDGE_LOOP('',(#12582,#12583,#12584,#12585));
#12582 = ORIENTED_EDGE('',*,*,#4337,.F.);
#12583 = ORIENTED_EDGE('',*,*,#12559,.T.);
#12584 = ORIENTED_EDGE('',*,*,#8064,.T.);
#12585 = ORIENTED_EDGE('',*,*,#12586,.F.);
#12586 = EDGE_CURVE('',#4310,#8044,#12587,.T.);
#12587 = SURFACE_CURVE('',#12588,(#12592,#12599),.PCURVE_S1.);
#12588 = LINE('',#12589,#12590);
#12589 = CARTESIAN_POINT('',(114.88,-101.825,0.));
#12590 = VECTOR('',#12591,1.);
#12591 = DIRECTION('',(0.,0.,1.));
#12592 = PCURVE('',#4353,#12593);
#12593 = DEFINITIONAL_REPRESENTATION('',(#12594),#12598);
#12594 = LINE('',#12595,#12596);
#12595 = CARTESIAN_POINT('',(0.110249158491,0.));
#12596 = VECTOR('',#12597,1.);
#12597 = DIRECTION('',(0.,-1.));
#12598 = ( GEOMETRIC_REPRESENTATION_CONTEXT(2) 
PARAMETRIC_REPRESENTATION_CONTEXT() REPRESENTATION_CONTEXT('2D SPACE',''
  ) );
#12599 = PCURVE('',#4325,#12600);
#12600 = DEFINITIONAL_REPRESENTATION('',(#12601),#12605);
#12601 = LINE('',#12602,#12603);
#12602 = CARTESIAN_POINT('',(0.,0.));
#12603 = VECTOR('',#12604,1.);
#12604 = DIRECTION('',(0.,-1.));
#12605 = ( GEOMETRIC_REPRESENTATION_CONTEXT(2) 
PARAMETRIC_REPRESENTATION_CONTEXT() REPRESENTATION_CONTEXT('2D SPACE',''
  ) );
#12606 = ADVANCED_FACE('',(#12607),#4325,.F.);
#12607 = FACE_BOUND('',#12608,.F.);
#12608 = EDGE_LOOP('',(#12609,#12610,#12611,#12612));
#12609 = ORIENTED_EDGE('',*,*,#4309,.F.);
#12610 = ORIENTED_EDGE('',*,*,#12586,.T.);
#12611 = ORIENTED_EDGE('',*,*,#8043,.T.);
#12612 = ORIENTED_EDGE('',*,*,#12613,.F.);
#12613 = EDGE_CURVE('',#4282,#8023,#12614,.T.);
#12614 = SURFACE_CURVE('',#12615,(#12619,#12626),.PCURVE_S1.);
#12615 = LINE('',#12616,#12617);
#12616 = CARTESIAN_POINT('',(114.88,-101.025,0.));
#12617 = VECTOR('',#12618,1.);
#12618 = DIRECTION('',(0.,0.,1.));
#12619 = PCURVE('',#4325,#12620);
#12620 = DEFINITIONAL_REPRESENTATION('',(#12621),#12625);
#12621 = LINE('',#12622,#12623);
#12622 = CARTESIAN_POINT('',(0.8,0.));
#12623 = VECTOR('',#12624,1.);
#12624 = DIRECTION('',(0.,-1.));
#12625 = ( GEOMETRIC_REPRESENTATION_CONTEXT(2) 
PARAMETRIC_REPRESENTATION_CONTEXT() REPRESENTATION_CONTEXT('2D SPACE',''
  ) );
#12626 = PCURVE('',#4297,#12627);
#12627 = DEFINITIONAL_REPRESENTATION('',(#12628),#12632);
#12628 = LINE('',#12629,#12630);
#12629 = CARTESIAN_POINT('',(0.,0.));
#12630 = VECTOR('',#12631,1.);
#12631 = DIRECTION('',(0.,-1.));
#12632 = ( GEOMETRIC_REPRESENTATION_CONTEXT(2) 
PARAMETRIC_REPRESENTATION_CONTEXT() REPRESENTATION_CONTEXT('2D SPACE',''
  ) );
#12633 = ADVANCED_FACE('',(#12634),#4297,.F.);
#12634 = FACE_BOUND('',#12635,.F.);
#12635 = EDGE_LOOP('',(#12636,#12637,#12638,#12639));
#12636 = ORIENTED_EDGE('',*,*,#4281,.F.);
#12637 = ORIENTED_EDGE('',*,*,#12613,.T.);
#12638 = ORIENTED_EDGE('',*,*,#8022,.T.);
#12639 = ORIENTED_EDGE('',*,*,#12105,.F.);
#12640 = ADVANCED_FACE('',(#12641),#4834,.F.);
#12641 = FACE_BOUND('',#12642,.F.);
#12642 = EDGE_LOOP('',(#12643,#12644,#12665,#12666));
#12643 = ORIENTED_EDGE('',*,*,#8421,.F.);
#12644 = ORIENTED_EDGE('',*,*,#12645,.F.);
#12645 = EDGE_CURVE('',#4814,#8422,#12646,.T.);
#12646 = SEAM_CURVE('',#12647,(#12651,#12658),.PCURVE_S1.);
#12647 = LINE('',#12648,#12649);
#12648 = CARTESIAN_POINT('',(104.35,-102.75,-1.E-02));
#12649 = VECTOR('',#12650,1.);
#12650 = DIRECTION('',(0.,0.,1.));
#12651 = PCURVE('',#4834,#12652);
#12652 = DEFINITIONAL_REPRESENTATION('',(#12653),#12657);
#12653 = LINE('',#12654,#12655);
#12654 = CARTESIAN_POINT('',(6.28318530718,-0.));
#12655 = VECTOR('',#12656,1.);
#12656 = DIRECTION('',(0.,1.));
#12657 = ( GEOMETRIC_REPRESENTATION_CONTEXT(2) 
PARAMETRIC_REPRESENTATION_CONTEXT() REPRESENTATION_CONTEXT('2D SPACE',''
  ) );
#12658 = PCURVE('',#4834,#12659);
#12659 = DEFINITIONAL_REPRESENTATION('',(#12660),#12664);
#12660 = LINE('',#12661,#12662);
#12661 = CARTESIAN_POINT('',(0.,-0.));
#12662 = VECTOR('',#12663,1.);
#12663 = DIRECTION('',(0.,1.));
#12664 = ( GEOMETRIC_REPRESENTATION_CONTEXT(2) 
PARAMETRIC_REPRESENTATION_CONTEXT() REPRESENTATION_CONTEXT('2D SPACE',''
  ) );
#12665 = ORIENTED_EDGE('',*,*,#4813,.T.);
#12666 = ORIENTED_EDGE('',*,*,#12645,.T.);
#12667 = ( GEOMETRIC_REPRESENTATION_CONTEXT(3) 
GLOBAL_UNCERTAINTY_ASSIGNED_CONTEXT((#12671)) 
GLOBAL_UNIT_ASSIGNED_CONTEXT((#12668,#12669,#12670)) 
REPRESENTATION_CONTEXT('Context #1',
  '3D Context with UNIT and UNCERTAINTY') );
#12668 = ( LENGTH_UNIT() NAMED_UNIT(*) SI_UNIT(.MILLI.,.METRE.) );
#12669 = ( NAMED_UNIT(*) PLANE_ANGLE_UNIT() SI_UNIT($,.RADIAN.) );
#12670 = ( NAMED_UNIT(*) SI_UNIT($,.STERADIAN.) SOLID_ANGLE_UNIT() );
#12671 = UNCERTAINTY_MEASURE_WITH_UNIT(LENGTH_MEASURE(1.E-07),#12668,
  'distance_accuracy_value','confusion accuracy');
#12672 = CONTEXT_DEPENDENT_SHAPE_REPRESENTATION(#12673,#12675);
#12673 = ( REPRESENTATION_RELATIONSHIP('','',#32,#10) 
REPRESENTATION_RELATIONSHIP_WITH_TRANSFORMATION(#12674) 
SHAPE_REPRESENTATION_RELATIONSHIP() );
#12674 = ITEM_DEFINED_TRANSFORMATION('','',#11,#15);
#12675 = PRODUCT_DEFINITION_SHAPE('Placement','Placement of an item',
  #12676);
#12676 = NEXT_ASSEMBLY_USAGE_OCCURRENCE('1','=>[0:1:1:2]','',#5,#27,$);
#12677 = PRODUCT_RELATED_PRODUCT_CATEGORY('part',$,(#29));
#12678 = SHAPE_DEFINITION_REPRESENTATION(#12675,#12679);
#12679 = SHAPE_REPRESENTATION('',(#15),#12667);
#12680 = MECHANICAL_DESIGN_GEOMETRIC_PRESENTATION_REPRESENTATION('',(
    #12681,#12689),#12667);
#12681 = STYLED_ITEM('color',(#12682),#33);
#12682 = PRESENTATION_STYLE_ASSIGNMENT((#12683));
#12683 = SURFACE_STYLE_USAGE(.BOTH.,#12684);
#12684 = SURFACE_SIDE_STYLE('',(#12685));
#12685 = SURFACE_STYLE_FILL_AREA(#12686);
#12686 = FILL_AREA_STYLE('',(#12687));
#12687 = FILL_AREA_STYLE_COLOUR('',#12688);
#12688 = COLOUR_RGB('',0.313304153717,0.484529207832,0.410020903123);
#12689 = OVER_RIDING_STYLED_ITEM('overriding color',(#12690),#33,#12681
  );
#12690 = PRESENTATION_STYLE_BY_CONTEXT((#12691),#12679);
#12691 = SURFACE_STYLE_USAGE(.BOTH.,#12692);
#12692 = SURFACE_SIDE_STYLE('',(#12693));
#12693 = SURFACE_STYLE_FILL_AREA(#12694);
#12694 = FILL_AREA_STYLE('',(#12695));
#12695 = FILL_AREA_STYLE_COLOUR('',#12696);
#12696 = COLOUR_RGB('',0.313304153717,0.484529207832,0.410020903123);
ENDSEC;
END-ISO-10303-21;
