ISO-10303-21;
HEADER;
FILE_DESCRIPTION(('Open CASCADE Model'),'2;1');
FILE_NAME('pod_rear_left','2026-09-28T16:40:31',('Author'),(
    'Open CASCADE'),'Open CASCADE STEP processor 8.0','build123d',
  'Unknown');
FILE_SCHEMA(('AUTOMOTIVE_DESIGN { 1 0 10303 214 1 1 1 1 }'));
ENDSEC;
DATA;
#1 = APPLICATION_PROTOCOL_DEFINITION('international standard',
  'automotive_design',2000,#2);
#2 = APPLICATION_CONTEXT(
  'core data for automotive mechanical design processes');
#3 = SHAPE_DEFINITION_REPRESENTATION(#4,#10);
#4 = PRODUCT_DEFINITION_SHAPE('','',#5);
#5 = PRODUCT_DEFINITION('design','',#6,#9);
#6 = PRODUCT_DEFINITION_FORMATION('','',#7);
#7 = PRODUCT('pod_rear_left','pod_rear_left','',(#8));
#8 = PRODUCT_CONTEXT('',#2,'mechanical');
#9 = PRODUCT_DEFINITION_CONTEXT('part definition',#2,'design');
#10 = ADVANCED_BREP_SHAPE_REPRESENTATION('',(#11,#15),#9518);
#11 = AXIS2_PLACEMENT_3D('',#12,#13,#14);
#12 = CARTESIAN_POINT('',(0.,0.,0.));
#13 = DIRECTION('',(0.,0.,1.));
#14 = DIRECTION('',(1.,0.,-0.));
#15 = MANIFOLD_SOLID_BREP('',#16);
#16 = CLOSED_SHELL('',(#17,#1864,#3212,#4131,#4790,#4865,#4922,#4977,
    #4982,#5219,#5275,#5535,#5953,#6042,#6383,#6430,#6632,#6657,#6712,
    #6763,#7201,#8992,#9468,#9475,#9479,#9485,#9513));
#17 = ADVANCED_FACE('',(#18),#52,.T.);
#18 = FACE_BOUND('',#19,.T.);
#19 = EDGE_LOOP('',(#20,#234,#973,#1100));
#20 = ORIENTED_EDGE('',*,*,#21,.T.);
#21 = EDGE_CURVE('',#22,#24,#26,.T.);
#22 = VERTEX_POINT('',#23);
#23 = CARTESIAN_POINT('',(-90.49951001497,67.145,11.400841328949));
#24 = VERTEX_POINT('',#25);
#25 = CARTESIAN_POINT('',(-89.745,67.145,11.400448680108));
#26 = SURFACE_CURVE('',#27,(#51,#143),.PCURVE_S1.);
#27 = B_SPLINE_CURVE_WITH_KNOTS('',3,(#28,#29,#30,#31,#32,#33,#34,#35,
    #36,#37,#38,#39,#40,#41,#42,#43,#44,#45,#46,#47,#48,#49,#50),
  .UNSPECIFIED.,.F.,.F.,(4,1,1,1,1,1,1,1,1,1,1,1,1,1,1,1,1,1,1,1,4),(0.,
    0.604547966238,2.403305887645,5.35198237446,9.377971225481,
    14.382139233706,20.242245135465,26.817807431144,33.941655516277,
    41.438192563794,49.12269201511,56.80590962917,64.298857544188,
    71.417600571188,77.987919159575,83.849706587384,88.86106006931,
    92.902251833852,95.880480304105,97.688989765409,98.293537731648),
  .UNSPECIFIED.);
#28 = CARTESIAN_POINT('',(-98.70738965531,67.145,11.4));
#29 = CARTESIAN_POINT('',(-98.50587366656,67.145,11.4));
#30 = CARTESIAN_POINT('',(-97.70477171355,67.145,11.399994173166));
#31 = CARTESIAN_POINT('',(-95.92077744113,67.145,11.400084365607));
#32 = CARTESIAN_POINT('',(-92.99630414851,67.145,11.399395633566));
#33 = CARTESIAN_POINT('',(-89.00335306469,67.145,11.403450044557));
#34 = CARTESIAN_POINT('',(-84.03996623988,67.145,11.382615899727));
#35 = CARTESIAN_POINT('',(-78.22652701229,67.145,11.480685094998));
#36 = CARTESIAN_POINT('',(-71.7143237553,67.145,11.805953683646));
#37 = CARTESIAN_POINT('',(-64.65348209091,67.145,12.057993607781));
#38 = CARTESIAN_POINT('',(-57.22283000055,67.145,12.311538059259));
#39 = CARTESIAN_POINT('',(-49.60433008446,67.145,12.524393597461));
#40 = CARTESIAN_POINT('',(-41.98578778928,67.145,12.687818917372));
#41 = CARTESIAN_POINT('',(-34.55467781929,67.145,12.783526374132));
#42 = CARTESIAN_POINT('',(-27.49377446575,67.145,12.799057901972));
#43 = CARTESIAN_POINT('',(-20.97726201321,67.145,12.722772356033));
#44 = CARTESIAN_POINT('',(-15.16400136865,67.145,12.559686330638));
#45 = CARTESIAN_POINT('',(-10.20094923707,67.145,12.291883239688));
#46 = CARTESIAN_POINT('',(-6.196868198244,67.145,11.996968822335));
#47 = CARTESIAN_POINT('',(-3.292487687294,67.145,11.53451288491));
#48 = CARTESIAN_POINT('',(-1.506116995423,67.145,11.293743210802));
#49 = CARTESIAN_POINT('',(-0.701858444616,67.145,11.292840230734));
#50 = CARTESIAN_POINT('',(-0.5,67.145,11.3));
#51 = PCURVE('',#52,#137);
#52 = B_SPLINE_SURFACE_WITH_KNOTS('',3,1,(
    (#53,#54)
    ,(#55,#56)
    ,(#57,#58)
    ,(#59,#60)
    ,(#61,#62)
    ,(#63,#64)
    ,(#65,#66)
    ,(#67,#68)
    ,(#69,#70)
    ,(#71,#72)
    ,(#73,#74)
    ,(#75,#76)
    ,(#77,#78)
    ,(#79,#80)
    ,(#81,#82)
    ,(#83,#84)
    ,(#85,#86)
    ,(#87,#88)
    ,(#89,#90)
    ,(#91,#92)
    ,(#93,#94)
    ,(#95,#96)
    ,(#97,#98)
    ,(#99,#100)
    ,(#101,#102)
    ,(#103,#104)
    ,(#105,#106)
    ,(#107,#108)
    ,(#109,#110)
    ,(#111,#112)
    ,(#113,#114)
    ,(#115,#116)
    ,(#117,#118)
    ,(#119,#120)
    ,(#121,#122)
    ,(#123,#124)
    ,(#125,#126)
    ,(#127,#128)
    ,(#129,#130)
    ,(#131,#132)
    ,(#133,#134)
    ,(#135,#136
    )),.UNSPECIFIED.,.F.,.F.,.F.,(4,1,1,1,1,1,1,1,1,1,1,1,1,1,1,1,1,1,1,
    1,1,1,1,1,1,1,1,1,1,1,1,1,1,1,1,1,1,1,1,4),(2,2),(0.,0.604547966238,
    0.604869021112,2.403305887645,2.404582201703,5.35198237446,
    5.354824630362,9.377971225481,9.382951547201,14.382139233706,
    14.389777098941,20.242245135465,20.252016623798,26.817807431144,
    26.82532232901,33.941655516277,33.951045027121,41.438192563794,
    41.450152737824,49.12269201511,49.137722277478,56.80590962917,
    56.824442756343,64.298857544188,64.321173095454,71.417600571188,
    71.443693850669,77.987919159575,78.017331966384,83.849706587384,
    83.881333029776,88.86106006931,88.892918743412,92.902251833852,
    92.931121105958,95.880480304105,95.888955529944,97.688668710536,
    97.688989765409,98.293537731648),(0.,1.),.UNSPECIFIED.);
#53 = CARTESIAN_POINT('',(-98.70738965531,67.145,11.4));
#54 = CARTESIAN_POINT('',(-93.53744961645,109.29,11.4));
#55 = CARTESIAN_POINT('',(-98.50587366656,67.145,11.4));
#56 = CARTESIAN_POINT('',(-93.36462390424,109.29,11.4));
#57 = CARTESIAN_POINT('',(-98.30425066193,67.145,11.39999853349));
#58 = CARTESIAN_POINT('',(-93.19170640704,109.29,11.399999793991));
#59 = CARTESIAN_POINT('',(-97.50314868983,67.145,11.400004366513));
#60 = CARTESIAN_POINT('',(-92.50465911332,109.29,11.400000612084));
#61 = CARTESIAN_POINT('',(-96.90313722839,67.145,11.400034689363));
#62 = CARTESIAN_POINT('',(-91.99007271685,109.29,11.400004873005));
#63 = CARTESIAN_POINT('',(-95.32076626056,67.145,11.399943059162));
#64 = CARTESIAN_POINT('',(-90.63298707527,109.29,11.399992028574));
#65 = CARTESIAN_POINT('',(-94.33692705847,67.145,11.399711583986));
#66 = CARTESIAN_POINT('',(-89.78921841286,109.29,11.39995948674));
#67 = CARTESIAN_POINT('',(-92.01246293274,67.145,11.400394618165));
#68 = CARTESIAN_POINT('',(-87.79569579813,109.29,11.400055154248));
#69 = CARTESIAN_POINT('',(-90.66880431266,67.145,11.401756753877));
#70 = CARTESIAN_POINT('',(-86.64334165836,109.29,11.400246743776));
#71 = CARTESIAN_POINT('',(-87.65970590383,67.145,11.397809996635));
#72 = CARTESIAN_POINT('',(-84.06264127544,109.29,11.39969445803));
#73 = CARTESIAN_POINT('',(-85.98911539558,67.145,11.390813716419));
#74 = CARTESIAN_POINT('',(-82.62987159288,109.29,11.398709897512));
#75 = CARTESIAN_POINT('',(-82.36931816026,67.145,11.410798719971));
#76 = CARTESIAN_POINT('',(-79.52550354833,109.29,11.401503724685));
#77 = CARTESIAN_POINT('',(-80.41263978581,67.145,11.443846402677));
#78 = CARTESIAN_POINT('',(-77.84751755995,109.29,11.406137271893));
#79 = CARTESIAN_POINT('',(-76.27219265628,67.145,11.578299305218));
#80 = CARTESIAN_POINT('',(-74.29444471445,109.29,11.393147883944));
#81 = CARTESIAN_POINT('',(-74.08040260443,67.145,11.687751552258));
#82 = CARTESIAN_POINT('',(-72.41218940248,109.29,11.372691785374));
#83 = CARTESIAN_POINT('',(-69.52135427916,67.145,11.884232717034));
#84 = CARTESIAN_POINT('',(-68.49951757301,109.29,11.429499099355));
#85 = CARTESIAN_POINT('',(-67.14511406724,67.145,11.9690517593));
#86 = CARTESIAN_POINT('',(-66.46160502544,109.29,11.515283828043));
#87 = CARTESIAN_POINT('',(-62.27711440992,67.145,12.13907866369));
#88 = CARTESIAN_POINT('',(-62.28616974205,109.29,11.654664242597));
#89 = CARTESIAN_POINT('',(-59.77573238494,67.145,12.224419821065));
#90 = CARTESIAN_POINT('',(-60.14036366451,109.29,11.706521516034));
#91 = CARTESIAN_POINT('',(-54.72095588867,67.145,12.381438665213));
#92 = CARTESIAN_POINT('',(-55.80444122619,109.29,11.810308837279));
#93 = CARTESIAN_POINT('',(-52.15542833596,67.145,12.453104746551));
#94 = CARTESIAN_POINT('',(-53.60392545204,109.29,11.862495088872));
#95 = CARTESIAN_POINT('',(-47.03838579426,67.145,12.579435658036));
#96 = CARTESIAN_POINT('',(-49.2149894969,109.29,11.952273416677));
#97 = CARTESIAN_POINT('',(-44.47170094439,67.145,12.634471811756));
#98 = CARTESIAN_POINT('',(-47.0135577869,109.29,11.990120548856));
#99 = CARTESIAN_POINT('',(-39.41871932271,67.145,12.720880949189));
#100 = CARTESIAN_POINT('',(-42.67975789939,109.29,12.050103504496));
#101 = CARTESIAN_POINT('',(-36.91380854948,67.145,12.753108499178));
#102 = CARTESIAN_POINT('',(-40.53142212848,109.29,12.072820012813));
#103 = CARTESIAN_POINT('',(-32.04950714908,67.145,12.789036876976));
#104 = CARTESIAN_POINT('',(-36.35965718751,109.29,12.098015340302));
#105 = CARTESIAN_POINT('',(-29.66781667125,67.145,12.794221780208));
#106 = CARTESIAN_POINT('',(-34.31709740364,109.29,12.101549498183));
#107 = CARTESIAN_POINT('',(-25.11232214827,67.145,12.771179433007));
#108 = CARTESIAN_POINT('',(-30.41009404212,109.29,12.085918563211));
#109 = CARTESIAN_POINT('',(-22.91255994103,67.145,12.745352452921));
#110 = CARTESIAN_POINT('',(-28.52340064239,109.29,12.068386763942));
#111 = CARTESIAN_POINT('',(-18.77781535021,67.145,12.661068772404));
#112 = CARTESIAN_POINT('',(-24.97734386814,109.29,12.008811573011));
#113 = CARTESIAN_POINT('',(-16.81376607521,67.145,12.605831630246));
#114 = CARTESIAN_POINT('',(-23.29302146031,109.29,11.969219712643));
#115 = CARTESIAN_POINT('',(-13.20284622282,67.145,12.45386366427));
#116 = CARTESIAN_POINT('',(-20.19453760682,109.29,11.866583976644));
#117 = CARTESIAN_POINT('',(-11.52461238338,67.145,12.363191762246));
#118 = CARTESIAN_POINT('',(-18.75374068773,109.29,11.806991303459));
#119 = CARTESIAN_POINT('',(-8.522467815662,67.145,12.168257277668));
#120 = CARTESIAN_POINT('',(-16.17929932966,109.29,11.662360092387));
#121 = CARTESIAN_POINT('',(-7.167941044359,67.145,12.067971626114));
#122 = CARTESIAN_POINT('',(-15.01876713495,109.29,11.583227873331));
#123 = CARTESIAN_POINT('',(-4.857821971081,67.145,11.783756443343));
#124 = CARTESIAN_POINT('',(-13.02753273938,109.29,11.408685225386));
#125 = CARTESIAN_POINT('',(-3.875157041865,67.145,11.627435510884));
#126 = CARTESIAN_POINT('',(-12.1767905148,109.29,11.321850915061));
#127 = CARTESIAN_POINT('',(-2.302967180963,67.145,11.401144823977));
#128 = CARTESIAN_POINT('',(-10.81796727755,109.29,11.286804241803));
#129 = CARTESIAN_POINT('',(-1.703716165626,67.145,11.320658830961));
#130 = CARTESIAN_POINT('',(-10.30057599025,109.29,11.297562607101));
#131 = CARTESIAN_POINT('',(-0.903457907934,67.145,11.293066576226));
#132 = CARTESIAN_POINT('',(-9.613047762445,109.29,11.300819769413));
#133 = CARTESIAN_POINT('',(-0.701858444616,67.145,11.292840230734));
#134 = CARTESIAN_POINT('',(-9.4401341872,109.29,11.300705493157));
#135 = CARTESIAN_POINT('',(-0.5,67.145,11.3));
#136 = CARTESIAN_POINT('',(-9.267333764933,109.29,11.3));
#137 = DEFINITIONAL_REPRESENTATION('',(#138),#142);
#138 = LINE('',#139,#140);
#139 = CARTESIAN_POINT('',(0.,0.));
#140 = VECTOR('',#141,1.);
#141 = DIRECTION('',(1.,0.));
#142 = ( GEOMETRIC_REPRESENTATION_CONTEXT(2) 
PARAMETRIC_REPRESENTATION_CONTEXT() REPRESENTATION_CONTEXT('2D SPACE',''
  ) );
#143 = PCURVE('',#144,#229);
#144 = B_SPLINE_SURFACE_WITH_KNOTS('',3,1,(
    (#145,#146)
    ,(#147,#148)
    ,(#149,#150)
    ,(#151,#152)
    ,(#153,#154)
    ,(#155,#156)
    ,(#157,#158)
    ,(#159,#160)
    ,(#161,#162)
    ,(#163,#164)
    ,(#165,#166)
    ,(#167,#168)
    ,(#169,#170)
    ,(#171,#172)
    ,(#173,#174)
    ,(#175,#176)
    ,(#177,#178)
    ,(#179,#180)
    ,(#181,#182)
    ,(#183,#184)
    ,(#185,#186)
    ,(#187,#188)
    ,(#189,#190)
    ,(#191,#192)
    ,(#193,#194)
    ,(#195,#196)
    ,(#197,#198)
    ,(#199,#200)
    ,(#201,#202)
    ,(#203,#204)
    ,(#205,#206)
    ,(#207,#208)
    ,(#209,#210)
    ,(#211,#212)
    ,(#213,#214)
    ,(#215,#216)
    ,(#217,#218)
    ,(#219,#220)
    ,(#221,#222)
    ,(#223,#224)
    ,(#225,#226)
    ,(#227,#228
    )),.UNSPECIFIED.,.F.,.F.,.F.,(4,1,1,1,1,1,1,1,1,1,1,1,1,1,1,1,1,1,1,
    1,1,1,1,1,1,1,1,1,1,1,1,1,1,1,1,1,1,1,1,4),(2,2),(0.,0.637128374202,
    0.637773636929,2.532825281726,2.535390444124,5.640412373252,
    5.646124797963,9.883370541096,9.89338009472,15.15769484267,
    15.172574813155,21.342370375168,21.354749367486,28.275588410792,
    28.291701461228,35.786279475982,35.807072872452,43.689206150815,
    43.715616055408,51.789549396074,51.822451967099,59.887808838922,
    59.927935592364,67.784900922418,67.832692385793,75.287293257431,
    75.3426781673,82.211987710684,82.274098362075,88.391200376202,
    88.458046858333,93.676732277124,93.74482196071,97.944383781553,
    98.008115715935,101.09989094852,101.15002621626,103.05793050338,
    103.05857576611,103.69570414031),(0.,1.),.UNSPECIFIED.);
#145 = CARTESIAN_POINT('',(-104.,24.,11.4));
#146 = CARTESIAN_POINT('',(-98.70738965531,67.145,11.4));
#147 = CARTESIAN_POINT('',(-103.7876238752,24.,11.4));
#148 = CARTESIAN_POINT('',(-98.50607754886,67.145,11.4));
#149 = CARTESIAN_POINT('',(-103.5750325127,24.,11.40000132065));
#150 = CARTESIAN_POINT('',(-98.30456156251,67.145,11.399998535752));
#151 = CARTESIAN_POINT('',(-102.7307580166,24.,11.399996065256));
#152 = CARTESIAN_POINT('',(-97.5042700994,67.145,11.400004344912));
#153 = CARTESIAN_POINT('',(-102.0980070993,24.,11.399968763392));
#154 = CARTESIAN_POINT('',(-96.90448019373,67.145,11.400034633075));
#155 = CARTESIAN_POINT('',(-100.4304514602,24.,11.400051334618));
#156 = CARTESIAN_POINT('',(-95.32380714964,67.145,11.39994345435));
#157 = CARTESIAN_POINT('',(-99.3926612518,24.,11.400259684883));
#158 = CARTESIAN_POINT('',(-94.34010485703,67.145,11.399712107171));
#159 = CARTESIAN_POINT('',(-96.94340459443,24.,11.399644016221));
#160 = CARTESIAN_POINT('',(-92.01837799774,67.145,11.400390898772));
#161 = CARTESIAN_POINT('',(-95.52588812228,24.,11.398418377011));
#162 = CARTESIAN_POINT('',(-90.67457454203,67.145,11.40175309947));
#163 = CARTESIAN_POINT('',(-92.35495991529,24.,11.401977101568));
#164 = CARTESIAN_POINT('',(-87.66923025827,67.145,11.397836367902));
#165 = CARTESIAN_POINT('',(-90.59117676237,24.,11.408404513265));
#166 = CARTESIAN_POINT('',(-85.99802301595,67.145,11.390834972691));
#167 = CARTESIAN_POINT('',(-86.77792348465,24.,11.543763950018));
#168 = CARTESIAN_POINT('',(-82.38047730739,67.145,11.41065502482));
#169 = CARTESIAN_POINT('',(-84.71682705049,24.,11.693796794926));
#170 = CARTESIAN_POINT('',(-80.42235309536,67.145,11.443642840234));
#171 = CARTESIAN_POINT('',(-80.35667185805,24.,11.958644942274));
#172 = CARTESIAN_POINT('',(-76.28444126482,67.145,11.577776726944));
#173 = CARTESIAN_POINT('',(-78.04291664152,24.,12.068012709002));
#174 = CARTESIAN_POINT('',(-74.09124407099,67.145,11.687232340668));
#175 = CARTESIAN_POINT('',(-73.23798099404,24.,12.297905919634));
#176 = CARTESIAN_POINT('',(-69.53550968481,67.145,11.88367869394));
#177 = CARTESIAN_POINT('',(-70.73038958262,24.,12.419425631433));
#178 = CARTESIAN_POINT('',(-67.15731125247,67.145,11.968618297879));
#179 = CARTESIAN_POINT('',(-65.60304144664,24.,12.649831877157));
#180 = CARTESIAN_POINT('',(-62.29514828513,67.145,12.138456573933));
#181 = CARTESIAN_POINT('',(-62.96215975939,24.,12.758725495495));
#182 = CARTESIAN_POINT('',(-59.79118497125,67.145,12.223902123095));
#183 = CARTESIAN_POINT('',(-57.63852961257,24.,12.961858584181));
#184 = CARTESIAN_POINT('',(-54.74367371027,67.145,12.380771325097));
#185 = CARTESIAN_POINT('',(-54.92908255032,24.,13.056696106699));
#186 = CARTESIAN_POINT('',(-52.17481420327,67.145,12.452576076089));
#187 = CARTESIAN_POINT('',(-49.54088784835,24.,13.222460965391));
#188 = CARTESIAN_POINT('',(-47.06646357938,67.145,12.578792082042));
#189 = CARTESIAN_POINT('',(-46.82900968493,24.,13.294400561819));
#190 = CARTESIAN_POINT('',(-44.49556262695,67.145,12.633981747497));
#191 = CARTESIAN_POINT('',(-41.50935389437,24.,13.407247767645));
#192 = CARTESIAN_POINT('',(-39.45267283975,67.145,12.720379434203));
#193 = CARTESIAN_POINT('',(-38.86132809428,24.,13.449690076951));
#194 = CARTESIAN_POINT('',(-36.94252364005,67.145,12.752772603624));
#195 = CARTESIAN_POINT('',(-33.74173969276,24.,13.49628193586));
#196 = CARTESIAN_POINT('',(-32.08954651973,67.145,12.788857178418));
#197 = CARTESIAN_POINT('',(-31.22242849041,24.,13.502615448114));
#198 = CARTESIAN_POINT('',(-29.70145352467,67.145,12.794201777048));
#199 = CARTESIAN_POINT('',(-26.42926877012,24.,13.473388787675));
#200 = CARTESIAN_POINT('',(-25.15814260911,67.145,12.77158379202));
#201 = CARTESIAN_POINT('',(-24.10032782946,24.,13.440617808649));
#202 = CARTESIAN_POINT('',(-22.95068371945,67.145,12.745874215091));
#203 = CARTESIAN_POINT('',(-19.7524528178,24.,13.326861770872));
#204 = CARTESIAN_POINT('',(-18.82835672055,67.145,12.662322240098));
#205 = CARTESIAN_POINT('',(-17.67191522604,24.,13.249946247811));
#206 = CARTESIAN_POINT('',(-16.8552172407,67.145,12.607131936731));
#207 = CARTESIAN_POINT('',(-13.87492080277,24.,13.061884314767));
#208 = CARTESIAN_POINT('',(-13.25594893152,67.145,12.456468990258));
#209 = CARTESIAN_POINT('',(-12.09273899903,24.,12.95403518275));
#210 = CARTESIAN_POINT('',(-11.56721707098,67.145,12.365606170515));
#211 = CARTESIAN_POINT('',(-8.944432590737,24.,12.668495353854));
#212 = CARTESIAN_POINT('',(-8.574656910823,67.145,12.171921619628));
#213 = CARTESIAN_POINT('',(-7.510420835291,24.,12.503769568505));
#214 = CARTESIAN_POINT('',(-7.208188160885,67.145,12.071456035418));
#215 = CARTESIAN_POINT('',(-5.074028194378,24.,12.213534160246));
#216 = CARTESIAN_POINT('',(-4.902909096772,67.145,11.79034961829));
#217 = CARTESIAN_POINT('',(-4.012328051602,24.,12.080270487304));
#218 = CARTESIAN_POINT('',(-3.903120742493,67.145,11.631742184205));
#219 = CARTESIAN_POINT('',(-2.386118293273,24.,11.60295241246));
#220 = CARTESIAN_POINT('',(-2.321415899175,67.145,11.403630398411));
#221 = CARTESIAN_POINT('',(-1.765617629045,24.,11.359620103896));
#222 = CARTESIAN_POINT('',(-1.70622772245,67.145,11.320714429458));
#223 = CARTESIAN_POINT('',(-0.927604030783,24.,11.280123955577));
#224 = CARTESIAN_POINT('',(-0.903147043646,67.145,11.293066227203));
#225 = CARTESIAN_POINT('',(-0.715011683599,24.,11.280037814536));
#226 = CARTESIAN_POINT('',(-0.701654215838,67.145,11.292847474577));
#227 = CARTESIAN_POINT('',(-0.5,24.,11.3));
#228 = CARTESIAN_POINT('',(-0.5,67.145,11.3));
#229 = DEFINITIONAL_REPRESENTATION('',(#230),#233);
#230 = B_SPLINE_CURVE_WITH_KNOTS('',1,(#231,#232),.UNSPECIFIED.,.F.,.F.,
  (2,2),(0.,98.293537731648),.PIECEWISE_BEZIER_KNOTS.);
#231 = CARTESIAN_POINT('',(0.,1.));
#232 = CARTESIAN_POINT('',(103.69570414031,1.));
#233 = ( GEOMETRIC_REPRESENTATION_CONTEXT(2) 
PARAMETRIC_REPRESENTATION_CONTEXT() REPRESENTATION_CONTEXT('2D SPACE',''
  ) );
#234 = ORIENTED_EDGE('',*,*,#235,.T.);
#235 = EDGE_CURVE('',#24,#236,#238,.T.);
#236 = VERTEX_POINT('',#237);
#237 = CARTESIAN_POINT('',(-10.255,67.145,12.280416242501));
#238 = SURFACE_CURVE('',#239,(#480,#724),.PCURVE_S1.);
#239 = B_SPLINE_CURVE_WITH_KNOTS('',8,(#240,#241,#242,#243,#244,#245,
    #246,#247,#248,#249,#250,#251,#252,#253,#254,#255,#256,#257,#258,
    #259,#260,#261,#262,#263,#264,#265,#266,#267,#268,#269,#270,#271,
    #272,#273,#274,#275,#276,#277,#278,#279,#280,#281,#282,#283,#284,
    #285,#286,#287,#288,#289,#290,#291,#292,#293,#294,#295,#296,#297,
    #298,#299,#300,#301,#302,#303,#304,#305,#306,#307,#308,#309,#310,
    #311,#312,#313,#314,#315,#316,#317,#318,#319,#320,#321,#322,#323,
    #324,#325,#326,#327,#328,#329,#330,#331,#332,#333,#334,#335,#336,
    #337,#338,#339,#340,#341,#342,#343,#344,#345,#346,#347,#348,#349,
    #350,#351,#352,#353,#354,#355,#356,#357,#358,#359,#360,#361,#362,
    #363,#364,#365,#366,#367,#368,#369,#370,#371,#372,#373,#374,#375,
    #376,#377,#378,#379,#380,#381,#382,#383,#384,#385,#386,#387,#388,
    #389,#390,#391,#392,#393,#394,#395,#396,#397,#398,#399,#400,#401,
    #402,#403,#404,#405,#406,#407,#408,#409,#410,#411,#412,#413,#414,
    #415,#416,#417,#418,#419,#420,#421,#422,#423,#424,#425,#426,#427,
    #428,#429,#430,#431,#432,#433,#434,#435,#436,#437,#438,#439,#440,
    #441,#442,#443,#444,#445,#446,#447,#448,#449,#450,#451,#452,#453,
    #454,#455,#456,#457,#458,#459,#460,#461,#462,#463,#464,#465,#466,
    #467,#468,#469,#470,#471,#472,#473,#474,#475,#476,#477,#478,#479),
  .UNSPECIFIED.,.F.,.F.,(9,7,7,7,7,7,7,7,7,7,7,7,7,7,7,7,7,7,7,7,7,7,7,7
    ,7,7,7,7,7,7,7,7,7,7,9),(0.,4.170010747298E-02,7.216281172573E-02,
    0.104755784991,0.135888273096,0.163605591438,0.194559226366,
    0.229612441692,0.238909710992,0.271394460295,0.29998678014,
    0.307888159119,0.333482275092,0.354260763673,0.362900352312,
    0.370655919789,0.402178877824,0.42573825591,0.434117439381,
    0.495780029065,0.536412798881,0.567358567905,0.613966288356,
    0.662757622158,0.694351275216,0.721510675131,0.742575506355,
    0.770704218433,0.795282231798,0.851000671669,0.880264744239,
    0.898476600213,0.939206192918,0.969906527186,1.),.UNSPECIFIED.);
#240 = CARTESIAN_POINT('',(-89.745,67.145,11.400448680108));
#241 = CARTESIAN_POINT('',(-89.745,67.927632144097,11.400503816885));
#242 = CARTESIAN_POINT('',(-89.72738734967,68.711861283268,
    11.400536031525));
#243 = CARTESIAN_POINT('',(-89.69203624353,69.496791289111,
    11.400551441939));
#244 = CARTESIAN_POINT('',(-89.63888979052,70.28150973144,
    11.400553869658));
#245 = CARTESIAN_POINT('',(-89.56796258057,71.065088056016,
    11.400545319941));
#246 = CARTESIAN_POINT('',(-89.47934435413,71.846581838005,
    11.400526291727));
#247 = CARTESIAN_POINT('',(-89.37320477471,72.625031111145,
    11.400495917439));
#248 = CARTESIAN_POINT('',(-89.15964931281,73.965196046991,
    11.400419800904));
#249 = CARTESIAN_POINT('',(-89.06028257836,74.528803000222,
    11.400380510548));
#250 = CARTESIAN_POINT('',(-88.95179690963,75.089906526483,
    11.400332770163));
#251 = CARTESIAN_POINT('',(-88.83431135332,75.648144222197,
    11.400275770093));
#252 = CARTESIAN_POINT('',(-88.70796499762,76.203166074902,
    11.400207962815));
#253 = CARTESIAN_POINT('',(-88.5729159433,76.754634203255,
    11.400126794741));
#254 = CARTESIAN_POINT('',(-88.42934044247,77.302222648173,
    11.40002938944));
#255 = CARTESIAN_POINT('',(-88.11490096431,78.427011580034,
    11.399790918611));
#256 = CARTESIAN_POINT('',(-87.9428277789,79.003615523602,11.39964765574
    ));
#257 = CARTESIAN_POINT('',(-87.76144897523,79.575046127763,
    11.399483465196));
#258 = CARTESIAN_POINT('',(-87.57101848145,80.140952035032,
    11.399298725253));
#259 = CARTESIAN_POINT('',(-87.37180517414,80.701011909969,
    11.399095398697));
#260 = CARTESIAN_POINT('',(-87.16409022496,81.254932900659,
    11.398877310601));
#261 = CARTESIAN_POINT('',(-86.9481644473,81.802449100183,
    11.398650426101));
#262 = CARTESIAN_POINT('',(-86.51051701445,82.859954589736,
    11.398206015422));
#263 = CARTESIAN_POINT('',(-86.28948636558,83.370531570909,
    11.397988515424));
#264 = CARTESIAN_POINT('',(-86.06149167327,83.874845494764,
    11.397777769615));
#265 = CARTESIAN_POINT('',(-85.82679363199,84.372718368413,
    11.397582901959));
#266 = CARTESIAN_POINT('',(-85.58565375863,84.863997824017,
    11.397414904357));
#267 = CARTESIAN_POINT('',(-85.33833249735,85.348555279874,
    11.397286522058));
#268 = CARTESIAN_POINT('',(-85.08508732441,85.826284101494,
    11.397212139077));
#269 = CARTESIAN_POINT('',(-84.59565698488,86.716264135879,
    11.397203679071));
#270 = CARTESIAN_POINT('',(-84.36064739849,87.12995013817,
    11.397255092183));
#271 = CARTESIAN_POINT('',(-84.12131970743,87.538096327513,
    11.397373075427));
#272 = CARTESIAN_POINT('',(-83.87784819463,87.940656283342,
    11.397569709429));
#273 = CARTESIAN_POINT('',(-83.63040315897,88.337595657697,
    11.397857829056));
#274 = CARTESIAN_POINT('',(-83.37915026187,88.728891226364,
    11.398250869521));
#275 = CARTESIAN_POINT('',(-83.12424987375,89.114529940003,
    11.398762712481));
#276 = CARTESIAN_POINT('',(-82.57729255179,89.918852828533,
    11.400127641948));
#277 = CARTESIAN_POINT('',(-82.28437306239,90.336136850142,
    11.401012602749));
#278 = CARTESIAN_POINT('',(-81.98731244223,90.746355919233,
    11.402097642236));
#279 = CARTESIAN_POINT('',(-81.68631745661,91.149518281244,
    11.40332903165));
#280 = CARTESIAN_POINT('',(-81.38158580046,91.545644200091,
    11.404749507431));
#281 = CARTESIAN_POINT('',(-81.07330623581,91.934763737249,
    11.406312399165));
#282 = CARTESIAN_POINT('',(-80.76165756881,92.316916469974,
    11.408020563831));
#283 = CARTESIAN_POINT('',(-80.09026005978,93.117080534051,
    11.411923168157));
#284 = CARTESIAN_POINT('',(-79.72960946944,93.53313515556,
    11.414152928004));
#285 = CARTESIAN_POINT('',(-79.36510110781,93.940384327765,
    11.416513668321));
#286 = CARTESIAN_POINT('',(-78.99696578447,94.33890779405,11.41897295793
    ));
#287 = CARTESIAN_POINT('',(-78.62542050108,94.728793508914,
    11.421492375725));
#288 = CARTESIAN_POINT('',(-78.25066818316,95.11013652508,11.42402766698
    ));
#289 = CARTESIAN_POINT('',(-77.87289741184,95.483037880602,
    11.426528899659));
#290 = CARTESIAN_POINT('',(-77.39133043116,95.944298313517,
    11.429580288724));
#291 = CARTESIAN_POINT('',(-77.2901786966,96.040406643802,11.43021374103
    ));
#292 = CARTESIAN_POINT('',(-77.18883023211,96.135930424342,
    11.430839581844));
#293 = CARTESIAN_POINT('',(-77.08728826154,96.230871613718,
    11.431457286588));
#294 = CARTESIAN_POINT('',(-76.98555594721,96.325232185577,
    11.432065757559));
#295 = CARTESIAN_POINT('',(-76.88363638854,96.419014128961,
    11.432663201403));
#296 = CARTESIAN_POINT('',(-76.78153262481,96.51221944498,11.4332483284)
  );
#297 = CARTESIAN_POINT('',(-76.32186291752,96.928502687968,
    11.435830339973));
#298 = CARTESIAN_POINT('',(-75.96226670299,97.24513943738,
    11.437705556859));
#299 = CARTESIAN_POINT('',(-75.60058522031,97.554847050547,
    11.439466997885));
#300 = CARTESIAN_POINT('',(-75.23693729458,97.857712354629,
    11.441147729672));
#301 = CARTESIAN_POINT('',(-74.87143440375,98.15382216919,
    11.442795357076));
#302 = CARTESIAN_POINT('',(-74.50418072823,98.443263133954,
    11.444471968455));
#303 = CARTESIAN_POINT('',(-74.13527320065,98.726121536542,
    11.446254080939));
#304 = CARTESIAN_POINT('',(-73.43872104076,99.245730187978,
    11.449974019507));
#305 = CARTESIAN_POINT('',(-73.11142994783,99.48394322897,
    11.451867566561));
#306 = CARTESIAN_POINT('',(-72.78298957735,99.717180697414,
    11.453975015801));
#307 = CARTESIAN_POINT('',(-72.45345827209,99.945499720644,
    11.456366689766));
#308 = CARTESIAN_POINT('',(-72.12289145632,100.1689561641,
    11.459121092866));
#309 = CARTESIAN_POINT('',(-71.79134167526,100.38760467633,
    11.462324559652));
#310 = CARTESIAN_POINT('',(-71.4588586344,100.60149873396,11.46607090309
    ));
#311 = CARTESIAN_POINT('',(-71.03336387291,100.86850008821,
    11.471674266795));
#312 = CARTESIAN_POINT('',(-70.94060015757,100.92630849694,
    11.472944746187));
#313 = CARTESIAN_POINT('',(-70.84718696907,100.98411591171,
    11.474272661919));
#314 = CARTESIAN_POINT('',(-70.7531129373,101.04192222697,
    11.475667605321));
#315 = CARTESIAN_POINT('',(-70.65836606582,101.09972745009,
    11.477131027372));
#316 = CARTESIAN_POINT('',(-70.56293384128,101.1575316129,
    11.478660471216));
#317 = CARTESIAN_POINT('',(-70.46680340864,101.21533464259,
    11.480257820461));
#318 = CARTESIAN_POINT('',(-70.05627109406,101.46036786927,
    11.487320131559));
#319 = CARTESIAN_POINT('',(-69.74187098096,101.64355383771,
    11.493319355724));
#320 = CARTESIAN_POINT('',(-69.42679509645,101.82273671104,
    11.499891301723));
#321 = CARTESIAN_POINT('',(-69.11107531848,101.99795789436,
    11.506999690514));
#322 = CARTESIAN_POINT('',(-68.794741375,102.16925783406,11.514602387121
    ));
#323 = CARTESIAN_POINT('',(-68.47782086338,102.33667600262,
    11.522651677226));
#324 = CARTESIAN_POINT('',(-68.16033926981,102.50025088334,
    11.531094543768));
#325 = CARTESIAN_POINT('',(-67.58413720925,102.78972788647,
    11.546999654996));
#326 = CARTESIAN_POINT('',(-67.32560022226,102.91692734493,
    11.554347624733));
#327 = CARTESIAN_POINT('',(-67.06672154174,103.04163837616,
    11.561885580742));
#328 = CARTESIAN_POINT('',(-66.80751297563,103.1638804977,
    11.569580294327));
#329 = CARTESIAN_POINT('',(-66.54798562585,103.2836726991,
    11.577396580116));
#330 = CARTESIAN_POINT('',(-66.28814988829,103.40103344186,
    11.585297296053));
#331 = CARTESIAN_POINT('',(-66.0280154528,103.51598065947,
    11.593243343402));
#332 = CARTESIAN_POINT('',(-65.65930828178,103.67532992483,
    11.604499370286));
#333 = CARTESIAN_POINT('',(-65.55107545956,103.72167049906,
    11.607802772258));
#334 = CARTESIAN_POINT('',(-65.44289199213,103.76755678426,
    11.611100983246));
#335 = CARTESIAN_POINT('',(-65.33475704356,103.81299200988,
    11.614391086344));
#336 = CARTESIAN_POINT('',(-65.2266697865,103.85797933063,
    11.617670137151));
#337 = CARTESIAN_POINT('',(-65.1186294021,103.90252182653,
    11.620935163778));
#338 = CARTESIAN_POINT('',(-65.01063508006,103.94662250288,
    11.624183166841));
#339 = CARTESIAN_POINT('',(-64.80578253569,104.02947851031,
    11.630308781087));
#340 = CARTESIAN_POINT('',(-64.70884213363,104.0683487484,
    11.633192726506));
#341 = CARTESIAN_POINT('',(-64.61186521392,104.10689583279,
    11.636060321309));
#342 = CARTESIAN_POINT('',(-64.51485216656,104.14512058042,
    11.638908876575));
#343 = CARTESIAN_POINT('',(-64.41780338715,104.18302379112,
    11.641736154605));
#344 = CARTESIAN_POINT('',(-64.32071929409,104.22060624195,
    11.644540874639));
#345 = CARTESIAN_POINT('',(-64.22360034565,104.25786868142,
    11.647323218575));
#346 = CARTESIAN_POINT('',(-63.73156182867,104.4449693885,
    11.661312127484));
#347 = CARTESIAN_POINT('',(-63.33610911962,104.58985203448,
    11.672192895908));
#348 = CARTESIAN_POINT('',(-62.94011907616,104.72950942872,
    11.682749035939));
#349 = CARTESIAN_POINT('',(-62.54362009701,104.86398847119,
    11.693004754366));
#350 = CARTESIAN_POINT('',(-62.14663884033,104.99333337474,
    11.702986832217));
#351 = CARTESIAN_POINT('',(-61.7492002306,105.11758574502,
    11.712724386185));
#352 = CARTESIAN_POINT('',(-61.35132746548,105.23678466041,
    11.722248630052));
#353 = CARTESIAN_POINT('',(-60.65537461082,105.43630325687,
    11.738576085172));
#354 = CARTESIAN_POINT('',(-60.35747687737,105.51883749786,
    11.745458797179));
#355 = CARTESIAN_POINT('',(-60.05935785989,105.59858471009,
    11.752254690033));
#356 = CARTESIAN_POINT('',(-59.76102622478,105.67555934425,
    11.75897814124));
#357 = CARTESIAN_POINT('',(-59.46249026725,105.74977506659,
    11.765643987914));
#358 = CARTESIAN_POINT('',(-59.16375791134,105.82124475886,
    11.772267526778));
#359 = CARTESIAN_POINT('',(-58.86483670993,105.88998051831,
    11.77886451416));
#360 = CARTESIAN_POINT('',(-58.4593542206,105.9794720452,11.787793789986
    ));
#361 = CARTESIAN_POINT('',(-58.35299148948,106.00259723468,
    11.790134348842));
#362 = CARTESIAN_POINT('',(-58.24664508026,106.02537039177,
    11.792473224877));
#363 = CARTESIAN_POINT('',(-58.14031444015,106.047792646,11.794811319529
    ));
#364 = CARTESIAN_POINT('',(-58.03399902511,106.06986509339,
    11.797149691005));
#365 = CARTESIAN_POINT('',(-57.92769829017,106.09158879879,
    11.79948919193));
#366 = CARTESIAN_POINT('',(-57.82141167986,106.11296479839,
    11.80183010699));
#367 = CARTESIAN_POINT('',(-56.93307289657,106.2887491963,
    11.821404289998));
#368 = CARTESIAN_POINT('',(-56.14987315912,106.42509878565,
    11.838723976851));
#369 = CARTESIAN_POINT('',(-55.36564295913,106.54322268153,
    11.856053458777));
#370 = CARTESIAN_POINT('',(-54.58047913084,106.64326357546,
    11.87330883248));
#371 = CARTESIAN_POINT('',(-53.7944716542,106.72532768298,
    11.890401559187));
#372 = CARTESIAN_POINT('',(-53.00770351927,106.78948538739,
    11.907240340108));
#373 = CARTESIAN_POINT('',(-52.22025059064,106.8357718836,
    11.923732991894));
#374 = CARTESIAN_POINT('',(-50.91288068873,106.88291259954,
    11.950368035657));
#375 = CARTESIAN_POINT('',(-50.39331476537,106.89387742442,
    11.960755326238));
#376 = CARTESIAN_POINT('',(-49.87350486804,106.89708229663,
    11.970941826274));
#377 = CARTESIAN_POINT('',(-49.35347319435,106.89252046998,
    11.980941634242));
#378 = CARTESIAN_POINT('',(-48.83324145458,106.88017859433,
    11.990739681239));
#379 = CARTESIAN_POINT('',(-48.31283248172,106.86003664523,
    12.000348695729));
#380 = CARTESIAN_POINT('',(-47.79226885878,106.83206786151,
    12.009763380154));
#381 = CARTESIAN_POINT('',(-46.87501409398,106.76895099157,
    12.026010990355));
#382 = CARTESIAN_POINT('',(-46.4783786778,106.73710415231,
    12.032924301795));
#383 = CARTESIAN_POINT('',(-46.08167768391,106.70068310419,
    12.039726088181));
#384 = CARTESIAN_POINT('',(-45.68492195549,106.65967066708,
    12.04641902979));
#385 = CARTESIAN_POINT('',(-45.28812280549,106.61404733347,
    12.053001019496));
#386 = CARTESIAN_POINT('',(-44.89129209061,106.56379125173,
    12.059472414044));
#387 = CARTESIAN_POINT('',(-44.49444224015,106.50887818025,
    12.065839077393));
#388 = CARTESIAN_POINT('',(-43.49987705617,106.35952204809,
    12.081509165481));
#389 = CARTESIAN_POINT('',(-42.90215557294,106.25913865301,
    12.090669693478));
#390 = CARTESIAN_POINT('',(-42.30446399148,106.14803952863,
    12.099558668333));
#391 = CARTESIAN_POINT('',(-41.70685038213,106.02612095431,
    12.108161745028));
#392 = CARTESIAN_POINT('',(-41.10936847533,105.89326660898,
    12.116465123802));
#393 = CARTESIAN_POINT('',(-40.51207766964,105.74934703234,
    12.124455692934));
#394 = CARTESIAN_POINT('',(-39.91504303972,105.59421908603,
    12.132121171515));
#395 = CARTESIAN_POINT('',(-38.69367136011,105.25343136624,
    12.147122706928));
#396 = CARTESIAN_POINT('',(-38.06937037935,105.06668288972,
    12.154426830887));
#397 = CARTESIAN_POINT('',(-37.44551222949,104.86729915408,
    12.161345378525));
#398 = CARTESIAN_POINT('',(-36.82218930556,104.65508312403,
    12.167886427784));
#399 = CARTESIAN_POINT('',(-36.19950927908,104.42982224258,
    12.173997010049));
#400 = CARTESIAN_POINT('',(-35.57759130743,104.19128659098,
    12.179690253654));
#401 = CARTESIAN_POINT('',(-34.95656959492,103.9392288104,
    12.184938319154));
#402 = CARTESIAN_POINT('',(-33.935140173,103.50123880922,12.192838901387
    ));
#403 = CARTESIAN_POINT('',(-33.53412803095,103.32331496315,
    12.195754204951));
#404 = CARTESIAN_POINT('',(-33.13359610921,103.13953796835,
    12.198475452028));
#405 = CARTESIAN_POINT('',(-32.73358888571,102.94983276535,
    12.201002020533));
#406 = CARTESIAN_POINT('',(-32.33415493214,102.7541215602,
    12.203329477726));
#407 = CARTESIAN_POINT('',(-31.93534675145,102.55232365475,
    12.205455051021));
#408 = CARTESIAN_POINT('',(-31.53722070052,102.34435527123,
    12.207381120998));
#409 = CARTESIAN_POINT('',(-30.79822819688,101.9459711922,
    12.210581162172));
#410 = CARTESIAN_POINT('',(-30.45716857715,101.75718905454,
    12.211908651839));
#411 = CARTESIAN_POINT('',(-30.11669726014,101.56372818122,
    12.213081147222));
#412 = CARTESIAN_POINT('',(-29.77685589849,101.36553224195,
    12.214095965506));
#413 = CARTESIAN_POINT('',(-29.43768923692,101.16254364712,
    12.214950962341));
#414 = CARTESIAN_POINT('',(-29.09924511231,100.95470354789,
    12.215644531845));
#415 = CARTESIAN_POINT('',(-28.76157445368,100.74195183609,12.2161756066
    ));
#416 = CARTESIAN_POINT('',(-28.16347571022,100.35535986816,
    12.216829118058));
#417 = CARTESIAN_POINT('',(-27.9027182517,100.18350128251,
    12.217016548403));
#418 = CARTESIAN_POINT('',(-27.64248418808,100.0086227604,
    12.217105715273));
#419 = CARTESIAN_POINT('',(-27.38280026979,99.830695454308,
    12.217096636432));
#420 = CARTESIAN_POINT('',(-27.12369471618,99.649690296094,
    12.216989580829));
#421 = CARTESIAN_POINT('',(-26.86519721556,99.465577997076,
    12.216785068595));
#422 = CARTESIAN_POINT('',(-26.60733892513,99.278329047986,
    12.216483871039));
#423 = CARTESIAN_POINT('',(-26.00672110721,98.833644510375,
    12.215557067105));
#424 = CARTESIAN_POINT('',(-25.66448850593,98.573729832983,
    12.214856306607));
#425 = CARTESIAN_POINT('',(-25.32353187424,98.308098628305,
    12.213990180963));
#426 = CARTESIAN_POINT('',(-24.98393501436,98.03668067796,
    12.212947805172));
#427 = CARTESIAN_POINT('',(-24.64578580575,97.759404656938,
    12.211771099691));
#428 = CARTESIAN_POINT('',(-24.30918149981,97.476202817584,
    12.210412987828));
#429 = CARTESIAN_POINT('',(-23.97422268687,97.187006312326,
    12.20889813965));
#430 = CARTESIAN_POINT('',(-23.34987238578,96.633761348396,
    12.205753806134));
#431 = CARTESIAN_POINT('',(-23.06006691636,96.371147175355,
    12.204163723465));
#432 = CARTESIAN_POINT('',(-22.77167263899,96.10386165714,12.20245052775
    ));
#433 = CARTESIAN_POINT('',(-22.48476579105,95.831861925976,
    12.200615664672));
#434 = CARTESIAN_POINT('',(-22.19942695291,95.555106912522,
    12.19866136935));
#435 = CARTESIAN_POINT('',(-21.9157409959,95.273557609581,12.19659072525
    ));
#436 = CARTESIAN_POINT('',(-21.63379703031,94.987177335824,
    12.194407723094));
#437 = CARTESIAN_POINT('',(-20.71868103014,94.035677831772,
    12.186924967676));
#438 = CARTESIAN_POINT('',(-20.09311390648,93.350429032464,
    12.181180824166));
#439 = CARTESIAN_POINT('',(-19.47806228249,92.639778248832,
    12.174941120085));
#440 = CARTESIAN_POINT('',(-18.87474562653,91.903418163175,
    12.168295474858));
#441 = CARTESIAN_POINT('',(-18.28451787929,91.141170606541,
    12.161344693394));
#442 = CARTESIAN_POINT('',(-17.70885224754,90.353011272929,
    12.154233364834));
#443 = CARTESIAN_POINT('',(-17.14932264774,89.53910297789,
    12.147172323097));
#444 = CARTESIAN_POINT('',(-16.32305552875,88.259063688418,
    12.136821776486));
#445 = CARTESIAN_POINT('',(-16.04343875367,87.811291936995,
    12.133333558955));
#446 = CARTESIAN_POINT('',(-15.76897645975,87.356599708475,
    12.129954489316));
#447 = CARTESIAN_POINT('',(-15.49991752227,86.895070259361,
    12.126719952652));
#448 = CARTESIAN_POINT('',(-15.23651523335,86.426807442713,
    12.123666950331));
#449 = CARTESIAN_POINT('',(-14.97902566867,85.951937605549,
    12.120833443944));
#450 = CARTESIAN_POINT('',(-14.72770605419,85.47061148625,
    12.118257699252));
#451 = CARTESIAN_POINT('',(-14.33040937572,84.679555564282,
    12.114558678951));
#452 = CARTESIAN_POINT('',(-14.18049433508,84.373672580178,
    12.113254232974));
#453 = CARTESIAN_POINT('',(-14.03312986938,84.065399887669,
    12.11207342262));
#454 = CARTESIAN_POINT('',(-13.88837741444,83.754783558289,
    12.111025311673));
#455 = CARTESIAN_POINT('',(-13.74629780115,83.44187315194,
    12.110118832883));
#456 = CARTESIAN_POINT('',(-13.60695107317,83.126721861756,
    12.109362723571));
#457 = CARTESIAN_POINT('',(-13.4703963045,82.809386658974,
    12.108765461234));
#458 = CARTESIAN_POINT('',(-13.03766941682,81.775481582181,
    12.107372946896));
#459 = CARTESIAN_POINT('',(-12.75288898699,81.0503863845,12.10724551241)
  );
#460 = CARTESIAN_POINT('',(-12.48301425091,80.315356609707,
    12.108046574927));
#461 = CARTESIAN_POINT('',(-12.22865806876,79.571163594053,
    12.109854224149));
#462 = CARTESIAN_POINT('',(-11.99037729486,78.818638522442,
    12.112744392624));
#463 = CARTESIAN_POINT('',(-11.76866698331,78.05867461039,
    12.116777305095));
#464 = CARTESIAN_POINT('',(-11.5639533045,77.292229868173,
    12.121987022059));
#465 = CARTESIAN_POINT('',(-11.23535416863,75.938504794787,
    12.133241132171));
#466 = CARTESIAN_POINT('',(-11.10397287537,75.353557566677,
    12.138763985592));
#467 = CARTESIAN_POINT('',(-10.98258958729,74.765920803293,
    12.144985481378));
#468 = CARTESIAN_POINT('',(-10.87132326506,74.176024705633,
    12.151912964448));
#469 = CARTESIAN_POINT('',(-10.77026424779,73.584298124443,
    12.159548469799));
#470 = CARTESIAN_POINT('',(-10.67947520311,72.991168371848,
    12.167888834002));
#471 = CARTESIAN_POINT('',(-10.59899207727,72.397061032991,
    12.176925806706));
#472 = CARTESIAN_POINT('',(-10.46004502304,71.219493345272,
    12.196174372782));
#473 = CARTESIAN_POINT('',(-10.40117603811,70.636044521612,
    12.206359881873));
#474 = CARTESIAN_POINT('',(-10.3522276245,70.052448049065,
    12.217189299226));
#475 = CARTESIAN_POINT('',(-10.31318407884,69.469083367348,
    12.228649724374));
#476 = CARTESIAN_POINT('',(-10.2840070668,68.886314633944,
    12.240724944405));
#477 = CARTESIAN_POINT('',(-10.26463797378,68.304490855468,
    12.253394079303));
#478 = CARTESIAN_POINT('',(-10.255,67.723946129943,12.266632674761));
#479 = CARTESIAN_POINT('',(-10.255,67.145,12.280416242501));
#480 = PCURVE('',#52,#481);
#481 = DEFINITIONAL_REPRESENTATION('',(#482),#723);
#482 = B_SPLINE_CURVE_WITH_KNOTS('',8,(#483,#484,#485,#486,#487,#488,
    #489,#490,#491,#492,#493,#494,#495,#496,#497,#498,#499,#500,#501,
    #502,#503,#504,#505,#506,#507,#508,#509,#510,#511,#512,#513,#514,
    #515,#516,#517,#518,#519,#520,#521,#522,#523,#524,#525,#526,#527,
    #528,#529,#530,#531,#532,#533,#534,#535,#536,#537,#538,#539,#540,
    #541,#542,#543,#544,#545,#546,#547,#548,#549,#550,#551,#552,#553,
    #554,#555,#556,#557,#558,#559,#560,#561,#562,#563,#564,#565,#566,
    #567,#568,#569,#570,#571,#572,#573,#574,#575,#576,#577,#578,#579,
    #580,#581,#582,#583,#584,#585,#586,#587,#588,#589,#590,#591,#592,
    #593,#594,#595,#596,#597,#598,#599,#600,#601,#602,#603,#604,#605,
    #606,#607,#608,#609,#610,#611,#612,#613,#614,#615,#616,#617,#618,
    #619,#620,#621,#622,#623,#624,#625,#626,#627,#628,#629,#630,#631,
    #632,#633,#634,#635,#636,#637,#638,#639,#640,#641,#642,#643,#644,
    #645,#646,#647,#648,#649,#650,#651,#652,#653,#654,#655,#656,#657,
    #658,#659,#660,#661,#662,#663,#664,#665,#666,#667,#668,#669,#670,
    #671,#672,#673,#674,#675,#676,#677,#678,#679,#680,#681,#682,#683,
    #684,#685,#686,#687,#688,#689,#690,#691,#692,#693,#694,#695,#696,
    #697,#698,#699,#700,#701,#702,#703,#704,#705,#706,#707,#708,#709,
    #710,#711,#712,#713,#714,#715,#716,#717,#718,#719,#720,#721,#722),
  .UNSPECIFIED.,.F.,.F.,(9,7,7,7,7,7,7,7,7,7,7,7,7,7,7,7,7,7,7,7,7,7,7,7
    ,7,7,7,7,7,7,7,7,7,7,9),(0.,4.170010747298E-02,7.216281172573E-02,
    0.104755784991,0.135888273096,0.163605591438,0.194559226366,
    0.229612441692,0.238909710992,0.271394460295,0.29998678014,
    0.307888159119,0.333482275092,0.354260763673,0.362900352312,
    0.370655919789,0.402178877824,0.42573825591,0.434117439381,
    0.495780029065,0.536412798881,0.567358567905,0.613966288356,
    0.662757622158,0.694351275216,0.721510675131,0.742575506355,
    0.770704218433,0.795282231798,0.851000671669,0.880264744239,
    0.898476600213,0.939206192918,0.969906527186,1.),.UNSPECIFIED.);
#483 = CARTESIAN_POINT('',(8.962388921039,0.));
#484 = CARTESIAN_POINT('',(8.890078340227,1.856998799614E-02));
#485 = CARTESIAN_POINT('',(8.834795921492,3.717786886387E-02));
#486 = CARTESIAN_POINT('',(8.796928773962,5.580237962063E-02));
#487 = CARTESIAN_POINT('',(8.776805579575,7.442187048143E-02));
#488 = CARTESIAN_POINT('',(8.77469112939,9.301430907618E-02));
#489 = CARTESIAN_POINT('',(8.790779275805,0.111557286464));
#490 = CARTESIAN_POINT('',(8.825184300703,0.130028024941));
#491 = CARTESIAN_POINT('',(8.916462925062,0.161826931949));
#492 = CARTESIAN_POINT('',(8.964784302481,0.175199976278));
#493 = CARTESIAN_POINT('',(9.022905743502,0.188513620275));
#494 = CARTESIAN_POINT('',(9.090814273389,0.201759264971));
#495 = CARTESIAN_POINT('',(9.168473474003,0.214928605408));
#496 = CARTESIAN_POINT('',(9.255823808953,0.228013624469));
#497 = CARTESIAN_POINT('',(9.352782830803,0.241006587927));
#498 = CARTESIAN_POINT('',(9.573152670597,0.26769513774));
#499 = CARTESIAN_POINT('',(9.697941233738,0.281376569548));
#500 = CARTESIAN_POINT('',(9.833482985102,0.294935250392));
#501 = CARTESIAN_POINT('',(9.97962377216,0.308362843399));
#502 = CARTESIAN_POINT('',(10.136185701672,0.321651724047));
#503 = CARTESIAN_POINT('',(10.30296957683,0.334794943663));
#504 = CARTESIAN_POINT('',(10.479757334406,0.34778619291));
#505 = CARTESIAN_POINT('',(10.84451203779,0.372878267641));
#506 = CARTESIAN_POINT('',(11.03162497305,0.38499303763));
#507 = CARTESIAN_POINT('',(11.227450426224,0.396959200255));
#508 = CARTESIAN_POINT('',(11.431774631356,0.408772532173));
#509 = CARTESIAN_POINT('',(11.644375189141,0.420429418057));
#510 = CARTESIAN_POINT('',(11.865023338087,0.431926806973));
#511 = CARTESIAN_POINT('',(12.093486225666,0.443262168739));
#512 = CARTESIAN_POINT('',(12.539678707876,0.464379265296));
#513 = CARTESIAN_POINT('',(12.755836886911,0.474195044209));
#514 = CARTESIAN_POINT('',(12.977838750742,0.483879376617));
#515 = CARTESIAN_POINT('',(13.205518516407,0.493431161071));
#516 = CARTESIAN_POINT('',(13.438710553191,0.502849582577));
#517 = CARTESIAN_POINT('',(13.677250351996,0.512134090079));
#518 = CARTESIAN_POINT('',(13.920975494719,0.521284373947));
#519 = CARTESIAN_POINT('',(14.447522315713,0.540369031404));
#520 = CARTESIAN_POINT('',(14.73158546534,0.550270182706));
#521 = CARTESIAN_POINT('',(15.021694407192,0.56000369959));
#522 = CARTESIAN_POINT('',(15.317632536063,0.569569777702));
#523 = CARTESIAN_POINT('',(15.619186322896,0.578968897855));
#524 = CARTESIAN_POINT('',(15.926149522647,0.588201773336));
#525 = CARTESIAN_POINT('',(16.238321764342,0.597269343219));
#526 = CARTESIAN_POINT('',(16.91470903526,0.616255321724));
#527 = CARTESIAN_POINT('',(17.280338770004,0.626127302303));
#528 = CARTESIAN_POINT('',(17.65212110848,0.635790350641));
#529 = CARTESIAN_POINT('',(18.029786696728,0.645246358858));
#530 = CARTESIAN_POINT('',(18.413076555481,0.654497413902));
#531 = CARTESIAN_POINT('',(18.801742981632,0.663545771149));
#532 = CARTESIAN_POINT('',(19.195550449692,0.672393827989));
#533 = CARTESIAN_POINT('',(19.70003182144,0.683338434299));
#534 = CARTESIAN_POINT('',(19.806133045642,0.685618854996));
#535 = CARTESIAN_POINT('',(19.91257599801,0.687885405726));
#536 = CARTESIAN_POINT('',(20.019356538279,0.690138132963));
#537 = CARTESIAN_POINT('',(20.126470582069,0.692377083535));
#538 = CARTESIAN_POINT('',(20.233914101075,0.694602304638));
#539 = CARTESIAN_POINT('',(20.341683115136,0.696813843753));
#540 = CARTESIAN_POINT('',(20.82744314724,0.706691248973));
#541 = CARTESIAN_POINT('',(21.209037237567,0.714204281347));
#542 = CARTESIAN_POINT('',(21.594389177878,0.721552901899));
#543 = CARTESIAN_POINT('',(21.98333905395,0.72873917083));
#544 = CARTESIAN_POINT('',(22.375733984471,0.73576514816));
#545 = CARTESIAN_POINT('',(22.771428298867,0.742632889642));
#546 = CARTESIAN_POINT('',(23.170283715125,0.749344442675));
#547 = CARTESIAN_POINT('',(23.925900042024,0.761673512587));
#548 = CARTESIAN_POINT('',(24.281976977637,0.767325738023));
#549 = CARTESIAN_POINT('',(24.640311039536,0.772859905028));
#550 = CARTESIAN_POINT('',(25.000815993455,0.778277369098));
#551 = CARTESIAN_POINT('',(25.363408667887,0.783579455786));
#552 = CARTESIAN_POINT('',(25.728008966168,0.788767461771));
#553 = CARTESIAN_POINT('',(26.094539878579,0.793842655925));
#554 = CARTESIAN_POINT('',(26.56473001273,0.800177959146));
#555 = CARTESIAN_POINT('',(26.667304935307,0.801549614354));
#556 = CARTESIAN_POINT('',(26.770665497542,0.802921245977));
#557 = CARTESIAN_POINT('',(26.874825363612,0.804292851512));
#558 = CARTESIAN_POINT('',(26.979798812326,0.805664431133));
#559 = CARTESIAN_POINT('',(27.085600671116,0.807035985595));
#560 = CARTESIAN_POINT('',(27.19224623371,0.808407513171));
#561 = CARTESIAN_POINT('',(27.647981702677,0.814221565293));
#562 = CARTESIAN_POINT('',(27.997730883711,0.818568129973));
#563 = CARTESIAN_POINT('',(28.348941466758,0.822819710785));
#564 = CARTESIAN_POINT('',(28.701558181232,0.826977290173));
#565 = CARTESIAN_POINT('',(29.05552797208,0.831041827834));
#566 = CARTESIAN_POINT('',(29.410800012551,0.835014260354));
#567 = CARTESIAN_POINT('',(29.767325716959,0.838895500851));
#568 = CARTESIAN_POINT('',(30.415482998686,0.845764097437));
#569 = CARTESIAN_POINT('',(30.70670279491,0.848782236207));
#570 = CARTESIAN_POINT('',(30.998693338343,0.851741330553));
#571 = CARTESIAN_POINT('',(31.291430589733,0.854641843581));
#572 = CARTESIAN_POINT('',(31.584891274359,0.857484225865));
#573 = CARTESIAN_POINT('',(31.879052882025,0.860268915455));
#574 = CARTESIAN_POINT('',(32.173893667066,0.862996337869));
#575 = CARTESIAN_POINT('',(32.592259604316,0.866777314624));
#576 = CARTESIAN_POINT('',(32.715126560166,0.867876865561));
#577 = CARTESIAN_POINT('',(32.837993515714,0.868965637306));
#578 = CARTESIAN_POINT('',(32.960860470811,0.870043706487));
#579 = CARTESIAN_POINT('',(33.083727425343,0.871111147957));
#580 = CARTESIAN_POINT('',(33.206594379231,0.872168034797));
#581 = CARTESIAN_POINT('',(33.329461332429,0.873214438317));
#582 = CARTESIAN_POINT('',(33.562623228421,0.875180413105));
#583 = CARTESIAN_POINT('',(33.673001708753,0.876102710841));
#584 = CARTESIAN_POINT('',(33.783462711946,0.877017340913));
#585 = CARTESIAN_POINT('',(33.894005236235,0.877924322705));
#586 = CARTESIAN_POINT('',(34.004628281318,0.878823675196));
#587 = CARTESIAN_POINT('',(34.115330837609,0.879715416822));
#588 = CARTESIAN_POINT('',(34.226111875484,0.880599565344));
#589 = CARTESIAN_POINT('',(34.787561031205,0.885039017404));
#590 = CARTESIAN_POINT('',(35.239430753843,0.888476735899));
#591 = CARTESIAN_POINT('',(35.692511247197,0.891790471674));
#592 = CARTESIAN_POINT('',(36.146736341782,0.894981337554));
#593 = CARTESIAN_POINT('',(36.602041946037,0.898050382602));
#594 = CARTESIAN_POINT('',(37.058366038491,0.900998594021));
#595 = CARTESIAN_POINT('',(37.515648659916,0.903826899049));
#596 = CARTESIAN_POINT('',(38.31626526162,0.908560997909));
#597 = CARTESIAN_POINT('',(38.659201458332,0.910519337949));
#598 = CARTESIAN_POINT('',(39.002616244165,0.912411548466));
#599 = CARTESIAN_POINT('',(39.346485812021,0.91423797234));
#600 = CARTESIAN_POINT('',(39.690786799165,0.915998933838));
#601 = CARTESIAN_POINT('',(40.035496287228,0.917694738613));
#602 = CARTESIAN_POINT('',(40.380591802206,0.919325673705));
#603 = CARTESIAN_POINT('',(40.848918251969,0.921449093492));
#604 = CARTESIAN_POINT('',(40.971785182956,0.921997798901));
#605 = CARTESIAN_POINT('',(41.094652117323,0.922538151424));
#606 = CARTESIAN_POINT('',(41.217519055283,0.923070177862));
#607 = CARTESIAN_POINT('',(41.340385992415,0.923593904221));
#608 = CARTESIAN_POINT('',(41.463252924711,0.924109355767));
#609 = CARTESIAN_POINT('',(41.586119853629,0.924616557086));
#610 = CARTESIAN_POINT('',(42.613167202001,0.928787500209));
#611 = CARTESIAN_POINT('',(43.519507568941,0.932022749689));
#612 = CARTESIAN_POINT('',(44.427637825122,0.934825547076));
#613 = CARTESIAN_POINT('',(45.337195649518,0.937199278099));
#614 = CARTESIAN_POINT('',(46.247826139403,0.939146462996));
#615 = CARTESIAN_POINT('',(47.159181482844,0.940668771797));
#616 = CARTESIAN_POINT('',(48.070920631183,0.941767039592));
#617 = CARTESIAN_POINT('',(49.583534949565,0.942885575977));
#618 = CARTESIAN_POINT('',(50.184379427527,0.943145745033));
#619 = CARTESIAN_POINT('',(50.785145235779,0.943221788981));
#620 = CARTESIAN_POINT('',(51.385734083968,0.943113547752));
#621 = CARTESIAN_POINT('',(51.986047189778,0.942820704575));
#622 = CARTESIAN_POINT('',(52.58598451061,0.942342784322));
#623 = CARTESIAN_POINT('',(53.18544531803,0.941679152011));
#624 = CARTESIAN_POINT('',(54.240434497319,0.940181539722));
#625 = CARTESIAN_POINT('',(54.696205211677,0.939425890433));
#626 = CARTESIAN_POINT('',(55.151594850985,0.938561706115));
#627 = CARTESIAN_POINT('',(55.606557427263,0.937588579122));
#628 = CARTESIAN_POINT('',(56.061046190376,0.936506046589));
#629 = CARTESIAN_POINT('',(56.515013482142,0.935313590028));
#630 = CARTESIAN_POINT('',(56.968410666274,0.934010634245));
#631 = CARTESIAN_POINT('',(58.103121543501,0.930466770627));
#632 = CARTESIAN_POINT('',(58.783647464124,0.928084912873));
#633 = CARTESIAN_POINT('',(59.462599301709,0.925448796503));
#634 = CARTESIAN_POINT('',(60.13980202893,0.922555960477));
#635 = CARTESIAN_POINT('',(60.815072434262,0.919403644774));
#636 = CARTESIAN_POINT('',(61.488219008135,0.915988777609));
#637 = CARTESIAN_POINT('',(62.159041829079,0.912307962653));
#638 = CARTESIAN_POINT('',(63.526933083428,0.904221885544));
#639 = CARTESIAN_POINT('',(64.223753367373,0.899790791072));
#640 = CARTESIAN_POINT('',(64.917556107588,0.895059892136));
#641 = CARTESIAN_POINT('',(65.608085257912,0.890024513561));
#642 = CARTESIAN_POINT('',(66.295070554112,0.884679611878));
#643 = CARTESIAN_POINT('',(66.978220703471,0.879019731664));
#644 = CARTESIAN_POINT('',(67.657228898675,0.873039003687));
#645 = CARTESIAN_POINT('',(68.768551638488,0.862646549038));
#646 = CARTESIAN_POINT('',(69.203458736655,0.85842484193));
#647 = CARTESIAN_POINT('',(69.636401655496,0.854064253609));
#648 = CARTESIAN_POINT('',(70.067286591124,0.849563003093));
#649 = CARTESIAN_POINT('',(70.496015250306,0.844919244518));
#650 = CARTESIAN_POINT('',(70.922484574211,0.840131063109));
#651 = CARTESIAN_POINT('',(71.346586557896,0.835196471022));
#652 = CARTESIAN_POINT('',(72.130655509152,0.825743770132));
#653 = CARTESIAN_POINT('',(72.491268953989,0.821264421747));
#654 = CARTESIAN_POINT('',(72.849977866533,0.816674058162));
#655 = CARTESIAN_POINT('',(73.206707442242,0.811971342792));
#656 = CARTESIAN_POINT('',(73.561379484603,0.807154909174));
#657 = CARTESIAN_POINT('',(73.913912405131,0.802223360966));
#658 = CARTESIAN_POINT('',(74.264221223364,0.797175271944));
#659 = CARTESIAN_POINT('',(74.882123539227,0.788002369632));
#660 = CARTESIAN_POINT('',(75.150638148557,0.78392457664));
#661 = CARTESIAN_POINT('',(75.417720084777,0.779775127783));
#662 = CARTESIAN_POINT('',(75.68332654963,0.775553338577));
#663 = CARTESIAN_POINT('',(75.947413256678,0.771258519305));
#664 = CARTESIAN_POINT('',(76.209934431309,0.766889975017));
#665 = CARTESIAN_POINT('',(76.470842810731,0.762447005528));
#666 = CARTESIAN_POINT('',(77.076272314596,0.751895705549));
#667 = CARTESIAN_POINT('',(77.419491504648,0.745728552212));
#668 = CARTESIAN_POINT('',(77.759631512666,0.739425759362));
#669 = CARTESIAN_POINT('',(78.096571704451,0.732985660884));
#670 = CARTESIAN_POINT('',(78.430182831094,0.726406564407));
#671 = CARTESIAN_POINT('',(78.760335277151,0.719686862441));
#672 = CARTESIAN_POINT('',(79.086890204767,0.712824921398));
#673 = CARTESIAN_POINT('',(79.691771843965,0.69969774228));
#674 = CARTESIAN_POINT('',(79.970982276911,0.693466536371));
#675 = CARTESIAN_POINT('',(80.247241770496,0.687124490619));
#676 = CARTESIAN_POINT('',(80.520451414197,0.680670587875));
#677 = CARTESIAN_POINT('',(80.790508711716,0.674103853661));
#678 = CARTESIAN_POINT('',(81.057307795137,0.667423362429));
#679 = CARTESIAN_POINT('',(81.320739639076,0.660628243821));
#680 = CARTESIAN_POINT('',(82.170005783999,0.63805143746));
#681 = CARTESIAN_POINT('',(82.741431296832,0.621792123205));
#682 = CARTESIAN_POINT('',(83.293674829784,0.604930080646));
#683 = CARTESIAN_POINT('',(83.825333804768,0.587458017871));
#684 = CARTESIAN_POINT('',(84.334922751369,0.569371707357));
#685 = CARTESIAN_POINT('',(84.820895362476,0.550670572379));
#686 = CARTESIAN_POINT('',(85.281675363959,0.531358476163));
#687 = CARTESIAN_POINT('',(85.943668771944,0.500986206867));
#688 = CARTESIAN_POINT('',(86.164247478892,0.490361654692));
#689 = CARTESIAN_POINT('',(86.377217031586,0.479572896156));
#690 = CARTESIAN_POINT('',(86.582351240159,0.468621906735));
#691 = CARTESIAN_POINT('',(86.779427746102,0.457511150616));
#692 = CARTESIAN_POINT('',(86.968230295204,0.44624362571));
#693 = CARTESIAN_POINT('',(87.148551010487,0.434822908678));
#694 = CARTESIAN_POINT('',(87.427010097562,0.416053044591));
#695 = CARTESIAN_POINT('',(87.530466403195,0.408795173334));
#696 = CARTESIAN_POINT('',(87.630514052654,0.401480600016));
#697 = CARTESIAN_POINT('',(87.727107365945,0.394110417803));
#698 = CARTESIAN_POINT('',(87.82020271504,0.386685802632));
#699 = CARTESIAN_POINT('',(87.909758726438,0.379208016651));
#700 = CARTESIAN_POINT('',(87.995736483728,0.37167841165));
#701 = CARTESIAN_POINT('',(88.262299598953,0.347146318239));
#702 = CARTESIAN_POINT('',(88.42842877925,0.329941544299));
#703 = CARTESIAN_POINT('',(88.576069953158,0.312501046618));
#704 = CARTESIAN_POINT('',(88.704889895378,0.294843127158));
#705 = CARTESIAN_POINT('',(88.81463953539,0.276987507947));
#706 = CARTESIAN_POINT('',(88.90515916903,0.258955382854));
#707 = CARTESIAN_POINT('',(88.976383917759,0.240769483169));
#708 = CARTESIAN_POINT('',(89.067510363449,0.208648826546));
#709 = CARTESIAN_POINT('',(89.095732673882,0.19476942856));
#710 = CARTESIAN_POINT('',(89.113024050678,0.180826214338));
#711 = CARTESIAN_POINT('',(89.119429073647,0.166829391521));
#712 = CARTESIAN_POINT('',(89.115022254684,0.152789135709));
#713 = CARTESIAN_POINT('',(89.099905975515,0.138715585997));
#714 = CARTESIAN_POINT('',(89.074208425433,0.124618840503));
#715 = CARTESIAN_POINT('',(89.002668782161,9.667797710931E-02));
#716 = CARTESIAN_POINT('',(88.957234294995,8.283413267556E-02));
#717 = CARTESIAN_POINT('',(88.901920720508,6.898678488706E-02));
#718 = CARTESIAN_POINT('',(88.836890912206,5.514493694027E-02));
#719 = CARTESIAN_POINT('',(88.76232523936,4.13172294209E-02));
#720 = CARTESIAN_POINT('',(88.678418894446,2.751194342076E-02));
#721 = CARTESIAN_POINT('',(88.585379202796,1.373700628645E-02));
#722 = CARTESIAN_POINT('',(88.483422934467,0.));
#723 = ( GEOMETRIC_REPRESENTATION_CONTEXT(2) 
PARAMETRIC_REPRESENTATION_CONTEXT() REPRESENTATION_CONTEXT('2D SPACE',''
  ) );
#724 = PCURVE('',#725,#730);
#725 = CYLINDRICAL_SURFACE('',#726,39.745);
#726 = AXIS2_PLACEMENT_3D('',#727,#728,#729);
#727 = CARTESIAN_POINT('',(-50.,67.145,9.5));
#728 = DIRECTION('',(0.,0.,1.));
#729 = DIRECTION('',(1.,0.,-0.));
#730 = DEFINITIONAL_REPRESENTATION('',(#731),#972);
#731 = B_SPLINE_CURVE_WITH_KNOTS('',8,(#732,#733,#734,#735,#736,#737,
    #738,#739,#740,#741,#742,#743,#744,#745,#746,#747,#748,#749,#750,
    #751,#752,#753,#754,#755,#756,#757,#758,#759,#760,#761,#762,#763,
    #764,#765,#766,#767,#768,#769,#770,#771,#772,#773,#774,#775,#776,
    #777,#778,#779,#780,#781,#782,#783,#784,#785,#786,#787,#788,#789,
    #790,#791,#792,#793,#794,#795,#796,#797,#798,#799,#800,#801,#802,
    #803,#804,#805,#806,#807,#808,#809,#810,#811,#812,#813,#814,#815,
    #816,#817,#818,#819,#820,#821,#822,#823,#824,#825,#826,#827,#828,
    #829,#830,#831,#832,#833,#834,#835,#836,#837,#838,#839,#840,#841,
    #842,#843,#844,#845,#846,#847,#848,#849,#850,#851,#852,#853,#854,
    #855,#856,#857,#858,#859,#860,#861,#862,#863,#864,#865,#866,#867,
    #868,#869,#870,#871,#872,#873,#874,#875,#876,#877,#878,#879,#880,
    #881,#882,#883,#884,#885,#886,#887,#888,#889,#890,#891,#892,#893,
    #894,#895,#896,#897,#898,#899,#900,#901,#902,#903,#904,#905,#906,
    #907,#908,#909,#910,#911,#912,#913,#914,#915,#916,#917,#918,#919,
    #920,#921,#922,#923,#924,#925,#926,#927,#928,#929,#930,#931,#932,
    #933,#934,#935,#936,#937,#938,#939,#940,#941,#942,#943,#944,#945,
    #946,#947,#948,#949,#950,#951,#952,#953,#954,#955,#956,#957,#958,
    #959,#960,#961,#962,#963,#964,#965,#966,#967,#968,#969,#970,#971),
  .UNSPECIFIED.,.F.,.F.,(9,7,7,7,7,7,7,7,7,7,7,7,7,7,7,7,7,7,7,7,7,7,7,7
    ,7,7,7,7,7,7,7,7,7,7,9),(0.,4.170010747298E-02,7.216281172573E-02,
    0.104755784991,0.135888273096,0.163605591438,0.194559226366,
    0.229612441692,0.238909710992,0.271394460295,0.29998678014,
    0.307888159119,0.333482275092,0.354260763673,0.362900352312,
    0.370655919789,0.402178877824,0.42573825591,0.434117439381,
    0.495780029065,0.536412798881,0.567358567905,0.613966288356,
    0.662757622158,0.694351275216,0.721510675131,0.742575506355,
    0.770704218433,0.795282231798,0.851000671669,0.880264744239,
    0.898476600213,0.939206192918,0.969906527186,1.),.UNSPECIFIED.);
#732 = CARTESIAN_POINT('',(9.424777960769,1.900448680108));
#733 = CARTESIAN_POINT('',(9.405086624901,1.900503816885));
#734 = CARTESIAN_POINT('',(9.385355108225,1.900536031525));
#735 = CARTESIAN_POINT('',(9.365594321938,1.900551441939));
#736 = CARTESIAN_POINT('',(9.345815390707,1.900553869658));
#737 = CARTESIAN_POINT('',(9.326029790926,1.900545319941));
#738 = CARTESIAN_POINT('',(9.306249506265,1.900526291727));
#739 = CARTESIAN_POINT('',(9.286487200492,1.900495917439));
#740 = CARTESIAN_POINT('',(9.252342696326,1.900419800904));
#741 = CARTESIAN_POINT('',(9.237945374904,1.900380510548));
#742 = CARTESIAN_POINT('',(9.223569587609,1.900332770163));
#743 = CARTESIAN_POINT('',(9.209220291104,1.900275770093));
#744 = CARTESIAN_POINT('',(9.194902293807,1.900207962815));
#745 = CARTESIAN_POINT('',(9.180620291855,1.900126794741));
#746 = CARTESIAN_POINT('',(9.166378901652,1.90002938944));
#747 = CARTESIAN_POINT('',(9.136993729579,1.899790918611));
#748 = CARTESIAN_POINT('',(9.121856213716,1.89964765574));
#749 = CARTESIAN_POINT('',(9.1067756745,1.899483465196));
#750 = CARTESIAN_POINT('',(9.091757163674,1.899298725253));
#751 = CARTESIAN_POINT('',(9.076805298551,1.899095398697));
#752 = CARTESIAN_POINT('',(9.061924308912,1.898877310601));
#753 = CARTESIAN_POINT('',(9.047118083911,1.898650426101));
#754 = CARTESIAN_POINT('',(9.018322306969,1.898206015422));
#755 = CARTESIAN_POINT('',(9.0043257399,1.897988515424));
#756 = CARTESIAN_POINT('',(8.990403528917,1.897777769615));
#757 = CARTESIAN_POINT('',(8.976558262553,1.897582901959));
#758 = CARTESIAN_POINT('',(8.962792137967,1.897414904357));
#759 = CARTESIAN_POINT('',(8.94910699218,1.897286522058));
#760 = CARTESIAN_POINT('',(8.935504333323,1.897212139077));
#761 = CARTESIAN_POINT('',(8.909949412625,1.897203679071));
#762 = CARTESIAN_POINT('',(8.897979770405,1.897255092183));
#763 = CARTESIAN_POINT('',(8.886077250599,1.897373075427));
#764 = CARTESIAN_POINT('',(8.874242457088,1.897569709429));
#765 = CARTESIAN_POINT('',(8.862475803587,1.897857829056));
#766 = CARTESIAN_POINT('',(8.850777524979,1.898250869521));
#767 = CARTESIAN_POINT('',(8.839147688644,1.898762712481));
#768 = CARTESIAN_POINT('',(8.814674786486,1.900127641948));
#769 = CARTESIAN_POINT('',(8.801848647472,1.901012602749));
#770 = CARTESIAN_POINT('',(8.789107629312,1.902097642236));
#771 = CARTESIAN_POINT('',(8.776451387945,1.90332903165));
#772 = CARTESIAN_POINT('',(8.763879378589,1.904749507431));
#773 = CARTESIAN_POINT('',(8.751390896626,1.906312399165));
#774 = CARTESIAN_POINT('',(8.738985059927,1.908020563831));
#775 = CARTESIAN_POINT('',(8.71270433946,1.911923168157));
#776 = CARTESIAN_POINT('',(8.698852586494,1.914152928004));
#777 = CARTESIAN_POINT('',(8.685104018721,1.916513668321));
#778 = CARTESIAN_POINT('',(8.67145695135,1.91897295793));
#779 = CARTESIAN_POINT('',(8.657909563106,1.921492375725));
#780 = CARTESIAN_POINT('',(8.64445989561,1.92402766698));
#781 = CARTESIAN_POINT('',(8.631105852748,1.926528899659));
#782 = CARTESIAN_POINT('',(8.614328037421,1.929580288724));
#783 = CARTESIAN_POINT('',(8.610817447914,1.93021374103));
#784 = CARTESIAN_POINT('',(8.607313390939,1.930839581844));
#785 = CARTESIAN_POINT('',(8.603815825731,1.931457286588));
#786 = CARTESIAN_POINT('',(8.600324711159,1.932065757559));
#787 = CARTESIAN_POINT('',(8.596840005682,1.932663201403));
#788 = CARTESIAN_POINT('',(8.593361667427,1.9332483284));
#789 = CARTESIAN_POINT('',(8.577758407224,1.935830339973));
#790 = CARTESIAN_POINT('',(8.565704408002,1.937705556859));
#791 = CARTESIAN_POINT('',(8.553725826869,1.939466997885));
#792 = CARTESIAN_POINT('',(8.541820838177,1.941147729672));
#793 = CARTESIAN_POINT('',(8.529987613659,1.942795357076));
#794 = CARTESIAN_POINT('',(8.51822431558,1.944471968455));
#795 = CARTESIAN_POINT('',(8.50652908988,1.946254080939));
#796 = CARTESIAN_POINT('',(8.484664457422,1.949974019507));
#797 = CARTESIAN_POINT('',(8.474480174053,1.951867566561));
#798 = CARTESIAN_POINT('',(8.464345932556,1.953975015801));
#799 = CARTESIAN_POINT('',(8.454260484646,1.956366689766));
#800 = CARTESIAN_POINT('',(8.444222605855,1.959121092866));
#801 = CARTESIAN_POINT('',(8.434231090981,1.962324559652));
#802 = CARTESIAN_POINT('',(8.424284749544,1.96607090309));
#803 = CARTESIAN_POINT('',(8.411645924889,1.971674266795));
#804 = CARTESIAN_POINT('',(8.408895857377,1.972944746187));
#805 = CARTESIAN_POINT('',(8.406131930415,1.974272661919));
#806 = CARTESIAN_POINT('',(8.403353870566,1.975667605321));
#807 = CARTESIAN_POINT('',(8.400561388143,1.977131027372));
#808 = CARTESIAN_POINT('',(8.397754180619,1.978660471216));
#809 = CARTESIAN_POINT('',(8.394931937969,1.980257820461));
#810 = CARTESIAN_POINT('',(8.382902792601,1.987320131559));
#811 = CARTESIAN_POINT('',(8.373748078865,1.993319355724));
#812 = CARTESIAN_POINT('',(8.364629202432,1.999891301723));
#813 = CARTESIAN_POINT('',(8.355545174552,2.006999690514));
#814 = CARTESIAN_POINT('',(8.346495009187,2.014602387121));
#815 = CARTESIAN_POINT('',(8.337477720743,2.022651677226));
#816 = CARTESIAN_POINT('',(8.328492321793,2.031094543768));
#817 = CARTESIAN_POINT('',(8.312268142241,2.046999654996));
#818 = CARTESIAN_POINT('',(8.30501883244,2.054347624733));
#819 = CARTESIAN_POINT('',(8.297789362761,2.061885580742));
#820 = CARTESIAN_POINT('',(8.290579206553,2.069580294327));
#821 = CARTESIAN_POINT('',(8.283387839167,2.077396580116));
#822 = CARTESIAN_POINT('',(8.276214737953,2.085297296053));
#823 = CARTESIAN_POINT('',(8.269059382261,2.093243343402));
#824 = CARTESIAN_POINT('',(8.258953256201,2.104499370286));
#825 = CARTESIAN_POINT('',(8.255990985839,2.107802772258));
#826 = CARTESIAN_POINT('',(8.253034350083,2.111100983246));
#827 = CARTESIAN_POINT('',(8.250083258199,2.114391086344));
#828 = CARTESIAN_POINT('',(8.247137620979,2.117670137151));
#829 = CARTESIAN_POINT('',(8.24419735075,2.120935163778));
#830 = CARTESIAN_POINT('',(8.241262361368,2.124183166841));
#831 = CARTESIAN_POINT('',(8.235702557765,2.130308781087));
#832 = CARTESIAN_POINT('',(8.233074742651,2.133192726506));
#833 = CARTESIAN_POINT('',(8.23044909671,2.136060321309));
#834 = CARTESIAN_POINT('',(8.227825593805,2.138908876575));
#835 = CARTESIAN_POINT('',(8.225204208279,2.141736154605));
#836 = CARTESIAN_POINT('',(8.222584915405,2.144540874639));
#837 = CARTESIAN_POINT('',(8.219967691834,2.147323218575));
#838 = CARTESIAN_POINT('',(8.206722980951,2.161312127484));
#839 = CARTESIAN_POINT('',(8.196127271984,2.172192895908));
#840 = CARTESIAN_POINT('',(8.185563824096,2.182749035939));
#841 = CARTESIAN_POINT('',(8.175031104363,2.193004754366));
#842 = CARTESIAN_POINT('',(8.164527606319,2.202986832217));
#843 = CARTESIAN_POINT('',(8.154051844293,2.212724386185));
#844 = CARTESIAN_POINT('',(8.143602347735,2.222248630052));
#845 = CARTESIAN_POINT('',(8.125386531887,2.238576085172));
#846 = CARTESIAN_POINT('',(8.117609266836,2.245458797179));
#847 = CARTESIAN_POINT('',(8.109845254829,2.252254690033));
#848 = CARTESIAN_POINT('',(8.102093895356,2.25897814124));
#849 = CARTESIAN_POINT('',(8.094354592975,2.265643987914));
#850 = CARTESIAN_POINT('',(8.086626757306,2.272267526778));
#851 = CARTESIAN_POINT('',(8.078909803037,2.27886451416));
#852 = CARTESIAN_POINT('',(8.068462183662,2.287793789986));
#853 = CARTESIAN_POINT('',(8.065723547664,2.290134348842));
#854 = CARTESIAN_POINT('',(8.062987190198,2.292473224877));
#855 = CARTESIAN_POINT('',(8.060253060402,2.294811319529));
#856 = CARTESIAN_POINT('',(8.057521108023,2.297149691005));
#857 = CARTESIAN_POINT('',(8.054791283152,2.29948919193));
#858 = CARTESIAN_POINT('',(8.052063535969,2.30183010699));
#859 = CARTESIAN_POINT('',(8.029279188649,2.321404289998));
#860 = CARTESIAN_POINT('',(8.009282463542,2.338723976851));
#861 = CARTESIAN_POINT('',(7.989337024009,2.356053458777));
#862 = CARTESIAN_POINT('',(7.969432580093,2.37330883248));
#863 = CARTESIAN_POINT('',(7.949559049005,2.390401559187));
#864 = CARTESIAN_POINT('',(7.929706435107,2.407240340108));
#865 = CARTESIAN_POINT('',(7.909864709883,2.423732991894));
#866 = CARTESIAN_POINT('',(7.876949386745,2.450368035657));
#867 = CARTESIAN_POINT('',(7.863875450317,2.460755326238));
#868 = CARTESIAN_POINT('',(7.850799009302,2.470941826274));
#869 = CARTESIAN_POINT('',(7.837717223218,2.480941634242));
#870 = CARTESIAN_POINT('',(7.824627232285,2.490739681239));
#871 = CARTESIAN_POINT('',(7.811526184413,2.500348695729));
#872 = CARTESIAN_POINT('',(7.798411186734,2.509763380154));
#873 = CARTESIAN_POINT('',(7.775278119535,2.526010990355));
#874 = CARTESIAN_POINT('',(7.76526715076,2.532924301795));
#875 = CARTESIAN_POINT('',(7.755245110904,2.539726088181));
#876 = CARTESIAN_POINT('',(7.745210705599,2.54641902979));
#877 = CARTESIAN_POINT('',(7.735162632019,2.553001019496));
#878 = CARTESIAN_POINT('',(7.725099576956,2.559472414044));
#879 = CARTESIAN_POINT('',(7.715020213538,2.565839077393));
#880 = CARTESIAN_POINT('',(7.689715968065,2.581509165481));
#881 = CARTESIAN_POINT('',(7.674468737694,2.590669693478));
#882 = CARTESIAN_POINT('',(7.659176851531,2.599558668333));
#883 = CARTESIAN_POINT('',(7.643835642194,2.608161745028));
#884 = CARTESIAN_POINT('',(7.628440385841,2.616465123802));
#885 = CARTESIAN_POINT('',(7.612986264802,2.624455692934));
#886 = CARTESIAN_POINT('',(7.597468330208,2.632121171515));
#887 = CARTESIAN_POINT('',(7.565564340449,2.647122706928));
#888 = CARTESIAN_POINT('',(7.549171796957,2.654426830887));
#889 = CARTESIAN_POINT('',(7.532697925915,2.661345378525));
#890 = CARTESIAN_POINT('',(7.516136757044,2.667886427784));
#891 = CARTESIAN_POINT('',(7.499482278401,2.673997010049));
#892 = CARTESIAN_POINT('',(7.482728278821,2.679690253654));
#893 = CARTESIAN_POINT('',(7.465868373948,2.684938319154));
#894 = CARTESIAN_POINT('',(7.437905749426,2.692838901387));
#895 = CARTESIAN_POINT('',(7.426868461052,2.695754204951));
#896 = CARTESIAN_POINT('',(7.415782216838,2.698475452028));
#897 = CARTESIAN_POINT('',(7.404645205384,2.701002020533));
#898 = CARTESIAN_POINT('',(7.393455602406,2.703329477726));
#899 = CARTESIAN_POINT('',(7.382211557332,2.705455051021));
#900 = CARTESIAN_POINT('',(7.370911181158,2.707381120998));
#901 = CARTESIAN_POINT('',(7.349788135147,2.710581162172));
#902 = CARTESIAN_POINT('',(7.339980686188,2.711908651839));
#903 = CARTESIAN_POINT('',(7.330128991336,2.713081147222));
#904 = CARTESIAN_POINT('',(7.320231829544,2.714095965506));
#905 = CARTESIAN_POINT('',(7.310287971705,2.714950962341));
#906 = CARTESIAN_POINT('',(7.300296180661,2.715644531845));
#907 = CARTESIAN_POINT('',(7.290255211194,2.7161756066));
#908 = CARTESIAN_POINT('',(7.272336919052,2.716829118058));
#909 = CARTESIAN_POINT('',(7.264479696336,2.717016548403));
#910 = CARTESIAN_POINT('',(7.256591557386,2.717105715273));
#911 = CARTESIAN_POINT('',(7.248671919063,2.717096636432));
#912 = CARTESIAN_POINT('',(7.240720199586,2.716989580829));
#913 = CARTESIAN_POINT('',(7.232735818534,2.716785068595));
#914 = CARTESIAN_POINT('',(7.224718196846,2.716483871039));
#915 = CARTESIAN_POINT('',(7.205915346761,2.715557067105));
#916 = CARTESIAN_POINT('',(7.195103656515,2.714856306607));
#917 = CARTESIAN_POINT('',(7.184230289682,2.713990180963));
#918 = CARTESIAN_POINT('',(7.173293906659,2.712947805172));
#919 = CARTESIAN_POINT('',(7.162293137802,2.711771099691));
#920 = CARTESIAN_POINT('',(7.151226754187,2.710412987828));
#921 = CARTESIAN_POINT('',(7.14009346895,2.70889813965));
#922 = CARTESIAN_POINT('',(7.119104610304,2.705753806134));
#923 = CARTESIAN_POINT('',(7.10926517425,2.704163723465));
#924 = CARTESIAN_POINT('',(7.099372935746,2.70245052775));
#925 = CARTESIAN_POINT('',(7.089427122532,2.700615664672));
#926 = CARTESIAN_POINT('',(7.079427006888,2.69866136935));
#927 = CARTESIAN_POINT('',(7.069371905882,2.69659072525));
#928 = CARTESIAN_POINT('',(7.059261181612,2.694407723094));
#929 = CARTESIAN_POINT('',(7.026045753539,2.686924967676));
#930 = CARTESIAN_POINT('',(7.002708648666,2.681180824166));
#931 = CARTESIAN_POINT('',(6.979075637882,2.674941120085));
#932 = CARTESIAN_POINT('',(6.955141792699,2.668295474858));
#933 = CARTESIAN_POINT('',(6.930904719031,2.661344693394));
#934 = CARTESIAN_POINT('',(6.906364613244,2.654233364834));
#935 = CARTESIAN_POINT('',(6.881524574151,2.647172323097));
#936 = CARTESIAN_POINT('',(6.843191340403,2.636821776486));
#937 = CARTESIAN_POINT('',(6.82991049895,2.633333558955));
#938 = CARTESIAN_POINT('',(6.816550198358,2.629954489316));
#939 = CARTESIAN_POINT('',(6.803111906381,2.626719952652));
#940 = CARTESIAN_POINT('',(6.789597411101,2.623666950331));
#941 = CARTESIAN_POINT('',(6.776008851416,2.620833443944));
#942 = CARTESIAN_POINT('',(6.762348747533,2.618257699252));
#943 = CARTESIAN_POINT('',(6.740076265061,2.614558678951));
#944 = CARTESIAN_POINT('',(6.731505910934,2.613254232974));
#945 = CARTESIAN_POINT('',(6.722909678255,2.61207342262));
#946 = CARTESIAN_POINT('',(6.714288321241,2.611025311673));
#947 = CARTESIAN_POINT('',(6.705642642475,2.610118832883));
#948 = CARTESIAN_POINT('',(6.696973496234,2.609362723571));
#949 = CARTESIAN_POINT('',(6.688281791818,2.608765461234));
#950 = CARTESIAN_POINT('',(6.660081797962,2.607372946896));
#951 = CARTESIAN_POINT('',(6.640486299024,2.60724551241));
#952 = CARTESIAN_POINT('',(6.620793741864,2.608046574927));
#953 = CARTESIAN_POINT('',(6.601016177423,2.609854224149));
#954 = CARTESIAN_POINT('',(6.581166116762,2.612744392624));
#955 = CARTESIAN_POINT('',(6.561256690992,2.616777305095));
#956 = CARTESIAN_POINT('',(6.54130184524,2.621987022059));
#957 = CARTESIAN_POINT('',(6.506252508688,2.633241132171));
#958 = CARTESIAN_POINT('',(6.491170575909,2.638763985592));
#959 = CARTESIAN_POINT('',(6.476077010772,2.644985481378));
#960 = CARTESIAN_POINT('',(6.460977778701,2.651912964448));
#961 = CARTESIAN_POINT('',(6.445878638147,2.659548469799));
#962 = CARTESIAN_POINT('',(6.430785185623,2.667888834002));
#963 = CARTESIAN_POINT('',(6.415702900741,2.676925806706));
#964 = CARTESIAN_POINT('',(6.385869289528,2.696174372782));
#965 = CARTESIAN_POINT('',(6.371117056264,2.706359881873));
#966 = CARTESIAN_POINT('',(6.356385475017,2.717189299226));
#967 = CARTESIAN_POINT('',(6.341679116836,2.728649724374));
#968 = CARTESIAN_POINT('',(6.327002185418,2.740724944405));
#969 = CARTESIAN_POINT('',(6.312358557998,2.753394079303));
#970 = CARTESIAN_POINT('',(6.29775182196,2.766632674761));
#971 = CARTESIAN_POINT('',(6.28318530718,2.780416242501));
#972 = ( GEOMETRIC_REPRESENTATION_CONTEXT(2) 
PARAMETRIC_REPRESENTATION_CONTEXT() REPRESENTATION_CONTEXT('2D SPACE',''
  ) );
#973 = ORIENTED_EDGE('',*,*,#974,.T.);
#974 = EDGE_CURVE('',#236,#975,#977,.T.);
#975 = VERTEX_POINT('',#976);
#976 = CARTESIAN_POINT('',(-9.961319545713,67.145,12.261662772761));
#977 = SURFACE_CURVE('',#978,(#1002,#1009),.PCURVE_S1.);
#978 = B_SPLINE_CURVE_WITH_KNOTS('',3,(#979,#980,#981,#982,#983,#984,
    #985,#986,#987,#988,#989,#990,#991,#992,#993,#994,#995,#996,#997,
    #998,#999,#1000,#1001),.UNSPECIFIED.,.F.,.F.,(4,1,1,1,1,1,1,1,1,1,1,
    1,1,1,1,1,1,1,1,1,4),(0.,0.604547966238,2.403305887645,5.35198237446
    ,9.377971225481,14.382139233706,20.242245135465,26.817807431144,
    33.941655516277,41.438192563794,49.12269201511,56.80590962917,
    64.298857544188,71.417600571188,77.987919159575,83.849706587384,
    88.86106006931,92.902251833852,95.880480304105,97.688989765409,
    98.293537731648),.UNSPECIFIED.);
#979 = CARTESIAN_POINT('',(-98.70738965531,67.145,11.4));
#980 = CARTESIAN_POINT('',(-98.50587366656,67.145,11.4));
#981 = CARTESIAN_POINT('',(-97.70477171355,67.145,11.399994173166));
#982 = CARTESIAN_POINT('',(-95.92077744113,67.145,11.400084365607));
#983 = CARTESIAN_POINT('',(-92.99630414851,67.145,11.399395633566));
#984 = CARTESIAN_POINT('',(-89.00335306469,67.145,11.403450044557));
#985 = CARTESIAN_POINT('',(-84.03996623988,67.145,11.382615899727));
#986 = CARTESIAN_POINT('',(-78.22652701229,67.145,11.480685094998));
#987 = CARTESIAN_POINT('',(-71.7143237553,67.145,11.805953683646));
#988 = CARTESIAN_POINT('',(-64.65348209091,67.145,12.057993607781));
#989 = CARTESIAN_POINT('',(-57.22283000055,67.145,12.311538059259));
#990 = CARTESIAN_POINT('',(-49.60433008446,67.145,12.524393597461));
#991 = CARTESIAN_POINT('',(-41.98578778928,67.145,12.687818917372));
#992 = CARTESIAN_POINT('',(-34.55467781929,67.145,12.783526374132));
#993 = CARTESIAN_POINT('',(-27.49377446575,67.145,12.799057901972));
#994 = CARTESIAN_POINT('',(-20.97726201321,67.145,12.722772356033));
#995 = CARTESIAN_POINT('',(-15.16400136865,67.145,12.559686330638));
#996 = CARTESIAN_POINT('',(-10.20094923707,67.145,12.291883239688));
#997 = CARTESIAN_POINT('',(-6.196868198244,67.145,11.996968822335));
#998 = CARTESIAN_POINT('',(-3.292487687294,67.145,11.53451288491));
#999 = CARTESIAN_POINT('',(-1.506116995423,67.145,11.293743210802));
#1000 = CARTESIAN_POINT('',(-0.701858444616,67.145,11.292840230734));
#1001 = CARTESIAN_POINT('',(-0.5,67.145,11.3));
#1002 = PCURVE('',#52,#1003);
#1003 = DEFINITIONAL_REPRESENTATION('',(#1004),#1008);
#1004 = LINE('',#1005,#1006);
#1005 = CARTESIAN_POINT('',(0.,0.));
#1006 = VECTOR('',#1007,1.);
#1007 = DIRECTION('',(1.,0.));
#1008 = ( GEOMETRIC_REPRESENTATION_CONTEXT(2) 
PARAMETRIC_REPRESENTATION_CONTEXT() REPRESENTATION_CONTEXT('2D SPACE',''
  ) );
#1009 = PCURVE('',#1010,#1095);
#1010 = B_SPLINE_SURFACE_WITH_KNOTS('',3,1,(
    (#1011,#1012)
    ,(#1013,#1014)
    ,(#1015,#1016)
    ,(#1017,#1018)
    ,(#1019,#1020)
    ,(#1021,#1022)
    ,(#1023,#1024)
    ,(#1025,#1026)
    ,(#1027,#1028)
    ,(#1029,#1030)
    ,(#1031,#1032)
    ,(#1033,#1034)
    ,(#1035,#1036)
    ,(#1037,#1038)
    ,(#1039,#1040)
    ,(#1041,#1042)
    ,(#1043,#1044)
    ,(#1045,#1046)
    ,(#1047,#1048)
    ,(#1049,#1050)
    ,(#1051,#1052)
    ,(#1053,#1054)
    ,(#1055,#1056)
    ,(#1057,#1058)
    ,(#1059,#1060)
    ,(#1061,#1062)
    ,(#1063,#1064)
    ,(#1065,#1066)
    ,(#1067,#1068)
    ,(#1069,#1070)
    ,(#1071,#1072)
    ,(#1073,#1074)
    ,(#1075,#1076)
    ,(#1077,#1078)
    ,(#1079,#1080)
    ,(#1081,#1082)
    ,(#1083,#1084)
    ,(#1085,#1086)
    ,(#1087,#1088)
    ,(#1089,#1090)
    ,(#1091,#1092)
    ,(#1093,#1094
    )),.UNSPECIFIED.,.F.,.F.,.F.,(4,1,1,1,1,1,1,1,1,1,1,1,1,1,1,1,1,1,1,
    1,1,1,1,1,1,1,1,1,1,1,1,1,1,1,1,1,1,1,1,4),(2,2),(0.,0.637128374202,
    0.637773636929,2.532825281726,2.535390444124,5.640412373252,
    5.646124797963,9.883370541096,9.89338009472,15.15769484267,
    15.172574813155,21.342370375168,21.354749367486,28.275588410792,
    28.291701461228,35.786279475982,35.807072872452,43.689206150815,
    43.715616055408,51.789549396074,51.822451967099,59.887808838922,
    59.927935592364,67.784900922418,67.832692385793,75.287293257431,
    75.3426781673,82.211987710684,82.274098362075,88.391200376202,
    88.458046858333,93.676732277124,93.74482196071,97.944383781553,
    98.008115715935,101.09989094852,101.15002621626,103.05793050338,
    103.05857576611,103.69570414031),(0.,1.),.UNSPECIFIED.);
#1011 = CARTESIAN_POINT('',(-104.,24.,11.4));
#1012 = CARTESIAN_POINT('',(-98.70738965531,67.145,11.4));
#1013 = CARTESIAN_POINT('',(-103.7876238752,24.,11.4));
#1014 = CARTESIAN_POINT('',(-98.50607754886,67.145,11.4));
#1015 = CARTESIAN_POINT('',(-103.5750325127,24.,11.40000132065));
#1016 = CARTESIAN_POINT('',(-98.30456156251,67.145,11.399998535752));
#1017 = CARTESIAN_POINT('',(-102.7307580166,24.,11.399996065256));
#1018 = CARTESIAN_POINT('',(-97.5042700994,67.145,11.400004344912));
#1019 = CARTESIAN_POINT('',(-102.0980070993,24.,11.399968763392));
#1020 = CARTESIAN_POINT('',(-96.90448019373,67.145,11.400034633075));
#1021 = CARTESIAN_POINT('',(-100.4304514602,24.,11.400051334618));
#1022 = CARTESIAN_POINT('',(-95.32380714964,67.145,11.39994345435));
#1023 = CARTESIAN_POINT('',(-99.3926612518,24.,11.400259684883));
#1024 = CARTESIAN_POINT('',(-94.34010485703,67.145,11.399712107171));
#1025 = CARTESIAN_POINT('',(-96.94340459443,24.,11.399644016221));
#1026 = CARTESIAN_POINT('',(-92.01837799774,67.145,11.400390898772));
#1027 = CARTESIAN_POINT('',(-95.52588812228,24.,11.398418377011));
#1028 = CARTESIAN_POINT('',(-90.67457454203,67.145,11.40175309947));
#1029 = CARTESIAN_POINT('',(-92.35495991529,24.,11.401977101568));
#1030 = CARTESIAN_POINT('',(-87.66923025827,67.145,11.397836367902));
#1031 = CARTESIAN_POINT('',(-90.59117676237,24.,11.408404513265));
#1032 = CARTESIAN_POINT('',(-85.99802301595,67.145,11.390834972691));
#1033 = CARTESIAN_POINT('',(-86.77792348465,24.,11.543763950018));
#1034 = CARTESIAN_POINT('',(-82.38047730739,67.145,11.41065502482));
#1035 = CARTESIAN_POINT('',(-84.71682705049,24.,11.693796794926));
#1036 = CARTESIAN_POINT('',(-80.42235309536,67.145,11.443642840234));
#1037 = CARTESIAN_POINT('',(-80.35667185805,24.,11.958644942274));
#1038 = CARTESIAN_POINT('',(-76.28444126482,67.145,11.577776726944));
#1039 = CARTESIAN_POINT('',(-78.04291664152,24.,12.068012709002));
#1040 = CARTESIAN_POINT('',(-74.09124407099,67.145,11.687232340668));
#1041 = CARTESIAN_POINT('',(-73.23798099404,24.,12.297905919634));
#1042 = CARTESIAN_POINT('',(-69.53550968481,67.145,11.88367869394));
#1043 = CARTESIAN_POINT('',(-70.73038958262,24.,12.419425631433));
#1044 = CARTESIAN_POINT('',(-67.15731125247,67.145,11.968618297879));
#1045 = CARTESIAN_POINT('',(-65.60304144664,24.,12.649831877157));
#1046 = CARTESIAN_POINT('',(-62.29514828513,67.145,12.138456573933));
#1047 = CARTESIAN_POINT('',(-62.96215975939,24.,12.758725495495));
#1048 = CARTESIAN_POINT('',(-59.79118497125,67.145,12.223902123095));
#1049 = CARTESIAN_POINT('',(-57.63852961257,24.,12.961858584181));
#1050 = CARTESIAN_POINT('',(-54.74367371027,67.145,12.380771325097));
#1051 = CARTESIAN_POINT('',(-54.92908255032,24.,13.056696106699));
#1052 = CARTESIAN_POINT('',(-52.17481420327,67.145,12.452576076089));
#1053 = CARTESIAN_POINT('',(-49.54088784835,24.,13.222460965391));
#1054 = CARTESIAN_POINT('',(-47.06646357938,67.145,12.578792082042));
#1055 = CARTESIAN_POINT('',(-46.82900968493,24.,13.294400561819));
#1056 = CARTESIAN_POINT('',(-44.49556262695,67.145,12.633981747497));
#1057 = CARTESIAN_POINT('',(-41.50935389437,24.,13.407247767645));
#1058 = CARTESIAN_POINT('',(-39.45267283975,67.145,12.720379434203));
#1059 = CARTESIAN_POINT('',(-38.86132809428,24.,13.449690076951));
#1060 = CARTESIAN_POINT('',(-36.94252364005,67.145,12.752772603624));
#1061 = CARTESIAN_POINT('',(-33.74173969276,24.,13.49628193586));
#1062 = CARTESIAN_POINT('',(-32.08954651973,67.145,12.788857178418));
#1063 = CARTESIAN_POINT('',(-31.22242849041,24.,13.502615448114));
#1064 = CARTESIAN_POINT('',(-29.70145352467,67.145,12.794201777048));
#1065 = CARTESIAN_POINT('',(-26.42926877012,24.,13.473388787675));
#1066 = CARTESIAN_POINT('',(-25.15814260911,67.145,12.77158379202));
#1067 = CARTESIAN_POINT('',(-24.10032782946,24.,13.440617808649));
#1068 = CARTESIAN_POINT('',(-22.95068371945,67.145,12.745874215091));
#1069 = CARTESIAN_POINT('',(-19.7524528178,24.,13.326861770872));
#1070 = CARTESIAN_POINT('',(-18.82835672055,67.145,12.662322240098));
#1071 = CARTESIAN_POINT('',(-17.67191522604,24.,13.249946247811));
#1072 = CARTESIAN_POINT('',(-16.8552172407,67.145,12.607131936731));
#1073 = CARTESIAN_POINT('',(-13.87492080277,24.,13.061884314767));
#1074 = CARTESIAN_POINT('',(-13.25594893152,67.145,12.456468990258));
#1075 = CARTESIAN_POINT('',(-12.09273899903,24.,12.95403518275));
#1076 = CARTESIAN_POINT('',(-11.56721707098,67.145,12.365606170515));
#1077 = CARTESIAN_POINT('',(-8.944432590737,24.,12.668495353854));
#1078 = CARTESIAN_POINT('',(-8.574656910823,67.145,12.171921619628));
#1079 = CARTESIAN_POINT('',(-7.510420835291,24.,12.503769568505));
#1080 = CARTESIAN_POINT('',(-7.208188160885,67.145,12.071456035418));
#1081 = CARTESIAN_POINT('',(-5.074028194378,24.,12.213534160246));
#1082 = CARTESIAN_POINT('',(-4.902909096772,67.145,11.79034961829));
#1083 = CARTESIAN_POINT('',(-4.012328051602,24.,12.080270487304));
#1084 = CARTESIAN_POINT('',(-3.903120742493,67.145,11.631742184205));
#1085 = CARTESIAN_POINT('',(-2.386118293273,24.,11.60295241246));
#1086 = CARTESIAN_POINT('',(-2.321415899175,67.145,11.403630398411));
#1087 = CARTESIAN_POINT('',(-1.765617629045,24.,11.359620103896));
#1088 = CARTESIAN_POINT('',(-1.70622772245,67.145,11.320714429458));
#1089 = CARTESIAN_POINT('',(-0.927604030783,24.,11.280123955577));
#1090 = CARTESIAN_POINT('',(-0.903147043646,67.145,11.293066227203));
#1091 = CARTESIAN_POINT('',(-0.715011683599,24.,11.280037814536));
#1092 = CARTESIAN_POINT('',(-0.701654215838,67.145,11.292847474577));
#1093 = CARTESIAN_POINT('',(-0.5,24.,11.3));
#1094 = CARTESIAN_POINT('',(-0.5,67.145,11.3));
#1095 = DEFINITIONAL_REPRESENTATION('',(#1096),#1099);
#1096 = B_SPLINE_CURVE_WITH_KNOTS('',1,(#1097,#1098),.UNSPECIFIED.,.F.,
  .F.,(2,2),(0.,98.293537731648),.PIECEWISE_BEZIER_KNOTS.);
#1097 = CARTESIAN_POINT('',(0.,1.));
#1098 = CARTESIAN_POINT('',(103.69570414031,1.));
#1099 = ( GEOMETRIC_REPRESENTATION_CONTEXT(2) 
PARAMETRIC_REPRESENTATION_CONTEXT() REPRESENTATION_CONTEXT('2D SPACE',''
  ) );
#1100 = ORIENTED_EDGE('',*,*,#1101,.T.);
#1101 = EDGE_CURVE('',#975,#22,#1102,.T.);
#1102 = SURFACE_CURVE('',#1103,(#1351,#1602),.PCURVE_S1.);
#1103 = B_SPLINE_CURVE_WITH_KNOTS('',8,(#1104,#1105,#1106,#1107,#1108,
    #1109,#1110,#1111,#1112,#1113,#1114,#1115,#1116,#1117,#1118,#1119,
    #1120,#1121,#1122,#1123,#1124,#1125,#1126,#1127,#1128,#1129,#1130,
    #1131,#1132,#1133,#1134,#1135,#1136,#1137,#1138,#1139,#1140,#1141,
    #1142,#1143,#1144,#1145,#1146,#1147,#1148,#1149,#1150,#1151,#1152,
    #1153,#1154,#1155,#1156,#1157,#1158,#1159,#1160,#1161,#1162,#1163,
    #1164,#1165,#1166,#1167,#1168,#1169,#1170,#1171,#1172,#1173,#1174,
    #1175,#1176,#1177,#1178,#1179,#1180,#1181,#1182,#1183,#1184,#1185,
    #1186,#1187,#1188,#1189,#1190,#1191,#1192,#1193,#1194,#1195,#1196,
    #1197,#1198,#1199,#1200,#1201,#1202,#1203,#1204,#1205,#1206,#1207,
    #1208,#1209,#1210,#1211,#1212,#1213,#1214,#1215,#1216,#1217,#1218,
    #1219,#1220,#1221,#1222,#1223,#1224,#1225,#1226,#1227,#1228,#1229,
    #1230,#1231,#1232,#1233,#1234,#1235,#1236,#1237,#1238,#1239,#1240,
    #1241,#1242,#1243,#1244,#1245,#1246,#1247,#1248,#1249,#1250,#1251,
    #1252,#1253,#1254,#1255,#1256,#1257,#1258,#1259,#1260,#1261,#1262,
    #1263,#1264,#1265,#1266,#1267,#1268,#1269,#1270,#1271,#1272,#1273,
    #1274,#1275,#1276,#1277,#1278,#1279,#1280,#1281,#1282,#1283,#1284,
    #1285,#1286,#1287,#1288,#1289,#1290,#1291,#1292,#1293,#1294,#1295,
    #1296,#1297,#1298,#1299,#1300,#1301,#1302,#1303,#1304,#1305,#1306,
    #1307,#1308,#1309,#1310,#1311,#1312,#1313,#1314,#1315,#1316,#1317,
    #1318,#1319,#1320,#1321,#1322,#1323,#1324,#1325,#1326,#1327,#1328,
    #1329,#1330,#1331,#1332,#1333,#1334,#1335,#1336,#1337,#1338,#1339,
    #1340,#1341,#1342,#1343,#1344,#1345,#1346,#1347,#1348,#1349,#1350),
  .UNSPECIFIED.,.F.,.F.,(9,7,7,7,7,7,7,7,7,7,7,7,7,7,7,7,7,7,7,7,7,7,7,7
    ,7,7,7,7,7,7,7,7,7,7,7,9),(0.,2.03768189119E-02,6.141968298161E-02,
    8.829312550335E-02,0.11681271006,0.14466519914,0.200121586434,
    0.234208438173,0.253703437709,0.275767916235,0.303192307648,
    0.336485151649,0.379845514094,0.422376274257,0.443236088464,
    0.505693893805,0.553394232102,0.565275500518,0.583313101876,
    0.601825282014,0.626026202625,0.635083236239,0.698601456314,
    0.71233978865,0.750129180885,0.758467699614,0.770413938145,
    0.781897235466,0.809458278261,0.822076333003,0.834214543837,
    0.880101884023,0.905790559927,0.932720207828,0.95846361191,1.),
  .UNSPECIFIED.);
#1104 = CARTESIAN_POINT('',(-9.961319548459,67.145,12.261662773841));
#1105 = CARTESIAN_POINT('',(-9.957691700135,67.537542563619,
    12.252015531152));
#1106 = CARTESIAN_POINT('',(-9.95852430388,67.930903364448,
    12.242621791098));
#1107 = CARTESIAN_POINT('',(-9.963854054972,68.324985375624,
    12.233490441659));
#1108 = CARTESIAN_POINT('',(-9.973713149497,68.719686820481,
    12.224626992895));
#1109 = CARTESIAN_POINT('',(-9.988130382098,69.114901890334,
    12.216037321837));
#1110 = CARTESIAN_POINT('',(-10.00713131281,69.510520988956,
    12.207729076548));
#1111 = CARTESIAN_POINT('',(-10.03073750295,69.906430503726,
    12.199710739338));
#1112 = CARTESIAN_POINT('',(-10.11582010969,71.100297240066,
    12.176433958038));
#1113 = CARTESIAN_POINT('',(-10.1914264285,71.898820603167,
    12.16208041063));
#1114 = CARTESIAN_POINT('',(-10.28591627351,72.697071905191,
    12.148985797257));
#1115 = CARTESIAN_POINT('',(-10.39933910732,73.494019207566,
    12.137200893449));
#1116 = CARTESIAN_POINT('',(-10.53165110543,74.28860975111,
    12.126758176996));
#1117 = CARTESIAN_POINT('',(-10.68270573975,75.079770807164,
    12.117666227732));
#1118 = CARTESIAN_POINT('',(-10.85224519807,75.866410549493,
    12.109909510007));
#1119 = CARTESIAN_POINT('',(-11.16275766997,77.158796131596,
    12.099226391455));
#1120 = CARTESIAN_POINT('',(-11.29339013186,77.667776558111,
    12.09555671879));
#1121 = CARTESIAN_POINT('',(-11.43168698906,78.174055976498,
    12.092434936276));
#1122 = CARTESIAN_POINT('',(-11.577527796,78.677342246721,
    12.089847646206));
#1123 = CARTESIAN_POINT('',(-11.73077584106,79.177354906478,
    12.087778634033));
#1124 = CARTESIAN_POINT('',(-11.8912792899,79.673824738987,
    12.086209865618));
#1125 = CARTESIAN_POINT('',(-12.05887232871,80.166493340765,
    12.085122484478));
#1126 = CARTESIAN_POINT('',(-12.41856958807,81.1736625856,
    12.083834868905));
#1127 = CARTESIAN_POINT('',(-12.61154964634,81.687660046277,
    12.083693875992));
#1128 = CARTESIAN_POINT('',(-12.81210262179,82.196811020992,
    12.084049046403));
#1129 = CARTESIAN_POINT('',(-13.02000108029,82.700848642986,
    12.084869789762));
#1130 = CARTESIAN_POINT('',(-13.23500719624,83.199531315115,
    12.086122740375));
#1131 = CARTESIAN_POINT('',(-13.4568753335,83.692641029379,
    12.087772976954));
#1132 = CARTESIAN_POINT('',(-13.68535402497,84.179981920064,
    12.089784430896));
#1133 = CARTESIAN_POINT('',(-14.149527741,85.131515924067,12.0943999167)
  );
#1134 = CARTESIAN_POINT('',(-14.38493114837,85.595988062694,
    12.096989114166));
#1135 = CARTESIAN_POINT('',(-14.62616116607,86.054636155766,
    12.099852385785));
#1136 = CARTESIAN_POINT('',(-14.87298083913,86.507324616822,
    12.102954451452));
#1137 = CARTESIAN_POINT('',(-15.12515430139,86.953939781379,
    12.10626000941));
#1138 = CARTESIAN_POINT('',(-15.38244841217,87.394388104748,
    12.109734304944));
#1139 = CARTESIAN_POINT('',(-15.64463439307,87.828594359856,
    12.113343699073));
#1140 = CARTESIAN_POINT('',(-16.44281785555,89.108491615396,
    12.124448178198));
#1141 = CARTESIAN_POINT('',(-16.99263668607,89.935474278806,
    12.132248055324));
#1142 = CARTESIAN_POINT('',(-17.55921424468,90.737035141461,
    12.140207098425));
#1143 = CARTESIAN_POINT('',(-18.14090308655,91.513005784659,
    12.148091922597));
#1144 = CARTESIAN_POINT('',(-18.7361732891,92.263399985277,
    12.15571840987));
#1145 = CARTESIAN_POINT('',(-19.34362897076,92.988377588081,
    12.162957563085));
#1146 = CARTESIAN_POINT('',(-19.96201710536,93.688223906823,
    12.1697210245));
#1147 = CARTESIAN_POINT('',(-20.97638003867,94.778297908781,
    12.179752792668));
#1148 = CARTESIAN_POINT('',(-21.3662311868,95.183909502008,
    12.183363897395));
#1149 = CARTESIAN_POINT('',(-21.75953288847,95.580258044184,
    12.186750942578));
#1150 = CARTESIAN_POINT('',(-22.15604269671,95.967441076757,
    12.189901467803));
#1151 = CARTESIAN_POINT('',(-22.55553410694,96.345563578896,
    12.192806552185));
#1152 = CARTESIAN_POINT('',(-22.95779672612,96.714736887227,
    12.195460491045));
#1153 = CARTESIAN_POINT('',(-23.36263644175,97.075077615559,
    12.197860472596));
#1154 = CARTESIAN_POINT('',(-24.00278437017,97.627810696709,
    12.201233473259));
#1155 = CARTESIAN_POINT('',(-24.23647736524,97.82606470879,
    12.20237755285));
#1156 = CARTESIAN_POINT('',(-24.47092101256,98.02149094539,
    12.203438507539));
#1157 = CARTESIAN_POINT('',(-24.70608306772,98.21411203545,
    12.204416219873));
#1158 = CARTESIAN_POINT('',(-24.94193272456,98.403950481185,
    12.205311456846));
#1159 = CARTESIAN_POINT('',(-25.17844060404,98.591028747977,
    12.206125612796));
#1160 = CARTESIAN_POINT('',(-25.41557861287,98.775369865281,
    12.206859179167));
#1161 = CARTESIAN_POINT('',(-25.92239546674,99.162566225494,
    12.208244342988));
#1162 = CARTESIAN_POINT('',(-26.19224353106,99.364658830154,
    12.20887303933));
#1163 = CARTESIAN_POINT('',(-26.46282496187,99.563310938479,
    12.209393480471));
#1164 = CARTESIAN_POINT('',(-26.73410269569,99.758556834658,
    12.209804434644));
#1165 = CARTESIAN_POINT('',(-27.00604150868,99.950430501126,
    12.210104988004));
#1166 = CARTESIAN_POINT('',(-27.27860801659,100.13896561857,
    12.210294544624));
#1167 = CARTESIAN_POINT('',(-27.5517706748,100.32419556593,12.2103728265
    ));
#1168 = CARTESIAN_POINT('',(-28.16572327681,100.73231255737,
    12.210298915648));
#1169 = CARTESIAN_POINT('',(-28.50682121247,100.95341640558,
    12.210086045574));
#1170 = CARTESIAN_POINT('',(-28.84873668693,101.1695284583,
    12.209701366067));
#1171 = CARTESIAN_POINT('',(-29.19141610299,101.38071081148,
    12.209145566833));
#1172 = CARTESIAN_POINT('',(-29.53480916465,101.58702416378,
    12.208419924543));
#1173 = CARTESIAN_POINT('',(-29.8788688771,101.78852781657,
    12.20752630283));
#1174 = CARTESIAN_POINT('',(-30.22355154669,101.98527967388,
    12.206467152295));
#1175 = CARTESIAN_POINT('',(-30.98796415286,102.41049034534,
    12.203762453721));
#1176 = CARTESIAN_POINT('',(-31.40796888887,102.6367238915,
    12.202040294285));
#1177 = CARTESIAN_POINT('',(-31.8287584228,102.85613986402,
    12.200080065697));
#1178 = CARTESIAN_POINT('',(-32.25026633597,103.06882797734,
    12.197905839967));
#1179 = CARTESIAN_POINT('',(-32.67242924484,103.27489649577,
    12.195489892434));
#1180 = CARTESIAN_POINT('',(-33.09519066897,103.47442754748,
    12.192857829825));
#1181 = CARTESIAN_POINT('',(-33.51849778957,103.66751435177,
    12.190001701036));
#1182 = CARTESIAN_POINT('',(-34.49426440511,104.09743131136,
    12.182925829926));
#1183 = CARTESIAN_POINT('',(-35.04706801217,104.32983202449,
    12.17855434293));
#1184 = CARTESIAN_POINT('',(-35.60060967348,104.55163125909,
    12.173821125393));
#1185 = CARTESIAN_POINT('',(-36.15479408992,104.76300424136,
    12.168737429523));
#1186 = CARTESIAN_POINT('',(-36.70953493676,104.96411663523,
    12.163311949257));
#1187 = CARTESIAN_POINT('',(-37.26475469638,105.15512315088,
    12.157555311257));
#1188 = CARTESIAN_POINT('',(-37.82038453349,105.33616657085,
    12.151482976841));
#1189 = CARTESIAN_POINT('',(-38.92170669476,105.67532325476,
    12.138846709997));
#1190 = CARTESIAN_POINT('',(-39.46738303625,105.8338083128,
    12.132294104738));
#1191 = CARTESIAN_POINT('',(-40.0133359047,105.98296623923,
    12.125454049982));
#1192 = CARTESIAN_POINT('',(-40.55951242035,106.12291523974,
    12.118335347183));
#1193 = CARTESIAN_POINT('',(-41.10586424664,106.2537638707,
    12.110947453717));
#1194 = CARTESIAN_POINT('',(-41.65234757254,106.37561141875,
    12.103300385062));
#1195 = CARTESIAN_POINT('',(-42.19892309489,106.48854828055,
    12.095404616983));
#1196 = CARTESIAN_POINT('',(-43.01365985801,106.64371761709,
    12.083281733937));
#1197 = CARTESIAN_POINT('',(-43.2817772483,106.69265506238,
    12.079235165373));
#1198 = CARTESIAN_POINT('',(-43.54990392809,106.73947812809,
    12.075132957477));
#1199 = CARTESIAN_POINT('',(-43.81803579766,106.78419612379,
    12.070975961554));
#1200 = CARTESIAN_POINT('',(-44.0861689182,106.82681769927,
    12.066765387359));
#1201 = CARTESIAN_POINT('',(-44.35429951499,106.86735074433,
    12.062503043646));
#1202 = CARTESIAN_POINT('',(-44.62242396636,106.90580270772,
    12.058190636659));
#1203 = CARTESIAN_POINT('',(-45.69331979124,107.05110508829,
    12.040766034907));
#1204 = CARTESIAN_POINT('',(-46.49600963588,107.141441598,
    12.027253401382));
#1205 = CARTESIAN_POINT('',(-47.29851996418,107.21340054455,
    12.013285765451));
#1206 = CARTESIAN_POINT('',(-48.10076661649,107.26715378986,
    11.998858588528));
#1207 = CARTESIAN_POINT('',(-48.90266988071,107.30283619132,
    11.983967625663));
#1208 = CARTESIAN_POINT('',(-49.70415475081,107.32054641546,
    11.968609297225));
#1209 = CARTESIAN_POINT('',(-50.50515118549,107.32034775146,
    11.952781060568));
#1210 = CARTESIAN_POINT('',(-51.91690964298,107.28846174503,
    11.924033679973));
#1211 = CARTESIAN_POINT('',(-52.52789843217,107.26422584616,
    11.911310334023));
#1212 = CARTESIAN_POINT('',(-53.13853142127,107.22955242546,
    11.898354934022));
#1213 = CARTESIAN_POINT('',(-53.74877711784,107.18441940672,
    11.88521116057));
#1214 = CARTESIAN_POINT('',(-54.3586019197,107.12879143581,
    11.871922658581));
#1215 = CARTESIAN_POINT('',(-54.96797018467,107.06261987627,
    11.858532511143));
#1216 = CARTESIAN_POINT('',(-55.57684430029,106.98584280487,
    11.845082713389));
#1217 = CARTESIAN_POINT('',(-56.33671106285,106.87660089403,
    11.828258751902));
#1218 = CARTESIAN_POINT('',(-56.48820418462,106.85415414041,
    11.824902663303));
#1219 = CARTESIAN_POINT('',(-56.63966348197,106.83104358686,
    11.821546006249));
#1220 = CARTESIAN_POINT('',(-56.79108830261,106.80726802355,
    11.818189399422));
#1221 = CARTESIAN_POINT('',(-56.94247797883,106.78282619034,
    11.8148334545));
#1222 = CARTESIAN_POINT('',(-57.09383182751,106.75771677681,
    11.811478776156));
#1223 = CARTESIAN_POINT('',(-57.2451491501,106.73193842221,
    11.808125962063));
#1224 = CARTESIAN_POINT('',(-57.62609577391,106.66533649179,
    11.799689239956));
#1225 = CARTESIAN_POINT('',(-57.85567647354,106.6236374805,
    11.794609907264));
#1226 = CARTESIAN_POINT('',(-58.08516895031,106.58039400716,
    11.789528378076));
#1227 = CARTESIAN_POINT('',(-58.31456987571,106.53557874225,
    11.784486805751));
#1228 = CARTESIAN_POINT('',(-58.54387803002,106.48922401905,
    11.779418150402));
#1229 = CARTESIAN_POINT('',(-58.77308995375,106.44130698047,
    11.774356334027));
#1230 = CARTESIAN_POINT('',(-59.00220347713,106.3918372615,
    11.769275273249));
#1231 = CARTESIAN_POINT('',(-59.46625357472,106.28844297205,
    11.758936128851));
#1232 = CARTESIAN_POINT('',(-59.70118482482,106.23443579019,
    11.753676230071));
#1233 = CARTESIAN_POINT('',(-59.93600673893,106.17878905833,
    11.748385242544));
#1234 = CARTESIAN_POINT('',(-60.17071641707,106.1215017597,
    11.743055457742));
#1235 = CARTESIAN_POINT('',(-60.40531087916,106.06257263259,
    11.737679344817));
#1236 = CARTESIAN_POINT('',(-60.63978706496,106.0020001703,11.7322495506
    ));
#1237 = CARTESIAN_POINT('',(-60.87414183412,105.9397826212,
    11.726758899606));
#1238 = CARTESIAN_POINT('',(-61.41458035372,105.79242793569,
    11.713933775452));
#1239 = CARTESIAN_POINT('',(-61.7205756651,105.70612295369,
    11.70655127865));
#1240 = CARTESIAN_POINT('',(-62.02635073674,105.61699859089,
    11.699037224112));
#1241 = CARTESIAN_POINT('',(-62.33189806203,105.52504961254,
    11.691376664399));
#1242 = CARTESIAN_POINT('',(-62.63720979131,105.43027000092,
    11.68355538414));
#1243 = CARTESIAN_POINT('',(-62.94227773189,105.33265295537,
    11.675559900039));
#1244 = CARTESIAN_POINT('',(-63.24709334802,105.23219089227,
    11.667377460872));
#1245 = CARTESIAN_POINT('',(-63.66562522476,105.09021032596,
    11.655859359257));
#1246 = CARTESIAN_POINT('',(-63.7795660982,105.05114556528,
    11.652694811982));
#1247 = CARTESIAN_POINT('',(-63.89346991288,105.01168072336,
    11.649501780436));
#1248 = CARTESIAN_POINT('',(-64.00733619194,104.97181534403,
    11.646279657054));
#1249 = CARTESIAN_POINT('',(-64.12116445006,104.93154895465,
    11.643027851918));
#1250 = CARTESIAN_POINT('',(-64.23495419337,104.89088106608,
    11.639745792765));
#1251 = CARTESIAN_POINT('',(-64.34870491952,104.84981117273,
    11.636432924983));
#1252 = CARTESIAN_POINT('',(-65.25988836024,104.51748697617,
    11.609635284157));
#1253 = CARTESIAN_POINT('',(-66.05539683859,104.20684170565,
    11.584645074068));
#1254 = CARTESIAN_POINT('',(-66.84871405359,103.87524752079,
    11.559452377551));
#1255 = CARTESIAN_POINT('',(-67.63951445571,103.5214897728,
    11.535278823925));
#1256 = CARTESIAN_POINT('',(-68.42737161945,103.14428303193,
    11.513206044879));
#1257 = CARTESIAN_POINT('',(-69.21176762089,102.74233109014,
    11.494133906457));
#1258 = CARTESIAN_POINT('',(-69.99210616206,102.31441963356,
    11.478738567797));
#1259 = CARTESIAN_POINT('',(-70.93547842827,101.76110888339,
    11.465001869206));
#1260 = CARTESIAN_POINT('',(-71.10301364424,101.66145225053,
    11.462751182407));
#1261 = CARTESIAN_POINT('',(-71.27032245481,101.56053556991,
    11.460678505351));
#1262 = CARTESIAN_POINT('',(-71.43740062621,101.4583613364,
    11.458770245695));
#1263 = CARTESIAN_POINT('',(-71.60424386897,101.35493177027,
    11.457013283695));
#1264 = CARTESIAN_POINT('',(-71.77084783796,101.2502488172,
    11.455394972202));
#1265 = CARTESIAN_POINT('',(-71.93720813233,101.14431414823,
    11.453903136667));
#1266 = CARTESIAN_POINT('',(-72.56023730255,100.74230039392,
    11.448738255998));
#1267 = CARTESIAN_POINT('',(-73.01527244195,100.43801378864,
    11.445819134371));
#1268 = CARTESIAN_POINT('',(-73.4683380035,100.12429435449,
    11.443525237136));
#1269 = CARTESIAN_POINT('',(-73.91933439347,99.8011486054,
    11.441642815601));
#1270 = CARTESIAN_POINT('',(-74.36814945692,99.468562095229,
    11.439988660855));
#1271 = CARTESIAN_POINT('',(-74.81465779995,99.126496954357,
    11.438410919112));
#1272 = CARTESIAN_POINT('',(-75.25872011185,98.774889426169,
    11.436789907066));
#1273 = CARTESIAN_POINT('',(-75.79759454059,98.333936585479,
    11.434652560134));
#1274 = CARTESIAN_POINT('',(-75.89487983607,98.253756812762,
    11.434259858055));
#1275 = CARTESIAN_POINT('',(-75.99203667011,98.173107148122,
    11.433859884941));
#1276 = CARTESIAN_POINT('',(-76.08906329047,98.091986601662,
    11.433451780624));
#1277 = CARTESIAN_POINT('',(-76.1859578964,98.010394130912,
    11.433034760828));
#1278 = CARTESIAN_POINT('',(-76.28271863864,97.928328640828,
    11.43260811717));
#1279 = CARTESIAN_POINT('',(-76.37934361941,97.845788983796,
    11.43217121716));
#1280 = CARTESIAN_POINT('',(-76.61406407458,97.643841891176,
    11.431082085026));
#1281 = CARTESIAN_POINT('',(-76.75201473172,97.523934551027,
    11.430417913439));
#1282 = CARTESIAN_POINT('',(-76.88967598916,97.403045014381,
    11.429733998924));
#1283 = CARTESIAN_POINT('',(-77.02704624772,97.281181573387,
    11.42901227007));
#1284 = CARTESIAN_POINT('',(-77.16411158662,97.158319356266,
    11.428281097868));
#1285 = CARTESIAN_POINT('',(-77.30086934959,97.034464539363,
    11.427525217737));
#1286 = CARTESIAN_POINT('',(-77.43730981371,96.909604742101,
    11.426755511347));
#1287 = CARTESIAN_POINT('',(-77.70426709202,96.662743139712,
    11.425219432366));
#1288 = CARTESIAN_POINT('',(-77.83480844033,96.540817949617,
    11.42445435555));
#1289 = CARTESIAN_POINT('',(-77.96504298105,96.417953779658,
    11.423679365262));
#1290 = CARTESIAN_POINT('',(-78.09496364036,96.294144989103,
    11.422896684998));
#1291 = CARTESIAN_POINT('',(-78.22456317471,96.169386034006,
    11.422108462298));
#1292 = CARTESIAN_POINT('',(-78.35383417086,96.043671467197,
    11.421316768749));
#1293 = CARTESIAN_POINT('',(-78.48276904584,95.91699593829,
    11.420523599987));
#1294 = CARTESIAN_POINT('',(-78.91999109495,95.48300145481,
    11.417828259428));
#1295 = CARTESIAN_POINT('',(-79.2266408688,95.171083273435,
    11.415928191341));
#1296 = CARTESIAN_POINT('',(-79.53120268627,94.853526756162,
    11.414057200479));
#1297 = CARTESIAN_POINT('',(-79.83356343684,94.530263273154,
    11.412239182258));
#1298 = CARTESIAN_POINT('',(-80.13360375548,94.201229047743,
    11.410495358915));
#1299 = CARTESIAN_POINT('',(-80.4311981964,93.866365746037,
    11.408844239964));
#1300 = CARTESIAN_POINT('',(-80.72621540681,93.525621066534,
    11.407301582655));
#1301 = CARTESIAN_POINT('',(-81.152341028,93.020235344012,
    11.405229681809));
#1302 = CARTESIAN_POINT('',(-81.28559474349,92.860279170712,
    11.404604465474));
#1303 = CARTESIAN_POINT('',(-81.41826623454,92.69907645891,
    11.404005948692));
#1304 = CARTESIAN_POINT('',(-81.55034202134,92.536623218795,
    11.403435257675));
#1305 = CARTESIAN_POINT('',(-81.6818083568,92.372915821658,
    11.40289339957));
#1306 = CARTESIAN_POINT('',(-81.81265122654,92.207950999895,
    11.402381262465));
#1307 = CARTESIAN_POINT('',(-81.94285634895,92.041725847005,
    11.401899615386));
#1308 = CARTESIAN_POINT('',(-82.19703532001,91.713119082989,
    11.401015733258));
#1309 = CARTESIAN_POINT('',(-82.32105781787,91.550831587834,
    11.400611301747));
#1310 = CARTESIAN_POINT('',(-82.44446396973,91.387373674582,
    11.400235658277));
#1311 = CARTESIAN_POINT('',(-82.56724003995,91.22274253932,
    11.399890653983));
#1312 = CARTESIAN_POINT('',(-82.68937262806,91.056936591321,
    11.399576728989));
#1313 = CARTESIAN_POINT('',(-82.81084906741,90.889956165872,
    11.399291920179));
#1314 = CARTESIAN_POINT('',(-82.93165685084,90.721802590358,
    11.399033294382));
#1315 = CARTESIAN_POINT('',(-83.505903986,89.912351194037,
    11.397921910503));
#1316 = CARTESIAN_POINT('',(-83.95027442354,89.255457984379,
    11.397412211312));
#1317 = CARTESIAN_POINT('',(-84.38417251917,88.581824983083,
    11.397199935406));
#1318 = CARTESIAN_POINT('',(-84.8068298388,87.891552155372,
    11.39721532925));
#1319 = CARTESIAN_POINT('',(-85.21743539218,87.184818570562,
    11.397393504961));
#1320 = CARTESIAN_POINT('',(-85.61514293524,86.461892912527,
    11.397676837433));
#1321 = CARTESIAN_POINT('',(-85.99908057378,85.723146353328,
    11.398016913355));
#1322 = CARTESIAN_POINT('',(-86.57509437264,84.546919115835,
    11.398577074184));
#1323 = CARTESIAN_POINT('',(-86.77723266383,84.119966144272,
    11.398784087625));
#1324 = CARTESIAN_POINT('',(-86.9746215155,83.688296375017,
    11.398990407039));
#1325 = CARTESIAN_POINT('',(-87.16710401416,83.252007977879,
    11.399190451078));
#1326 = CARTESIAN_POINT('',(-87.35452324016,82.811210518247,
    11.399379712506));
#1327 = CARTESIAN_POINT('',(-87.53672314842,82.366025682571,
    11.399554748255));
#1328 = CARTESIAN_POINT('',(-87.71354944938,81.916588003842,
    11.39971316949));
#1329 = CARTESIAN_POINT('',(-88.06442676377,80.987593382495,
    11.400000879293));
#1330 = CARTESIAN_POINT('',(-88.23793227366,80.50762673077,
    11.400128577131));
#1331 = CARTESIAN_POINT('',(-88.40519289802,80.023319629897,
    11.40023267793));
#1332 = CARTESIAN_POINT('',(-88.56603295641,79.534853495964,
    11.400321319091));
#1333 = CARTESIAN_POINT('',(-88.72028721303,79.042426043416,
    11.400396441238));
#1334 = CARTESIAN_POINT('',(-88.86779951813,78.546249944385,
    11.400457788145));
#1335 = CARTESIAN_POINT('',(-89.00841967721,78.046550208321,
    11.400510027862));
#1336 = CARTESIAN_POINT('',(-89.26971597469,77.062744416349,
    11.400595516719));
#1337 = CARTESIAN_POINT('',(-89.39099892485,76.578916195825,
    11.400629693068));
#1338 = CARTESIAN_POINT('',(-89.50573788302,76.092296333156,
    11.400657788458));
#1339 = CARTESIAN_POINT('',(-89.61382212436,75.603102934191,
    11.400681098275));
#1340 = CARTESIAN_POINT('',(-89.71515171375,75.111560527118,
    11.40070070419));
#1341 = CARTESIAN_POINT('',(-89.80963791477,74.617900150578,
    11.400717489542));
#1342 = CARTESIAN_POINT('',(-89.89720359878,74.122359441784,
    11.400732154708));
#1343 = CARTESIAN_POINT('',(-90.10779771233,72.822999570947,
    11.400766333176));
#1344 = CARTESIAN_POINT('',(-90.21963112815,72.016526181092,
    11.400783299226));
#1345 = CARTESIAN_POINT('',(-90.31300470648,71.206809679643,
    11.400798364884));
#1346 = CARTESIAN_POINT('',(-90.38773426318,70.394879971003,
    11.400812577851));
#1347 = CARTESIAN_POINT('',(-90.4437237618,69.581749255005,
    11.400825934945));
#1348 = CARTESIAN_POINT('',(-90.48095989255,68.768411638218,
    11.400837282197));
#1349 = CARTESIAN_POINT('',(-90.49950809369,67.955842840956,
    11.400843979377));
#1350 = CARTESIAN_POINT('',(-90.49951001497,67.145,11.400841328949));
#1351 = PCURVE('',#52,#1352);
#1352 = DEFINITIONAL_REPRESENTATION('',(#1353),#1601);
#1353 = B_SPLINE_CURVE_WITH_KNOTS('',8,(#1354,#1355,#1356,#1357,#1358,
    #1359,#1360,#1361,#1362,#1363,#1364,#1365,#1366,#1367,#1368,#1369,
    #1370,#1371,#1372,#1373,#1374,#1375,#1376,#1377,#1378,#1379,#1380,
    #1381,#1382,#1383,#1384,#1385,#1386,#1387,#1388,#1389,#1390,#1391,
    #1392,#1393,#1394,#1395,#1396,#1397,#1398,#1399,#1400,#1401,#1402,
    #1403,#1404,#1405,#1406,#1407,#1408,#1409,#1410,#1411,#1412,#1413,
    #1414,#1415,#1416,#1417,#1418,#1419,#1420,#1421,#1422,#1423,#1424,
    #1425,#1426,#1427,#1428,#1429,#1430,#1431,#1432,#1433,#1434,#1435,
    #1436,#1437,#1438,#1439,#1440,#1441,#1442,#1443,#1444,#1445,#1446,
    #1447,#1448,#1449,#1450,#1451,#1452,#1453,#1454,#1455,#1456,#1457,
    #1458,#1459,#1460,#1461,#1462,#1463,#1464,#1465,#1466,#1467,#1468,
    #1469,#1470,#1471,#1472,#1473,#1474,#1475,#1476,#1477,#1478,#1479,
    #1480,#1481,#1482,#1483,#1484,#1485,#1486,#1487,#1488,#1489,#1490,
    #1491,#1492,#1493,#1494,#1495,#1496,#1497,#1498,#1499,#1500,#1501,
    #1502,#1503,#1504,#1505,#1506,#1507,#1508,#1509,#1510,#1511,#1512,
    #1513,#1514,#1515,#1516,#1517,#1518,#1519,#1520,#1521,#1522,#1523,
    #1524,#1525,#1526,#1527,#1528,#1529,#1530,#1531,#1532,#1533,#1534,
    #1535,#1536,#1537,#1538,#1539,#1540,#1541,#1542,#1543,#1544,#1545,
    #1546,#1547,#1548,#1549,#1550,#1551,#1552,#1553,#1554,#1555,#1556,
    #1557,#1558,#1559,#1560,#1561,#1562,#1563,#1564,#1565,#1566,#1567,
    #1568,#1569,#1570,#1571,#1572,#1573,#1574,#1575,#1576,#1577,#1578,
    #1579,#1580,#1581,#1582,#1583,#1584,#1585,#1586,#1587,#1588,#1589,
    #1590,#1591,#1592,#1593,#1594,#1595,#1596,#1597,#1598,#1599,#1600),
  .UNSPECIFIED.,.F.,.F.,(9,7,7,7,7,7,7,7,7,7,7,7,7,7,7,7,7,7,7,7,7,7,7,7
    ,7,7,7,7,7,7,7,7,7,7,7,9),(0.,2.03768189119E-02,6.141968298161E-02,
    8.829312550335E-02,0.11681271006,0.14466519914,0.200121586434,
    0.234208438173,0.253703437709,0.275767916235,0.303192307648,
    0.336485151649,0.379845514094,0.422376274257,0.443236088464,
    0.505693893805,0.553394232102,0.565275500518,0.583313101876,
    0.601825282014,0.626026202625,0.635083236239,0.698601456314,
    0.71233978865,0.750129180885,0.758467699614,0.770413938145,
    0.781897235466,0.809458278261,0.822076333003,0.834214543837,
    0.880101884023,0.905790559927,0.932720207828,0.95846361191,1.),
  .UNSPECIFIED.);
#1354 = CARTESIAN_POINT('',(88.77757754539,2.795588913443E-11));
#1355 = CARTESIAN_POINT('',(88.850730287112,9.314095736071E-03));
#1356 = CARTESIAN_POINT('',(88.91978191303,1.864760618089E-02));
#1357 = CARTESIAN_POINT('',(88.984657581173,2.799822932695E-02));
#1358 = CARTESIAN_POINT('',(89.045285712858,3.736355016834E-02));
#1359 = CARTESIAN_POINT('',(89.101596395684,4.674105803869E-02));
#1360 = CARTESIAN_POINT('',(89.15352106051,5.612815251933E-02));
#1361 = CARTESIAN_POINT('',(89.200993432412,6.55221379458E-02));
#1362 = CARTESIAN_POINT('',(89.330478147597,9.384973876061E-02));
#1363 = CARTESIAN_POINT('',(89.398694955779,0.112796787357));
#1364 = CARTESIAN_POINT('',(89.448085657118,0.131737380595));
#1365 = CARTESIAN_POINT('',(89.478201326991,0.150647033042));
#1366 = CARTESIAN_POINT('',(89.488676396709,0.169500765242));
#1367 = CARTESIAN_POINT('',(89.479243556395,0.188273123909));
#1368 = CARTESIAN_POINT('',(89.449747803256,0.206938202622));
#1369 = CARTESIAN_POINT('',(89.367691024332,0.237603419898));
#1370 = CARTESIAN_POINT('',(89.326607329173,0.249680307465));
#1371 = CARTESIAN_POINT('',(89.27689871265,0.261693106572));
#1372 = CARTESIAN_POINT('',(89.218576708886,0.273634885436));
#1373 = CARTESIAN_POINT('',(89.151673383783,0.285498989358));
#1374 = CARTESIAN_POINT('',(89.076240495576,0.297279030466));
#1375 = CARTESIAN_POINT('',(88.992348655394,0.308968877465));
#1376 = CARTESIAN_POINT('',(88.802172769196,0.33286659356));
#1377 = CARTESIAN_POINT('',(88.694829804571,0.345062523343));
#1378 = CARTESIAN_POINT('',(88.578164795857,0.35714345761));
#1379 = CARTESIAN_POINT('',(88.4523083244,0.369103064254));
#1380 = CARTESIAN_POINT('',(88.31741092628,0.380935610751));
#1381 = CARTESIAN_POINT('',(88.173640335163,0.392635924294));
#1382 = CARTESIAN_POINT('',(88.021179392714,0.404199357458));
#1383 = CARTESIAN_POINT('',(87.703034718742,0.426776982419));
#1384 = CARTESIAN_POINT('',(87.537742154532,0.43779779482));
#1385 = CARTESIAN_POINT('',(87.364528411588,0.448680416556));
#1386 = CARTESIAN_POINT('',(87.183584542184,0.459421630486));
#1387 = CARTESIAN_POINT('',(86.995108946612,0.470018739622));
#1388 = CARTESIAN_POINT('',(86.799305146581,0.480469524374));
#1389 = CARTESIAN_POINT('',(86.596379558634,0.490772199783));
#1390 = CARTESIAN_POINT('',(85.968731565767,0.521141098954));
#1391 = CARTESIAN_POINT('',(85.523526762354,0.540763418645));
#1392 = CARTESIAN_POINT('',(85.052540319048,0.559782539838));
#1393 = CARTESIAN_POINT('',(84.557401255359,0.578194466358));
#1394 = CARTESIAN_POINT('',(84.039702812808,0.595999525099));
#1395 = CARTESIAN_POINT('',(83.500961958633,0.613201508793));
#1396 = CARTESIAN_POINT('',(82.942593030768,0.629807187254));
#1397 = CARTESIAN_POINT('',(82.011430896545,0.655672034851));
#1398 = CARTESIAN_POINT('',(81.650043663144,0.665296227358));
#1399 = CARTESIAN_POINT('',(81.282044381774,0.67470062983));
#1400 = CARTESIAN_POINT('',(80.907727177009,0.683887556691));
#1401 = CARTESIAN_POINT('',(80.527374110423,0.692859498847));
#1402 = CARTESIAN_POINT('',(80.141254249066,0.701619098048));
#1403 = CARTESIAN_POINT('',(79.74962273396,0.710169121261));
#1404 = CARTESIAN_POINT('',(79.125722599743,0.723284154626));
#1405 = CARTESIAN_POINT('',(78.8970017278,0.727988247925));
#1406 = CARTESIAN_POINT('',(78.666602503579,0.732625244878));
#1407 = CARTESIAN_POINT('',(78.434569125478,0.737195682417));
#1408 = CARTESIAN_POINT('',(78.200944393112,0.741700094464));
#1409 = CARTESIAN_POINT('',(77.965769725021,0.74613901407));
#1410 = CARTESIAN_POINT('',(77.729085520475,0.750512987668));
#1411 = CARTESIAN_POINT('',(77.221389093647,0.759700230763));
#1412 = CARTESIAN_POINT('',(76.949964066706,0.764495404678));
#1413 = CARTESIAN_POINT('',(76.676714098745,0.769208943848));
#1414 = CARTESIAN_POINT('',(76.401694643354,0.773841661755));
#1415 = CARTESIAN_POINT('',(76.1249592935,0.77839436472));
#1416 = CARTESIAN_POINT('',(75.846559781525,0.782867851906));
#1417 = CARTESIAN_POINT('',(75.566545979146,0.787262915315));
#1418 = CARTESIAN_POINT('',(74.93498425773,0.796946554926));
#1419 = CARTESIAN_POINT('',(74.582583488793,0.802192820159));
#1420 = CARTESIAN_POINT('',(74.227855625469,0.807320642029));
#1421 = CARTESIAN_POINT('',(73.870889088282,0.812331493925));
#1422 = CARTESIAN_POINT('',(73.511768683462,0.817226816082));
#1423 = CARTESIAN_POINT('',(73.150575602937,0.822008015579));
#1424 = CARTESIAN_POINT('',(72.787387424338,0.82667646634));
#1425 = CARTESIAN_POINT('',(71.979040292902,0.836765698074));
#1426 = CARTESIAN_POINT('',(71.532972289885,0.842133678764));
#1427 = CARTESIAN_POINT('',(71.08420720834,0.847339894745));
#1428 = CARTESIAN_POINT('',(70.632867735572,0.852386474726));
#1429 = CARTESIAN_POINT('',(70.179080971972,0.857275987561));
#1430 = CARTESIAN_POINT('',(69.722957869414,0.862010381955));
#1431 = CARTESIAN_POINT('',(69.264610160172,0.866591869778));
#1432 = CARTESIAN_POINT('',(68.204428826086,0.876792770468));
#1433 = CARTESIAN_POINT('',(67.601121231167,0.882307083272));
#1434 = CARTESIAN_POINT('',(66.994446487663,0.887569848359));
#1435 = CARTESIAN_POINT('',(66.384621072717,0.892585223428));
#1436 = CARTESIAN_POINT('',(65.771850413847,0.897357139287));
#1437 = CARTESIAN_POINT('',(65.156328405076,0.901889266838));
#1438 = CARTESIAN_POINT('',(64.538237089177,0.90618499397));
#1439 = CARTESIAN_POINT('',(63.309130735072,0.914232370501));
#1440 = CARTESIAN_POINT('',(62.698209647782,0.917992841685));
#1441 = CARTESIAN_POINT('',(62.0851476292,0.921532002355));
#1442 = CARTESIAN_POINT('',(61.470100832302,0.924852657249));
#1443 = CARTESIAN_POINT('',(60.853218837716,0.92795738215));
#1444 = CARTESIAN_POINT('',(60.23464473287,0.930848532892));
#1445 = CARTESIAN_POINT('',(59.61451519114,0.933528254373));
#1446 = CARTESIAN_POINT('',(58.688110267044,0.93721005142));
#1447 = CARTESIAN_POINT('',(58.382917480333,0.938371219893));
#1448 = CARTESIAN_POINT('',(58.077397708245,0.939482219198));
#1449 = CARTESIAN_POINT('',(57.771566268914,0.940543270229));
#1450 = CARTESIAN_POINT('',(57.465438215941,0.941554578225));
#1451 = CARTESIAN_POINT('',(57.159028327493,0.942516330391));
#1452 = CARTESIAN_POINT('',(56.852351149767,0.94342870347));
#1453 = CARTESIAN_POINT('',(55.626420693746,0.946876381262));
#1454 = CARTESIAN_POINT('',(54.705158752227,0.949019850469));
#1455 = CARTESIAN_POINT('',(53.782016012365,0.950727264078));
#1456 = CARTESIAN_POINT('',(52.857363379682,0.952002699961));
#1457 = CARTESIAN_POINT('',(51.931562252007,0.952849357962));
#1458 = CARTESIAN_POINT('',(51.004964848349,0.953269579202));
#1459 = CARTESIAN_POINT('',(50.077914537751,0.953264865381));
#1460 = CARTESIAN_POINT('',(48.442648202722,0.952508286749));
#1461 = CARTESIAN_POINT('',(47.734485769286,0.951933226863));
#1462 = CARTESIAN_POINT('',(47.026408345651,0.951110509561));
#1463 = CARTESIAN_POINT('',(46.318567412895,0.950039611027));
#1464 = CARTESIAN_POINT('',(45.611116547212,0.948719692391));
#1465 = CARTESIAN_POINT('',(44.904211511747,0.947149599627));
#1466 = CARTESIAN_POINT('',(44.198010348437,0.945327863445));
#1467 = CARTESIAN_POINT('',(43.316987152367,0.942735814309));
#1468 = CARTESIAN_POINT('',(43.141354547097,0.942203206559));
#1469 = CARTESIAN_POINT('',(42.965778162971,0.941654848425));
#1470 = CARTESIAN_POINT('',(42.790260527585,0.941090711201));
#1471 = CARTESIAN_POINT('',(42.614804187198,0.940510764986));
#1472 = CARTESIAN_POINT('',(42.439411706737,0.939914978688));
#1473 = CARTESIAN_POINT('',(42.264085669793,0.939303320019));
#1474 = CARTESIAN_POINT('',(41.822761485179,0.937723015584));
#1475 = CARTESIAN_POINT('',(41.556853449459,0.936733597829));
#1476 = CARTESIAN_POINT('',(41.291113476244,0.935707533686));
#1477 = CARTESIAN_POINT('',(41.025551860132,0.934644174688));
#1478 = CARTESIAN_POINT('',(40.760175898318,0.933544288031));
#1479 = CARTESIAN_POINT('',(40.494995910687,0.932407331367));
#1480 = CARTESIAN_POINT('',(40.230020446164,0.931233533314));
#1481 = CARTESIAN_POINT('',(39.693531231888,0.92878023424));
#1482 = CARTESIAN_POINT('',(39.422028800453,0.92749877305));
#1483 = CARTESIAN_POINT('',(39.150761400763,0.926178409262));
#1484 = CARTESIAN_POINT('',(38.879738950243,0.92481911875));
#1485 = CARTESIAN_POINT('',(38.608971436166,0.923420871576));
#1486 = CARTESIAN_POINT('',(38.338468915655,0.921983631992));
#1487 = CARTESIAN_POINT('',(38.068241515679,0.920507358434));
#1488 = CARTESIAN_POINT('',(37.445404913741,0.917010984356));
#1489 = CARTESIAN_POINT('',(37.092998092066,0.914963173655));
#1490 = CARTESIAN_POINT('',(36.741101711199,0.912848465794));
#1491 = CARTESIAN_POINT('',(36.389738855047,0.910666736565));
#1492 = CARTESIAN_POINT('',(36.038932948256,0.908417843182));
#1493 = CARTESIAN_POINT('',(35.688707756212,0.906101624282));
#1494 = CARTESIAN_POINT('',(35.339087385039,0.903717899923));
#1495 = CARTESIAN_POINT('',(34.859488681771,0.900349040834));
#1496 = CARTESIAN_POINT('',(34.728969224212,0.899422127543));
#1497 = CARTESIAN_POINT('',(34.598539193959,0.898485721281));
#1498 = CARTESIAN_POINT('',(34.468199884914,0.897539811224));
#1499 = CARTESIAN_POINT('',(34.337952599852,0.896584386159));
#1500 = CARTESIAN_POINT('',(34.207798650416,0.895619434478));
#1501 = CARTESIAN_POINT('',(34.07773935712,0.894644944186));
#1502 = CARTESIAN_POINT('',(33.036325530682,0.88675968623));
#1503 = CARTESIAN_POINT('',(32.129618484872,0.879388817313));
#1504 = CARTESIAN_POINT('',(31.228207592055,0.871520880788));
#1505 = CARTESIAN_POINT('',(30.332773771153,0.863127055945));
#1506 = CARTESIAN_POINT('',(29.444128786557,0.854176842613));
#1507 = CARTESIAN_POINT('',(28.563200180412,0.844639484877));
#1508 = CARTESIAN_POINT('',(27.691007000528,0.834486169974));
#1509 = CARTESIAN_POINT('',(26.642112628234,0.821357429906));
#1510 = CARTESIAN_POINT('',(26.456051294647,0.81899281648));
#1511 = CARTESIAN_POINT('',(26.270458118393,0.816598305135));
#1512 = CARTESIAN_POINT('',(26.085340455516,0.814173955069));
#1513 = CARTESIAN_POINT('',(25.900705692911,0.811719818965));
#1514 = CARTESIAN_POINT('',(25.716561248328,0.809235942987));
#1515 = CARTESIAN_POINT('',(25.532914570371,0.806722366787));
#1516 = CARTESIAN_POINT('',(24.846014513775,0.797183542388));
#1517 = CARTESIAN_POINT('',(24.346083617296,0.789963549381));
#1518 = CARTESIAN_POINT('',(23.850130579638,0.782519737917));
#1519 = CARTESIAN_POINT('',(23.358317493645,0.774852262555));
#1520 = CARTESIAN_POINT('',(22.87081936892,0.766960780525));
#1521 = CARTESIAN_POINT('',(22.387825086334,0.75884439327));
#1522 = CARTESIAN_POINT('',(21.909538352537,0.750501587998));
#1523 = CARTESIAN_POINT('',(21.331728212809,0.740038832257));
#1524 = CARTESIAN_POINT('',(21.227517845935,0.738136358115));
#1525 = CARTESIAN_POINT('',(21.123549964679,0.736222734562));
#1526 = CARTESIAN_POINT('',(21.019827031454,0.73429793811));
#1527 = CARTESIAN_POINT('',(20.91635156024,0.732361944024));
#1528 = CARTESIAN_POINT('',(20.813126116587,0.730414726322));
#1529 = CARTESIAN_POINT('',(20.71015331761,0.728456257772));
#1530 = CARTESIAN_POINT('',(20.460276891155,0.723664536509));
#1531 = CARTESIAN_POINT('',(20.313641825511,0.720819422257));
#1532 = CARTESIAN_POINT('',(20.167539947171,0.717951002832));
#1533 = CARTESIAN_POINT('',(20.021973826649,0.715059474989));
#1534 = CARTESIAN_POINT('',(19.876961625622,0.712144248577));
#1535 = CARTESIAN_POINT('',(19.732507101157,0.709205470147));
#1536 = CARTESIAN_POINT('',(19.588622966257,0.706242845939));
#1537 = CARTESIAN_POINT('',(19.307567486558,0.700385410837));
#1538 = CARTESIAN_POINT('',(19.170352225474,0.697492417834));
#1539 = CARTESIAN_POINT('',(19.033681785767,0.694577145086));
#1540 = CARTESIAN_POINT('',(18.897565326585,0.691639458752));
#1541 = CARTESIAN_POINT('',(18.762012153939,0.688679227287));
#1542 = CARTESIAN_POINT('',(18.627031720697,0.685696321443));
#1543 = CARTESIAN_POINT('',(18.492633626584,0.682690614267));
#1544 = CARTESIAN_POINT('',(18.037680040056,0.672392963692));
#1545 = CARTESIAN_POINT('',(17.719943555943,0.664991891646));
#1546 = CARTESIAN_POINT('',(17.405752304288,0.657457035382));
#1547 = CARTESIAN_POINT('',(17.095245962504,0.649786766477));
#1548 = CARTESIAN_POINT('',(16.788569289665,0.641979571663));
#1549 = CARTESIAN_POINT('',(16.48587166919,0.634034066818));
#1550 = CARTESIAN_POINT('',(16.187306651535,0.625949010951));
#1551 = CARTESIAN_POINT('',(15.758305824905,0.613957417108));
#1552 = CARTESIAN_POINT('',(15.62447939461,0.610162039879));
#1553 = CARTESIAN_POINT('',(15.49156736662,0.606337085275));
#1554 = CARTESIAN_POINT('',(15.359585065737,0.602482458626));
#1555 = CARTESIAN_POINT('',(15.228547980933,0.598598073832));
#1556 = CARTESIAN_POINT('',(15.098471765352,0.594683853361));
#1557 = CARTESIAN_POINT('',(14.969372236307,0.590739728248));
#1558 = CARTESIAN_POINT('',(14.718030207883,0.58294267607));
#1559 = CARTESIAN_POINT('',(14.595713666768,0.579091982153));
#1560 = CARTESIAN_POINT('',(14.474329662276,0.575213517015));
#1561 = CARTESIAN_POINT('',(14.353893191336,0.571307214126));
#1562 = CARTESIAN_POINT('',(14.234418715014,0.567373035741));
#1563 = CARTESIAN_POINT('',(14.115919683822,0.563410989818));
#1564 = CARTESIAN_POINT('',(13.998409210784,0.55942110785));
#1565 = CARTESIAN_POINT('',(13.441457165114,0.540214763176));
#1566 = CARTESIAN_POINT('',(13.015345524096,0.524628259209));
#1567 = CARTESIAN_POINT('',(12.604320749956,0.508644560045));
#1568 = CARTESIAN_POINT('',(12.20916116154,0.492266037617));
#1569 = CARTESIAN_POINT('',(11.8306602387,0.475496940813));
#1570 = CARTESIAN_POINT('',(11.469615254856,0.458343644858));
#1571 = CARTESIAN_POINT('',(11.126813919246,0.440814956776));
#1572 = CARTESIAN_POINT('',(10.621751996039,0.412905899059));
#1573 = CARTESIAN_POINT('',(10.446441894368,0.402775326712));
#1574 = CARTESIAN_POINT('',(10.277223122036,0.392532836043));
#1575 = CARTESIAN_POINT('',(10.114227162841,0.382180756386));
#1576 = CARTESIAN_POINT('',(9.957581611284,0.371721687466));
#1577 = CARTESIAN_POINT('',(9.807409197678,0.361158516611));
#1578 = CARTESIAN_POINT('',(9.663826813252,0.350494435967));
#1579 = CARTESIAN_POINT('',(9.383449729852,0.328451616621));
#1580 = CARTESIAN_POINT('',(9.247317071109,0.317063156502));
#1581 = CARTESIAN_POINT('',(9.118672497443,0.305571707911));
#1582 = CARTESIAN_POINT('',(8.997639591903,0.293981575417));
#1583 = CARTESIAN_POINT('',(8.884326298901,0.282297450312));
#1584 = CARTESIAN_POINT('',(8.778826728941,0.270524378797));
#1585 = CARTESIAN_POINT('',(8.681225017222,0.258667699806));
#1586 = CARTESIAN_POINT('',(8.505899864504,0.23532434254));
#1587 = CARTESIAN_POINT('',(8.427489463764,0.223844256634));
#1588 = CARTESIAN_POINT('',(8.356416574529,0.212297931739));
#1589 = CARTESIAN_POINT('',(8.292727461039,0.200690542987));
#1590 = CARTESIAN_POINT('',(8.236455020669,0.189027417893));
#1591 = CARTESIAN_POINT('',(8.187618727642,0.177314038452));
#1592 = CARTESIAN_POINT('',(8.146224576737,0.165556043227));
#1593 = CARTESIAN_POINT('',(8.057472077594,0.134725342768));
#1594 = CARTESIAN_POINT('',(8.022031522215,0.11558965906));
#1595 = CARTESIAN_POINT('',(8.005915594443,9.637702407506E-02));
#1596 = CARTESIAN_POINT('',(8.008997082879,7.711187497932E-02));
#1597 = CARTESIAN_POINT('',(8.03106115512,5.78182288529E-02));
#1598 = CARTESIAN_POINT('',(8.071815171887,3.851967346584E-02));
#1599 = CARTESIAN_POINT('',(8.13089649133,1.923936032641E-02));
#1600 = CARTESIAN_POINT('',(8.207878263488,3.371895768229E-16));
#1601 = ( GEOMETRIC_REPRESENTATION_CONTEXT(2) 
PARAMETRIC_REPRESENTATION_CONTEXT() REPRESENTATION_CONTEXT('2D SPACE',''
  ) );
#1602 = PCURVE('',#1603,#1614);
#1603 = SURFACE_OF_REVOLUTION('',#1604,#1611);
#1604 = B_SPLINE_CURVE_WITH_KNOTS('',3,(#1605,#1606,#1607,#1608,#1609,
    #1610),.UNSPECIFIED.,.F.,.F.,(4,1,1,4),(0.,1.619322518495,
    3.641414543517,12.641414543517),.UNSPECIFIED.);
#1605 = CARTESIAN_POINT('',(-9.06265,67.145,10.9));
#1606 = CARTESIAN_POINT('',(-9.482534696439,67.145,11.302205463392));
#1607 = CARTESIAN_POINT('',(-10.12822836499,67.145,12.324627476274));
#1608 = CARTESIAN_POINT('',(-10.61611254815,67.145,16.549206352881));
#1609 = CARTESIAN_POINT('',(-8.313784813614,67.145,21.204500948954));
#1610 = CARTESIAN_POINT('',(-10.255,67.145,23.25));
#1611 = AXIS1_PLACEMENT('',#1612,#1613);
#1612 = CARTESIAN_POINT('',(-50.,67.145,0.));
#1613 = DIRECTION('',(0.,0.,1.));
#1614 = DEFINITIONAL_REPRESENTATION('',(#1615),#1863);
#1615 = B_SPLINE_CURVE_WITH_KNOTS('',8,(#1616,#1617,#1618,#1619,#1620,
    #1621,#1622,#1623,#1624,#1625,#1626,#1627,#1628,#1629,#1630,#1631,
    #1632,#1633,#1634,#1635,#1636,#1637,#1638,#1639,#1640,#1641,#1642,
    #1643,#1644,#1645,#1646,#1647,#1648,#1649,#1650,#1651,#1652,#1653,
    #1654,#1655,#1656,#1657,#1658,#1659,#1660,#1661,#1662,#1663,#1664,
    #1665,#1666,#1667,#1668,#1669,#1670,#1671,#1672,#1673,#1674,#1675,
    #1676,#1677,#1678,#1679,#1680,#1681,#1682,#1683,#1684,#1685,#1686,
    #1687,#1688,#1689,#1690,#1691,#1692,#1693,#1694,#1695,#1696,#1697,
    #1698,#1699,#1700,#1701,#1702,#1703,#1704,#1705,#1706,#1707,#1708,
    #1709,#1710,#1711,#1712,#1713,#1714,#1715,#1716,#1717,#1718,#1719,
    #1720,#1721,#1722,#1723,#1724,#1725,#1726,#1727,#1728,#1729,#1730,
    #1731,#1732,#1733,#1734,#1735,#1736,#1737,#1738,#1739,#1740,#1741,
    #1742,#1743,#1744,#1745,#1746,#1747,#1748,#1749,#1750,#1751,#1752,
    #1753,#1754,#1755,#1756,#1757,#1758,#1759,#1760,#1761,#1762,#1763,
    #1764,#1765,#1766,#1767,#1768,#1769,#1770,#1771,#1772,#1773,#1774,
    #1775,#1776,#1777,#1778,#1779,#1780,#1781,#1782,#1783,#1784,#1785,
    #1786,#1787,#1788,#1789,#1790,#1791,#1792,#1793,#1794,#1795,#1796,
    #1797,#1798,#1799,#1800,#1801,#1802,#1803,#1804,#1805,#1806,#1807,
    #1808,#1809,#1810,#1811,#1812,#1813,#1814,#1815,#1816,#1817,#1818,
    #1819,#1820,#1821,#1822,#1823,#1824,#1825,#1826,#1827,#1828,#1829,
    #1830,#1831,#1832,#1833,#1834,#1835,#1836,#1837,#1838,#1839,#1840,
    #1841,#1842,#1843,#1844,#1845,#1846,#1847,#1848,#1849,#1850,#1851,
    #1852,#1853,#1854,#1855,#1856,#1857,#1858,#1859,#1860,#1861,#1862),
  .UNSPECIFIED.,.F.,.F.,(9,7,7,7,7,7,7,7,7,7,7,7,7,7,7,7,7,7,7,7,7,7,7,7
    ,7,7,7,7,7,7,7,7,7,7,7,9),(0.,2.03768189119E-02,6.141968298161E-02,
    8.829312550335E-02,0.11681271006,0.14466519914,0.200121586434,
    0.234208438173,0.253703437709,0.275767916235,0.303192307648,
    0.336485151649,0.379845514094,0.422376274257,0.443236088464,
    0.505693893805,0.553394232102,0.565275500518,0.583313101876,
    0.601825282014,0.626026202625,0.635083236239,0.698601456314,
    0.71233978865,0.750129180885,0.758467699614,0.770413938145,
    0.781897235466,0.809458278261,0.822076333003,0.834214543837,
    0.880101884023,0.905790559927,0.932720207828,0.95846361191,1.),
  .UNSPECIFIED.);
#1616 = CARTESIAN_POINT('',(0.,1.632080681912));
#1617 = CARTESIAN_POINT('',(9.804083431111E-03,1.621533816638));
#1618 = CARTESIAN_POINT('',(1.962657240721E-02,1.611251896108));
#1619 = CARTESIAN_POINT('',(2.946653449404E-02,1.601245678756));
#1620 = CARTESIAN_POINT('',(3.93229506934E-02,1.591522247294));
#1621 = CARTESIAN_POINT('',(4.919473127113E-02,1.582089105753));
#1622 = CARTESIAN_POINT('',(5.908071851445E-02,1.572955711821));
#1623 = CARTESIAN_POINT('',(6.89796764187E-02,1.564132444442));
#1624 = CARTESIAN_POINT('',(9.885211887103E-02,1.53849540603));
#1625 = CARTESIAN_POINT('',(0.118862168667,1.522653448287));
#1626 = CARTESIAN_POINT('',(0.138908402447,1.508173584303));
#1627 = CARTESIAN_POINT('',(0.158978534278,1.495120324031));
#1628 = CARTESIAN_POINT('',(0.179059807646,1.483537425183));
#1629 = CARTESIAN_POINT('',(0.199138753802,1.473441197576));
#1630 = CARTESIAN_POINT('',(0.21920090737,1.464819923199));
#1631 = CARTESIAN_POINT('',(0.252345147464,1.452937829434));
#1632 = CARTESIAN_POINT('',(0.265446295458,1.448853740423));
#1633 = CARTESIAN_POINT('',(0.278529689313,1.44537765163));
#1634 = CARTESIAN_POINT('',(0.291591249266,1.442495583852));
#1635 = CARTESIAN_POINT('',(0.304627019211,1.440190183896));
#1636 = CARTESIAN_POINT('',(0.317633136255,1.438441856455));
#1637 = CARTESIAN_POINT('',(0.330605800271,1.437229895996));
#1638 = CARTESIAN_POINT('',(0.357269051708,1.435794690562));
#1639 = CARTESIAN_POINT('',(0.370955157733,1.435637472555));
#1640 = CARTESIAN_POINT('',(0.38459511686,1.436033402759));
#1641 = CARTESIAN_POINT('',(0.398184880614,1.436948349171));
#1642 = CARTESIAN_POINT('',(0.411720743854,1.438344928915));
#1643 = CARTESIAN_POINT('',(0.425199300772,1.440183922104));
#1644 = CARTESIAN_POINT('',(0.438617409765,1.442424780263));
#1645 = CARTESIAN_POINT('',(0.465014546346,1.447564851849));
#1646 = CARTESIAN_POINT('',(0.477996619759,1.450447583987));
#1647 = CARTESIAN_POINT('',(0.490915789987,1.453634429254));
#1648 = CARTESIAN_POINT('',(0.503769809409,1.457085748393));
#1649 = CARTESIAN_POINT('',(0.516556754389,1.460761914254));
#1650 = CARTESIAN_POINT('',(0.529274999447,1.464623966663));
#1651 = CARTESIAN_POINT('',(0.541923191423,1.468634267295));
#1652 = CARTESIAN_POINT('',(0.579542034747,1.480966131193));
#1653 = CARTESIAN_POINT('',(0.604300844193,1.489620361509));
#1654 = CARTESIAN_POINT('',(0.62876938617,1.49844210638));
#1655 = CARTESIAN_POINT('',(0.652943928045,1.507172129682));
#1656 = CARTESIAN_POINT('',(0.676823444616,1.515607399925));
#1657 = CARTESIAN_POINT('',(0.700409371672,1.523606824841));
#1658 = CARTESIAN_POINT('',(0.723705661568,1.531074416242));
#1659 = CARTESIAN_POINT('',(0.760864170155,1.542142698074));
#1660 = CARTESIAN_POINT('',(0.774902301097,1.546124905559));
#1661 = CARTESIAN_POINT('',(0.788834680497,1.549858288796));
#1662 = CARTESIAN_POINT('',(0.802662870455,1.553329499258));
#1663 = CARTESIAN_POINT('',(0.816388576422,1.556529082591));
#1664 = CARTESIAN_POINT('',(0.8300136526,1.559451105199));
#1665 = CARTESIAN_POINT('',(0.843540107338,1.562092780825));
#1666 = CARTESIAN_POINT('',(0.864651013452,1.56580458444));
#1667 = CARTESIAN_POINT('',(0.872300348325,1.567063377459));
#1668 = CARTESIAN_POINT('',(0.879918508514,1.568230540096));
#1669 = CARTESIAN_POINT('',(0.887505894897,1.569305987689));
#1670 = CARTESIAN_POINT('',(0.895062911787,1.570290603053));
#1671 = CARTESIAN_POINT('',(0.90258996942,1.571185953434));
#1672 = CARTESIAN_POINT('',(0.910087490984,1.571992608379));
#1673 = CARTESIAN_POINT('',(0.926008711503,1.573515674574));
#1674 = CARTESIAN_POINT('',(0.934424227155,1.574206888348));
#1675 = CARTESIAN_POINT('',(0.942803104215,1.574779033995));
#1676 = CARTESIAN_POINT('',(0.951145977443,1.575230787386));
#1677 = CARTESIAN_POINT('',(0.959453483307,1.575561166108));
#1678 = CARTESIAN_POINT('',(0.967726259985,1.575769529463));
#1679 = CARTESIAN_POINT('',(0.975964947359,1.575855578465));
#1680 = CARTESIAN_POINT('',(0.994368647137,1.575774334005));
#1681 = CARTESIAN_POINT('',(1.004515425132,1.575540343307));
#1682 = CARTESIAN_POINT('',(1.01461175282,1.575117491428));
#1683 = CARTESIAN_POINT('',(1.024658854155,1.574506513219));
#1684 = CARTESIAN_POINT('',(1.034657945242,1.573708770707));
#1685 = CARTESIAN_POINT('',(1.044610234327,1.57272625309));
#1686 = CARTESIAN_POINT('',(1.054516921807,1.571561576737));
#1687 = CARTESIAN_POINT('',(1.076351874174,1.56858688305));
#1688 = CARTESIAN_POINT('',(1.088259071544,1.566692512904));
#1689 = CARTESIAN_POINT('',(1.100102958234,1.564535839256));
#1690 = CARTESIAN_POINT('',(1.111885567535,1.562143146807));
#1691 = CARTESIAN_POINT('',(1.123609105467,1.55948370487));
#1692 = CARTESIAN_POINT('',(1.135275524297,1.556585415486));
#1693 = CARTESIAN_POINT('',(1.146886901576,1.553439242282));
#1694 = CARTESIAN_POINT('',(1.17349874254,1.545641604227));
#1695 = CARTESIAN_POINT('',(1.188462207024,1.540822019138));
#1696 = CARTESIAN_POINT('',(1.203340116218,1.535600898246));
#1697 = CARTESIAN_POINT('',(1.218136773896,1.529989866817));
#1698 = CARTESIAN_POINT('',(1.232856371367,1.523997653844));
#1699 = CARTESIAN_POINT('',(1.247503007108,1.517635082064));
#1700 = CARTESIAN_POINT('',(1.262080706592,1.510918299094));
#1701 = CARTESIAN_POINT('',(1.290828598696,1.496929108018));
#1702 = CARTESIAN_POINT('',(1.305001182378,1.489669455147));
#1703 = CARTESIAN_POINT('',(1.319115010056,1.482085162778));
#1704 = CARTESIAN_POINT('',(1.333173734836,1.474185011317));
#1705 = CARTESIAN_POINT('',(1.347180915508,1.465978488803));
#1706 = CARTESIAN_POINT('',(1.361140040901,1.457475695141));
#1707 = CARTESIAN_POINT('',(1.375054554231,1.448687246328));
#1708 = CARTESIAN_POINT('',(1.395732245498,1.435179068682));
#1709 = CARTESIAN_POINT('',(1.402526698148,1.430667790193));
#1710 = CARTESIAN_POINT('',(1.409311634937,1.42609208917));
#1711 = CARTESIAN_POINT('',(1.416087452215,1.421452790267));
#1712 = CARTESIAN_POINT('',(1.422854542566,1.416751120377));
#1713 = CARTESIAN_POINT('',(1.429613295155,1.411988978151));
#1714 = CARTESIAN_POINT('',(1.436364096989,1.407168149479));
#1715 = CARTESIAN_POINT('',(1.463297728464,1.387677881639));
#1716 = CARTESIAN_POINT('',(1.48342019697,1.372538152074));
#1717 = CARTESIAN_POINT('',(1.503485258676,1.35686100093));
#1718 = CARTESIAN_POINT('',(1.523503041338,1.340637774573));
#1719 = CARTESIAN_POINT('',(1.543483400871,1.323859850182));
#1720 = CARTESIAN_POINT('',(1.56343603979,1.306519040877));
#1721 = CARTESIAN_POINT('',(1.58337062565,1.288608000843));
#1722 = CARTESIAN_POINT('',(1.618515031161,1.256001437237));
#1723 = CARTESIAN_POINT('',(1.633728215048,1.241545529159));
#1724 = CARTESIAN_POINT('',(1.648940808949,1.226799731427));
#1725 = CARTESIAN_POINT('',(1.664157140935,1.211811827558));
#1726 = CARTESIAN_POINT('',(1.679381553667,1.196629991178));
#1727 = CARTESIAN_POINT('',(1.694618438702,1.181302217803));
#1728 = CARTESIAN_POINT('',(1.709872270801,1.165875756626));
#1729 = CARTESIAN_POINT('',(1.728952453582,1.146540957492));
#1730 = CARTESIAN_POINT('',(1.732758599333,1.142682100929));
#1731 = CARTESIAN_POINT('',(1.736566149737,1.138820684089));
#1732 = CARTESIAN_POINT('',(1.740375175354,1.134957412303));
#1733 = CARTESIAN_POINT('',(1.744185747056,1.131092984766));
#1734 = CARTESIAN_POINT('',(1.747997936026,1.12722809454));
#1735 = CARTESIAN_POINT('',(1.751811813763,1.123363428548));
#1736 = CARTESIAN_POINT('',(1.761420180629,1.113633881397));
#1737 = CARTESIAN_POINT('',(1.76721697067,1.107771767719));
#1738 = CARTESIAN_POINT('',(1.773018044906,1.101902654612));
#1739 = CARTESIAN_POINT('',(1.778823748105,1.096075247835));
#1740 = CARTESIAN_POINT('',(1.784634190286,1.090212169716));
#1741 = CARTESIAN_POINT('',(1.79044968207,1.084352489444));
#1742 = CARTESIAN_POINT('',(1.796270415208,1.078466032896));
#1743 = CARTESIAN_POINT('',(1.808076123896,1.06647870309));
#1744 = CARTESIAN_POINT('',(1.814061391778,1.060375484875));
#1745 = CARTESIAN_POINT('',(1.820052672427,1.054231299529));
#1746 = CARTESIAN_POINT('',(1.826050208503,1.048037071724));
#1747 = CARTESIAN_POINT('',(1.832054240784,1.041783889061));
#1748 = CARTESIAN_POINT('',(1.838065008163,1.035463002069));
#1749 = CARTESIAN_POINT('',(1.844082747651,1.029065824206));
#1750 = CARTESIAN_POINT('',(1.857984090155,1.014110172375));
#1751 = CARTESIAN_POINT('',(1.865872803137,1.005491728812));
#1752 = CARTESIAN_POINT('',(1.873774358376,0.996709734052));
#1753 = CARTESIAN_POINT('',(1.881689276437,0.98774603027));
#1754 = CARTESIAN_POINT('',(1.889618073399,0.978583168934));
#1755 = CARTESIAN_POINT('',(1.897561260851,0.969204410809));
#1756 = CARTESIAN_POINT('',(1.905519345894,0.959593725955));
#1757 = CARTESIAN_POINT('',(1.916476854977,0.946046528142));
#1758 = CARTESIAN_POINT('',(1.919463035736,0.942322643256));
#1759 = CARTESIAN_POINT('',(1.92245139979,0.938563341141));
#1760 = CARTESIAN_POINT('',(1.925441973446,0.934767841395));
#1761 = CARTESIAN_POINT('',(1.928434782944,0.930935381135));
#1762 = CARTESIAN_POINT('',(1.93142985446,0.927065214998));
#1763 = CARTESIAN_POINT('',(1.934427214105,0.923156615145));
#1764 = CARTESIAN_POINT('',(1.958464012193,0.891522801434));
#1765 = CARTESIAN_POINT('',(1.97961446234,0.861917231708));
#1766 = CARTESIAN_POINT('',(2.000894725254,0.831941221469));
#1767 = CARTESIAN_POINT('',(2.022322592219,0.803039872817));
#1768 = CARTESIAN_POINT('',(2.043917650403,0.776532365386));
#1769 = CARTESIAN_POINT('',(2.065701271063,0.753547490028));
#1770 = CARTESIAN_POINT('',(2.087695866055,0.734949333968));
#1771 = CARTESIAN_POINT('',(2.114730722665,0.718330482858));
#1772 = CARTESIAN_POINT('',(2.119549115323,0.715606305175));
#1773 = CARTESIAN_POINT('',(2.124378466867,0.713096544839));
#1774 = CARTESIAN_POINT('',(2.129218881658,0.710785029691));
#1775 = CARTESIAN_POINT('',(2.134070463757,0.708656107571));
#1776 = CARTESIAN_POINT('',(2.138933316926,0.706694646318));
#1777 = CARTESIAN_POINT('',(2.143807544628,0.70488603377));
#1778 = CARTESIAN_POINT('',(2.162132132792,0.698622982463));
#1779 = CARTESIAN_POINT('',(2.175657733118,0.69508019151));
#1780 = CARTESIAN_POINT('',(2.18927237866,0.692294690781));
#1781 = CARTESIAN_POINT('',(2.202978249575,0.690008196272));
#1782 = CARTESIAN_POINT('',(2.216777481508,0.687998614092));
#1783 = CARTESIAN_POINT('',(2.230672268581,0.686081400456));
#1784 = CARTESIAN_POINT('',(2.244664966376,0.684110921669));
#1785 = CARTESIAN_POINT('',(2.261867973716,0.681512010236));
#1786 = CARTESIAN_POINT('',(2.264982642027,0.681034470673));
#1787 = CARTESIAN_POINT('',(2.268102226241,0.680548055289));
#1788 = CARTESIAN_POINT('',(2.271226753005,0.680051715785));
#1789 = CARTESIAN_POINT('',(2.274356249236,0.679544495702));
#1790 = CARTESIAN_POINT('',(2.277490742122,0.679025530423));
#1791 = CARTESIAN_POINT('',(2.280630259121,0.678494047168));
#1792 = CARTESIAN_POINT('',(2.288279917011,0.677169022198));
#1793 = CARTESIAN_POINT('',(2.292795370349,0.676360908511));
#1794 = CARTESIAN_POINT('',(2.297321304483,0.675528676358));
#1795 = CARTESIAN_POINT('',(2.301857685277,0.674650321508));
#1796 = CARTESIAN_POINT('',(2.306404794162,0.673760351168));
#1797 = CARTESIAN_POINT('',(2.310962622856,0.672840184372));
#1798 = CARTESIAN_POINT('',(2.315531335723,0.671903052041));
#1799 = CARTESIAN_POINT('',(2.324513248911,0.67003257735));
#1800 = CARTESIAN_POINT('',(2.328925614635,0.66910082273));
#1801 = CARTESIAN_POINT('',(2.333348222861,0.668156864496));
#1802 = CARTESIAN_POINT('',(2.337781169719,0.667203405004));
#1803 = CARTESIAN_POINT('',(2.342224550331,0.666243056068));
#1804 = CARTESIAN_POINT('',(2.346678458811,0.665278338965));
#1805 = CARTESIAN_POINT('',(2.351142988267,0.664311684429));
#1806 = CARTESIAN_POINT('',(2.366359252962,0.661026333378));
#1807 = CARTESIAN_POINT('',(2.377161973742,0.65870953969));
#1808 = CARTESIAN_POINT('',(2.388027680069,0.656427387943));
#1809 = CARTESIAN_POINT('',(2.39895759689,0.654209071517));
#1810 = CARTESIAN_POINT('',(2.409952881137,0.65208057605));
#1811 = CARTESIAN_POINT('',(2.421014615691,0.650064614669));
#1812 = CARTESIAN_POINT('',(2.432143803347,0.648180563217));
#1813 = CARTESIAN_POINT('',(2.448467850136,0.645649539514));
#1814 = CARTESIAN_POINT('',(2.453608665963,0.644885683477));
#1815 = CARTESIAN_POINT('',(2.458763894621,0.644154362074));
#1816 = CARTESIAN_POINT('',(2.463933617065,0.643456964276));
#1817 = CARTESIAN_POINT('',(2.469117908835,0.642794733333));
#1818 = CARTESIAN_POINT('',(2.474316840066,0.64216876677));
#1819 = CARTESIAN_POINT('',(2.479530475479,0.641580016388));
#1820 = CARTESIAN_POINT('',(2.489788445865,0.640499503429));
#1821 = CARTESIAN_POINT('',(2.494831681313,0.640005059001));
#1822 = CARTESIAN_POINT('',(2.499888624751,0.639545774139));
#1823 = CARTESIAN_POINT('',(2.504959333451,0.639123921735));
#1824 = CARTESIAN_POINT('',(2.510043850344,0.638740048485));
#1825 = CARTESIAN_POINT('',(2.515142195063,0.638391761066));
#1826 = CARTESIAN_POINT('',(2.520254373637,0.638075478453));
#1827 = CARTESIAN_POINT('',(2.54475888294,0.636716275282));
#1828 = CARTESIAN_POINT('',(2.564335389632,0.636092749132));
#1829 = CARTESIAN_POINT('',(2.584110647807,0.635833046071));
#1830 = CARTESIAN_POINT('',(2.604084070219,0.635851888039));
#1831 = CARTESIAN_POINT('',(2.624253720573,0.63606986453));
#1832 = CARTESIAN_POINT('',(2.644616210602,0.636416449357));
#1833 = CARTESIAN_POINT('',(2.665166535097,0.636832414411));
#1834 = CARTESIAN_POINT('',(2.697503658111,0.637517528133));
#1835 = CARTESIAN_POINT('',(2.709166171816,0.637770710195));
#1836 = CARTESIAN_POINT('',(2.720884136649,0.638023033335));
#1837 = CARTESIAN_POINT('',(2.732656149153,0.638267672019));
#1838 = CARTESIAN_POINT('',(2.744480639381,0.638499115681));
#1839 = CARTESIAN_POINT('',(2.7563558585,0.638713155984));
#1840 = CARTESIAN_POINT('',(2.768279866396,0.63890687407));
#1841 = CARTESIAN_POINT('',(2.792799452051,0.639258678661));
#1842 = CARTESIAN_POINT('',(2.805399737581,0.639414819582));
#1843 = CARTESIAN_POINT('',(2.818048829298,0.639542104261));
#1844 = CARTESIAN_POINT('',(2.830744101184,0.639650484581));
#1845 = CARTESIAN_POINT('',(2.843482738288,0.639742334273));
#1846 = CARTESIAN_POINT('',(2.856261739149,0.639817340368));
#1847 = CARTESIAN_POINT('',(2.869077928386,0.639881211118));
#1848 = CARTESIAN_POINT('',(2.894211790288,0.639985733077));
#1849 = CARTESIAN_POINT('',(2.906526677609,0.640027518008));
#1850 = CARTESIAN_POINT('',(2.918869535351,0.640061867969));
#1851 = CARTESIAN_POINT('',(2.931237337118,0.640090366872));
#1852 = CARTESIAN_POINT('',(2.943627017741,0.640114337261));
#1853 = CARTESIAN_POINT('',(2.956035456534,0.640134859144));
#1854 = CARTESIAN_POINT('',(2.968459460535,0.640152788822));
#1855 = CARTESIAN_POINT('',(3.000961410056,0.640194575444));
#1856 = CARTESIAN_POINT('',(3.02105982911,0.640215318049));
#1857 = CARTESIAN_POINT('',(3.041176686256,0.640233737206));
#1858 = CARTESIAN_POINT('',(3.061298627969,0.640251113823));
#1859 = CARTESIAN_POINT('',(3.081413054748,0.640267444005));
#1860 = CARTESIAN_POINT('',(3.101507928795,0.640281316949));
#1861 = CARTESIAN_POINT('',(3.121571600479,0.640289504797));
#1862 = CARTESIAN_POINT('',(3.14159265359,0.640286264431));
#1863 = ( GEOMETRIC_REPRESENTATION_CONTEXT(2) 
PARAMETRIC_REPRESENTATION_CONTEXT() REPRESENTATION_CONTEXT('2D SPACE',''
  ) );
#1864 = ADVANCED_FACE('',(#1865),#144,.T.);
#1865 = FACE_BOUND('',#1866,.T.);
#1866 = EDGE_LOOP('',(#1867,#1868,#2476,#2669));
#1867 = ORIENTED_EDGE('',*,*,#21,.F.);
#1868 = ORIENTED_EDGE('',*,*,#1869,.T.);
#1869 = EDGE_CURVE('',#22,#1870,#1872,.T.);
#1870 = VERTEX_POINT('',#1871);
#1871 = CARTESIAN_POINT('',(-28.77692770835,33.492466527107,
    13.334241629781));
#1872 = SURFACE_CURVE('',#1873,(#2072,#2274),.PCURVE_S1.);
#1873 = B_SPLINE_CURVE_WITH_KNOTS('',8,(#1874,#1875,#1876,#1877,#1878,
    #1879,#1880,#1881,#1882,#1883,#1884,#1885,#1886,#1887,#1888,#1889,
    #1890,#1891,#1892,#1893,#1894,#1895,#1896,#1897,#1898,#1899,#1900,
    #1901,#1902,#1903,#1904,#1905,#1906,#1907,#1908,#1909,#1910,#1911,
    #1912,#1913,#1914,#1915,#1916,#1917,#1918,#1919,#1920,#1921,#1922,
    #1923,#1924,#1925,#1926,#1927,#1928,#1929,#1930,#1931,#1932,#1933,
    #1934,#1935,#1936,#1937,#1938,#1939,#1940,#1941,#1942,#1943,#1944,
    #1945,#1946,#1947,#1948,#1949,#1950,#1951,#1952,#1953,#1954,#1955,
    #1956,#1957,#1958,#1959,#1960,#1961,#1962,#1963,#1964,#1965,#1966,
    #1967,#1968,#1969,#1970,#1971,#1972,#1973,#1974,#1975,#1976,#1977,
    #1978,#1979,#1980,#1981,#1982,#1983,#1984,#1985,#1986,#1987,#1988,
    #1989,#1990,#1991,#1992,#1993,#1994,#1995,#1996,#1997,#1998,#1999,
    #2000,#2001,#2002,#2003,#2004,#2005,#2006,#2007,#2008,#2009,#2010,
    #2011,#2012,#2013,#2014,#2015,#2016,#2017,#2018,#2019,#2020,#2021,
    #2022,#2023,#2024,#2025,#2026,#2027,#2028,#2029,#2030,#2031,#2032,
    #2033,#2034,#2035,#2036,#2037,#2038,#2039,#2040,#2041,#2042,#2043,
    #2044,#2045,#2046,#2047,#2048,#2049,#2050,#2051,#2052,#2053,#2054,
    #2055,#2056,#2057,#2058,#2059,#2060,#2061,#2062,#2063,#2064,#2065,
    #2066,#2067,#2068,#2069,#2070,#2071),.UNSPECIFIED.,.F.,.F.,(9,7,7,7,
    7,7,7,7,7,7,7,7,7,7,7,7,7,7,7,7,7,7,7,7,7,7,7,7,9),(0.,
    3.235816203233E-02,4.901967527985E-02,6.615700812759E-02,
    0.105812215839,0.127206863188,0.138450516705,0.150125834964,
    0.200084093987,0.213534627795,0.258837263251,0.271410706514,
    0.314865803198,0.348899787706,0.408180752625,0.43756654914,
    0.466826083581,0.5493104073,0.590908096971,0.633184210895,
    0.69507928355,0.717051442742,0.771463278947,0.81916081176,
    0.859696313487,0.890768295643,0.919401119059,0.960655122229,1.),
  .UNSPECIFIED.);
#1874 = CARTESIAN_POINT('',(-90.49951001497,67.145,11.400841328949));
#1875 = CARTESIAN_POINT('',(-90.4995376368,66.521783593188,
    11.400803224284));
#1876 = CARTESIAN_POINT('',(-90.48860876783,65.899894881491,
    11.400759826816));
#1877 = CARTESIAN_POINT('',(-90.46680658924,65.279784739326,
    11.400709577574));
#1878 = CARTESIAN_POINT('',(-90.43424152151,64.661878562606,
    11.400650619847));
#1879 = CARTESIAN_POINT('',(-90.39104809093,64.046577040025,
    11.400580905544));
#1880 = CARTESIAN_POINT('',(-90.33738179604,63.434256924327,
    11.400498301556));
#1881 = CARTESIAN_POINT('',(-90.27341597412,62.825271803586,
    11.400400696116));
#1882 = CARTESIAN_POINT('',(-90.16119558577,61.908268624798,
    11.400227101229));
#1883 = CARTESIAN_POINT('',(-90.12037165013,61.597555052478,
    11.400163371081));
#1884 = CARTESIAN_POINT('',(-90.07689176849,61.287856811129,
    11.400095606628));
#1885 = CARTESIAN_POINT('',(-90.03078328928,60.979215938969,
    11.400022364841));
#1886 = CARTESIAN_POINT('',(-89.9820739375,60.671672837204,
    11.399942925978));
#1887 = CARTESIAN_POINT('',(-89.9307909273,60.365266667248,11.3998584373
    ));
#1888 = CARTESIAN_POINT('',(-89.87696125093,60.060035164773,
    11.399771342304));
#1889 = CARTESIAN_POINT('',(-89.76265584801,59.44331033439,
    11.399592328445));
#1890 = CARTESIAN_POINT('',(-89.70203417709,59.131887248065,
    11.399500435521));
#1891 = CARTESIAN_POINT('',(-89.63877848677,58.821783478965,
    11.399409545814));
#1892 = CARTESIAN_POINT('',(-89.57291943918,58.513036144769,
    11.399322284402));
#1893 = CARTESIAN_POINT('',(-89.50448787901,58.205680682024,
    11.399241821807));
#1894 = CARTESIAN_POINT('',(-89.43351470918,57.89975091469,
    11.399171923489));
#1895 = CARTESIAN_POINT('',(-89.36003076651,57.595279122677,
    11.399116999339));
#1896 = CARTESIAN_POINT('',(-89.10828841469,56.591203682951,
    11.399001520332));
#1897 = CARTESIAN_POINT('',(-88.91923260734,55.898091381789,
    11.399028393498));
#1898 = CARTESIAN_POINT('',(-88.71727707829,55.213330539324,
    11.399225985812));
#1899 = CARTESIAN_POINT('',(-88.50279616611,54.537261551113,
    11.399677348572));
#1900 = CARTESIAN_POINT('',(-88.27615520314,53.870198067056,
    11.400488483603));
#1901 = CARTESIAN_POINT('',(-88.03770608241,53.212430293979,
    11.401791079356));
#1902 = CARTESIAN_POINT('',(-87.7877839333,52.564227409614,
    11.403744870751));
#1903 = CARTESIAN_POINT('',(-87.38584840697,51.581417918539,
    11.408047438165));
#1904 = CARTESIAN_POINT('',(-87.2417452019,51.239855584311,
    11.40980003401));
#1905 = CARTESIAN_POINT('',(-87.09444545152,50.901192183408,
    11.411827192193));
#1906 = CARTESIAN_POINT('',(-86.94399823575,50.565467442524,
    11.414161249143));
#1907 = CARTESIAN_POINT('',(-86.79045163857,50.232720628208,
    11.416837157103));
#1908 = CARTESIAN_POINT('',(-86.63385283293,49.902990458176,
    11.419892545404));
#1909 = CARTESIAN_POINT('',(-86.47424816571,49.576315012615,
    11.423367781754));
#1910 = CARTESIAN_POINT('',(-86.22624955267,49.082676995616,
    11.429375725892));
#1911 = CARTESIAN_POINT('',(-86.13999848521,48.91347632251,
    11.431573022567));
#1912 = CARTESIAN_POINT('',(-86.05293518128,48.745136842598,
    11.433907209384));
#1913 = CARTESIAN_POINT('',(-85.96507110405,48.577658288834,
    11.43637508051));
#1914 = CARTESIAN_POINT('',(-85.87641486553,48.411043429937,
    11.438978976071));
#1915 = CARTESIAN_POINT('',(-85.78697423104,48.245295790364,
    11.441722843622));
#1916 = CARTESIAN_POINT('',(-85.69675966228,48.080415571644,
    11.444605245177));
#1917 = CARTESIAN_POINT('',(-85.51130696864,47.746097300635,
    11.450767275952));
#1918 = CARTESIAN_POINT('',(-85.41600902988,47.576727119877,
    11.454057676002));
#1919 = CARTESIAN_POINT('',(-85.31989624773,47.40829571168,
    11.457500455728));
#1920 = CARTESIAN_POINT('',(-85.22297897713,47.240804132691,
    11.461096309906));
#1921 = CARTESIAN_POINT('',(-85.12526762322,47.074253017936,
    11.464845604048));
#1922 = CARTESIAN_POINT('',(-85.02677264129,46.90864258081,
    11.468748374399));
#1923 = CARTESIAN_POINT('',(-84.92750453681,46.743972613085,
    11.472804327936));
#1924 = CARTESIAN_POINT('',(-84.39944628769,45.879647265781,
    11.495020921431));
#1925 = CARTESIAN_POINT('',(-83.9574594024,45.196264604637,
    11.515821928508));
#1926 = CARTESIAN_POINT('',(-83.50233737428,44.530046690164,
    11.539366230437));
#1927 = CARTESIAN_POINT('',(-83.03490897896,43.880793612302,
    11.565487490583));
#1928 = CARTESIAN_POINT('',(-82.55598638237,43.248183976398,
    11.593895446491));
#1929 = CARTESIAN_POINT('',(-82.06634432948,42.63180507298,
    11.624174625217));
#1930 = CARTESIAN_POINT('',(-81.56669974219,42.031182603135,
    11.655788996331));
#1931 = CARTESIAN_POINT('',(-80.92064872987,41.288206898734,
    11.696789827448));
#1932 = CARTESIAN_POINT('',(-80.78292702676,41.131708873879,
    11.705536642028));
#1933 = CARTESIAN_POINT('',(-80.64453927593,40.976305882205,
    11.714319978986));
#1934 = CARTESIAN_POINT('',(-80.50549199895,40.822000943325,
    11.723148508916));
#1935 = CARTESIAN_POINT('',(-80.36579878808,40.668781039995,
    11.732003908191));
#1936 = CARTESIAN_POINT('',(-80.22546617315,40.516648091799,
    11.740892866733));
#1937 = CARTESIAN_POINT('',(-80.08450479611,40.365594726158,
    11.74980630708));
#1938 = CARTESIAN_POINT('',(-79.46606267738,39.710481893409,
    11.788839915079));
#1939 = CARTESIAN_POINT('',(-78.9821695679,39.217560381209,
    11.819191372491));
#1940 = CARTESIAN_POINT('',(-78.49157741209,38.73669292406,
    11.849663951472));
#1941 = CARTESIAN_POINT('',(-77.99459166125,38.267751741691,
    11.880154659945));
#1942 = CARTESIAN_POINT('',(-77.49149304575,37.810634471949,
    11.910591746492));
#1943 = CARTESIAN_POINT('',(-76.98254043345,37.36525820249,
    11.940935201478));
#1944 = CARTESIAN_POINT('',(-76.46797302259,36.931554716371,
    11.971176331772));
#1945 = CARTESIAN_POINT('',(-75.80370013097,36.392319317412,
    12.009707136628));
#1946 = CARTESIAN_POINT('',(-75.65897327195,36.276066728704,
    12.01807159806));
#1947 = CARTESIAN_POINT('',(-75.51383613758,36.16070807083,
    12.026430246419));
#1948 = CARTESIAN_POINT('',(-75.36829350647,36.046242302823,
    12.034783706694));
#1949 = CARTESIAN_POINT('',(-75.22235009033,35.932668457322,
    12.043132775776));
#1950 = CARTESIAN_POINT('',(-75.0760105339,35.819985640575,
    12.051478422458));
#1951 = CARTESIAN_POINT('',(-74.92927941499,35.70819303244,
    12.059821787441));
#1952 = CARTESIAN_POINT('',(-74.27370590817,35.21399735198,
    12.096996350633));
#1953 = CARTESIAN_POINT('',(-73.76062793649,34.841331235587,
    12.125820073908));
#1954 = CARTESIAN_POINT('',(-73.24311878009,34.479234042651,
    12.154636280653));
#1955 = CARTESIAN_POINT('',(-72.72136342845,34.12764753398,
    12.183438958213));
#1956 = CARTESIAN_POINT('',(-72.19554017799,33.786513334584,
    12.212215559397));
#1957 = CARTESIAN_POINT('',(-71.66582040026,33.455773542521,
    12.240947408099));
#1958 = CARTESIAN_POINT('',(-71.13236831004,33.135371337742,
    12.26961010492));
#1959 = CARTESIAN_POINT('',(-70.174741319,32.582366142194,
    12.320545091745));
#1960 = CARTESIAN_POINT('',(-69.75194945452,32.34578841336,
    12.34285567438));
#1961 = CARTESIAN_POINT('',(-69.32704074276,32.115491703093,
    12.365090374642));
#1962 = CARTESIAN_POINT('',(-68.90008859609,31.891451848363,
    12.387237233192));
#1963 = CARTESIAN_POINT('',(-68.47116477555,31.673641073066,
    12.409266512577));
#1964 = CARTESIAN_POINT('',(-68.04033827488,31.462042893631,
    12.431179617633));
#1965 = CARTESIAN_POINT('',(-67.60767700973,31.256626256651,
    12.452926535981));
#1966 = CARTESIAN_POINT('',(-66.41654627185,30.710329830448,
    12.512113737528));
#1967 = CARTESIAN_POINT('',(-65.65448020204,30.381999617269,
    12.549222669049));
#1968 = CARTESIAN_POINT('',(-64.88738983422,30.072304003959,
    12.585795041122));
#1969 = CARTESIAN_POINT('',(-64.11560723553,29.781172682066,
    12.621792616005));
#1970 = CARTESIAN_POINT('',(-63.33945456035,29.508549080326,
    12.657183339622));
#1971 = CARTESIAN_POINT('',(-62.55924430015,29.254388943887,
    12.691940618349));
#1972 = CARTESIAN_POINT('',(-61.77527953348,29.018658913544,
    12.726042595806));
#1973 = CARTESIAN_POINT('',(-60.59752447457,28.693606878436,
    12.776042227887));
#1974 = CARTESIAN_POINT('',(-60.20634514292,28.590401679811,
    12.792447463027));
#1975 = CARTESIAN_POINT('',(-59.81435236553,28.491716730336,
    12.808684589854));
#1976 = CARTESIAN_POINT('',(-59.42158206899,28.397550872476,
    12.824755919648));
#1977 = CARTESIAN_POINT('',(-59.02806970735,28.307900861552,
    12.840651994621));
#1978 = CARTESIAN_POINT('',(-58.63385042013,28.222764057045,
    12.856362721075));
#1979 = CARTESIAN_POINT('',(-58.23895918186,28.142140880427,
    12.871887931451));
#1980 = CARTESIAN_POINT('',(-57.44960141209,27.990246956511,
    12.902484286117));
#1981 = CARTESIAN_POINT('',(-57.05514045982,27.91893764523,
    12.917557610064));
#1982 = CARTESIAN_POINT('',(-56.66008184998,27.852102235119,
    12.932433233388));
#1983 = CARTESIAN_POINT('',(-56.26445959953,27.789741171124,
    12.947105418038));
#1984 = CARTESIAN_POINT('',(-55.86830759789,27.731855580551,
    12.961568471774));
#1985 = CARTESIAN_POINT('',(-55.47165960688,27.678447273063,
    12.975816748166));
#1986 = CARTESIAN_POINT('',(-55.07454926077,27.629518740683,
    12.989844646599));
#1987 = CARTESIAN_POINT('',(-53.55632403217,27.459778483187,
    13.042555153572));
#1988 = CARTESIAN_POINT('',(-52.43224090016,27.370111458211,
    13.079668483798));
#1989 = CARTESIAN_POINT('',(-51.30549881826,27.316139392387,
    13.11485833094));
#1990 = CARTESIAN_POINT('',(-50.17684414919,27.297980037875,
    13.148023007376));
#1991 = CARTESIAN_POINT('',(-49.04704166982,27.315784829721,
    13.179017111479));
#1992 = CARTESIAN_POINT('',(-47.91686157437,27.369752547883,
    13.207751926746));
#1993 = CARTESIAN_POINT('',(-46.78708963836,27.460117413867,
    13.234117958974));
#1994 = CARTESIAN_POINT('',(-45.08937321425,27.651230775846,
    13.270085580776));
#1995 = CARTESIAN_POINT('',(-44.52053424227,27.724628529491,
    13.281519411104));
#1996 = CARTESIAN_POINT('',(-43.95210828558,27.80738962408,
    13.292312395925));
#1997 = CARTESIAN_POINT('',(-43.38420111091,27.899554093304,
    13.302466694752));
#1998 = CARTESIAN_POINT('',(-42.81692086904,28.001161580139,
    13.311961677001));
#1999 = CARTESIAN_POINT('',(-42.25037800034,28.112253834708,
    13.320772981224));
#2000 = CARTESIAN_POINT('',(-41.68468512532,28.232877687164,
    13.328895221675));
#2001 = CARTESIAN_POINT('',(-40.54601900886,28.495408124361,
    13.343848160487));
#2002 = CARTESIAN_POINT('',(-39.97307853076,28.637629553762,
    13.350656272266));
#2003 = CARTESIAN_POINT('',(-39.40125624788,28.789796405499,
    13.35672146984));
#2004 = CARTESIAN_POINT('',(-38.83067645057,28.951962282267,
    13.362030761654));
#2005 = CARTESIAN_POINT('',(-38.26146722789,29.124183505279,
    13.366572348153));
#2006 = CARTESIAN_POINT('',(-37.69376046594,29.306519197544,
    13.370335723173));
#2007 = CARTESIAN_POINT('',(-37.12769184624,29.499031367144,
    13.373311775321));
#2008 = CARTESIAN_POINT('',(-35.73724088432,29.998629924565,
    13.378686186946));
#2009 = CARTESIAN_POINT('',(-34.91489837753,30.3174248226,
    13.380175477362));
#2010 = CARTESIAN_POINT('',(-34.09680550295,30.658375885433,
    13.379943383863));
#2011 = CARTESIAN_POINT('',(-33.28342322959,31.021694225347,
    13.377926993192));
#2012 = CARTESIAN_POINT('',(-32.475240587,31.407608497709,
    13.374133731073));
#2013 = CARTESIAN_POINT('',(-31.6727748804,31.816351073627,
    13.368524869292));
#2014 = CARTESIAN_POINT('',(-30.87657148727,32.248169718903,
    13.361104946841));
#2015 = CARTESIAN_POINT('',(-29.80698672346,32.864901113442,
    13.348597000164));
#2016 = CARTESIAN_POINT('',(-29.52763123946,33.029417418435,
    13.345091906125));
#2017 = CARTESIAN_POINT('',(-29.24916400745,33.196885666093,
    13.341358922242));
#2018 = CARTESIAN_POINT('',(-28.97161166946,33.367317356837,
    13.337397930693));
#2019 = CARTESIAN_POINT('',(-28.69500149236,33.54072421293,
    13.333209673917));
#2020 = CARTESIAN_POINT('',(-28.4193613739,33.717118154564,
    13.328795566523));
#2021 = CARTESIAN_POINT('',(-28.14471988208,33.896511029762,
    13.324156061449));
#2022 = CARTESIAN_POINT('',(-27.19352995745,34.530616900235,
    13.307231243199));
#2023 = CARTESIAN_POINT('',(-26.52226344557,35.000776034943,
    13.293774209934));
#2024 = CARTESIAN_POINT('',(-25.85774384337,35.489573183812,
    13.278896940599));
#2025 = CARTESIAN_POINT('',(-25.20044107909,35.997188023299,
    13.26259278975));
#2026 = CARTESIAN_POINT('',(-24.550857825,36.52379859518,13.244868700058
    ));
#2027 = CARTESIAN_POINT('',(-23.90952936404,37.069581677017,
    13.225745905903));
#2028 = CARTESIAN_POINT('',(-23.2770234565,37.634713152635,
    13.205260636963));
#2029 = CARTESIAN_POINT('',(-22.10774408776,38.73187841643,
    13.164358563288));
#2030 = CARTESIAN_POINT('',(-21.56879763013,39.25938330139,
    13.144247004337));
#2031 = CARTESIAN_POINT('',(-21.03750393582,39.801999331223,
    13.123153727304));
#2032 = CARTESIAN_POINT('',(-20.51429737689,40.359842581505,
    13.10115837498));
#2033 = CARTESIAN_POINT('',(-19.99963974037,40.933002843362,
    13.078264662248));
#2034 = CARTESIAN_POINT('',(-19.49402358218,41.521566958546,
    13.05454637912));
#2035 = CARTESIAN_POINT('',(-18.99796765176,42.125602937658,
    13.030048601362));
#2036 = CARTESIAN_POINT('',(-18.09903769372,43.271698801476,
    12.98340722412));
#2037 = CARTESIAN_POINT('',(-17.69336202213,43.809438412456,
    12.961462591632));
#2038 = CARTESIAN_POINT('',(-17.29532733883,44.358417924104,
    12.939038607614));
#2039 = CARTESIAN_POINT('',(-16.90529015675,44.918654177789,
    12.916176562463));
#2040 = CARTESIAN_POINT('',(-16.52362668136,45.490146509728,
    12.892921708135));
#2041 = CARTESIAN_POINT('',(-16.15073153657,46.072875314399,
    12.869323503085));
#2042 = CARTESIAN_POINT('',(-15.78701649062,46.666800607936,
    12.845435857207));
#2043 = CARTESIAN_POINT('',(-15.16147265077,47.735661758752,
    12.802829657084));
#2044 = CARTESIAN_POINT('',(-14.89568380129,48.206001809219,
    12.784207415784));
#2045 = CARTESIAN_POINT('',(-14.63573549671,48.682851438054,
    12.765475246543));
#2046 = CARTESIAN_POINT('',(-14.38182531076,49.166162548277,
    12.746634433658));
#2047 = CARTESIAN_POINT('',(-14.13416165338,49.655888114665,
    12.727733758468));
#2048 = CARTESIAN_POINT('',(-13.89295579153,50.151958256177,
    12.708789532064));
#2049 = CARTESIAN_POINT('',(-13.65842671801,50.654298322947,
    12.68984806777));
#2050 = CARTESIAN_POINT('',(-13.2210364653,51.631415944983,
    12.653532243718));
#2051 = CARTESIAN_POINT('',(-13.01713549796,52.105259846989,
    12.636151982752));
#2052 = CARTESIAN_POINT('',(-12.81926876928,52.584276026723,
    12.6188400994));
#2053 = CARTESIAN_POINT('',(-12.62761546619,53.068380021899,
    12.60163201131));
#2054 = CARTESIAN_POINT('',(-12.44235812017,53.557474066379,
    12.584565196623));
#2055 = CARTESIAN_POINT('',(-12.26368133689,54.051446028685,
    12.567678380201));
#2056 = CARTESIAN_POINT('',(-12.09177052578,54.550168350513,
    12.551010719854));
#2057 = CARTESIAN_POINT('',(-11.68913738403,55.778689914719,
    12.510957954254));
#2058 = CARTESIAN_POINT('',(-11.46589009106,56.513454898828,
    12.487850042914));
#2059 = CARTESIAN_POINT('',(-11.25762724088,57.257345785944,
    12.465393591163));
#2060 = CARTESIAN_POINT('',(-11.06490160098,58.009845465145,
    12.44370335926));
#2061 = CARTESIAN_POINT('',(-10.88824987463,58.7703603523,
    12.422886634246));
#2062 = CARTESIAN_POINT('',(-10.7281801901,59.538213844324,
    12.403038490266));
#2063 = CARTESIAN_POINT('',(-10.58515742066,60.312638741588,
    12.384238210094));
#2064 = CARTESIAN_POINT('',(-10.3398263456,61.836796201441,
    12.349674233793));
#2065 = CARTESIAN_POINT('',(-10.23593519289,62.586043840995,
    12.333809581043));
#2066 = CARTESIAN_POINT('',(-10.14827026962,63.339736088742,
    12.319006753246));
#2067 = CARTESIAN_POINT('',(-10.07712897907,64.097059364404,
    12.305303400275));
#2068 = CARTESIAN_POINT('',(-10.022743091,64.857160957328,
    12.292720197067));
#2069 = CARTESIAN_POINT('',(-9.985272634478,65.619148001224,
    12.281261332706));
#2070 = CARTESIAN_POINT('',(-9.964799328255,66.382086442191,
    12.270916269757));
#2071 = CARTESIAN_POINT('',(-9.961319548459,67.145,12.261662773841));
#2072 = PCURVE('',#144,#2073);
#2073 = DEFINITIONAL_REPRESENTATION('',(#2074),#2273);
#2074 = B_SPLINE_CURVE_WITH_KNOTS('',8,(#2075,#2076,#2077,#2078,#2079,
    #2080,#2081,#2082,#2083,#2084,#2085,#2086,#2087,#2088,#2089,#2090,
    #2091,#2092,#2093,#2094,#2095,#2096,#2097,#2098,#2099,#2100,#2101,
    #2102,#2103,#2104,#2105,#2106,#2107,#2108,#2109,#2110,#2111,#2112,
    #2113,#2114,#2115,#2116,#2117,#2118,#2119,#2120,#2121,#2122,#2123,
    #2124,#2125,#2126,#2127,#2128,#2129,#2130,#2131,#2132,#2133,#2134,
    #2135,#2136,#2137,#2138,#2139,#2140,#2141,#2142,#2143,#2144,#2145,
    #2146,#2147,#2148,#2149,#2150,#2151,#2152,#2153,#2154,#2155,#2156,
    #2157,#2158,#2159,#2160,#2161,#2162,#2163,#2164,#2165,#2166,#2167,
    #2168,#2169,#2170,#2171,#2172,#2173,#2174,#2175,#2176,#2177,#2178,
    #2179,#2180,#2181,#2182,#2183,#2184,#2185,#2186,#2187,#2188,#2189,
    #2190,#2191,#2192,#2193,#2194,#2195,#2196,#2197,#2198,#2199,#2200,
    #2201,#2202,#2203,#2204,#2205,#2206,#2207,#2208,#2209,#2210,#2211,
    #2212,#2213,#2214,#2215,#2216,#2217,#2218,#2219,#2220,#2221,#2222,
    #2223,#2224,#2225,#2226,#2227,#2228,#2229,#2230,#2231,#2232,#2233,
    #2234,#2235,#2236,#2237,#2238,#2239,#2240,#2241,#2242,#2243,#2244,
    #2245,#2246,#2247,#2248,#2249,#2250,#2251,#2252,#2253,#2254,#2255,
    #2256,#2257,#2258,#2259,#2260,#2261,#2262,#2263,#2264,#2265,#2266,
    #2267,#2268,#2269,#2270,#2271,#2272),.UNSPECIFIED.,.F.,.F.,(9,7,7,7,
    7,7,7,7,7,7,7,7,7,7,7,7,7,7,7,7,7,7,7,7,7,7,7,7,9),(0.,
    3.235816203233E-02,4.901967527985E-02,6.615700812759E-02,
    0.105812215839,0.127206863188,0.138450516705,0.150125834964,
    0.200084093987,0.213534627795,0.258837263251,0.271410706514,
    0.314865803198,0.348899787706,0.408180752625,0.43756654914,
    0.466826083581,0.5493104073,0.590908096971,0.633184210895,
    0.69507928355,0.717051442742,0.771463278947,0.81916081176,
    0.859696313487,0.890768295643,0.919401119059,0.960655122229,1.),
  .UNSPECIFIED.);
#2075 = CARTESIAN_POINT('',(8.658979376182,1.));
#2076 = CARTESIAN_POINT('',(8.732729268714,0.985555304049));
#2077 = CARTESIAN_POINT('',(8.817746786887,0.971141380959));
#2078 = CARTESIAN_POINT('',(8.913855423269,0.956768680944));
#2079 = CARTESIAN_POINT('',(9.020854417633,0.942447063683));
#2080 = CARTESIAN_POINT('',(9.138522177057,0.928185816202));
#2081 = CARTESIAN_POINT('',(9.266619696035,0.913993670746));
#2082 = CARTESIAN_POINT('',(9.404893976577,0.899878822658));
#2083 = CARTESIAN_POINT('',(9.629384531328,0.878624837752));
#2084 = CARTESIAN_POINT('',(9.708316042073,0.871423225228));
#2085 = CARTESIAN_POINT('',(9.789840868881,0.864245145698));
#2086 = CARTESIAN_POINT('',(9.873921763205,0.857091573507));
#2087 = CARTESIAN_POINT('',(9.960521433997,0.849963445062));
#2088 = CARTESIAN_POINT('',(10.049603451673,0.842861668032));
#2089 = CARTESIAN_POINT('',(10.141131961669,0.835787117042));
#2090 = CARTESIAN_POINT('',(10.331691142521,0.821492880621));
#2091 = CARTESIAN_POINT('',(10.430861449496,0.814274823226));
#2092 = CARTESIAN_POINT('',(10.532541503848,0.807087344512));
#2093 = CARTESIAN_POINT('',(10.636691749789,0.799931304781));
#2094 = CARTESIAN_POINT('',(10.743272823058,0.792807525368));
#2095 = CARTESIAN_POINT('',(10.852245673569,0.785716790235));
#2096 = CARTESIAN_POINT('',(10.963571688058,0.778659847553));
#2097 = CARTESIAN_POINT('',(11.340174525837,0.755387731671));
#2098 = CARTESIAN_POINT('',(11.615529130206,0.739323012673));
#2099 = CARTESIAN_POINT('',(11.90280831205,0.723451860918));
#2100 = CARTESIAN_POINT('',(12.201556359746,0.707782165978));
#2101 = CARTESIAN_POINT('',(12.511335470371,0.692321197521));
#2102 = CARTESIAN_POINT('',(12.831729935847,0.677075681863));
#2103 = CARTESIAN_POINT('',(13.162349208712,0.662051857912));
#2104 = CARTESIAN_POINT('',(13.686524842835,0.639272636888));
#2105 = CARTESIAN_POINT('',(13.873089197213,0.63135602235));
#2106 = CARTESIAN_POINT('',(14.062465210989,0.623506598294));
#2107 = CARTESIAN_POINT('',(14.254596799211,0.615725285491));
#2108 = CARTESIAN_POINT('',(14.44942941085,0.608012994048));
#2109 = CARTESIAN_POINT('',(14.646909948032,0.600370621351));
#2110 = CARTESIAN_POINT('',(14.846986685277,0.592799050008));
#2111 = CARTESIAN_POINT('',(15.156094572037,0.581357677497));
#2112 = CARTESIAN_POINT('',(15.263282845254,0.577436002376));
#2113 = CARTESIAN_POINT('',(15.37116810159,0.573534287695));
#2114 = CARTESIAN_POINT('',(15.479738378597,0.569652527265));
#2115 = CARTESIAN_POINT('',(15.58898451792,0.565790785258));
#2116 = CARTESIAN_POINT('',(15.698898220154,0.561949143362));
#2117 = CARTESIAN_POINT('',(15.809468619756,0.55812760625));
#2118 = CARTESIAN_POINT('',(16.036174659051,0.550378892123));
#2119 = CARTESIAN_POINT('',(16.152360912702,0.546453288211));
#2120 = CARTESIAN_POINT('',(16.269234723657,0.542549442848));
#2121 = CARTESIAN_POINT('',(16.386785353746,0.538667380524));
#2122 = CARTESIAN_POINT('',(16.5050020689,0.534807115956));
#2123 = CARTESIAN_POINT('',(16.623874139155,0.530968654092));
#2124 = CARTESIAN_POINT('',(16.743390838647,0.527151990105));
#2125 = CARTESIAN_POINT('',(17.377661490299,0.507118953895));
#2126 = CARTESIAN_POINT('',(17.903384560016,0.491279745153));
#2127 = CARTESIAN_POINT('',(18.439873185575,0.475838375018));
#2128 = CARTESIAN_POINT('',(18.986304005031,0.460790210043));
#2129 = CARTESIAN_POINT('',(19.541884150894,0.446127801052));
#2130 = CARTESIAN_POINT('',(20.105867680606,0.431841582408));
#2131 = CARTESIAN_POINT('',(20.677572050282,0.417920560972));
#2132 = CARTESIAN_POINT('',(21.412234183634,0.40070012513));
#2133 = CARTESIAN_POINT('',(21.568589714041,0.39707286763));
#2134 = CARTESIAN_POINT('',(21.725449280311,0.393470990432));
#2135 = CARTESIAN_POINT('',(21.882806651145,0.389894563526));
#2136 = CARTESIAN_POINT('',(22.040649078352,0.386343285201));
#2137 = CARTESIAN_POINT('',(22.198970396906,0.382817199949));
#2138 = CARTESIAN_POINT('',(22.357760647611,0.379316136891));
#2139 = CARTESIAN_POINT('',(23.053385234468,0.364132156528));
#2140 = CARTESIAN_POINT('',(23.594984013601,0.352707390919));
#2141 = CARTESIAN_POINT('',(24.141497939323,0.34156201006));
#2142 = CARTESIAN_POINT('',(24.692644847864,0.330693052305));
#2143 = CARTESIAN_POINT('',(25.248167858461,0.320098145137));
#2144 = CARTESIAN_POINT('',(25.807832938998,0.309775366844));
#2145 = CARTESIAN_POINT('',(26.37142699468,0.299723136316));
#2146 = CARTESIAN_POINT('',(27.096214981272,0.287224923338));
#2147 = CARTESIAN_POINT('',(27.253960831208,0.284530460742));
#2148 = CARTESIAN_POINT('',(27.411989761363,0.281856717368));
#2149 = CARTESIAN_POINT('',(27.570297577338,0.279203669088));
#2150 = CARTESIAN_POINT('',(27.728880158559,0.276571293483));
#2151 = CARTESIAN_POINT('',(27.887733458281,0.273959569836));
#2152 = CARTESIAN_POINT('',(28.04685350359,0.271368479139));
#2153 = CARTESIAN_POINT('',(28.757079853972,0.259914181295));
#2154 = CARTESIAN_POINT('',(29.31106230381,0.251276653971));
#2155 = CARTESIAN_POINT('',(29.868017592204,0.242884089527));
#2156 = CARTESIAN_POINT('',(30.427786613946,0.234735138115));
#2157 = CARTESIAN_POINT('',(30.990217423791,0.22682844674));
#2158 = CARTESIAN_POINT('',(31.555165348918,0.219162673369));
#2159 = CARTESIAN_POINT('',(32.122493101397,0.211736501049));
#2160 = CARTESIAN_POINT('',(33.138163596336,0.198919136451));
#2161 = CARTESIAN_POINT('',(33.585635679799,0.19343581906));
#2162 = CARTESIAN_POINT('',(34.034424501762,0.188098080962));
#2163 = CARTESIAN_POINT('',(34.484469734499,0.182905362113));
#2164 = CARTESIAN_POINT('',(34.935712377532,0.177857018729));
#2165 = CARTESIAN_POINT('',(35.388096783024,0.17295266876));
#2166 = CARTESIAN_POINT('',(35.84156747703,0.168191592459));
#2167 = CARTESIAN_POINT('',(37.087738285582,0.155529721415));
#2168 = CARTESIAN_POINT('',(37.882539604729,0.147919796437));
#2169 = CARTESIAN_POINT('',(38.680204188894,0.140741777818));
#2170 = CARTESIAN_POINT('',(39.480469643883,0.133994035973));
#2171 = CARTESIAN_POINT('',(40.283083680623,0.127675259713));
#2172 = CARTESIAN_POINT('',(41.087803866264,0.121784423314));
#2173 = CARTESIAN_POINT('',(41.894397375285,0.116320753588));
#2174 = CARTESIAN_POINT('',(43.10329000634,0.108786809096));
#2175 = CARTESIAN_POINT('',(43.504343941113,0.106394754428));
#2176 = CARTESIAN_POINT('',(43.905774918403,0.104107468544));
#2177 = CARTESIAN_POINT('',(44.307555646582,0.101924924614));
#2178 = CARTESIAN_POINT('',(44.709659144971,9.984704743428E-02));
#2179 = CARTESIAN_POINT('',(45.112058721645,9.787377580357E-02));
#2180 = CARTESIAN_POINT('',(45.514727962334,9.600511949071E-02));
#2181 = CARTESIAN_POINT('',(46.318822320059,9.248457426147E-02));
#2182 = CARTESIAN_POINT('',(46.72024523972,9.08317915223E-02));
#2183 = CARTESIAN_POINT('',(47.121883721125,8.928270332875E-02));
#2184 = CARTESIAN_POINT('',(47.523712099558,8.783731999361E-02));
#2185 = CARTESIAN_POINT('',(47.925704823132,8.649566764517E-02));
#2186 = CARTESIAN_POINT('',(48.327836452791,8.525778822722E-02));
#2187 = CARTESIAN_POINT('',(48.730081662314,8.412373949898E-02));
#2188 = CARTESIAN_POINT('',(50.266616911659,8.018955807595E-02));
#2189 = CARTESIAN_POINT('',(51.401509528945,7.811128655026E-02));
#2190 = CARTESIAN_POINT('',(52.536542561679,7.68603405351E-02));
#2191 = CARTESIAN_POINT('',(53.671148565328,7.643944924963E-02));
#2192 = CARTESIAN_POINT('',(54.804756863557,7.685212260334E-02));
#2193 = CARTESIAN_POINT('',(55.936775091972,7.810296784988E-02));
#2194 = CARTESIAN_POINT('',(57.066603401419,8.019741369491E-02));
#2195 = CARTESIAN_POINT('',(58.761995660569,8.462697359709E-02));
#2196 = CARTESIAN_POINT('',(59.329648175387,8.632816153647E-02));
#2197 = CARTESIAN_POINT('',(59.896503971497,8.824636977818E-02));
#2198 = CARTESIAN_POINT('',(60.462479565211,9.038252620939E-02));
#2199 = CARTESIAN_POINT('',(61.027490520379,9.273754966134E-02));
#2200 = CARTESIAN_POINT('',(61.591450269008,9.53124078041E-02));
#2201 = CARTESIAN_POINT('',(62.154268705701,9.810818605084E-02));
#2202 = CARTESIAN_POINT('',(63.28659840798,0.104193026408));
#2203 = CARTESIAN_POINT('',(63.856068057007,0.107489385879));
#2204 = CARTESIAN_POINT('',(64.424166576228,0.111016256936));
#2205 = CARTESIAN_POINT('',(64.990793551373,0.114774881962));
#2206 = CARTESIAN_POINT('',(65.555844549248,0.118766566353));
#2207 = CARTESIAN_POINT('',(66.11921108399,0.122992680439));
#2208 = CARTESIAN_POINT('',(66.680780583316,0.127454661424));
#2209 = CARTESIAN_POINT('',(68.059810025198,0.139034185295));
#2210 = CARTESIAN_POINT('',(68.875074551835,0.146423104012));
#2211 = CARTESIAN_POINT('',(69.685868791579,0.154325550711));
#2212 = CARTESIAN_POINT('',(70.491804455646,0.162746418481));
#2213 = CARTESIAN_POINT('',(71.292459819314,0.171691007016));
#2214 = CARTESIAN_POINT('',(72.087385991061,0.181164702135));
#2215 = CARTESIAN_POINT('',(72.876101417867,0.191173246469));
#2216 = CARTESIAN_POINT('',(73.935693156253,0.205467635032));
#2217 = CARTESIAN_POINT('',(74.21244483513,0.209280737477));
#2218 = CARTESIAN_POINT('',(74.488325233146,0.213162259036));
#2219 = CARTESIAN_POINT('',(74.763310451028,0.217112466261));
#2220 = CARTESIAN_POINT('',(75.037375824835,0.221131630848));
#2221 = CARTESIAN_POINT('',(75.310495943253,0.225220029078));
#2222 = CARTESIAN_POINT('',(75.582644807887,0.229377935561));
#2223 = CARTESIAN_POINT('',(76.525275054562,0.244075023763));
#2224 = CARTESIAN_POINT('',(77.190630196263,0.254972210799));
#2225 = CARTESIAN_POINT('',(77.8494659024,0.266301383331));
#2226 = CARTESIAN_POINT('',(78.50135046652,0.278066705836));
#2227 = CARTESIAN_POINT('',(79.145815602838,0.290272304906));
#2228 = CARTESIAN_POINT('',(79.782355914109,0.302922277831));
#2229 = CARTESIAN_POINT('',(80.410428359509,0.316020701185));
#2230 = CARTESIAN_POINT('',(81.572088935811,0.341450421055));
#2231 = CARTESIAN_POINT('',(82.107763405863,0.353676748207));
#2232 = CARTESIAN_POINT('',(82.636085977392,0.366253316288));
#2233 = CARTESIAN_POINT('',(83.156628143539,0.379182815655));
#2234 = CARTESIAN_POINT('',(83.668936610508,0.392467327463));
#2235 = CARTESIAN_POINT('',(84.172521048492,0.406108864493));
#2236 = CARTESIAN_POINT('',(84.666861336296,0.420109003075));
#2237 = CARTESIAN_POINT('',(85.563190974376,0.446672819596));
#2238 = CARTESIAN_POINT('',(85.967895882012,0.459136363714));
#2239 = CARTESIAN_POINT('',(86.365179813007,0.471860422392));
#2240 = CARTESIAN_POINT('',(86.754679887398,0.484845385973));
#2241 = CARTESIAN_POINT('',(87.136010609149,0.498091239071));
#2242 = CARTESIAN_POINT('',(87.508764735724,0.511597527278));
#2243 = CARTESIAN_POINT('',(87.872514147673,0.52536332386));
#2244 = CARTESIAN_POINT('',(88.498392325645,0.550137020715));
#2245 = CARTESIAN_POINT('',(88.764417066904,0.561038400955));
#2246 = CARTESIAN_POINT('',(89.024683540241,0.572090657968));
#2247 = CARTESIAN_POINT('',(89.27898640934,0.58329267698));
#2248 = CARTESIAN_POINT('',(89.5271025742,0.594643368053));
#2249 = CARTESIAN_POINT('',(89.768808330587,0.606141111512));
#2250 = CARTESIAN_POINT('',(90.003866913686,0.617784177146));
#2251 = CARTESIAN_POINT('',(90.442295931681,0.640431473983));
#2252 = CARTESIAN_POINT('',(90.646704432964,0.651414065291));
#2253 = CARTESIAN_POINT('',(90.845073328019,0.662516537877));
#2254 = CARTESIAN_POINT('',(91.037207106324,0.673736934104));
#2255 = CARTESIAN_POINT('',(91.222905427041,0.68507298798));
#2256 = CARTESIAN_POINT('',(91.401964489664,0.696522100561));
#2257 = CARTESIAN_POINT('',(91.574178404689,0.708081315344));
#2258 = CARTESIAN_POINT('',(91.977305230037,0.736555566455));
#2259 = CARTESIAN_POINT('',(92.200634627388,0.753585697041));
#2260 = CARTESIAN_POINT('',(92.408705506587,0.770827344674));
#2261 = CARTESIAN_POINT('',(92.600895414555,0.788268523934));
#2262 = CARTESIAN_POINT('',(92.776593925817,0.805895476934));
#2263 = CARTESIAN_POINT('',(92.935216306477,0.823692521597));
#2264 = CARTESIAN_POINT('',(93.076219611225,0.841641876036));
#2265 = CARTESIAN_POINT('',(93.316335256669,0.876968274457));
#2266 = CARTESIAN_POINT('',(93.417089113915,0.894334079118));
#2267 = CARTESIAN_POINT('',(93.500957839765,0.911802899223));
#2268 = CARTESIAN_POINT('',(93.567576646243,0.929355878109));
#2269 = CARTESIAN_POINT('',(93.616647559497,0.946973252031));
#2270 = CARTESIAN_POINT('',(93.647946650526,0.96463432625));
#2271 = CARTESIAN_POINT('',(93.661331839906,0.982317451369));
#2272 = CARTESIAN_POINT('',(93.65675127649,0.999999999933));
#2273 = ( GEOMETRIC_REPRESENTATION_CONTEXT(2) 
PARAMETRIC_REPRESENTATION_CONTEXT() REPRESENTATION_CONTEXT('2D SPACE',''
  ) );
#2274 = PCURVE('',#1603,#2275);
#2275 = DEFINITIONAL_REPRESENTATION('',(#2276),#2475);
#2276 = B_SPLINE_CURVE_WITH_KNOTS('',8,(#2277,#2278,#2279,#2280,#2281,
    #2282,#2283,#2284,#2285,#2286,#2287,#2288,#2289,#2290,#2291,#2292,
    #2293,#2294,#2295,#2296,#2297,#2298,#2299,#2300,#2301,#2302,#2303,
    #2304,#2305,#2306,#2307,#2308,#2309,#2310,#2311,#2312,#2313,#2314,
    #2315,#2316,#2317,#2318,#2319,#2320,#2321,#2322,#2323,#2324,#2325,
    #2326,#2327,#2328,#2329,#2330,#2331,#2332,#2333,#2334,#2335,#2336,
    #2337,#2338,#2339,#2340,#2341,#2342,#2343,#2344,#2345,#2346,#2347,
    #2348,#2349,#2350,#2351,#2352,#2353,#2354,#2355,#2356,#2357,#2358,
    #2359,#2360,#2361,#2362,#2363,#2364,#2365,#2366,#2367,#2368,#2369,
    #2370,#2371,#2372,#2373,#2374,#2375,#2376,#2377,#2378,#2379,#2380,
    #2381,#2382,#2383,#2384,#2385,#2386,#2387,#2388,#2389,#2390,#2391,
    #2392,#2393,#2394,#2395,#2396,#2397,#2398,#2399,#2400,#2401,#2402,
    #2403,#2404,#2405,#2406,#2407,#2408,#2409,#2410,#2411,#2412,#2413,
    #2414,#2415,#2416,#2417,#2418,#2419,#2420,#2421,#2422,#2423,#2424,
    #2425,#2426,#2427,#2428,#2429,#2430,#2431,#2432,#2433,#2434,#2435,
    #2436,#2437,#2438,#2439,#2440,#2441,#2442,#2443,#2444,#2445,#2446,
    #2447,#2448,#2449,#2450,#2451,#2452,#2453,#2454,#2455,#2456,#2457,
    #2458,#2459,#2460,#2461,#2462,#2463,#2464,#2465,#2466,#2467,#2468,
    #2469,#2470,#2471,#2472,#2473,#2474),.UNSPECIFIED.,.F.,.F.,(9,7,7,7,
    7,7,7,7,7,7,7,7,7,7,7,7,7,7,7,7,7,7,7,7,7,7,7,7,9),(0.,
    3.235816203233E-02,4.901967527985E-02,6.615700812759E-02,
    0.105812215839,0.127206863188,0.138450516705,0.150125834964,
    0.200084093987,0.213534627795,0.258837263251,0.271410706514,
    0.314865803198,0.348899787706,0.408180752625,0.43756654914,
    0.466826083581,0.5493104073,0.590908096971,0.633184210895,
    0.69507928355,0.717051442742,0.771463278947,0.81916081176,
    0.859696313487,0.890768295643,0.919401119059,0.960655122229,1.),
  .UNSPECIFIED.);
#2277 = CARTESIAN_POINT('',(3.14159265359,0.640286264431));
#2278 = CARTESIAN_POINT('',(3.15698089919,0.640239678355));
#2279 = CARTESIAN_POINT('',(3.172336335594,0.640186621077));
#2280 = CARTESIAN_POINT('',(3.187653384031,0.64012518644));
#2281 = CARTESIAN_POINT('',(3.202926979677,0.640053104222));
#2282 = CARTESIAN_POINT('',(3.218152522112,0.639967870041));
#2283 = CARTESIAN_POINT('',(3.233325825779,0.639866875265));
#2284 = CARTESIAN_POINT('',(3.248443070437,0.639747536919));
#2285 = CARTESIAN_POINT('',(3.271254089233,0.639535284025));
#2286 = CARTESIAN_POINT('',(3.278991668071,0.639457360953));
#2287 = CARTESIAN_POINT('',(3.286713027477,0.639374504233));
#2288 = CARTESIAN_POINT('',(3.294417749762,0.639284949178));
#2289 = CARTESIAN_POINT('',(3.302105443101,0.639187815395));
#2290 = CARTESIAN_POINT('',(3.309775734936,0.639084505324));
#2291 = CARTESIAN_POINT('',(3.317428275922,0.638978006481));
#2292 = CARTESIAN_POINT('',(3.33291525834,0.638759106666));
#2293 = CARTESIAN_POINT('',(3.34074865015,0.638646737332));
#2294 = CARTESIAN_POINT('',(3.348562586997,0.638535592735));
#2295 = CARTESIAN_POINT('',(3.356356753682,0.638428883076));
#2296 = CARTESIAN_POINT('',(3.364130861919,0.638330485882));
#2297 = CARTESIAN_POINT('',(3.371884649628,0.638245006481));
#2298 = CARTESIAN_POINT('',(3.379617880225,0.63817783846));
#2299 = CARTESIAN_POINT('',(3.405176717022,0.638036616023));
#2300 = CARTESIAN_POINT('',(3.422911668527,0.63806947034));
#2301 = CARTESIAN_POINT('',(3.440532835324,0.638311135699));
#2302 = CARTESIAN_POINT('',(3.458038285997,0.638863119396));
#2303 = CARTESIAN_POINT('',(3.475426499863,0.639855036191));
#2304 = CARTESIAN_POINT('',(3.492696375498,0.641447794419));
#2305 = CARTESIAN_POINT('',(3.509847266744,0.643836019428));
#2306 = CARTESIAN_POINT('',(3.536067975911,0.649091459783));
#2307 = CARTESIAN_POINT('',(3.545222180731,0.651231693832));
#2308 = CARTESIAN_POINT('',(3.554341614855,0.65370648936));
#2309 = CARTESIAN_POINT('',(3.563426242361,0.656554947994));
#2310 = CARTESIAN_POINT('',(3.572476040742,0.659819196469));
#2311 = CARTESIAN_POINT('',(3.581491004413,0.663544382982));
#2312 = CARTESIAN_POINT('',(3.590471148227,0.667778673552));
#2313 = CARTESIAN_POINT('',(3.604117619523,0.675092969186));
#2314 = CARTESIAN_POINT('',(3.608809119917,0.677767097931));
#2315 = CARTESIAN_POINT('',(3.613490994767,0.68060673443));
#2316 = CARTESIAN_POINT('',(3.61816332205,0.6836077435));
#2317 = CARTESIAN_POINT('',(3.622826140565,0.686772721018));
#2318 = CARTESIAN_POINT('',(3.627479478747,0.690106197184));
#2319 = CARTESIAN_POINT('',(3.632123406709,0.693606120915));
#2320 = CARTESIAN_POINT('',(3.641570465644,0.701084060045));
#2321 = CARTESIAN_POINT('',(3.646372866487,0.705074992838));
#2322 = CARTESIAN_POINT('',(3.651165236686,0.709248350839));
#2323 = CARTESIAN_POINT('',(3.655947643538,0.713604596398));
#2324 = CARTESIAN_POINT('',(3.660720158876,0.718143771049));
#2325 = CARTESIAN_POINT('',(3.665482859076,0.722865495503));
#2326 = CARTESIAN_POINT('',(3.670235825051,0.727768969655));
#2327 = CARTESIAN_POINT('',(3.695275622783,0.754607234797));
#2328 = CARTESIAN_POINT('',(3.715395300243,0.779666332265));
#2329 = CARTESIAN_POINT('',(3.735344830312,0.807934665912));
#2330 = CARTESIAN_POINT('',(3.7551326006,0.839168321508));
#2331 = CARTESIAN_POINT('',(3.774767975259,0.872975072502));
#2332 = CARTESIAN_POINT('',(3.794260760984,0.908821590536));
#2333 = CARTESIAN_POINT('',(3.813620894429,0.946047863663));
#2334 = CARTESIAN_POINT('',(3.838037756087,0.994076949348));
#2335 = CARTESIAN_POINT('',(3.843208275684,1.00430914247));
#2336 = CARTESIAN_POINT('',(3.848370102954,1.01456997954));
#2337 = CARTESIAN_POINT('',(3.8535232731,1.024869507291));
#2338 = CARTESIAN_POINT('',(3.858668011394,1.035186178995));
#2339 = CARTESIAN_POINT('',(3.863804363944,1.045527796497));
#2340 = CARTESIAN_POINT('',(3.868932485405,1.055883716477));
#2341 = CARTESIAN_POINT('',(3.891297094069,1.101172458901));
#2342 = CARTESIAN_POINT('',(3.908449389864,1.136227748298));
#2343 = CARTESIAN_POINT('',(3.925513950686,1.171262882767));
#2344 = CARTESIAN_POINT('',(3.942494669321,1.206161758147));
#2345 = CARTESIAN_POINT('',(3.959394980858,1.240846807074));
#2346 = CARTESIAN_POINT('',(3.976218049493,1.275277989622));
#2347 = CARTESIAN_POINT('',(3.992966909563,1.309450918944));
#2348 = CARTESIAN_POINT('',(4.014273331303,1.352814830745));
#2349 = CARTESIAN_POINT('',(4.018896605269,1.362217816882));
#2350 = CARTESIAN_POINT('',(4.023514442695,1.37160369229));
#2351 = CARTESIAN_POINT('',(4.028126902694,1.380973254425));
#2352 = CARTESIAN_POINT('',(4.032734043514,1.390327486247));
#2353 = CARTESIAN_POINT('',(4.037335922539,1.399667556223));
#2354 = CARTESIAN_POINT('',(4.041932596286,1.408994818328));
#2355 = CARTESIAN_POINT('',(4.062392894022,1.450507832309));
#2356 = CARTESIAN_POINT('',(4.078200114275,1.482573744048));
#2357 = CARTESIAN_POINT('',(4.093948399815,1.51451240396));
#2358 = CARTESIAN_POINT('',(4.109640323305,1.546319855303));
#2359 = CARTESIAN_POINT('',(4.125278419175,1.577984965308));
#2360 = CARTESIAN_POINT('',(4.14086519138,1.609490062603));
#2361 = CARTESIAN_POINT('',(4.156403121143,1.640811574627));
#2362 = CARTESIAN_POINT('',(4.184027642643,1.696285270866));
#2363 = CARTESIAN_POINT('',(4.19613214199,1.720519641791));
#2364 = CARTESIAN_POINT('',(4.208209354558,1.744608821514));
#2365 = CARTESIAN_POINT('',(4.220260427213,1.768541502422));
#2366 = CARTESIAN_POINT('',(4.232286520331,1.792287685248));
#2367 = CARTESIAN_POINT('',(4.244288694376,1.815850659535));
#2368 = CARTESIAN_POINT('',(4.256268133077,1.839179171916));
#2369 = CARTESIAN_POINT('',(4.289053979246,1.902523089608));
#2370 = CARTESIAN_POINT('',(4.309816125635,1.942073375633));
#2371 = CARTESIAN_POINT('',(4.330517890479,1.980896686282));
#2372 = CARTESIAN_POINT('',(4.351164654987,2.018964334385));
#2373 = CARTESIAN_POINT('',(4.371761643677,2.05625421633));
#2374 = CARTESIAN_POINT('',(4.392313996031,2.092749839422));
#2375 = CARTESIAN_POINT('',(4.412826838153,2.128439349239));
#2376 = CARTESIAN_POINT('',(4.443456631692,2.180602328196));
#2377 = CARTESIAN_POINT('',(4.453599455137,2.197689846115));
#2378 = CARTESIAN_POINT('',(4.463734444366,2.214575750974));
#2379 = CARTESIAN_POINT('',(4.473862210027,2.231263657924));
#2380 = CARTESIAN_POINT('',(4.483983379986,2.247744960226));
#2381 = CARTESIAN_POINT('',(4.494098579879,2.264010411753));
#2382 = CARTESIAN_POINT('',(4.504208416586,2.28006108592));
#2383 = CARTESIAN_POINT('',(4.524375191203,2.311649521277));
#2384 = CARTESIAN_POINT('',(4.534432167661,2.327189723555));
#2385 = CARTESIAN_POINT('',(4.544485049858,2.342505139147));
#2386 = CARTESIAN_POINT('',(4.554534444803,2.357591036166));
#2387 = CARTESIAN_POINT('',(4.564580959233,2.372442726716));
#2388 = CARTESIAN_POINT('',(4.57462519961,2.387055566894));
#2389 = CARTESIAN_POINT('',(4.584667772122,2.401424956787));
#2390 = CARTESIAN_POINT('',(4.623016883045,2.455355339688));
#2391 = CARTESIAN_POINT('',(4.651315778656,2.493193687922));
#2392 = CARTESIAN_POINT('',(4.679619933277,2.528955347152));
#2393 = CARTESIAN_POINT('',(4.707943066473,2.562560752647));
#2394 = CARTESIAN_POINT('',(4.736298699789,2.593885015741));
#2395 = CARTESIAN_POINT('',(4.764700706733,2.62285967373));
#2396 = CARTESIAN_POINT('',(4.793163334597,2.649393254962));
#2397 = CARTESIAN_POINT('',(4.836093782483,2.685528759952));
#2398 = CARTESIAN_POINT('',(4.850505098953,2.697004640589));
#2399 = CARTESIAN_POINT('',(4.864937466043,2.707827530045));
#2400 = CARTESIAN_POINT('',(4.879392794239,2.718001569097));
#2401 = CARTESIAN_POINT('',(4.893872998907,2.727507923128));
#2402 = CARTESIAN_POINT('',(4.908380019402,2.736323901928));
#2403 = CARTESIAN_POINT('',(4.922915842243,2.74444571089));
#2404 = CARTESIAN_POINT('',(4.952286719721,2.759390271582));
#2405 = CARTESIAN_POINT('',(4.967122761513,2.766190316808));
#2406 = CARTESIAN_POINT('',(4.981992757179,2.772245073846));
#2407 = CARTESIAN_POINT('',(4.996898857163,2.777542849791));
#2408 = CARTESIAN_POINT('',(5.011843239139,2.782072958077));
#2409 = CARTESIAN_POINT('',(5.026828120711,2.785825805165));
#2410 = CARTESIAN_POINT('',(5.04185577211,2.788792977239));
#2411 = CARTESIAN_POINT('',(5.078996058058,2.794150720952));
#2412 = CARTESIAN_POINT('',(5.1011600801,2.795634644696));
#2413 = CARTESIAN_POINT('',(5.123428077656,2.795403169243));
#2414 = CARTESIAN_POINT('',(5.145807489908,2.793393974463));
#2415 = CARTESIAN_POINT('',(5.168305925502,2.789613760173));
#2416 = CARTESIAN_POINT('',(5.190931138207,2.784022011945));
#2417 = CARTESIAN_POINT('',(5.213691232667,2.77662010739));
#2418 = CARTESIAN_POINT('',(5.24472531058,2.764131867278));
#2419 = CARTESIAN_POINT('',(5.252873903266,2.760631497816));
#2420 = CARTESIAN_POINT('',(5.261040925158,2.756902605118));
#2421 = CARTESIAN_POINT('',(5.269226750533,2.752944853496));
#2422 = CARTESIAN_POINT('',(5.277431758239,2.748758748907));
#2423 = CARTESIAN_POINT('',(5.285656332011,2.744345451729));
#2424 = CARTESIAN_POINT('',(5.293900856477,2.739705140494));
#2425 = CARTESIAN_POINT('',(5.322632782202,2.722770856588));
#2426 = CARTESIAN_POINT('',(5.343224336077,2.709295301711));
#2427 = CARTESIAN_POINT('',(5.363946424521,2.694383246877));
#2428 = CARTESIAN_POINT('',(5.384804985985,2.678022528021));
#2429 = CARTESIAN_POINT('',(5.405805939321,2.660213680466));
#2430 = CARTESIAN_POINT('',(5.426955279766,2.640970787318));
#2431 = CARTESIAN_POINT('',(5.448259174935,2.620322327862));
#2432 = CARTESIAN_POINT('',(5.488540225989,2.579017747882));
#2433 = CARTESIAN_POINT('',(5.507479804491,2.558678794122));
#2434 = CARTESIAN_POINT('',(5.526547124411,2.537313126639));
#2435 = CARTESIAN_POINT('',(5.545746465666,2.514995165129));
#2436 = CARTESIAN_POINT('',(5.565081728694,2.4917224679));
#2437 = CARTESIAN_POINT('',(5.584556826519,2.467563257766));
#2438 = CARTESIAN_POINT('',(5.604175558089,2.442556976617));
#2439 = CARTESIAN_POINT('',(5.640739930842,2.394840468666));
#2440 = CARTESIAN_POINT('',(5.657644381435,2.372349402958));
#2441 = CARTESIAN_POINT('',(5.674657417012,2.34932335086));
#2442 = CARTESIAN_POINT('',(5.691781091965,2.325800679212));
#2443 = CARTESIAN_POINT('',(5.709017210283,2.301824071637));
#2444 = CARTESIAN_POINT('',(5.726367344204,2.277440920392));
#2445 = CARTESIAN_POINT('',(5.74383285287,2.252703718219));
#2446 = CARTESIAN_POINT('',(5.774892200167,2.208481511517));
#2447 = CARTESIAN_POINT('',(5.78843786656,2.189119765371));
#2448 = CARTESIAN_POINT('',(5.80205239038,2.169609492138));
#2449 = CARTESIAN_POINT('',(5.81573595244,2.149950872499));
#2450 = CARTESIAN_POINT('',(5.829488790166,2.130193596539));
#2451 = CARTESIAN_POINT('',(5.843310787033,2.110353992233));
#2452 = CARTESIAN_POINT('',(5.857201812995,2.090479966516));
#2453 = CARTESIAN_POINT('',(5.884025368612,2.052304288699));
#2454 = CARTESIAN_POINT('',(5.896947491326,2.034002091022));
#2455 = CARTESIAN_POINT('',(5.909927582472,2.015739757123));
#2456 = CARTESIAN_POINT('',(5.922965164852,1.997554707008));
#2457 = CARTESIAN_POINT('',(5.936059568701,1.979486912924));
#2458 = CARTESIAN_POINT('',(5.949209919876,1.961578061877));
#2459 = CARTESIAN_POINT('',(5.962415128042,1.943870718154));
#2460 = CARTESIAN_POINT('',(5.994776999117,1.901246563675));
#2461 = CARTESIAN_POINT('',(6.01399152201,1.87659204704));
#2462 = CARTESIAN_POINT('',(6.033313088106,1.85257164782));
#2463 = CARTESIAN_POINT('',(6.052736360548,1.829313216289));
#2464 = CARTESIAN_POINT('',(6.07225495945,1.806938245752));
#2465 = CARTESIAN_POINT('',(6.091861319181,1.785556434013));
#2466 = CARTESIAN_POINT('',(6.11154646453,1.765261301633));
#2467 = CARTESIAN_POINT('',(6.150138819592,1.727877923062));
#2468 = CARTESIAN_POINT('',(6.169040654134,1.710683990684));
#2469 = CARTESIAN_POINT('',(6.187995319256,1.694610218084));
#2470 = CARTESIAN_POINT('',(6.206992631452,1.679704492373));
#2471 = CARTESIAN_POINT('',(6.226021964648,1.665996050519));
#2472 = CARTESIAN_POINT('',(6.245072074199,1.653495619096));
#2473 = CARTESIAN_POINT('',(6.264130894067,1.642197082825));
#2474 = CARTESIAN_POINT('',(6.28318530718,1.632080681912));
#2475 = ( GEOMETRIC_REPRESENTATION_CONTEXT(2) 
PARAMETRIC_REPRESENTATION_CONTEXT() REPRESENTATION_CONTEXT('2D SPACE',''
  ) );
#2476 = ORIENTED_EDGE('',*,*,#2477,.T.);
#2477 = EDGE_CURVE('',#1870,#2478,#2480,.T.);
#2478 = VERTEX_POINT('',#2479);
#2479 = CARTESIAN_POINT('',(-28.79144776436,33.531575046966,
    13.333681984488));
#2480 = SURFACE_CURVE('',#2481,(#2540,#2602),.PCURVE_S1.);
#2481 = B_SPLINE_CURVE_WITH_KNOTS('',8,(#2482,#2483,#2484,#2485,#2486,
    #2487,#2488,#2489,#2490,#2491,#2492,#2493,#2494,#2495,#2496,#2497,
    #2498,#2499,#2500,#2501,#2502,#2503,#2504,#2505,#2506,#2507,#2508,
    #2509,#2510,#2511,#2512,#2513,#2514,#2515,#2516,#2517,#2518,#2519,
    #2520,#2521,#2522,#2523,#2524,#2525,#2526,#2527,#2528,#2529,#2530,
    #2531,#2532,#2533,#2534,#2535,#2536,#2537,#2538,#2539),
  .UNSPECIFIED.,.F.,.F.,(9,7,7,7,7,7,7,7,9),(0.,0.103703325558,
    0.167823976971,0.316208367537,0.506299363143,0.756613245232,
    0.838151087592,0.902632495032,1.),.UNSPECIFIED.);
#2482 = CARTESIAN_POINT('',(-22.58434126066,34.62579187895,
    13.237232387579));
#2483 = CARTESIAN_POINT('',(-22.58434126066,34.467577500508,
    13.239660745572));
#2484 = CARTESIAN_POINT('',(-22.59328150912,34.309084630697,
    13.242284740866));
#2485 = CARTESIAN_POINT('',(-22.61121545838,34.151605709292,
    13.245086788258));
#2486 = CARTESIAN_POINT('',(-22.63793226038,33.996264574941,
    13.248044740874));
#2487 = CARTESIAN_POINT('',(-22.67303161192,33.84403100753,
    13.251133296399));
#2488 = CARTESIAN_POINT('',(-22.71597988026,33.695732424633,
    13.254325277156));
#2489 = CARTESIAN_POINT('',(-22.76614750877,33.552062732077,
    13.257592784045));
#2490 = CARTESIAN_POINT('',(-22.85787355084,33.327968422893,
    13.262958189343));
#2491 = CARTESIAN_POINT('',(-22.89542729907,33.244291316697,
    13.265027524644));
#2492 = CARTESIAN_POINT('',(-22.9353404255,33.162659463936,
    13.267110556287));
#2493 = CARTESIAN_POINT('',(-22.97746426739,33.083151217762,
    13.269201959385));
#2494 = CARTESIAN_POINT('',(-23.02165273414,33.005823540233,
    13.271296794417));
#2495 = CARTESIAN_POINT('',(-23.06776501991,32.930714711995,
    13.273390543534));
#2496 = CARTESIAN_POINT('',(-23.11566831636,32.857847041967,
    13.275479146874));
#2497 = CARTESIAN_POINT('',(-23.27995773188,32.623810627454,
    13.282372207485));
#2498 = CARTESIAN_POINT('',(-23.40352917674,32.472558731813,
    13.287135254234));
#2499 = CARTESIAN_POINT('',(-23.53452039628,32.333403810606,
    13.291808339216));
#2500 = CARTESIAN_POINT('',(-23.671671896,32.206175560552,
    13.296358351312));
#2501 = CARTESIAN_POINT('',(-23.81389952394,32.090613452174,
    13.300759268553));
#2502 = CARTESIAN_POINT('',(-23.96030142074,31.98639014898,
    13.304991930137));
#2503 = CARTESIAN_POINT('',(-24.11017154633,31.893148348248,
    13.309043220094));
#2504 = CARTESIAN_POINT('',(-24.4588292845,31.704738000305,
    13.317851446067));
#2505 = CARTESIAN_POINT('',(-24.65930610598,31.616512386353,
    13.322481120461));
#2506 = CARTESIAN_POINT('',(-24.86331218908,31.545146368139,
    13.326774891301));
#2507 = CARTESIAN_POINT('',(-25.06984663279,31.490154115869,
    13.330716650146));
#2508 = CARTESIAN_POINT('',(-25.2780176038,31.451165061391,
    13.334294059333));
#2509 = CARTESIAN_POINT('',(-25.48703498841,31.427897485482,
    13.337498252533));
#2510 = CARTESIAN_POINT('',(-25.69621100875,31.420192163635,
    13.340322621473));
#2511 = CARTESIAN_POINT('',(-26.17983372451,31.438433888738,
    13.345972252038));
#2512 = CARTESIAN_POINT('',(-26.45336276535,31.475794147606,
    13.348507278457));
#2513 = CARTESIAN_POINT('',(-26.72453043887,31.539990953068,
    13.350361455099));
#2514 = CARTESIAN_POINT('',(-26.9917686853,31.631582576701,
    13.351516930117));
#2515 = CARTESIAN_POINT('',(-27.25304467013,31.751315471985,
    13.351955284303));
#2516 = CARTESIAN_POINT('',(-27.50577773832,31.900252947739,
    13.351657307437));
#2517 = CARTESIAN_POINT('',(-27.74693292006,32.079437241637,
    13.350609986978));
#2518 = CARTESIAN_POINT('',(-28.0461531826,32.359879237667,
    13.348192316796));
#2519 = CARTESIAN_POINT('',(-28.1179842309,32.432172225734,
    13.34751630845));
#2520 = CARTESIAN_POINT('',(-28.18797712749,32.507899369233,
    13.346757720566));
#2521 = CARTESIAN_POINT('',(-28.25595974441,32.587099598164,
    13.345916062335));
#2522 = CARTESIAN_POINT('',(-28.32173865854,32.669800470699,
    13.34499101771));
#2523 = CARTESIAN_POINT('',(-28.38510089215,32.756015220549,
    13.343982504578));
#2524 = CARTESIAN_POINT('',(-28.44581565359,32.845739804333,
    13.342890733933));
#2525 = CARTESIAN_POINT('',(-28.54936137837,33.012661996477,
    13.340787483741));
#2526 = CARTESIAN_POINT('',(-28.59327330165,33.088548861479,
    13.339807040108));
#2527 = CARTESIAN_POINT('',(-28.63524854668,33.166594358834,
    13.338775257489));
#2528 = CARTESIAN_POINT('',(-28.67515364566,33.246768168824,
    13.337692682117));
#2529 = CARTESIAN_POINT('',(-28.71284790658,33.329023218917,
    13.33656013101));
#2530 = CARTESIAN_POINT('',(-28.74818635572,33.41329306555,
    13.335378735862));
#2531 = CARTESIAN_POINT('',(-28.78102268012,33.499489275904,
    13.334149986948));
#2532 = CARTESIAN_POINT('',(-28.85679857137,33.720393996993,
    13.330951708553));
#2533 = CARTESIAN_POINT('',(-28.89637741302,33.857502062474,
    13.328922852645));
#2534 = CARTESIAN_POINT('',(-28.92940241134,33.998335884952,
    13.326797024384));
#2535 = CARTESIAN_POINT('',(-28.95538646461,34.142309506063,
    13.32458394178));
#2536 = CARTESIAN_POINT('',(-28.97391728246,34.288732914989,
    13.322295058971));
#2537 = CARTESIAN_POINT('',(-28.98468697459,34.436804816025,
    13.319943568336));
#2538 = CARTESIAN_POINT('',(-28.98753559891,34.585603378979,
    13.317544571491));
#2539 = CARTESIAN_POINT('',(-28.98250866899,34.734074972413,
    13.315115419184));
#2540 = PCURVE('',#144,#2541);
#2541 = DEFINITIONAL_REPRESENTATION('',(#2542),#2601);
#2542 = B_SPLINE_CURVE_WITH_KNOTS('',8,(#2543,#2544,#2545,#2546,#2547,
    #2548,#2549,#2550,#2551,#2552,#2553,#2554,#2555,#2556,#2557,#2558,
    #2559,#2560,#2561,#2562,#2563,#2564,#2565,#2566,#2567,#2568,#2569,
    #2570,#2571,#2572,#2573,#2574,#2575,#2576,#2577,#2578,#2579,#2580,
    #2581,#2582,#2583,#2584,#2585,#2586,#2587,#2588,#2589,#2590,#2591,
    #2592,#2593,#2594,#2595,#2596,#2597,#2598,#2599,#2600),
  .UNSPECIFIED.,.F.,.F.,(9,7,7,7,7,7,7,7,9),(0.,0.103703325558,
    0.167823976971,0.316208367537,0.506299363143,0.756613245232,
    0.838151087592,0.902632495032,1.),.UNSPECIFIED.);
#2543 = CARTESIAN_POINT('',(81.192242760315,0.246280956749));
#2544 = CARTESIAN_POINT('',(81.196273799942,0.242613918195));
#2545 = CARTESIAN_POINT('',(81.191251594721,0.238940424863));
#2546 = CARTESIAN_POINT('',(81.177096036619,0.235290432479));
#2547 = CARTESIAN_POINT('',(81.15399929767,0.231689988989));
#2548 = CARTESIAN_POINT('',(81.122348731388,0.22816157162));
#2549 = CARTESIAN_POINT('',(81.082669124454,0.22472435797));
#2550 = CARTESIAN_POINT('',(81.035584298662,0.221394431153));
#2551 = CARTESIAN_POINT('',(80.948541574582,0.216200450177));
#2552 = CARTESIAN_POINT('',(80.912705889523,0.214261010933));
#2553 = CARTESIAN_POINT('',(80.874439430285,0.212368975871));
#2554 = CARTESIAN_POINT('',(80.833891177859,0.210526161033));
#2555 = CARTESIAN_POINT('',(80.791207878709,0.208733886667));
#2556 = CARTESIAN_POINT('',(80.746531251584,0.206993040028));
#2557 = CARTESIAN_POINT('',(80.699995194339,0.205304138184));
#2558 = CARTESIAN_POINT('',(80.540014183139,0.199879722504));
#2559 = CARTESIAN_POINT('',(80.419088954026,0.196374057986));
#2560 = CARTESIAN_POINT('',(80.290400281589,0.193148772989));
#2561 = CARTESIAN_POINT('',(80.155223462179,0.190199920282));
#2562 = CARTESIAN_POINT('',(80.014656649217,0.187521461402));
#2563 = CARTESIAN_POINT('',(79.869614153357,0.185105809456));
#2564 = CARTESIAN_POINT('',(79.72081250394,0.182944683005));
#2565 = CARTESIAN_POINT('',(79.373945417347,0.178577772634));
#2566 = CARTESIAN_POINT('',(79.174007908211,0.176532909638));
#2567 = CARTESIAN_POINT('',(78.970091773313,0.174878812566));
#2568 = CARTESIAN_POINT('',(78.763205740086,0.173604221019));
#2569 = CARTESIAN_POINT('',(78.554244513817,0.172700546098));
#2570 = CARTESIAN_POINT('',(78.343997382091,0.17216125821));
#2571 = CARTESIAN_POINT('',(78.133146892911,0.171982666905));
#2572 = CARTESIAN_POINT('',(77.644588162912,0.172405467348));
#2573 = CARTESIAN_POINT('',(77.367468942208,0.173271390604));
#2574 = CARTESIAN_POINT('',(77.091903242968,0.174759322125));
#2575 = CARTESIAN_POINT('',(76.819420508975,0.176882201337));
#2576 = CARTESIAN_POINT('',(76.552013083039,0.179657329285));
#2577 = CARTESIAN_POINT('',(76.292217699308,0.183109350973));
#2578 = CARTESIAN_POINT('',(76.043035177784,0.18726242303));
#2579 = CARTESIAN_POINT('',(75.731826233005,0.193762411349));
#2580 = CARTESIAN_POINT('',(75.656943692617,0.195437993411));
#2581 = CARTESIAN_POINT('',(75.583792751809,0.197193171149));
#2582 = CARTESIAN_POINT('',(75.512545410545,0.199028846869));
#2583 = CARTESIAN_POINT('',(75.443395718352,0.200945659305));
#2584 = CARTESIAN_POINT('',(75.376558169034,0.202943915183));
#2585 = CARTESIAN_POINT('',(75.312266095387,0.205023520786));
#2586 = CARTESIAN_POINT('',(75.202138035571,0.208892386058));
#2587 = CARTESIAN_POINT('',(75.155258114033,0.210651265766));
#2588 = CARTESIAN_POINT('',(75.110255582162,0.212460177514));
#2589 = CARTESIAN_POINT('',(75.067266599233,0.214318418561));
#2590 = CARTESIAN_POINT('',(75.02643533197,0.216224897877));
#2591 = CARTESIAN_POINT('',(74.987911085575,0.218178075456));
#2592 = CARTESIAN_POINT('',(74.951845434766,0.220175901632));
#2593 = CARTESIAN_POINT('',(74.867870373269,0.225295955429));
#2594 = CARTESIAN_POINT('',(74.823271066426,0.228473799107));
#2595 = CARTESIAN_POINT('',(74.785163048249,0.231737997102));
#2596 = CARTESIAN_POINT('',(74.754062428319,0.235074968271));
#2597 = CARTESIAN_POINT('',(74.7304141876,0.238468719782));
#2598 = CARTESIAN_POINT('',(74.714562259561,0.241900679477));
#2599 = CARTESIAN_POINT('',(74.706705316641,0.245349481492));
#2600 = CARTESIAN_POINT('',(74.706838262075,0.24879070512));
#2601 = ( GEOMETRIC_REPRESENTATION_CONTEXT(2) 
PARAMETRIC_REPRESENTATION_CONTEXT() REPRESENTATION_CONTEXT('2D SPACE',''
  ) );
#2602 = PCURVE('',#2603,#2608);
#2603 = CYLINDRICAL_SURFACE('',#2604,3.2);
#2604 = AXIS2_PLACEMENT_3D('',#2605,#2606,#2607);
#2605 = CARTESIAN_POINT('',(-25.78434126066,34.62579187895,10.5));
#2606 = DIRECTION('',(0.,0.,1.));
#2607 = DIRECTION('',(1.,0.,-0.));
#2608 = DEFINITIONAL_REPRESENTATION('',(#2609),#2668);
#2609 = B_SPLINE_CURVE_WITH_KNOTS('',8,(#2610,#2611,#2612,#2613,#2614,
    #2615,#2616,#2617,#2618,#2619,#2620,#2621,#2622,#2623,#2624,#2625,
    #2626,#2627,#2628,#2629,#2630,#2631,#2632,#2633,#2634,#2635,#2636,
    #2637,#2638,#2639,#2640,#2641,#2642,#2643,#2644,#2645,#2646,#2647,
    #2648,#2649,#2650,#2651,#2652,#2653,#2654,#2655,#2656,#2657,#2658,
    #2659,#2660,#2661,#2662,#2663,#2664,#2665,#2666,#2667),
  .UNSPECIFIED.,.F.,.F.,(9,7,7,7,7,7,7,7,9),(0.,0.103703325558,
    0.167823976971,0.316208367537,0.506299363143,0.756613245232,
    0.838151087592,0.902632495032,1.),.UNSPECIFIED.);
#2610 = CARTESIAN_POINT('',(6.28318530718,2.737232387579));
#2611 = CARTESIAN_POINT('',(6.233743313916,2.739660745572));
#2612 = CARTESIAN_POINT('',(6.1842143888,2.742284740866));
#2613 = CARTESIAN_POINT('',(6.134817756685,2.745086788258));
#2614 = CARTESIAN_POINT('',(6.085718682458,2.748044740874));
#2615 = CARTESIAN_POINT('',(6.037048478272,2.751133296399));
#2616 = CARTESIAN_POINT('',(5.988918661069,2.754325277156));
#2617 = CARTESIAN_POINT('',(5.941429260379,2.757592784045));
#2618 = CARTESIAN_POINT('',(5.865760415777,2.762958189343));
#2619 = CARTESIAN_POINT('',(5.83711459775,2.765027524644));
#2620 = CARTESIAN_POINT('',(5.808744052593,2.767110556287));
#2621 = CARTESIAN_POINT('',(5.780655191104,2.769201959385));
#2622 = CARTESIAN_POINT('',(5.752850945263,2.771296794417));
#2623 = CARTESIAN_POINT('',(5.725331108899,2.773390543534));
#2624 = CARTESIAN_POINT('',(5.698092678342,2.775479146874));
#2625 = CARTESIAN_POINT('',(5.608735132313,2.782372207485));
#2626 = CARTESIAN_POINT('',(5.547862147267,2.787135254234));
#2627 = CARTESIAN_POINT('',(5.488381475309,2.791808339216));
#2628 = CARTESIAN_POINT('',(5.430179974898,2.796358351312));
#2629 = CARTESIAN_POINT('',(5.373148645665,2.800759268553));
#2630 = CARTESIAN_POINT('',(5.317171456817,2.804991930137));
#2631 = CARTESIAN_POINT('',(5.262115483886,2.809043220094));
#2632 = CARTESIAN_POINT('',(5.138268978902,2.817851446067));
#2633 = CARTESIAN_POINT('',(5.070045295391,2.822481120461));
#2634 = CARTESIAN_POINT('',(5.002843639904,2.826774891301));
#2635 = CARTESIAN_POINT('',(4.936435580692,2.830716650146));
#2636 = CARTESIAN_POINT('',(4.870618977251,2.834294059333));
#2637 = CARTESIAN_POINT('',(4.805197368238,2.837498252533));
#2638 = CARTESIAN_POINT('',(4.739967140978,2.840322621473));
#2639 = CARTESIAN_POINT('',(4.588727571433,2.845972252038));
#2640 = CARTESIAN_POINT('',(4.502870110451,2.848507278457));
#2641 = CARTESIAN_POINT('',(4.416468188572,2.850361455099));
#2642 = CARTESIAN_POINT('',(4.329037675687,2.851516930117));
#2643 = CARTESIAN_POINT('',(4.240148028846,2.851955284303));
#2644 = CARTESIAN_POINT('',(4.149319455583,2.851657307437));
#2645 = CARTESIAN_POINT('',(4.056041773178,2.850609986978));
#2646 = CARTESIAN_POINT('',(3.927886106628,2.848192316796));
#2647 = CARTESIAN_POINT('',(3.896058866461,2.84751630845));
#2648 = CARTESIAN_POINT('',(3.86386935086,2.846757720566));
#2649 = CARTESIAN_POINT('',(3.831296538685,2.845916062335));
#2650 = CARTESIAN_POINT('',(3.798321627718,2.84499101771));
#2651 = CARTESIAN_POINT('',(3.764927668611,2.843982504578));
#2652 = CARTESIAN_POINT('',(3.731099198838,2.842890733933));
#2653 = CARTESIAN_POINT('',(3.669714831434,2.840787483741));
#2654 = CARTESIAN_POINT('',(3.642328911925,2.839807040108));
#2655 = CARTESIAN_POINT('',(3.614658553345,2.838775257489));
#2656 = CARTESIAN_POINT('',(3.586700696452,2.837692682117));
#2657 = CARTESIAN_POINT('',(3.558455137653,2.83656013101));
#2658 = CARTESIAN_POINT('',(3.52992487913,2.835378735862));
#2659 = CARTESIAN_POINT('',(3.501116478961,2.834149986948));
#2660 = CARTESIAN_POINT('',(3.428135262484,2.830951708553));
#2661 = CARTESIAN_POINT('',(3.383594068839,2.828922852645));
#2662 = CARTESIAN_POINT('',(3.338486784772,2.826797024384));
#2663 = CARTESIAN_POINT('',(3.292892056138,2.82458394178));
#2664 = CARTESIAN_POINT('',(3.246899172583,2.822295058971));
#2665 = CARTESIAN_POINT('',(3.200614400284,2.819943568336));
#2666 = CARTESIAN_POINT('',(3.154171685058,2.817544571491));
#2667 = CARTESIAN_POINT('',(3.107747725809,2.815115419184));
#2668 = ( GEOMETRIC_REPRESENTATION_CONTEXT(2) 
PARAMETRIC_REPRESENTATION_CONTEXT() REPRESENTATION_CONTEXT('2D SPACE',''
  ) );
#2669 = ORIENTED_EDGE('',*,*,#2670,.T.);
#2670 = EDGE_CURVE('',#2478,#24,#2671,.T.);
#2671 = SURFACE_CURVE('',#2672,(#2871,#3073),.PCURVE_S1.);
#2672 = B_SPLINE_CURVE_WITH_KNOTS('',8,(#2673,#2674,#2675,#2676,#2677,
    #2678,#2679,#2680,#2681,#2682,#2683,#2684,#2685,#2686,#2687,#2688,
    #2689,#2690,#2691,#2692,#2693,#2694,#2695,#2696,#2697,#2698,#2699,
    #2700,#2701,#2702,#2703,#2704,#2705,#2706,#2707,#2708,#2709,#2710,
    #2711,#2712,#2713,#2714,#2715,#2716,#2717,#2718,#2719,#2720,#2721,
    #2722,#2723,#2724,#2725,#2726,#2727,#2728,#2729,#2730,#2731,#2732,
    #2733,#2734,#2735,#2736,#2737,#2738,#2739,#2740,#2741,#2742,#2743,
    #2744,#2745,#2746,#2747,#2748,#2749,#2750,#2751,#2752,#2753,#2754,
    #2755,#2756,#2757,#2758,#2759,#2760,#2761,#2762,#2763,#2764,#2765,
    #2766,#2767,#2768,#2769,#2770,#2771,#2772,#2773,#2774,#2775,#2776,
    #2777,#2778,#2779,#2780,#2781,#2782,#2783,#2784,#2785,#2786,#2787,
    #2788,#2789,#2790,#2791,#2792,#2793,#2794,#2795,#2796,#2797,#2798,
    #2799,#2800,#2801,#2802,#2803,#2804,#2805,#2806,#2807,#2808,#2809,
    #2810,#2811,#2812,#2813,#2814,#2815,#2816,#2817,#2818,#2819,#2820,
    #2821,#2822,#2823,#2824,#2825,#2826,#2827,#2828,#2829,#2830,#2831,
    #2832,#2833,#2834,#2835,#2836,#2837,#2838,#2839,#2840,#2841,#2842,
    #2843,#2844,#2845,#2846,#2847,#2848,#2849,#2850,#2851,#2852,#2853,
    #2854,#2855,#2856,#2857,#2858,#2859,#2860,#2861,#2862,#2863,#2864,
    #2865,#2866,#2867,#2868,#2869,#2870),.UNSPECIFIED.,.F.,.F.,(9,7,7,7,
    7,7,7,7,7,7,7,7,7,7,7,7,7,7,7,7,7,7,7,7,7,7,7,7,9),(0.,
    8.772626053203E-02,0.116852118906,0.132340762008,0.148971725713,
    0.188285421584,0.210083989025,0.234511057736,0.2671998443,
    0.286037172593,0.306969785155,0.364915586126,0.405072567043,
    0.435002018015,0.522100525295,0.560164912284,0.588836707466,
    0.632243169943,0.653296470855,0.672950556454,0.727839462469,
    0.746539273028,0.795752414264,0.806631016147,0.874400670971,
    0.883225442484,0.94456489121,0.972639598498,1.),.UNSPECIFIED.);
#2673 = CARTESIAN_POINT('',(-10.255,67.145,12.280416242501));
#2674 = CARTESIAN_POINT('',(-10.255,65.458531282687,12.300693745017));
#2675 = CARTESIAN_POINT('',(-10.33678370158,63.770711231623,
    12.326117137916));
#2676 = CARTESIAN_POINT('',(-10.50057960956,62.092501041169,
    12.356904664193));
#2677 = CARTESIAN_POINT('',(-10.74458534867,60.433347361927,
    12.393027836237));
#2678 = CARTESIAN_POINT('',(-11.06560438199,58.801374498282,
    12.434052263657));
#2679 = CARTESIAN_POINT('',(-11.45945121652,57.203515271938,
    12.479143311545));
#2680 = CARTESIAN_POINT('',(-11.9212207719,55.645606164498,
    12.527212717786));
#2681 = CARTESIAN_POINT('',(-12.61958855318,53.630099164733,
    12.593772620025));
#2682 = CARTESIAN_POINT('',(-12.80058528399,53.132565179975,
    12.610575510857));
#2683 = CARTESIAN_POINT('',(-12.98832713991,52.640014639285,
    12.627552646586));
#2684 = CARTESIAN_POINT('',(-13.18263234626,52.152575352789,
    12.644665909269));
#2685 = CARTESIAN_POINT('',(-13.38331910083,51.670359684329,
    12.661878214291));
#2686 = CARTESIAN_POINT('',(-13.59020668022,51.193465536501,
    12.679154337777));
#2687 = CARTESIAN_POINT('',(-13.80311654619,50.7219773357,
    12.696461743982));
#2688 = CARTESIAN_POINT('',(-14.13820470639,50.008150543791,
    12.722976404284));
#2689 = CARTESIAN_POINT('',(-14.25618944579,49.761883292163,
    12.732182057766));
#2690 = CARTESIAN_POINT('',(-14.37580122984,49.517176023402,
    12.741383945036));
#2691 = CARTESIAN_POINT('',(-14.49701388341,49.274038652942,
    12.750577968506));
#2692 = CARTESIAN_POINT('',(-14.61980149656,49.032480250514,
    12.759760361117));
#2693 = CARTESIAN_POINT('',(-14.74413842458,48.792509040147,
    12.76892768634));
#2694 = CARTESIAN_POINT('',(-14.86999928793,48.554132400168,
    12.778076838171));
#2695 = CARTESIAN_POINT('',(-15.13411170619,48.063118623247,
    12.797006468628));
#2696 = CARTESIAN_POINT('',(-15.27259250662,47.810726448692,
    12.806783514489));
#2697 = CARTESIAN_POINT('',(-15.41277029646,47.560188595657,
    12.816533939692));
#2698 = CARTESIAN_POINT('',(-15.55461446319,47.31151222401,
    12.826254199377));
#2699 = CARTESIAN_POINT('',(-15.69809486407,47.064703484054,
    12.835939999034));
#2700 = CARTESIAN_POINT('',(-15.84318183138,46.819767603232,
    12.845586850684));
#2701 = CARTESIAN_POINT('',(-15.98984617761,46.576708972815,
    12.855190629063));
#2702 = CARTESIAN_POINT('',(-16.48841783365,45.765414648502,
    12.887340961587));
#2703 = CARTESIAN_POINT('',(-16.84742825143,45.205811913772,
    12.909673981141));
#2704 = CARTESIAN_POINT('',(-17.21471384784,44.656766227742,
    12.931697642393));
#2705 = CARTESIAN_POINT('',(-17.58991101462,44.118301567958,
    12.953366253763));
#2706 = CARTESIAN_POINT('',(-17.97267034694,43.590424155032,
    12.974637783029));
#2707 = CARTESIAN_POINT('',(-18.36265784886,43.07312391549,
    12.995473664187));
#2708 = CARTESIAN_POINT('',(-18.75955613899,42.56637594462,
    13.015838604313));
#2709 = CARTESIAN_POINT('',(-19.38680268248,41.794991298873,
    13.046713307791));
#2710 = CARTESIAN_POINT('',(-19.61257162767,41.523073999133,
    13.057571484359));
#2711 = CARTESIAN_POINT('',(-19.84032098685,41.254383875044,
    13.068269428657));
#2712 = CARTESIAN_POINT('',(-20.07000057928,40.988913986193,
    13.078801895908));
#2713 = CARTESIAN_POINT('',(-20.30156154816,40.726656646814,
    13.089163888031));
#2714 = CARTESIAN_POINT('',(-20.53495636058,40.467603425791,
    13.099350653646));
#2715 = CARTESIAN_POINT('',(-20.77013880756,40.211745146655,
    13.109357688067));
#2716 = CARTESIAN_POINT('',(-21.27255796685,39.675930939088,
    13.130188254861));
#2717 = CARTESIAN_POINT('',(-21.5402400699,39.396789762475,
    13.140964759383));
#2718 = CARTESIAN_POINT('',(-21.81004725091,39.121634454647,
    13.151504485105));
#2719 = CARTESIAN_POINT('',(-22.08191829072,38.850450422864,
    13.161800440087));
#2720 = CARTESIAN_POINT('',(-22.35579373819,38.58322249841,
    13.171846167225));
#2721 = CARTESIAN_POINT('',(-22.63161589339,38.319934998783,
    13.181636486928));
#2722 = CARTESIAN_POINT('',(-22.9093288493,38.060571738407,
    13.191167217437));
#2723 = CARTESIAN_POINT('',(-23.56297758769,37.463260049106,
    13.212834694344));
#2724 = CARTESIAN_POINT('',(-23.94036520909,37.128402526554,
    13.224762728016));
#2725 = CARTESIAN_POINT('',(-24.32091209377,36.800503138036,
    13.236208363891));
#2726 = CARTESIAN_POINT('',(-24.70449350943,36.479521248234,
    13.247163875051));
#2727 = CARTESIAN_POINT('',(-25.09098935395,36.165415868697,
    13.257623417595));
#2728 = CARTESIAN_POINT('',(-25.48028415534,35.858145657835,
    13.267583030641));
#2729 = CARTESIAN_POINT('',(-25.87226707176,35.557668920927,
    13.277040636323));
#2730 = CARTESIAN_POINT('',(-26.49420487854,35.094680670454,
    13.291156704747));
#2731 = CARTESIAN_POINT('',(-26.72243508143,34.92765988581,
    13.296150572014));
#2732 = CARTESIAN_POINT('',(-26.95150208679,34.762873293918,
    13.300977589499));
#2733 = CARTESIAN_POINT('',(-27.18138589472,34.600312971369,
    13.305637888872));
#2734 = CARTESIAN_POINT('',(-27.41206691884,34.439971033601,
    13.310131785572));
#2735 = CARTESIAN_POINT('',(-27.6435259863,34.281839634906,
    13.314459778809));
#2736 = CARTESIAN_POINT('',(-27.87574433779,34.125910968425,
    13.318622551559));
#2737 = CARTESIAN_POINT('',(-28.36757508094,33.801343696901,
    13.327064135474));
#2738 = CARTESIAN_POINT('',(-28.62736140895,33.633220582053,
    13.331304289176));
#2739 = CARTESIAN_POINT('',(-28.88803737726,33.467797294542,
    13.335343555615));
#2740 = CARTESIAN_POINT('',(-29.14957851665,33.305063185185,
    13.339180755985));
#2741 = CARTESIAN_POINT('',(-29.41196091946,33.145007711078,
    13.342814508799));
#2742 = CARTESIAN_POINT('',(-29.67516115057,32.987620490222,
    13.346244591451));
#2743 = CARTESIAN_POINT('',(-29.93915627294,32.832891282385,
    13.349471563271));
#2744 = CARTESIAN_POINT('',(-30.93685578247,32.259817164909,
    13.360863179564));
#2745 = CARTESIAN_POINT('',(-31.67570321557,31.859117313132,
    13.367670435718));
#2746 = CARTESIAN_POINT('',(-32.41999756102,31.478491305508,
    13.372914518154));
#2747 = CARTESIAN_POINT('',(-33.16929276131,31.117732867638,
    13.376600009454));
#2748 = CARTESIAN_POINT('',(-33.92316511386,30.776646367013,
    13.378738755178));
#2749 = CARTESIAN_POINT('',(-34.68121315124,30.455045622053,
    13.379349622533));
#2750 = CARTESIAN_POINT('',(-35.44305771498,30.152753639235,
    13.378457237684));
#2751 = CARTESIAN_POINT('',(-36.73869152976,29.673377435372,
    13.374448977181));
#2752 = CARTESIAN_POINT('',(-37.27069027209,29.486345443253,
    13.37209892976));
#2753 = CARTESIAN_POINT('',(-37.80421846509,29.308452220693,
    13.369045534836));
#2754 = CARTESIAN_POINT('',(-38.3391593072,29.139645256107,
    13.36529582393));
#2755 = CARTESIAN_POINT('',(-38.87539918001,28.979874607592,
    13.360857884692));
#2756 = CARTESIAN_POINT('',(-39.41282764836,28.829092902925,
    13.3557408609));
#2757 = CARTESIAN_POINT('',(-39.95133746025,28.687255339562,
    13.349954952465));
#2758 = CARTESIAN_POINT('',(-40.89291035967,28.455241241101,
    13.338708974562));
#2759 = CARTESIAN_POINT('',(-41.29553866933,28.361107739542,
    13.333541173687));
#2760 = CARTESIAN_POINT('',(-41.6986662324,28.27190169997,
    13.328012644729));
#2761 = CARTESIAN_POINT('',(-42.1022504682,28.187606430154,
    13.322128269556));
#2762 = CARTESIAN_POINT('',(-42.50624945887,28.108206025626,
    13.315893179971));
#2763 = CARTESIAN_POINT('',(-42.91062194936,28.033685369686,
    13.309312757707));
#2764 = CARTESIAN_POINT('',(-43.31532734744,27.964030133391,
    13.302392634437));
#2765 = CARTESIAN_POINT('',(-44.89892248633,27.710640765806,
    13.274028796381));
#2766 = CARTESIAN_POINT('',(-46.0799841559,27.563147042872,
    13.250096581455));
#2767 = CARTESIAN_POINT('',(-47.2625464197,27.456406120319,
    13.223444724636));
#2768 = CARTESIAN_POINT('',(-48.44566306657,27.390142747454,
    13.194155482626));
#2769 = CARTESIAN_POINT('',(-49.62840288699,27.364136240791,
    13.162373246972));
#2770 = CARTESIAN_POINT('',(-50.80985478626,27.37821807254,
    13.128196530782));
#2771 = CARTESIAN_POINT('',(-51.98912132149,27.432272732773,
    13.091783114879));
#2772 = CARTESIAN_POINT('',(-53.67935744057,27.567313484704,
    13.036428395225));
#2773 = CARTESIAN_POINT('',(-54.19280183055,27.616005650486,
    13.019191819716));
#2774 = CARTESIAN_POINT('',(-54.70558329934,27.67231664656,
    13.001564724371));
#2775 = CARTESIAN_POINT('',(-55.21762665887,27.736243556101,
    12.983558935022));
#2776 = CARTESIAN_POINT('',(-55.72885629383,27.807785451914,
    12.965186457593));
#2777 = CARTESIAN_POINT('',(-56.23919616168,27.886943396437,
    12.946459478096));
#2778 = CARTESIAN_POINT('',(-56.7485697927,27.973720441736,
    12.927390362637));
#2779 = CARTESIAN_POINT('',(-57.6397975084,28.139228817485,
    12.893379686825));
#2780 = CARTESIAN_POINT('',(-58.02210266472,28.21466174983,
    12.878580511981));
#2781 = CARTESIAN_POINT('',(-58.40378287873,28.29442260458,
    12.863600172008));
#2782 = CARTESIAN_POINT('',(-58.78480485619,28.378514168294,
    12.848443217628));
#2783 = CARTESIAN_POINT('',(-59.16513500744,28.46693986791,
    12.833114810808));
#2784 = CARTESIAN_POINT('',(-59.54473947222,28.559703784478,
    12.817621164149));
#2785 = CARTESIAN_POINT('',(-59.92358405061,28.656810648765,
    12.801968320031));
#2786 = CARTESIAN_POINT('',(-60.87396697507,28.911859620619,
    12.762225820107));
#2787 = CARTESIAN_POINT('',(-61.44447801423,29.075419151191,
    12.737933221979));
#2788 = CARTESIAN_POINT('',(-62.01304704668,29.248963097457,
    12.71328805785));
#2789 = CARTESIAN_POINT('',(-62.57955109284,29.432513234137,
    12.68829796211));
#2790 = CARTESIAN_POINT('',(-63.14386429317,29.626094562454,
    12.662971783715));
#2791 = CARTESIAN_POINT('',(-63.70585789683,29.829735448925,
    12.637319749107));
#2792 = CARTESIAN_POINT('',(-64.26540025033,30.04346776415,
    12.611353625132));
#2793 = CARTESIAN_POINT('',(-65.09249567513,30.375904777999,
    12.572346805559));
#2794 = CARTESIAN_POINT('',(-65.36202609648,30.486864858591,
    12.559536018024));
#2795 = CARTESIAN_POINT('',(-65.63093262766,30.600211283075,
    12.546656051266));
#2796 = CARTESIAN_POINT('',(-65.89919961547,30.71594825785,
    12.533708541041));
#2797 = CARTESIAN_POINT('',(-66.16681117614,30.83408017602,
    12.520695226945));
#2798 = CARTESIAN_POINT('',(-66.43375119532,30.954611617393,
    12.507617952415));
#2799 = CARTESIAN_POINT('',(-66.7000033281,31.077547348484,
    12.494478664729));
#2800 = CARTESIAN_POINT('',(-67.21345020855,31.319906792558,
    12.468957395524));
#2801 = CARTESIAN_POINT('',(-67.46073544315,31.43902089327,12.4565829746
    ));
#2802 = CARTESIAN_POINT('',(-67.70739329266,31.560238703898,
    12.444159117147));
#2803 = CARTESIAN_POINT('',(-67.9534098043,31.683564265284,
    12.431683443475));
#2804 = CARTESIAN_POINT('',(-68.19877133021,31.809002016502,
    12.419162133886));
#2805 = CARTESIAN_POINT('',(-68.44346405668,31.93655657052,
    12.406602318786));
#2806 = CARTESIAN_POINT('',(-68.68747350533,32.066232470227,
    12.394003969594));
#2807 = CARTESIAN_POINT('',(-69.6102937892,32.566124590897,
    12.346095253121));
#2808 = CARTESIAN_POINT('',(-70.28435722319,32.950795575938,
    12.310556126584));
#2809 = CARTESIAN_POINT('',(-70.95266453923,33.352154642344,
    12.274832048717));
#2810 = CARTESIAN_POINT('',(-71.6148847672,33.770314510738,
    12.238988409514));
#2811 = CARTESIAN_POINT('',(-72.27066687424,34.205393954066,
    12.203077629826));
#2812 = CARTESIAN_POINT('',(-72.91963961219,34.657518250366,
    12.167137924832));
#2813 = CARTESIAN_POINT('',(-73.56141136508,35.126819635549,
    12.131192067515));
#2814 = CARTESIAN_POINT('',(-74.41161814073,35.779221105316,
    12.082999928678));
#2815 = CARTESIAN_POINT('',(-74.62678223624,35.947014037743,
    12.070753398495));
#2816 = CARTESIAN_POINT('',(-74.84104587385,36.116821990396,
    12.058507710662));
#2817 = CARTESIAN_POINT('',(-75.05439231929,36.288650492199,
    12.046264667004));
#2818 = CARTESIAN_POINT('',(-75.26680399161,36.462504699903,
    12.034017368878));
#2819 = CARTESIAN_POINT('',(-75.47826302441,36.638389850484,
    12.021760041694));
#2820 = CARTESIAN_POINT('',(-75.68875170625,36.81631163454,
    12.00949583483));
#2821 = CARTESIAN_POINT('',(-76.44960197633,37.469894565326,
    11.96491819267));
#2822 = CARTESIAN_POINT('',(-76.99410022064,37.957654063378,
    11.932547564179));
#2823 = CARTESIAN_POINT('',(-77.53141755746,38.459658854228,
    11.900092910519));
#2824 = CARTESIAN_POINT('',(-78.06120426243,38.976013800972,
    11.867578182791));
#2825 = CARTESIAN_POINT('',(-78.58309002543,39.506823584336,
    11.835069441177));
#2826 = CARTESIAN_POINT('',(-79.09668394799,40.052192993516,
    11.802674619334));
#2827 = CARTESIAN_POINT('',(-79.60157417102,40.612227688391,
    11.770541493892));
#2828 = CARTESIAN_POINT('',(-80.20691369795,41.314097117382,
    11.731849283524));
#2829 = CARTESIAN_POINT('',(-80.31605361401,41.441880466063,
    11.724866591907));
#2830 = CARTESIAN_POINT('',(-80.42474213055,41.570386556939,
    11.717907369021));
#2831 = CARTESIAN_POINT('',(-80.5329744646,41.699616495074,
    11.710974135997));
#2832 = CARTESIAN_POINT('',(-80.64074575334,41.829571353229,
    11.704069187051));
#2833 = CARTESIAN_POINT('',(-80.74805104363,41.960252158434,
    11.697194326664));
#2834 = CARTESIAN_POINT('',(-80.85488531853,42.091659924721,
    11.690351507149));
#2835 = CARTESIAN_POINT('',(-81.62381596184,43.046952801942,
    11.641138405911));
#2836 = CARTESIAN_POINT('',(-82.26789924247,43.89834509664,
    11.600142989953));
#2837 = CARTESIAN_POINT('',(-82.8923335217,44.778295956709,
    11.562007384113));
#2838 = CARTESIAN_POINT('',(-83.49578486776,45.687039129617,
    11.527808255162));
#2839 = CARTESIAN_POINT('',(-84.07676169574,46.624698261942,
    11.498229088089));
#2840 = CARTESIAN_POINT('',(-84.63363219633,47.591267973675,
    11.473569040733));
#2841 = CARTESIAN_POINT('',(-85.16464279547,48.586596514596,
    11.453781236219));
#2842 = CARTESIAN_POINT('',(-85.73347526761,49.743682871695,
    11.436555887044));
#2843 = CARTESIAN_POINT('',(-85.79854265866,49.877477519379,
    11.434648290976));
#2844 = CARTESIAN_POINT('',(-85.86313568479,50.011753160296,
    11.432817439764));
#2845 = CARTESIAN_POINT('',(-85.92725016694,50.146508920508,
    11.431061921462));
#2846 = CARTESIAN_POINT('',(-85.99088190063,50.281743879321,
    11.429380828429));
#2847 = CARTESIAN_POINT('',(-86.05402665967,50.417457074027,
    11.427773956819));
#2848 = CARTESIAN_POINT('',(-86.11668018339,50.553647467699,
    11.426240554532));
#2849 = CARTESIAN_POINT('',(-86.61088732144,51.640258292623,
    11.414601047394));
#2850 = CARTESIAN_POINT('',(-87.01898600695,52.613182894739,
    11.407793278547));
#2851 = CARTESIAN_POINT('',(-87.40170656088,53.608742225285,
    11.403464574785));
#2852 = CARTESIAN_POINT('',(-87.75753512748,54.626402688983,
    11.4008874799));
#2853 = CARTESIAN_POINT('',(-88.08489749508,55.665424067591,
    11.399491749769));
#2854 = CARTESIAN_POINT('',(-88.38219294914,56.724834865184,
    11.398852431706));
#2855 = CARTESIAN_POINT('',(-88.64783612145,57.803401487479,
    11.398670091195));
#2856 = CARTESIAN_POINT('',(-88.9867073232,59.401310907097,
    11.398776641059));
#2857 = CARTESIAN_POINT('',(-89.08615668342,59.906712719217,
    11.398863610941));
#2858 = CARTESIAN_POINT('',(-89.17850851506,60.415643182156,
    11.398984760446));
#2859 = CARTESIAN_POINT('',(-89.26361956,60.927934781667,11.399125093739
    ));
#2860 = CARTESIAN_POINT('',(-89.34135120022,61.443405345771,
    11.399273380814));
#2861 = CARTESIAN_POINT('',(-89.41157095494,61.961857391866,
    11.399421583966));
#2862 = CARTESIAN_POINT('',(-89.47415397766,62.483077473828,
    11.399564284255));
#2863 = CARTESIAN_POINT('',(-89.58242007255,63.517267589398,
    11.399828526817));
#2864 = CARTESIAN_POINT('',(-89.62849294466,64.030112862203,
    11.399950947505));
#2865 = CARTESIAN_POINT('',(-89.66709582183,64.54515633781,
    11.400060572752));
#2866 = CARTESIAN_POINT('',(-89.69813035745,65.062171501896,
    11.400157503699));
#2867 = CARTESIAN_POINT('',(-89.7215083249,65.580920064684,
    11.400243529978));
#2868 = CARTESIAN_POINT('',(-89.73715288473,66.10115165696,
    11.400320229923));
#2869 = CARTESIAN_POINT('',(-89.745,66.622603492941,11.400388380952));
#2870 = CARTESIAN_POINT('',(-89.745,67.145,11.400448680108));
#2871 = PCURVE('',#144,#2872);
#2872 = DEFINITIONAL_REPRESENTATION('',(#2873),#3072);
#2873 = B_SPLINE_CURVE_WITH_KNOTS('',8,(#2874,#2875,#2876,#2877,#2878,
    #2879,#2880,#2881,#2882,#2883,#2884,#2885,#2886,#2887,#2888,#2889,
    #2890,#2891,#2892,#2893,#2894,#2895,#2896,#2897,#2898,#2899,#2900,
    #2901,#2902,#2903,#2904,#2905,#2906,#2907,#2908,#2909,#2910,#2911,
    #2912,#2913,#2914,#2915,#2916,#2917,#2918,#2919,#2920,#2921,#2922,
    #2923,#2924,#2925,#2926,#2927,#2928,#2929,#2930,#2931,#2932,#2933,
    #2934,#2935,#2936,#2937,#2938,#2939,#2940,#2941,#2942,#2943,#2944,
    #2945,#2946,#2947,#2948,#2949,#2950,#2951,#2952,#2953,#2954,#2955,
    #2956,#2957,#2958,#2959,#2960,#2961,#2962,#2963,#2964,#2965,#2966,
    #2967,#2968,#2969,#2970,#2971,#2972,#2973,#2974,#2975,#2976,#2977,
    #2978,#2979,#2980,#2981,#2982,#2983,#2984,#2985,#2986,#2987,#2988,
    #2989,#2990,#2991,#2992,#2993,#2994,#2995,#2996,#2997,#2998,#2999,
    #3000,#3001,#3002,#3003,#3004,#3005,#3006,#3007,#3008,#3009,#3010,
    #3011,#3012,#3013,#3014,#3015,#3016,#3017,#3018,#3019,#3020,#3021,
    #3022,#3023,#3024,#3025,#3026,#3027,#3028,#3029,#3030,#3031,#3032,
    #3033,#3034,#3035,#3036,#3037,#3038,#3039,#3040,#3041,#3042,#3043,
    #3044,#3045,#3046,#3047,#3048,#3049,#3050,#3051,#3052,#3053,#3054,
    #3055,#3056,#3057,#3058,#3059,#3060,#3061,#3062,#3063,#3064,#3065,
    #3066,#3067,#3068,#3069,#3070,#3071),.UNSPECIFIED.,.F.,.F.,(9,7,7,7,
    7,7,7,7,7,7,7,7,7,7,7,7,7,7,7,7,7,7,7,7,7,7,7,7,9),(0.,
    8.772626053203E-02,0.116852118906,0.132340762008,0.148971725713,
    0.188285421584,0.210083989025,0.234511057736,0.2671998443,
    0.286037172593,0.306969785155,0.364915586126,0.405072567043,
    0.435002018015,0.522100525295,0.560164912284,0.588836707466,
    0.632243169943,0.653296470855,0.672950556454,0.727839462469,
    0.746539273028,0.795752414264,0.806631016147,0.874400670971,
    0.883225442484,0.94456489121,0.972639598498,1.),.UNSPECIFIED.);
#2874 = CARTESIAN_POINT('',(93.346430067298,1.));
#2875 = CARTESIAN_POINT('',(93.365318303075,0.960911606969));
#2876 = CARTESIAN_POINT('',(93.297714965551,0.921791893189));
#2877 = CARTESIAN_POINT('',(93.143966464355,0.882894913459));
#2878 = CARTESIAN_POINT('',(92.906575297225,0.844439619004));
#2879 = CARTESIAN_POINT('',(92.589475920117,0.806614312163));
#2880 = CARTESIAN_POINT('',(92.197575762488,0.769579679498));
#2881 = CARTESIAN_POINT('',(91.736445547968,0.733470996975));
#2882 = CARTESIAN_POINT('',(91.037937038712,0.68675626758));
#2883 = CARTESIAN_POINT('',(90.856823114321,0.675224595665));
#2884 = CARTESIAN_POINT('',(90.668902520674,0.663808428307));
#2885 = CARTESIAN_POINT('',(90.474376357017,0.652510727843));
#2886 = CARTESIAN_POINT('',(90.273444402798,0.641334098605));
#2887 = CARTESIAN_POINT('',(90.066303911827,0.630280809746));
#2888 = CARTESIAN_POINT('',(89.853148406445,0.619352818072));
#2889 = CARTESIAN_POINT('',(89.517715550652,0.602807985718));
#2890 = CARTESIAN_POINT('',(89.399616972677,0.597100087893));
#2891 = CARTESIAN_POINT('',(89.279899190942,0.591428346817));
#2892 = CARTESIAN_POINT('',(89.15859025981,0.585792992304));
#2893 = CARTESIAN_POINT('',(89.035717834811,0.58019423457));
#2894 = CARTESIAN_POINT('',(88.911309172648,0.574632264229));
#2895 = CARTESIAN_POINT('',(88.785391131195,0.569107252293));
#2896 = CARTESIAN_POINT('',(88.521193113997,0.557726703517));
#2897 = CARTESIAN_POINT('',(88.382686371792,0.551876844332));
#2898 = CARTESIAN_POINT('',(88.242502498733,0.546069963974));
#2899 = CARTESIAN_POINT('',(88.100673646561,0.540306228393));
#2900 = CARTESIAN_POINT('',(87.95723149144,0.534585780138));
#2901 = CARTESIAN_POINT('',(87.812207162495,0.528908740369));
#2902 = CARTESIAN_POINT('',(87.665631170349,0.523275210866));
#2903 = CARTESIAN_POINT('',(87.167446994576,0.504471309503));
#2904 = CARTESIAN_POINT('',(86.808858943587,0.491501029407));
#2905 = CARTESIAN_POINT('',(86.442161434962,0.478775436962));
#2906 = CARTESIAN_POINT('',(86.067730402674,0.466295087912));
#2907 = CARTESIAN_POINT('',(85.685924575472,0.454060126435));
#2908 = CARTESIAN_POINT('',(85.297084589943,0.442070319052));
#2909 = CARTESIAN_POINT('',(84.901532103577,0.43032508853));
#2910 = CARTESIAN_POINT('',(84.276689281877,0.412446199997));
#2911 = CARTESIAN_POINT('',(84.051839395031,0.406143794162));
#2912 = CARTESIAN_POINT('',(83.825071101448,0.399916186697));
#2913 = CARTESIAN_POINT('',(83.596434761146,0.393763216739));
#2914 = CARTESIAN_POINT('',(83.365979240019,0.387684706149));
#2915 = CARTESIAN_POINT('',(83.133751909833,0.381680459515));
#2916 = CARTESIAN_POINT('',(82.899798648226,0.375750264148));
#2917 = CARTESIAN_POINT('',(82.400115859472,0.363331346369));
#2918 = CARTESIAN_POINT('',(82.133956584573,0.356861507996));
#2919 = CARTESIAN_POINT('',(81.865748442896,0.350484052721));
#2920 = CARTESIAN_POINT('',(81.59555185859,0.344198642319));
#2921 = CARTESIAN_POINT('',(81.323425205763,0.338004925215));
#2922 = CARTESIAN_POINT('',(81.049424790261,0.331902537925));
#2923 = CARTESIAN_POINT('',(80.773604858535,0.325891105306));
#2924 = CARTESIAN_POINT('',(80.124544917986,0.312046820005));
#2925 = CARTESIAN_POINT('',(79.749908055019,0.304285607291));
#2926 = CARTESIAN_POINT('',(79.372231892234,0.296685667819));
#2927 = CARTESIAN_POINT('',(78.991636031573,0.289246059757));
#2928 = CARTESIAN_POINT('',(78.608234829386,0.281965833091));
#2929 = CARTESIAN_POINT('',(78.22213739643,0.274844029617));
#2930 = CARTESIAN_POINT('',(77.833447597874,0.267879682951));
#2931 = CARTESIAN_POINT('',(77.216839569038,0.257148700208));
#2932 = CARTESIAN_POINT('',(76.990587163132,0.253277549793));
#2933 = CARTESIAN_POINT('',(76.763525809935,0.249458182731));
#2934 = CARTESIAN_POINT('',(76.535674018624,0.245690415375));
#2935 = CARTESIAN_POINT('',(76.307049833197,0.241974064981));
#2936 = CARTESIAN_POINT('',(76.077670832469,0.238308949702));
#2937 = CARTESIAN_POINT('',(75.847554130072,0.234694888595));
#2938 = CARTESIAN_POINT('',(75.360202434277,0.227172179787));
#2939 = CARTESIAN_POINT('',(75.102798185509,0.223275479941));
#2940 = CARTESIAN_POINT('',(74.844526418252,0.219441355766));
#2941 = CARTESIAN_POINT('',(74.585409529289,0.21566956044));
#2942 = CARTESIAN_POINT('',(74.325469346506,0.211959849602));
#2943 = CARTESIAN_POINT('',(74.064727052644,0.208311982622));
#2944 = CARTESIAN_POINT('',(73.803203208432,0.204725722155));
#2945 = CARTESIAN_POINT('',(72.814857824946,0.191443206974));
#2946 = CARTESIAN_POINT('',(72.08296702887,0.182155923355));
#2947 = CARTESIAN_POINT('',(71.345665051379,0.173333904404));
#2948 = CARTESIAN_POINT('',(70.603346354651,0.164972369165));
#2949 = CARTESIAN_POINT('',(69.856380987273,0.157066783336));
#2950 = CARTESIAN_POINT('',(69.105115050161,0.149612831662));
#2951 = CARTESIAN_POINT('',(68.349870939621,0.142606411849));
#2952 = CARTESIAN_POINT('',(67.065006248607,0.131495594747));
#2953 = CARTESIAN_POINT('',(66.537300713675,0.127160631435));
#2954 = CARTESIAN_POINT('',(66.007931604713,0.123037483386));
#2955 = CARTESIAN_POINT('',(65.476996342274,0.119124933506));
#2956 = CARTESIAN_POINT('',(64.944588925511,0.115421824258));
#2957 = CARTESIAN_POINT('',(64.410799932182,0.111927057664));
#2958 = CARTESIAN_POINT('',(63.875716518644,0.108639595308));
#2959 = CARTESIAN_POINT('',(62.93971637698,0.103262052175));
#2960 = CARTESIAN_POINT('',(62.539338196753,0.101080258188));
#2961 = CARTESIAN_POINT('',(62.138322716181,9.901267122424E-02));
#2962 = CARTESIAN_POINT('',(61.736704057906,9.705890439572E-02));
#2963 = CARTESIAN_POINT('',(61.33451563021,9.521858907467E-02));
#2964 = CARTESIAN_POINT('',(60.931790127009,9.349137489131E-02));
#2965 = CARTESIAN_POINT('',(60.528559527859,9.187692973441E-02));
#2966 = CARTESIAN_POINT('',(58.950023883728,8.600395795122E-02));
#2967 = CARTESIAN_POINT('',(57.771195889786,8.258539906993E-02));
#2968 = CARTESIAN_POINT('',(56.589124428187,8.0111394607E-02));
#2969 = CARTESIAN_POINT('',(55.404544485071,7.857556489637E-02));
#2970 = CARTESIAN_POINT('',(54.218167892231,7.797279501196E-02));
#2971 = CARTESIAN_POINT('',(53.030692220421,7.829917887449E-02));
#2972 = CARTESIAN_POINT('',(51.842790773082,7.955203923451E-02));
#2973 = CARTESIAN_POINT('',(50.136079269361,8.268196742852E-02));
#2974 = CARTESIAN_POINT('',(49.617083892917,8.381053773289E-02));
#2975 = CARTESIAN_POINT('',(49.098192536457,8.511569467053E-02));
#2976 = CARTESIAN_POINT('',(48.579461935446,8.659737063625E-02));
#2977 = CARTESIAN_POINT('',(48.060949188566,8.825554413986E-02));
#2978 = CARTESIAN_POINT('',(47.542711757719,9.009023980616E-02));
#2979 = CARTESIAN_POINT('',(47.024807468026,9.210152837493E-02));
#2980 = CARTESIAN_POINT('',(46.117480648415,9.593762469544E-02));
#2981 = CARTESIAN_POINT('',(45.727889030318,9.768598330815E-02));
#2982 = CARTESIAN_POINT('',(45.338544559035,9.953465302075E-02));
#2983 = CARTESIAN_POINT('',(44.94947249392,0.101483698419));
#2984 = CARTESIAN_POINT('',(44.560698388991,0.103533198932));
#2985 = CARTESIAN_POINT('',(44.172248081038,0.105683249148));
#2986 = CARTESIAN_POINT('',(43.784147724993,0.107933958715));
#2987 = CARTESIAN_POINT('',(42.809445608544,0.113845396236));
#2988 = CARTESIAN_POINT('',(42.223331014974,0.117636322892));
#2989 = CARTESIAN_POINT('',(41.638171820707,0.121658664908));
#2990 = CARTESIAN_POINT('',(41.054062603107,0.12591292697));
#2991 = CARTESIAN_POINT('',(40.471100817753,0.130399688549));
#2992 = CARTESIAN_POINT('',(39.889386824129,0.135119607114));
#2993 = CARTESIAN_POINT('',(39.309023911305,0.14007342135));
#2994 = CARTESIAN_POINT('',(38.449333554692,0.147778532344));
#2995 = CARTESIAN_POINT('',(38.168891780375,0.150350327004));
#2996 = CARTESIAN_POINT('',(37.888805193002,0.152977431523));
#2997 = CARTESIAN_POINT('',(37.609086221571,0.155659943397));
#2998 = CARTESIAN_POINT('',(37.32974753174,0.158397964446));
#2999 = CARTESIAN_POINT('',(37.050802025833,0.16119160082));
#3000 = CARTESIAN_POINT('',(36.772262842835,0.164040962996));
#3001 = CARTESIAN_POINT('',(36.234507865748,0.169658286999));
#3002 = CARTESIAN_POINT('',(35.975238174204,0.172419072738));
#3003 = CARTESIAN_POINT('',(35.716345141537,0.175228617543));
#3004 = CARTESIAN_POINT('',(35.457839963823,0.178087015072));
#3005 = CARTESIAN_POINT('',(35.199733871924,0.180994368212));
#3006 = CARTESIAN_POINT('',(34.942038304459,0.18395078388));
#3007 = CARTESIAN_POINT('',(34.68476508974,0.186956367371));
#3008 = CARTESIAN_POINT('',(33.710639816591,0.19854269535));
#3009 = CARTESIAN_POINT('',(32.996744550211,0.207458467399));
#3010 = CARTESIAN_POINT('',(32.286496682531,0.216761030069));
#3011 = CARTESIAN_POINT('',(31.580172602865,0.226452995961));
#3012 = CARTESIAN_POINT('',(30.878069093784,0.236537117953));
#3013 = CARTESIAN_POINT('',(30.180503647573,0.247016299696));
#3014 = CARTESIAN_POINT('',(29.487814782687,0.257893606108));
#3015 = CARTESIAN_POINT('',(28.566157836895,0.273014743431));
#3016 = CARTESIAN_POINT('',(28.332561530317,0.276903790422));
#3017 = CARTESIAN_POINT('',(28.099587835164,0.28083954086));
#3018 = CARTESIAN_POINT('',(27.867251515571,0.284822122893));
#3019 = CARTESIAN_POINT('',(27.635567883479,0.288851656041));
#3020 = CARTESIAN_POINT('',(27.40455260857,0.292928261687));
#3021 = CARTESIAN_POINT('',(27.174221570545,0.297052071724));
#3022 = CARTESIAN_POINT('',(26.340262389504,0.312200592544));
#3023 = CARTESIAN_POINT('',(25.740790421757,0.323505714761));
#3024 = CARTESIAN_POINT('',(25.146468034901,0.335141009485));
#3025 = CARTESIAN_POINT('',(24.557612406825,0.347108907196));
#3026 = CARTESIAN_POINT('',(23.974565127877,0.359411834148));
#3027 = CARTESIAN_POINT('',(23.397692506189,0.37205221911));
#3028 = CARTESIAN_POINT('',(22.827386170066,0.38503251103));
#3029 = CARTESIAN_POINT('',(22.139541170892,0.401300199731));
#3030 = CARTESIAN_POINT('',(22.015359840615,0.404261918323));
#3031 = CARTESIAN_POINT('',(21.891524555079,0.407240388387));
#3032 = CARTESIAN_POINT('',(21.768039959835,0.410235635533));
#3033 = CARTESIAN_POINT('',(21.644910786091,0.413247684627));
#3034 = CARTESIAN_POINT('',(21.52214185478,0.416276559472));
#3035 = CARTESIAN_POINT('',(21.399738066114,0.419322283572));
#3036 = CARTESIAN_POINT('',(20.517479739404,0.441463733966));
#3037 = CARTESIAN_POINT('',(19.771636129666,0.461197012322));
#3038 = CARTESIAN_POINT('',(19.041331323946,0.481592211304));
#3039 = CARTESIAN_POINT('',(18.327905331001,0.502654748629));
#3040 = CARTESIAN_POINT('',(17.632869331803,0.524387490137));
#3041 = CARTESIAN_POINT('',(16.957895024075,0.546790311129));
#3042 = CARTESIAN_POINT('',(16.304804369387,0.569859694393));
#3043 = CARTESIAN_POINT('',(15.593621298998,0.596678244795));
#3044 = CARTESIAN_POINT('',(15.512087533704,0.599779291213));
#3045 = CARTESIAN_POINT('',(15.430962841161,0.602891485926));
#3046 = CARTESIAN_POINT('',(15.350251644748,0.60601480868));
#3047 = CARTESIAN_POINT('',(15.269958421015,0.609149238135));
#3048 = CARTESIAN_POINT('',(15.190087702593,0.612294751977));
#3049 = CARTESIAN_POINT('',(15.110644059974,0.615451326172));
#3050 = CARTESIAN_POINT('',(14.482433436462,0.640636418881));
#3051 = CARTESIAN_POINT('',(13.954099811657,0.663186531342));
#3052 = CARTESIAN_POINT('',(13.448147136348,0.686261263768));
#3053 = CARTESIAN_POINT('',(12.966228902582,0.709848248673));
#3054 = CARTESIAN_POINT('',(12.510114824718,0.73393032953));
#3055 = CARTESIAN_POINT('',(12.081660520312,0.758484989343));
#3056 = CARTESIAN_POINT('',(11.682768193033,0.783483636284));
#3057 = CARTESIAN_POINT('',(11.147167810447,0.820519432312));
#3058 = CARTESIAN_POINT('',(10.985591396709,0.832233462028));
#3059 = CARTESIAN_POINT('',(10.830792706697,0.844029277602));
#3060 = CARTESIAN_POINT('',(10.682955138411,0.855902996446));
#3061 = CARTESIAN_POINT('',(10.542260314809,0.86785039624));
#3062 = CARTESIAN_POINT('',(10.408886541055,0.8798668998));
#3063 = CARTESIAN_POINT('',(10.283007261774,0.891947559945));
#3064 = CARTESIAN_POINT('',(10.049579593132,0.915917663446));
#3065 = CARTESIAN_POINT('',(9.941645634245,0.92780421514));
#3066 = CARTESIAN_POINT('',(9.841142716396,0.939741716023));
#3067 = CARTESIAN_POINT('',(9.74821893193,0.951724916025));
#3068 = CARTESIAN_POINT('',(9.663014128413,0.963748292147));
#3069 = CARTESIAN_POINT('',(9.585658492165,0.975806041418));
#3070 = CARTESIAN_POINT('',(9.516270977703,0.987892073078));
#3071 = CARTESIAN_POINT('',(9.454957583109,1.));
#3072 = ( GEOMETRIC_REPRESENTATION_CONTEXT(2) 
PARAMETRIC_REPRESENTATION_CONTEXT() REPRESENTATION_CONTEXT('2D SPACE',''
  ) );
#3073 = PCURVE('',#725,#3074);
#3074 = DEFINITIONAL_REPRESENTATION('',(#3075),#3211);
#3075 = B_SPLINE_CURVE_WITH_KNOTS('',8,(#3076,#3077,#3078,#3079,#3080,
    #3081,#3082,#3083,#3084,#3085,#3086,#3087,#3088,#3089,#3090,#3091,
    #3092,#3093,#3094,#3095,#3096,#3097,#3098,#3099,#3100,#3101,#3102,
    #3103,#3104,#3105,#3106,#3107,#3108,#3109,#3110,#3111,#3112,#3113,
    #3114,#3115,#3116,#3117,#3118,#3119,#3120,#3121,#3122,#3123,#3124,
    #3125,#3126,#3127,#3128,#3129,#3130,#3131,#3132,#3133,#3134,#3135,
    #3136,#3137,#3138,#3139,#3140,#3141,#3142,#3143,#3144,#3145,#3146,
    #3147,#3148,#3149,#3150,#3151,#3152,#3153,#3154,#3155,#3156,#3157,
    #3158,#3159,#3160,#3161,#3162,#3163,#3164,#3165,#3166,#3167,#3168,
    #3169,#3170,#3171,#3172,#3173,#3174,#3175,#3176,#3177,#3178,#3179,
    #3180,#3181,#3182,#3183,#3184,#3185,#3186,#3187,#3188,#3189,#3190,
    #3191,#3192,#3193,#3194,#3195,#3196,#3197,#3198,#3199,#3200,#3201,
    #3202,#3203,#3204,#3205,#3206,#3207,#3208,#3209,#3210),
  .UNSPECIFIED.,.F.,.F.,(9,7,7,7,7,7,7,7,7,7,7,7,7,7,7,7,7,7,7,9),(
    0.292910679092,0.306969785155,0.364915586126,0.405072567043,
    0.435002018015,0.522100525295,0.560164912284,0.588836707466,
    0.632243169943,0.653296470855,0.672950556454,0.727839462469,
    0.746539273028,0.795752414264,0.806631016147,0.874400670971,
    0.883225442484,0.94456489121,0.972639598498,1.),.UNSPECIFIED.);
#3076 = CARTESIAN_POINT('',(11.558444259524,3.833681984488));
#3077 = CARTESIAN_POINT('',(11.553230804101,3.836354004984));
#3078 = CARTESIAN_POINT('',(11.54802532257,3.838934779528));
#3079 = CARTESIAN_POINT('',(11.542827711822,3.841424134966));
#3080 = CARTESIAN_POINT('',(11.537637869319,3.843821825775));
#3081 = CARTESIAN_POINT('',(11.532455693365,3.846127723687));
#3082 = CARTESIAN_POINT('',(11.527281083074,3.848341847735));
#3083 = CARTESIAN_POINT('',(11.522113938021,3.850464234714));
#3084 = CARTESIAN_POINT('',(11.495687683811,3.860863179563));
#3085 = CARTESIAN_POINT('',(11.474546452618,3.867670435718));
#3086 = CARTESIAN_POINT('',(11.45352329057,3.872914518154));
#3087 = CARTESIAN_POINT('',(11.432611411398,3.876600009454));
#3088 = CARTESIAN_POINT('',(11.411804301622,3.878738755178));
#3089 = CARTESIAN_POINT('',(11.391095621283,3.879349622533));
#3090 = CARTESIAN_POINT('',(11.370479119774,3.878457237684));
#3091 = CARTESIAN_POINT('',(11.335720701924,3.874448977181));
#3092 = CARTESIAN_POINT('',(11.321534173877,3.87209892976));
#3093 = CARTESIAN_POINT('',(11.307386965614,3.869045534836));
#3094 = CARTESIAN_POINT('',(11.293277092685,3.86529582393));
#3095 = CARTESIAN_POINT('',(11.27920260321,3.860857884692));
#3096 = CARTESIAN_POINT('',(11.265161577879,3.8557408609));
#3097 = CARTESIAN_POINT('',(11.25115212995,3.849954952465));
#3098 = CARTESIAN_POINT('',(11.226753158703,3.838708974562));
#3099 = CARTESIAN_POINT('',(11.216350424294,3.833541173687));
#3100 = CARTESIAN_POINT('',(11.205963433869,3.828012644729));
#3101 = CARTESIAN_POINT('',(11.195591426461,3.822128269556));
#3102 = CARTESIAN_POINT('',(11.185233648291,3.815893179971));
#3103 = CARTESIAN_POINT('',(11.174889352764,3.809312757707));
#3104 = CARTESIAN_POINT('',(11.164557800478,3.802392634437));
#3105 = CARTESIAN_POINT('',(11.124207082202,3.774028796381));
#3106 = CARTESIAN_POINT('',(11.094278021115,3.750096581455));
#3107 = CARTESIAN_POINT('',(11.064432413069,3.723444724636));
#3108 = CARTESIAN_POINT('',(11.034652578687,3.694155482626));
#3109 = CARTESIAN_POINT('',(11.004921426951,3.662373246972));
#3110 = CARTESIAN_POINT('',(10.975221958054,3.628196530782));
#3111 = CARTESIAN_POINT('',(10.945537074421,3.591783114879));
#3112 = CARTESIAN_POINT('',(10.902874549527,3.536428395225));
#3113 = CARTESIAN_POINT('',(10.889899543316,3.519191819716));
#3114 = CARTESIAN_POINT('',(10.876922574787,3.501564724371));
#3115 = CARTESIAN_POINT('',(10.863942206314,3.483558935022));
#3116 = CARTESIAN_POINT('',(10.850956993871,3.465186457593));
#3117 = CARTESIAN_POINT('',(10.837965487036,3.446459478096));
#3118 = CARTESIAN_POINT('',(10.824966228985,3.427390362637));
#3119 = CARTESIAN_POINT('',(10.80215919442,3.393379686825));
#3120 = CARTESIAN_POINT('',(10.7923554062,3.378580511981));
#3121 = CARTESIAN_POINT('',(10.782545761638,3.363600172008));
#3122 = CARTESIAN_POINT('',(10.772729631554,3.348443217628));
#3123 = CARTESIAN_POINT('',(10.762906383213,3.333114810808));
#3124 = CARTESIAN_POINT('',(10.753075378109,3.317621164149));
#3125 = CARTESIAN_POINT('',(10.74323597212,3.301968320031));
#3126 = CARTESIAN_POINT('',(10.71847786376,3.262225820107));
#3127 = CARTESIAN_POINT('',(10.703547492239,3.237933221979));
#3128 = CARTESIAN_POINT('',(10.688594149221,3.21328805785));
#3129 = CARTESIAN_POINT('',(10.673615572155,3.18829796211));
#3130 = CARTESIAN_POINT('',(10.658609475709,3.162971783715));
#3131 = CARTESIAN_POINT('',(10.643573537312,3.137319749107));
#3132 = CARTESIAN_POINT('',(10.628505382688,3.111353625132));
#3133 = CARTESIAN_POINT('',(10.60607730201,3.072346805559));
#3134 = CARTESIAN_POINT('',(10.59874388314,3.059536018024));
#3135 = CARTESIAN_POINT('',(10.591402038982,3.046656051266));
#3136 = CARTESIAN_POINT('',(10.58405149094,3.033708541041));
#3137 = CARTESIAN_POINT('',(10.576691957631,3.020695226945));
#3138 = CARTESIAN_POINT('',(10.569323154881,3.007617952415));
#3139 = CARTESIAN_POINT('',(10.561944795726,2.994478664729));
#3140 = CARTESIAN_POINT('',(10.547659409764,2.968957395524));
#3141 = CARTESIAN_POINT('',(10.540753648918,2.9565829746));
#3142 = CARTESIAN_POINT('',(10.533839069213,2.944159117147));
#3143 = CARTESIAN_POINT('',(10.526915439521,2.931683443475));
#3144 = CARTESIAN_POINT('',(10.519982511966,2.919162133886));
#3145 = CARTESIAN_POINT('',(10.51304003471,2.906602318786));
#3146 = CARTESIAN_POINT('',(10.506087765585,2.894003969594));
#3147 = CARTESIAN_POINT('',(10.479681458988,2.846095253121));
#3148 = CARTESIAN_POINT('',(10.460159223482,2.810556126584));
#3149 = CARTESIAN_POINT('',(10.440553134634,2.774832048717));
#3150 = CARTESIAN_POINT('',(10.420857586455,2.738988409514));
#3151 = CARTESIAN_POINT('',(10.401066905079,2.703077629826));
#3152 = CARTESIAN_POINT('',(10.38117527773,2.667137924832));
#3153 = CARTESIAN_POINT('',(10.361176681685,2.631192067515));
#3154 = CARTESIAN_POINT('',(10.334213007348,2.582999928678));
#3155 = CARTESIAN_POINT('',(10.327348067288,2.570753398495));
#3156 = CARTESIAN_POINT('',(10.320469747164,2.558507710662));
#3157 = CARTESIAN_POINT('',(10.313577798255,2.546264667004));
#3158 = CARTESIAN_POINT('',(10.306671986193,2.534017368878));
#3159 = CARTESIAN_POINT('',(10.299752072469,2.521760041694));
#3160 = CARTESIAN_POINT('',(10.292817799547,2.50949583483));
#3161 = CARTESIAN_POINT('',(10.267581233736,2.46491819267));
#3162 = CARTESIAN_POINT('',(10.2491924959,2.432547564179));
#3163 = CARTESIAN_POINT('',(10.230697941796,2.400092910519));
#3164 = CARTESIAN_POINT('',(10.212092773313,2.367578182791));
#3165 = CARTESIAN_POINT('',(10.19337210587,2.335069441177));
#3166 = CARTESIAN_POINT('',(10.174530907767,2.302674619334));
#3167 = CARTESIAN_POINT('',(10.155563930784,2.270541493892));
#3168 = CARTESIAN_POINT('',(10.132243938749,2.231849283524));
#3169 = CARTESIAN_POINT('',(10.128015835186,2.224866591907));
#3170 = CARTESIAN_POINT('',(10.123781264232,2.217907369021));
#3171 = CARTESIAN_POINT('',(10.119540167312,2.210974135997));
#3172 = CARTESIAN_POINT('',(10.11529248628,2.204069187051));
#3173 = CARTESIAN_POINT('',(10.111038163811,2.197194326664));
#3174 = CARTESIAN_POINT('',(10.106777142304,2.190351507149));
#3175 = CARTESIAN_POINT('',(10.075922668538,2.141138405911));
#3176 = CARTESIAN_POINT('',(10.049074257857,2.100142989953));
#3177 = CARTESIAN_POINT('',(10.021947454062,2.062007384113));
#3178 = CARTESIAN_POINT('',(9.994527714618,2.027808255162));
#3179 = CARTESIAN_POINT('',(9.966802361674,1.998229088089));
#3180 = CARTESIAN_POINT('',(9.938760348683,1.973569040733));
#3181 = CARTESIAN_POINT('',(9.910392061633,1.953781236219));
#3182 = CARTESIAN_POINT('',(9.877951544084,1.936555887044));
#3183 = CARTESIAN_POINT('',(9.874208274667,1.934648290976));
#3184 = CARTESIAN_POINT('',(9.870459330687,1.932817439764));
#3185 = CARTESIAN_POINT('',(9.866704697693,1.931061921462));
#3186 = CARTESIAN_POINT('',(9.862944361546,1.929380828429));
#3187 = CARTESIAN_POINT('',(9.859178308265,1.927773956819));
#3188 = CARTESIAN_POINT('',(9.855406524892,1.926240554532));
#3189 = CARTESIAN_POINT('',(9.8253720937,1.914601047394));
#3190 = CARTESIAN_POINT('',(9.798838359461,1.907793278547));
#3191 = CARTESIAN_POINT('',(9.772022982026,1.903464574785));
#3192 = CARTESIAN_POINT('',(9.74492394855,1.9008874799));
#3193 = CARTESIAN_POINT('',(9.717541974101,1.899491749769));
#3194 = CARTESIAN_POINT('',(9.6898807309,1.898852431706));
#3195 = CARTESIAN_POINT('',(9.661947382635,1.898670091195));
#3196 = CARTESIAN_POINT('',(9.620849213673,1.898776641059));
#3197 = CARTESIAN_POINT('',(9.607890656402,1.898863610941));
#3198 = CARTESIAN_POINT('',(9.594879023286,1.898984760446));
#3199 = CARTESIAN_POINT('',(9.581815792672,1.899125093739));
#3200 = CARTESIAN_POINT('',(9.56870267059,1.899273380814));
#3201 = CARTESIAN_POINT('',(9.555541611323,1.899421583966));
#3202 = CARTESIAN_POINT('',(9.54233483797,1.899564284255));
#3203 = CARTESIAN_POINT('',(9.516172007651,1.899828526817));
#3204 = CARTESIAN_POINT('',(9.503218052458,1.899950947505));
#3205 = CARTESIAN_POINT('',(9.490225377941,1.900060572752));
#3206 = CARTESIAN_POINT('',(9.477196541467,1.900157503699));
#3207 = CARTESIAN_POINT('',(9.464134293815,1.900243529978));
#3208 = CARTESIAN_POINT('',(9.451041600024,1.900320229923));
#3209 = CARTESIAN_POINT('',(9.437921664558,1.900388380952));
#3210 = CARTESIAN_POINT('',(9.424777960769,1.900448680108));
#3211 = ( GEOMETRIC_REPRESENTATION_CONTEXT(2) 
PARAMETRIC_REPRESENTATION_CONTEXT() REPRESENTATION_CONTEXT('2D SPACE',''
  ) );
#3212 = ADVANCED_FACE('',(#3213),#1603,.F.);
#3213 = FACE_BOUND('',#3214,.F.);
#3214 = EDGE_LOOP('',(#3215,#3216,#3217,#3327,#3361,#3471,#4077,#4103,
    #4130));
#3215 = ORIENTED_EDGE('',*,*,#1101,.T.);
#3216 = ORIENTED_EDGE('',*,*,#1869,.T.);
#3217 = ORIENTED_EDGE('',*,*,#3218,.T.);
#3218 = EDGE_CURVE('',#1870,#3219,#3221,.T.);
#3219 = VERTEX_POINT('',#3220);
#3220 = CARTESIAN_POINT('',(-28.75401838575,33.433727378719,15.5));
#3221 = SURFACE_CURVE('',#3222,(#3255,#3291),.PCURVE_S1.);
#3222 = B_SPLINE_CURVE_WITH_KNOTS('',6,(#3223,#3224,#3225,#3226,#3227,
    #3228,#3229,#3230,#3231,#3232,#3233,#3234,#3235,#3236,#3237,#3238,
    #3239,#3240,#3241,#3242,#3243,#3244,#3245,#3246,#3247,#3248,#3249,
    #3250,#3251,#3252,#3253,#3254),.UNSPECIFIED.,.F.,.F.,(7,5,5,5,5,5,7)
  ,(0.,0.368879783396,0.76040707232,0.911040115534,0.956688268964,
    0.978034547611,1.),.UNSPECIFIED.);
#3223 = CARTESIAN_POINT('',(-28.4483192826,32.852878711694,
    11.397197961783));
#3224 = CARTESIAN_POINT('',(-28.53725675119,32.986516086629,
    11.617986728751));
#3225 = CARTESIAN_POINT('',(-28.60472748339,33.105340062306,
    11.848238827674));
#3226 = CARTESIAN_POINT('',(-28.65580810816,33.207103010987,
    12.086128626258));
#3227 = CARTESIAN_POINT('',(-28.69452453622,33.291557554042,
    12.329919950851));
#3228 = CARTESIAN_POINT('',(-28.72368122398,33.35949025893,
    12.578227345378));
#3229 = CARTESIAN_POINT('',(-28.76817720715,33.468047428588,
    13.097451217399));
#3230 = CARTESIAN_POINT('',(-28.78255098091,33.506723881558,
    13.368746919618));
#3231 = CARTESIAN_POINT('',(-28.79076808125,33.529691219442,
    13.64284332448));
#3232 = CARTESIAN_POINT('',(-28.79410722901,33.538985845294,
    13.918845351053));
#3233 = CARTESIAN_POINT('',(-28.79331506329,33.536644286214,
    14.1961399993));
#3234 = CARTESIAN_POINT('',(-28.78717856965,33.51990190217,
    14.581446432861));
#3235 = CARTESIAN_POINT('',(-28.78493498275,33.513807351544,
    14.688636764855));
#3236 = CARTESIAN_POINT('',(-28.78218078527,33.506377803051,
    14.795942041084));
#3237 = CARTESIAN_POINT('',(-28.77893868768,33.497718077427,
    14.903342980992));
#3238 = CARTESIAN_POINT('',(-28.77522796581,33.48792935421,
    15.010823360391));
#3239 = CARTESIAN_POINT('',(-28.76980518903,33.473829433506,
    15.150961085427));
#3240 = CARTESIAN_POINT('',(-28.76850263182,33.470455509191,
    15.183558289124));
#3241 = CARTESIAN_POINT('',(-28.76715915552,33.466989510658,
    15.216161175587));
#3242 = CARTESIAN_POINT('',(-28.76577523886,33.463434104554,
    15.24876938449));
#3243 = CARTESIAN_POINT('',(-28.76435134971,33.459791923351,
    15.281382574001));
#3244 = CARTESIAN_POINT('',(-28.76220361854,33.454323022214,
    15.329253384896));
#3245 = CARTESIAN_POINT('',(-28.76151039732,33.452561425445,
    15.344513024692));
#3246 = CARTESIAN_POINT('',(-28.76080831929,33.4507810227,
    15.359779242315));
#3247 = CARTESIAN_POINT('',(-28.76009742244,33.448982061537,
    15.375051939913));
#3248 = CARTESIAN_POINT('',(-28.75937774495,33.447164789403,
    15.390331019633));
#3249 = CARTESIAN_POINT('',(-28.75789977667,33.443440881823,
    15.421345117446));
#3250 = CARTESIAN_POINT('',(-28.75714124552,33.441533873887,
    15.437074756328));
#3251 = CARTESIAN_POINT('',(-28.75637377809,33.439608705436,
    15.452805344884));
#3252 = CARTESIAN_POINT('',(-28.75559742363,33.437665657674,
    15.468536870746));
#3253 = CARTESIAN_POINT('',(-28.75481223419,33.435705017396,
    15.484269264564));
#3254 = CARTESIAN_POINT('',(-28.75401826464,33.433727076996,15.5000024)
  );
#3255 = PCURVE('',#1603,#3256);
#3256 = DEFINITIONAL_REPRESENTATION('',(#3257),#3290);
#3257 = B_SPLINE_CURVE_WITH_KNOTS('',6,(#3258,#3259,#3260,#3261,#3262,
    #3263,#3264,#3265,#3266,#3267,#3268,#3269,#3270,#3271,#3272,#3273,
    #3274,#3275,#3276,#3277,#3278,#3279,#3280,#3281,#3282,#3283,#3284,
    #3285,#3286,#3287,#3288,#3289),.UNSPECIFIED.,.F.,.F.,(7,5,5,5,5,5,7)
  ,(0.,0.368879783396,0.76040707232,0.911040115534,0.956688268964,
    0.978034547611,1.),.UNSPECIFIED.);
#3258 = CARTESIAN_POINT('',(5.273482011663,0.635830646071));
#3259 = CARTESIAN_POINT('',(5.273378535751,0.905921049099));
#3260 = CARTESIAN_POINT('',(5.273528210997,1.176080319901));
#3261 = CARTESIAN_POINT('',(5.273800162189,1.444923073124));
#3262 = CARTESIAN_POINT('',(5.274105380943,1.711566543534));
#3263 = CARTESIAN_POINT('',(5.274394144705,1.97554464164));
#3264 = CARTESIAN_POINT('',(5.274901406041,2.514075310501));
#3265 = CARTESIAN_POINT('',(5.275114459673,2.788206285278));
#3266 = CARTESIAN_POINT('',(5.275248135991,3.059086775162));
#3267 = CARTESIAN_POINT('',(5.275301883809,3.326804949793));
#3268 = CARTESIAN_POINT('',(5.275287260135,3.591605185707));
#3269 = CARTESIAN_POINT('',(5.275193089345,3.95481452959));
#3270 = CARTESIAN_POINT('',(5.275159025173,4.055353066167));
#3271 = CARTESIAN_POINT('',(5.275117921755,4.155536988131));
#3272 = CARTESIAN_POINT('',(5.275070714625,4.255387641732));
#3273 = CARTESIAN_POINT('',(5.275018364118,4.354927468853));
#3274 = CARTESIAN_POINT('',(5.274944665579,4.48425790954));
#3275 = CARTESIAN_POINT('',(5.274927139437,4.514309269414));
#3276 = CARTESIAN_POINT('',(5.274909252998,4.544334893534));
#3277 = CARTESIAN_POINT('',(5.274891032157,4.574335436478));
#3278 = CARTESIAN_POINT('',(5.274872502566,4.604311557932));
#3279 = CARTESIAN_POINT('',(5.274844892215,4.648270437228));
#3280 = CARTESIAN_POINT('',(5.274836029568,4.662276951761));
#3281 = CARTESIAN_POINT('',(5.274827104241,4.676283466294));
#3282 = CARTESIAN_POINT('',(5.274818118775,4.690289980828));
#3283 = CARTESIAN_POINT('',(5.274809075707,4.704296495361));
#3284 = CARTESIAN_POINT('',(5.27479061552,4.732715799741));
#3285 = CARTESIAN_POINT('',(5.274781199567,4.747123450863));
#3286 = CARTESIAN_POINT('',(5.274771730572,4.761525864149));
#3287 = CARTESIAN_POINT('',(5.274762210794,4.775923069034));
#3288 = CARTESIAN_POINT('',(5.274752643886,4.790315223492));
#3289 = CARTESIAN_POINT('',(5.274743034892,4.804702614044));
#3290 = ( GEOMETRIC_REPRESENTATION_CONTEXT(2) 
PARAMETRIC_REPRESENTATION_CONTEXT() REPRESENTATION_CONTEXT('2D SPACE',''
  ) );
#3291 = PCURVE('',#2603,#3292);
#3292 = DEFINITIONAL_REPRESENTATION('',(#3293),#3326);
#3293 = B_SPLINE_CURVE_WITH_KNOTS('',6,(#3294,#3295,#3296,#3297,#3298,
    #3299,#3300,#3301,#3302,#3303,#3304,#3305,#3306,#3307,#3308,#3309,
    #3310,#3311,#3312,#3313,#3314,#3315,#3316,#3317,#3318,#3319,#3320,
    #3321,#3322,#3323,#3324,#3325),.UNSPECIFIED.,.F.,.F.,(7,5,5,5,5,5,7)
  ,(0.,0.368879783396,0.76040707232,0.911040115534,0.956688268964,
    0.978034547611,1.),.UNSPECIFIED.);
#3294 = CARTESIAN_POINT('',(3.728796441784,0.897197961783));
#3295 = CARTESIAN_POINT('',(3.678631848145,1.117986728751));
#3296 = CARTESIAN_POINT('',(3.636037361927,1.348238827674));
#3297 = CARTESIAN_POINT('',(3.60049379315,1.586128626258));
#3298 = CARTESIAN_POINT('',(3.571476162998,1.829919950851));
#3299 = CARTESIAN_POINT('',(3.548377299429,2.078227345378));
#3300 = CARTESIAN_POINT('',(3.511714041357,2.597451217399));
#3301 = CARTESIAN_POINT('',(3.498826801864,2.868746919618));
#3302 = CARTESIAN_POINT('',(3.491201060242,3.14284332448));
#3303 = CARTESIAN_POINT('',(3.488115952301,3.418845351053));
#3304 = CARTESIAN_POINT('',(3.488887965866,3.6961399993));
#3305 = CARTESIAN_POINT('',(3.494460323508,4.081446432861));
#3306 = CARTESIAN_POINT('',(3.496489821664,4.188636764855));
#3307 = CARTESIAN_POINT('',(3.498965943064,4.295942041084));
#3308 = CARTESIAN_POINT('',(3.501855518447,4.403342980992));
#3309 = CARTESIAN_POINT('',(3.505126872469,4.510823360391));
#3310 = CARTESIAN_POINT('',(3.509847735736,4.650961085427));
#3311 = CARTESIAN_POINT('',(3.510977932043,4.683558289124));
#3312 = CARTESIAN_POINT('',(3.512139576359,4.716161175587));
#3313 = CARTESIAN_POINT('',(3.513331840302,4.74876938449));
#3314 = CARTESIAN_POINT('',(3.514553907438,4.781382574001));
#3315 = CARTESIAN_POINT('',(3.516390004607,4.829253384896));
#3316 = CARTESIAN_POINT('',(3.516981594189,4.844513024692));
#3317 = CARTESIAN_POINT('',(3.517579666019,4.859779242315));
#3318 = CARTESIAN_POINT('',(3.518184144148,4.875051939913));
#3319 = CARTESIAN_POINT('',(3.518794952683,4.890331019633));
#3320 = CARTESIAN_POINT('',(3.520046977523,4.921345117446));
#3321 = CARTESIAN_POINT('',(3.520688329731,4.937074756328));
#3322 = CARTESIAN_POINT('',(3.521335987468,4.952805344884));
#3323 = CARTESIAN_POINT('',(3.521989863887,4.968536870746));
#3324 = CARTESIAN_POINT('',(3.522649870239,4.984269264564));
#3325 = CARTESIAN_POINT('',(3.523315915871,5.0000024));
#3326 = ( GEOMETRIC_REPRESENTATION_CONTEXT(2) 
PARAMETRIC_REPRESENTATION_CONTEXT() REPRESENTATION_CONTEXT('2D SPACE',''
  ) );
#3327 = ORIENTED_EDGE('',*,*,#3328,.F.);
#3328 = EDGE_CURVE('',#3329,#3219,#3331,.T.);
#3329 = VERTEX_POINT('',#3330);
#3330 = CARTESIAN_POINT('',(-23.79123777706,37.129297122331,15.5));
#3331 = SURFACE_CURVE('',#3332,(#3338,#3347),.PCURVE_S1.);
#3332 = B_SPLINE_CURVE_WITH_KNOTS('',4,(#3333,#3334,#3335,#3336,#3337),
  .UNSPECIFIED.,.F.,.F.,(5,5),(0.,1.),.PIECEWISE_BEZIER_KNOTS.);
#3333 = CARTESIAN_POINT('',(-23.0143432236,37.82579187895,15.5));
#3334 = CARTESIAN_POINT('',(-24.39557344123,36.554495450062,15.5));
#3335 = CARTESIAN_POINT('',(-25.85666606448,35.369952196678,15.5));
#3336 = CARTESIAN_POINT('',(-27.38941378716,34.279714075412,15.5));
#3337 = CARTESIAN_POINT('',(-28.98434126066,33.289664759437,15.5));
#3338 = PCURVE('',#1603,#3339);
#3339 = DEFINITIONAL_REPRESENTATION('',(#3340),#3346);
#3340 = B_SPLINE_CURVE_WITH_KNOTS('',4,(#3341,#3342,#3343,#3344,#3345),
  .UNSPECIFIED.,.F.,.F.,(5,5),(0.,1.),.PIECEWISE_BEZIER_KNOTS.);
#3341 = CARTESIAN_POINT('',(5.456365916253,4.804700678919));
#3342 = CARTESIAN_POINT('',(5.409255837021,4.804700678919));
#3343 = CARTESIAN_POINT('',(5.362145664,4.804700678919));
#3344 = CARTESIAN_POINT('',(5.3150354885,4.804700678919));
#3345 = CARTESIAN_POINT('',(5.267925410808,4.804700678919));
#3346 = ( GEOMETRIC_REPRESENTATION_CONTEXT(2) 
PARAMETRIC_REPRESENTATION_CONTEXT() REPRESENTATION_CONTEXT('2D SPACE',''
  ) );
#3347 = PCURVE('',#3348,#3353);
#3348 = PLANE('',#3349);
#3349 = AXIS2_PLACEMENT_3D('',#3350,#3351,#3352);
#3350 = CARTESIAN_POINT('',(-25.78434126066,34.62579187895,15.5));
#3351 = DIRECTION('',(0.,0.,1.));
#3352 = DIRECTION('',(1.,0.,-0.));
#3353 = DEFINITIONAL_REPRESENTATION('',(#3354),#3360);
#3354 = B_SPLINE_CURVE_WITH_KNOTS('',4,(#3355,#3356,#3357,#3358,#3359),
  .UNSPECIFIED.,.F.,.F.,(5,5),(0.,1.),.PIECEWISE_BEZIER_KNOTS.);
#3355 = CARTESIAN_POINT('',(2.769998037065,3.2));
#3356 = CARTESIAN_POINT('',(1.388767819437,1.928703571112));
#3357 = CARTESIAN_POINT('',(-7.232480381934E-02,0.744160317728));
#3358 = CARTESIAN_POINT('',(-1.605072526502,-0.346077803538));
#3359 = CARTESIAN_POINT('',(-3.2,-1.336127119513));
#3360 = ( GEOMETRIC_REPRESENTATION_CONTEXT(2) 
PARAMETRIC_REPRESENTATION_CONTEXT() REPRESENTATION_CONTEXT('2D SPACE',''
  ) );
#3361 = ORIENTED_EDGE('',*,*,#3362,.F.);
#3362 = EDGE_CURVE('',#3363,#3329,#3365,.T.);
#3363 = VERTEX_POINT('',#3364);
#3364 = CARTESIAN_POINT('',(-23.82928063337,37.159117350266,
    13.22206675483));
#3365 = SURFACE_CURVE('',#3366,(#3399,#3435),.PCURVE_S1.);
#3366 = B_SPLINE_CURVE_WITH_KNOTS('',6,(#3367,#3368,#3369,#3370,#3371,
    #3372,#3373,#3374,#3375,#3376,#3377,#3378,#3379,#3380,#3381,#3382,
    #3383,#3384,#3385,#3386,#3387,#3388,#3389,#3390,#3391,#3392,#3393,
    #3394,#3395,#3396,#3397,#3398),.UNSPECIFIED.,.F.,.F.,(7,5,5,5,5,5,7)
  ,(0.,0.36887978341,0.760407071893,0.911040115101,0.956688268529,
    0.978034547175,1.),.UNSPECIFIED.);
#3367 = CARTESIAN_POINT('',(-23.32235718048,36.669962710591,
    11.397197961783));
#3368 = CARTESIAN_POINT('',(-23.42490217958,36.793467141525,
    11.617986728759));
#3369 = CARTESIAN_POINT('',(-23.51940693122,36.892160043081,
    11.848238827692));
#3370 = CARTESIAN_POINT('',(-23.60226324051,36.97026100315,
    12.086128626285));
#3371 = CARTESIAN_POINT('',(-23.6720803767,37.031556183528,
    12.329919950889));
#3372 = CARTESIAN_POINT('',(-23.728808228,37.078957826138,
    12.578227345426));
#3373 = CARTESIAN_POINT('',(-23.82006079008,37.152697377935,
    13.097451217156));
#3374 = CARTESIAN_POINT('',(-23.85299588827,37.177552009115,
    13.368746919066));
#3375 = CARTESIAN_POINT('',(-23.87264510122,37.192006343356,
    13.642843323613));
#3376 = CARTESIAN_POINT('',(-23.88059297024,37.197869052307,
    13.918845349869));
#3377 = CARTESIAN_POINT('',(-23.8785766371,37.196439078243,
    14.196139997797));
#3378 = CARTESIAN_POINT('',(-23.86429503766,37.185762005052,
    14.581446431032));
#3379 = CARTESIAN_POINT('',(-23.85909906418,37.181865970036,
    14.68863676302));
#3380 = CARTESIAN_POINT('',(-23.85277041434,37.177098162849,
    14.795942039242));
#3381 = CARTESIAN_POINT('',(-23.84540300417,37.171510380489,
    14.903342979144));
#3382 = CARTESIAN_POINT('',(-23.83708824551,37.165150085906,
    15.010823358536));
#3383 = CARTESIAN_POINT('',(-23.82513374436,37.155914060066,
    15.150961083565));
#3384 = CARTESIAN_POINT('',(-23.82227461153,37.153699250819,
    15.18355828726));
#3385 = CARTESIAN_POINT('',(-23.8193389927,37.151418852508,
    15.216161173722));
#3386 = CARTESIAN_POINT('',(-23.81632930549,37.149074087972,
    15.248769382623));
#3387 = CARTESIAN_POINT('',(-23.81324793787,37.146666159858,
    15.281382572132));
#3388 = CARTESIAN_POINT('',(-23.80862390274,37.143041256018,
    15.329253383025));
#3389 = CARTESIAN_POINT('',(-23.80713485179,37.141872279499,
    15.34451302282));
#3390 = CARTESIAN_POINT('',(-23.80563032178,37.140689428301,
    15.359779240443));
#3391 = CARTESIAN_POINT('',(-23.804110539,37.139492809786,15.37505193804
    ));
#3392 = CARTESIAN_POINT('',(-23.80257572957,37.138282531432,
    15.39033101776));
#3393 = CARTESIAN_POINT('',(-23.7994315611,37.135799371587,
    15.421345115885));
#3394 = CARTESIAN_POINT('',(-23.79782191407,37.134526153065,
    15.437074755078));
#3395 = CARTESIAN_POINT('',(-23.79619742915,37.133239168721,
    15.452805343947));
#3396 = CARTESIAN_POINT('',(-23.79455836162,37.131938546309,
    15.468536870122));
#3397 = CARTESIAN_POINT('',(-23.79290497133,37.130624417889,
    15.484269264251));
#3398 = CARTESIAN_POINT('',(-23.7912375227,37.129296919829,15.5000024));
#3399 = PCURVE('',#1603,#3400);
#3400 = DEFINITIONAL_REPRESENTATION('',(#3401),#3434);
#3401 = B_SPLINE_CURVE_WITH_KNOTS('',6,(#3402,#3403,#3404,#3405,#3406,
    #3407,#3408,#3409,#3410,#3411,#3412,#3413,#3414,#3415,#3416,#3417,
    #3418,#3419,#3420,#3421,#3422,#3423,#3424,#3425,#3426,#3427,#3428,
    #3429,#3430,#3431,#3432,#3433),.UNSPECIFIED.,.F.,.F.,(7,5,5,5,5,5,7)
  ,(0.,0.36887978341,0.760407071893,0.911040115101,0.956688268529,
    0.978034547175,1.),.UNSPECIFIED.);
#3402 = CARTESIAN_POINT('',(5.43144167867,0.635830646071));
#3403 = CARTESIAN_POINT('',(5.431545154582,0.90592104911));
#3404 = CARTESIAN_POINT('',(5.431395479337,1.176080319922));
#3405 = CARTESIAN_POINT('',(5.431123528145,1.444923073155));
#3406 = CARTESIAN_POINT('',(5.430818309391,1.711566543575));
#3407 = CARTESIAN_POINT('',(5.430529545629,1.97554464169));
#3408 = CARTESIAN_POINT('',(5.430022284293,2.514075310248));
#3409 = CARTESIAN_POINT('',(5.429809230661,2.788206284719));
#3410 = CARTESIAN_POINT('',(5.429675554343,3.059086774305));
#3411 = CARTESIAN_POINT('',(5.429621806524,3.326804948643));
#3412 = CARTESIAN_POINT('',(5.429636430199,3.591605184272));
#3413 = CARTESIAN_POINT('',(5.429730600988,3.954814527873));
#3414 = CARTESIAN_POINT('',(5.42976466516,4.055353064451));
#3415 = CARTESIAN_POINT('',(5.429805768578,4.155536986415));
#3416 = CARTESIAN_POINT('',(5.429852975708,4.255387640016));
#3417 = CARTESIAN_POINT('',(5.429905326215,4.354927467137));
#3418 = CARTESIAN_POINT('',(5.429979024753,4.484257907823));
#3419 = CARTESIAN_POINT('',(5.429996550896,4.514309267697));
#3420 = CARTESIAN_POINT('',(5.430014437335,4.544334891817));
#3421 = CARTESIAN_POINT('',(5.430032658176,4.574335434761));
#3422 = CARTESIAN_POINT('',(5.430051187766,4.604311556215));
#3423 = CARTESIAN_POINT('',(5.430078798117,4.648270435511));
#3424 = CARTESIAN_POINT('',(5.430087660765,4.662276950044));
#3425 = CARTESIAN_POINT('',(5.430096586092,4.676283464577));
#3426 = CARTESIAN_POINT('',(5.430105571557,4.69028997911));
#3427 = CARTESIAN_POINT('',(5.430114614626,4.704296493644));
#3428 = CARTESIAN_POINT('',(5.430133074812,4.732715798311));
#3429 = CARTESIAN_POINT('',(5.430142490766,4.747123449719));
#3430 = CARTESIAN_POINT('',(5.430151959761,4.761525863292));
#3431 = CARTESIAN_POINT('',(5.430161479539,4.775923068462));
#3432 = CARTESIAN_POINT('',(5.430171046447,4.790315223206));
#3433 = CARTESIAN_POINT('',(5.430180655442,4.804702614044));
#3434 = ( GEOMETRIC_REPRESENTATION_CONTEXT(2) 
PARAMETRIC_REPRESENTATION_CONTEXT() REPRESENTATION_CONTEXT('2D SPACE',''
  ) );
#3435 = PCURVE('',#2603,#3436);
#3436 = DEFINITIONAL_REPRESENTATION('',(#3437),#3470);
#3437 = B_SPLINE_CURVE_WITH_KNOTS('',6,(#3438,#3439,#3440,#3441,#3442,
    #3443,#3444,#3445,#3446,#3447,#3448,#3449,#3450,#3451,#3452,#3453,
    #3454,#3455,#3456,#3457,#3458,#3459,#3460,#3461,#3462,#3463,#3464,
    #3465,#3466,#3467,#3468,#3469),.UNSPECIFIED.,.F.,.F.,(7,5,5,5,5,5,7)
  ,(0.,0.36887978341,0.760407071893,0.911040115101,0.956688268529,
    0.978034547175,1.),.UNSPECIFIED.);
#3438 = CARTESIAN_POINT('',(0.69294194137,0.897197961783));
#3439 = CARTESIAN_POINT('',(0.743106535011,1.117986728759));
#3440 = CARTESIAN_POINT('',(0.78570102123,1.348238827692));
#3441 = CARTESIAN_POINT('',(0.821244590008,1.586128626285));
#3442 = CARTESIAN_POINT('',(0.85026222016,1.829919950889));
#3443 = CARTESIAN_POINT('',(0.873361083729,2.078227345426));
#3444 = CARTESIAN_POINT('',(0.910024341779,2.597451217156));
#3445 = CARTESIAN_POINT('',(0.922911581263,2.868746919066));
#3446 = CARTESIAN_POINT('',(0.930537322887,3.142843323613));
#3447 = CARTESIAN_POINT('',(0.93362243084,3.418845349869));
#3448 = CARTESIAN_POINT('',(0.932850417292,3.696139997797));
#3449 = CARTESIAN_POINT('',(0.927278059679,4.081446431032));
#3450 = CARTESIAN_POINT('',(0.92524856153,4.18863676302));
#3451 = CARTESIAN_POINT('',(0.922772440136,4.295942039242));
#3452 = CARTESIAN_POINT('',(0.919882864759,4.403342979144));
#3453 = CARTESIAN_POINT('',(0.916611510742,4.510823358536));
#3454 = CARTESIAN_POINT('',(0.911890647482,4.650961083565));
#3455 = CARTESIAN_POINT('',(0.910760451177,4.68355828726));
#3456 = CARTESIAN_POINT('',(0.909598806863,4.716161173722));
#3457 = CARTESIAN_POINT('',(0.908406542921,4.748769382623));
#3458 = CARTESIAN_POINT('',(0.907184475787,4.781382572132));
#3459 = CARTESIAN_POINT('',(0.905348378619,4.829253383025));
#3460 = CARTESIAN_POINT('',(0.904756789038,4.84451302282));
#3461 = CARTESIAN_POINT('',(0.904158717209,4.859779240443));
#3462 = CARTESIAN_POINT('',(0.903554239081,4.87505193804));
#3463 = CARTESIAN_POINT('',(0.902943430546,4.89033101776));
#3464 = CARTESIAN_POINT('',(0.901691405695,4.921345115885));
#3465 = CARTESIAN_POINT('',(0.901050053474,4.937074755078));
#3466 = CARTESIAN_POINT('',(0.900402395725,4.952805343947));
#3467 = CARTESIAN_POINT('',(0.899748519293,4.968536870122));
#3468 = CARTESIAN_POINT('',(0.899088512928,4.984269264251));
#3469 = CARTESIAN_POINT('',(0.898422467283,5.0000024));
#3470 = ( GEOMETRIC_REPRESENTATION_CONTEXT(2) 
PARAMETRIC_REPRESENTATION_CONTEXT() REPRESENTATION_CONTEXT('2D SPACE',''
  ) );
#3471 = ORIENTED_EDGE('',*,*,#3472,.T.);
#3472 = EDGE_CURVE('',#3363,#975,#3473,.T.);
#3473 = SURFACE_CURVE('',#3474,(#3673,#3875),.PCURVE_S1.);
#3474 = B_SPLINE_CURVE_WITH_KNOTS('',8,(#3475,#3476,#3477,#3478,#3479,
    #3480,#3481,#3482,#3483,#3484,#3485,#3486,#3487,#3488,#3489,#3490,
    #3491,#3492,#3493,#3494,#3495,#3496,#3497,#3498,#3499,#3500,#3501,
    #3502,#3503,#3504,#3505,#3506,#3507,#3508,#3509,#3510,#3511,#3512,
    #3513,#3514,#3515,#3516,#3517,#3518,#3519,#3520,#3521,#3522,#3523,
    #3524,#3525,#3526,#3527,#3528,#3529,#3530,#3531,#3532,#3533,#3534,
    #3535,#3536,#3537,#3538,#3539,#3540,#3541,#3542,#3543,#3544,#3545,
    #3546,#3547,#3548,#3549,#3550,#3551,#3552,#3553,#3554,#3555,#3556,
    #3557,#3558,#3559,#3560,#3561,#3562,#3563,#3564,#3565,#3566,#3567,
    #3568,#3569,#3570,#3571,#3572,#3573,#3574,#3575,#3576,#3577,#3578,
    #3579,#3580,#3581,#3582,#3583,#3584,#3585,#3586,#3587,#3588,#3589,
    #3590,#3591,#3592,#3593,#3594,#3595,#3596,#3597,#3598,#3599,#3600,
    #3601,#3602,#3603,#3604,#3605,#3606,#3607,#3608,#3609,#3610,#3611,
    #3612,#3613,#3614,#3615,#3616,#3617,#3618,#3619,#3620,#3621,#3622,
    #3623,#3624,#3625,#3626,#3627,#3628,#3629,#3630,#3631,#3632,#3633,
    #3634,#3635,#3636,#3637,#3638,#3639,#3640,#3641,#3642,#3643,#3644,
    #3645,#3646,#3647,#3648,#3649,#3650,#3651,#3652,#3653,#3654,#3655,
    #3656,#3657,#3658,#3659,#3660,#3661,#3662,#3663,#3664,#3665,#3666,
    #3667,#3668,#3669,#3670,#3671,#3672),.UNSPECIFIED.,.F.,.F.,(9,7,7,7,
    7,7,7,7,7,7,7,7,7,7,7,7,7,7,7,7,7,7,7,7,7,7,7,7,9),(0.,
    3.235816203233E-02,4.901967527985E-02,6.615700812759E-02,
    0.105812215839,0.127206863188,0.138450516705,0.150125834964,
    0.200084093987,0.213534627795,0.258837263251,0.271410706514,
    0.314865803198,0.348899787706,0.408180752625,0.43756654914,
    0.466826083581,0.5493104073,0.590908096971,0.633184210895,
    0.69507928355,0.717051442742,0.771463278947,0.81916081176,
    0.859696313487,0.890768295643,0.919401119059,0.960655122229,1.),
  .UNSPECIFIED.);
#3475 = CARTESIAN_POINT('',(-90.49951001497,67.145,11.400841328949));
#3476 = CARTESIAN_POINT('',(-90.4995376368,66.521783593188,
    11.400803224284));
#3477 = CARTESIAN_POINT('',(-90.48860876783,65.899894881491,
    11.400759826816));
#3478 = CARTESIAN_POINT('',(-90.46680658924,65.279784739326,
    11.400709577574));
#3479 = CARTESIAN_POINT('',(-90.43424152151,64.661878562606,
    11.400650619847));
#3480 = CARTESIAN_POINT('',(-90.39104809093,64.046577040025,
    11.400580905544));
#3481 = CARTESIAN_POINT('',(-90.33738179604,63.434256924327,
    11.400498301556));
#3482 = CARTESIAN_POINT('',(-90.27341597412,62.825271803586,
    11.400400696116));
#3483 = CARTESIAN_POINT('',(-90.16119558577,61.908268624798,
    11.400227101229));
#3484 = CARTESIAN_POINT('',(-90.12037165013,61.597555052478,
    11.400163371081));
#3485 = CARTESIAN_POINT('',(-90.07689176849,61.287856811129,
    11.400095606628));
#3486 = CARTESIAN_POINT('',(-90.03078328928,60.979215938969,
    11.400022364841));
#3487 = CARTESIAN_POINT('',(-89.9820739375,60.671672837204,
    11.399942925978));
#3488 = CARTESIAN_POINT('',(-89.9307909273,60.365266667248,11.3998584373
    ));
#3489 = CARTESIAN_POINT('',(-89.87696125093,60.060035164773,
    11.399771342304));
#3490 = CARTESIAN_POINT('',(-89.76265584801,59.44331033439,
    11.399592328445));
#3491 = CARTESIAN_POINT('',(-89.70203417709,59.131887248065,
    11.399500435521));
#3492 = CARTESIAN_POINT('',(-89.63877848677,58.821783478965,
    11.399409545814));
#3493 = CARTESIAN_POINT('',(-89.57291943918,58.513036144769,
    11.399322284402));
#3494 = CARTESIAN_POINT('',(-89.50448787901,58.205680682024,
    11.399241821807));
#3495 = CARTESIAN_POINT('',(-89.43351470918,57.89975091469,
    11.399171923489));
#3496 = CARTESIAN_POINT('',(-89.36003076651,57.595279122677,
    11.399116999339));
#3497 = CARTESIAN_POINT('',(-89.10828841469,56.591203682951,
    11.399001520332));
#3498 = CARTESIAN_POINT('',(-88.91923260734,55.898091381789,
    11.399028393498));
#3499 = CARTESIAN_POINT('',(-88.71727707829,55.213330539324,
    11.399225985812));
#3500 = CARTESIAN_POINT('',(-88.50279616611,54.537261551113,
    11.399677348572));
#3501 = CARTESIAN_POINT('',(-88.27615520314,53.870198067056,
    11.400488483603));
#3502 = CARTESIAN_POINT('',(-88.03770608241,53.212430293979,
    11.401791079356));
#3503 = CARTESIAN_POINT('',(-87.7877839333,52.564227409614,
    11.403744870751));
#3504 = CARTESIAN_POINT('',(-87.38584840697,51.581417918539,
    11.408047438165));
#3505 = CARTESIAN_POINT('',(-87.2417452019,51.239855584311,
    11.40980003401));
#3506 = CARTESIAN_POINT('',(-87.09444545152,50.901192183408,
    11.411827192193));
#3507 = CARTESIAN_POINT('',(-86.94399823575,50.565467442524,
    11.414161249143));
#3508 = CARTESIAN_POINT('',(-86.79045163857,50.232720628208,
    11.416837157103));
#3509 = CARTESIAN_POINT('',(-86.63385283293,49.902990458176,
    11.419892545404));
#3510 = CARTESIAN_POINT('',(-86.47424816571,49.576315012615,
    11.423367781754));
#3511 = CARTESIAN_POINT('',(-86.22624955267,49.082676995616,
    11.429375725892));
#3512 = CARTESIAN_POINT('',(-86.13999848521,48.91347632251,
    11.431573022567));
#3513 = CARTESIAN_POINT('',(-86.05293518128,48.745136842598,
    11.433907209384));
#3514 = CARTESIAN_POINT('',(-85.96507110405,48.577658288834,
    11.43637508051));
#3515 = CARTESIAN_POINT('',(-85.87641486553,48.411043429937,
    11.438978976071));
#3516 = CARTESIAN_POINT('',(-85.78697423104,48.245295790364,
    11.441722843622));
#3517 = CARTESIAN_POINT('',(-85.69675966228,48.080415571644,
    11.444605245177));
#3518 = CARTESIAN_POINT('',(-85.51130696864,47.746097300635,
    11.450767275952));
#3519 = CARTESIAN_POINT('',(-85.41600902988,47.576727119877,
    11.454057676002));
#3520 = CARTESIAN_POINT('',(-85.31989624773,47.40829571168,
    11.457500455728));
#3521 = CARTESIAN_POINT('',(-85.22297897713,47.240804132691,
    11.461096309906));
#3522 = CARTESIAN_POINT('',(-85.12526762322,47.074253017936,
    11.464845604048));
#3523 = CARTESIAN_POINT('',(-85.02677264129,46.90864258081,
    11.468748374399));
#3524 = CARTESIAN_POINT('',(-84.92750453681,46.743972613085,
    11.472804327936));
#3525 = CARTESIAN_POINT('',(-84.39944628769,45.879647265781,
    11.495020921431));
#3526 = CARTESIAN_POINT('',(-83.9574594024,45.196264604637,
    11.515821928508));
#3527 = CARTESIAN_POINT('',(-83.50233737428,44.530046690164,
    11.539366230437));
#3528 = CARTESIAN_POINT('',(-83.03490897896,43.880793612302,
    11.565487490583));
#3529 = CARTESIAN_POINT('',(-82.55598638237,43.248183976398,
    11.593895446491));
#3530 = CARTESIAN_POINT('',(-82.06634432948,42.63180507298,
    11.624174625217));
#3531 = CARTESIAN_POINT('',(-81.56669974219,42.031182603135,
    11.655788996331));
#3532 = CARTESIAN_POINT('',(-80.92064872987,41.288206898734,
    11.696789827448));
#3533 = CARTESIAN_POINT('',(-80.78292702676,41.131708873879,
    11.705536642028));
#3534 = CARTESIAN_POINT('',(-80.64453927593,40.976305882205,
    11.714319978986));
#3535 = CARTESIAN_POINT('',(-80.50549199895,40.822000943325,
    11.723148508916));
#3536 = CARTESIAN_POINT('',(-80.36579878808,40.668781039995,
    11.732003908191));
#3537 = CARTESIAN_POINT('',(-80.22546617315,40.516648091799,
    11.740892866733));
#3538 = CARTESIAN_POINT('',(-80.08450479611,40.365594726158,
    11.74980630708));
#3539 = CARTESIAN_POINT('',(-79.46606267738,39.710481893409,
    11.788839915079));
#3540 = CARTESIAN_POINT('',(-78.9821695679,39.217560381209,
    11.819191372491));
#3541 = CARTESIAN_POINT('',(-78.49157741209,38.73669292406,
    11.849663951472));
#3542 = CARTESIAN_POINT('',(-77.99459166125,38.267751741691,
    11.880154659945));
#3543 = CARTESIAN_POINT('',(-77.49149304575,37.810634471949,
    11.910591746492));
#3544 = CARTESIAN_POINT('',(-76.98254043345,37.36525820249,
    11.940935201478));
#3545 = CARTESIAN_POINT('',(-76.46797302259,36.931554716371,
    11.971176331772));
#3546 = CARTESIAN_POINT('',(-75.80370013097,36.392319317412,
    12.009707136628));
#3547 = CARTESIAN_POINT('',(-75.65897327195,36.276066728704,
    12.01807159806));
#3548 = CARTESIAN_POINT('',(-75.51383613758,36.16070807083,
    12.026430246419));
#3549 = CARTESIAN_POINT('',(-75.36829350647,36.046242302823,
    12.034783706694));
#3550 = CARTESIAN_POINT('',(-75.22235009033,35.932668457322,
    12.043132775776));
#3551 = CARTESIAN_POINT('',(-75.0760105339,35.819985640575,
    12.051478422458));
#3552 = CARTESIAN_POINT('',(-74.92927941499,35.70819303244,
    12.059821787441));
#3553 = CARTESIAN_POINT('',(-74.27370590817,35.21399735198,
    12.096996350633));
#3554 = CARTESIAN_POINT('',(-73.76062793649,34.841331235587,
    12.125820073908));
#3555 = CARTESIAN_POINT('',(-73.24311878009,34.479234042651,
    12.154636280653));
#3556 = CARTESIAN_POINT('',(-72.72136342845,34.12764753398,
    12.183438958213));
#3557 = CARTESIAN_POINT('',(-72.19554017799,33.786513334584,
    12.212215559397));
#3558 = CARTESIAN_POINT('',(-71.66582040026,33.455773542521,
    12.240947408099));
#3559 = CARTESIAN_POINT('',(-71.13236831004,33.135371337742,
    12.26961010492));
#3560 = CARTESIAN_POINT('',(-70.174741319,32.582366142194,
    12.320545091745));
#3561 = CARTESIAN_POINT('',(-69.75194945452,32.34578841336,
    12.34285567438));
#3562 = CARTESIAN_POINT('',(-69.32704074276,32.115491703093,
    12.365090374642));
#3563 = CARTESIAN_POINT('',(-68.90008859609,31.891451848363,
    12.387237233192));
#3564 = CARTESIAN_POINT('',(-68.47116477555,31.673641073066,
    12.409266512577));
#3565 = CARTESIAN_POINT('',(-68.04033827488,31.462042893631,
    12.431179617633));
#3566 = CARTESIAN_POINT('',(-67.60767700973,31.256626256651,
    12.452926535981));
#3567 = CARTESIAN_POINT('',(-66.41654627185,30.710329830448,
    12.512113737528));
#3568 = CARTESIAN_POINT('',(-65.65448020204,30.381999617269,
    12.549222669049));
#3569 = CARTESIAN_POINT('',(-64.88738983422,30.072304003959,
    12.585795041122));
#3570 = CARTESIAN_POINT('',(-64.11560723553,29.781172682066,
    12.621792616005));
#3571 = CARTESIAN_POINT('',(-63.33945456035,29.508549080326,
    12.657183339622));
#3572 = CARTESIAN_POINT('',(-62.55924430015,29.254388943887,
    12.691940618349));
#3573 = CARTESIAN_POINT('',(-61.77527953348,29.018658913544,
    12.726042595806));
#3574 = CARTESIAN_POINT('',(-60.59752447457,28.693606878436,
    12.776042227887));
#3575 = CARTESIAN_POINT('',(-60.20634514292,28.590401679811,
    12.792447463027));
#3576 = CARTESIAN_POINT('',(-59.81435236553,28.491716730336,
    12.808684589854));
#3577 = CARTESIAN_POINT('',(-59.42158206899,28.397550872476,
    12.824755919648));
#3578 = CARTESIAN_POINT('',(-59.02806970735,28.307900861552,
    12.840651994621));
#3579 = CARTESIAN_POINT('',(-58.63385042013,28.222764057045,
    12.856362721075));
#3580 = CARTESIAN_POINT('',(-58.23895918186,28.142140880427,
    12.871887931451));
#3581 = CARTESIAN_POINT('',(-57.44960141209,27.990246956511,
    12.902484286117));
#3582 = CARTESIAN_POINT('',(-57.05514045982,27.91893764523,
    12.917557610064));
#3583 = CARTESIAN_POINT('',(-56.66008184998,27.852102235119,
    12.932433233388));
#3584 = CARTESIAN_POINT('',(-56.26445959953,27.789741171124,
    12.947105418038));
#3585 = CARTESIAN_POINT('',(-55.86830759789,27.731855580551,
    12.961568471774));
#3586 = CARTESIAN_POINT('',(-55.47165960688,27.678447273063,
    12.975816748166));
#3587 = CARTESIAN_POINT('',(-55.07454926077,27.629518740683,
    12.989844646599));
#3588 = CARTESIAN_POINT('',(-53.55632403217,27.459778483187,
    13.042555153572));
#3589 = CARTESIAN_POINT('',(-52.43224090016,27.370111458211,
    13.079668483798));
#3590 = CARTESIAN_POINT('',(-51.30549881826,27.316139392387,
    13.11485833094));
#3591 = CARTESIAN_POINT('',(-50.17684414919,27.297980037875,
    13.148023007376));
#3592 = CARTESIAN_POINT('',(-49.04704166982,27.315784829721,
    13.179017111479));
#3593 = CARTESIAN_POINT('',(-47.91686157437,27.369752547883,
    13.207751926746));
#3594 = CARTESIAN_POINT('',(-46.78708963836,27.460117413867,
    13.234117958974));
#3595 = CARTESIAN_POINT('',(-45.08937321425,27.651230775846,
    13.270085580776));
#3596 = CARTESIAN_POINT('',(-44.52053424227,27.724628529491,
    13.281519411104));
#3597 = CARTESIAN_POINT('',(-43.95210828558,27.80738962408,
    13.292312395925));
#3598 = CARTESIAN_POINT('',(-43.38420111091,27.899554093304,
    13.302466694752));
#3599 = CARTESIAN_POINT('',(-42.81692086904,28.001161580139,
    13.311961677001));
#3600 = CARTESIAN_POINT('',(-42.25037800034,28.112253834708,
    13.320772981224));
#3601 = CARTESIAN_POINT('',(-41.68468512532,28.232877687164,
    13.328895221675));
#3602 = CARTESIAN_POINT('',(-40.54601900886,28.495408124361,
    13.343848160487));
#3603 = CARTESIAN_POINT('',(-39.97307853076,28.637629553762,
    13.350656272266));
#3604 = CARTESIAN_POINT('',(-39.40125624788,28.789796405499,
    13.35672146984));
#3605 = CARTESIAN_POINT('',(-38.83067645057,28.951962282267,
    13.362030761654));
#3606 = CARTESIAN_POINT('',(-38.26146722789,29.124183505279,
    13.366572348153));
#3607 = CARTESIAN_POINT('',(-37.69376046594,29.306519197544,
    13.370335723173));
#3608 = CARTESIAN_POINT('',(-37.12769184624,29.499031367144,
    13.373311775321));
#3609 = CARTESIAN_POINT('',(-35.73724088432,29.998629924565,
    13.378686186946));
#3610 = CARTESIAN_POINT('',(-34.91489837753,30.3174248226,
    13.380175477362));
#3611 = CARTESIAN_POINT('',(-34.09680550295,30.658375885433,
    13.379943383863));
#3612 = CARTESIAN_POINT('',(-33.28342322959,31.021694225347,
    13.377926993192));
#3613 = CARTESIAN_POINT('',(-32.475240587,31.407608497709,
    13.374133731073));
#3614 = CARTESIAN_POINT('',(-31.6727748804,31.816351073627,
    13.368524869292));
#3615 = CARTESIAN_POINT('',(-30.87657148727,32.248169718903,
    13.361104946841));
#3616 = CARTESIAN_POINT('',(-29.80698672346,32.864901113442,
    13.348597000164));
#3617 = CARTESIAN_POINT('',(-29.52763123946,33.029417418435,
    13.345091906125));
#3618 = CARTESIAN_POINT('',(-29.24916400745,33.196885666093,
    13.341358922242));
#3619 = CARTESIAN_POINT('',(-28.97161166946,33.367317356837,
    13.337397930693));
#3620 = CARTESIAN_POINT('',(-28.69500149236,33.54072421293,
    13.333209673917));
#3621 = CARTESIAN_POINT('',(-28.4193613739,33.717118154564,
    13.328795566523));
#3622 = CARTESIAN_POINT('',(-28.14471988208,33.896511029762,
    13.324156061449));
#3623 = CARTESIAN_POINT('',(-27.19352995745,34.530616900235,
    13.307231243199));
#3624 = CARTESIAN_POINT('',(-26.52226344557,35.000776034943,
    13.293774209934));
#3625 = CARTESIAN_POINT('',(-25.85774384337,35.489573183812,
    13.278896940599));
#3626 = CARTESIAN_POINT('',(-25.20044107909,35.997188023299,
    13.26259278975));
#3627 = CARTESIAN_POINT('',(-24.550857825,36.52379859518,13.244868700058
    ));
#3628 = CARTESIAN_POINT('',(-23.90952936404,37.069581677017,
    13.225745905903));
#3629 = CARTESIAN_POINT('',(-23.2770234565,37.634713152635,
    13.205260636963));
#3630 = CARTESIAN_POINT('',(-22.10774408776,38.73187841643,
    13.164358563288));
#3631 = CARTESIAN_POINT('',(-21.56879763013,39.25938330139,
    13.144247004337));
#3632 = CARTESIAN_POINT('',(-21.03750393582,39.801999331223,
    13.123153727304));
#3633 = CARTESIAN_POINT('',(-20.51429737689,40.359842581505,
    13.10115837498));
#3634 = CARTESIAN_POINT('',(-19.99963974037,40.933002843362,
    13.078264662248));
#3635 = CARTESIAN_POINT('',(-19.49402358218,41.521566958546,
    13.05454637912));
#3636 = CARTESIAN_POINT('',(-18.99796765176,42.125602937658,
    13.030048601362));
#3637 = CARTESIAN_POINT('',(-18.09903769372,43.271698801476,
    12.98340722412));
#3638 = CARTESIAN_POINT('',(-17.69336202213,43.809438412456,
    12.961462591632));
#3639 = CARTESIAN_POINT('',(-17.29532733883,44.358417924104,
    12.939038607614));
#3640 = CARTESIAN_POINT('',(-16.90529015675,44.918654177789,
    12.916176562463));
#3641 = CARTESIAN_POINT('',(-16.52362668136,45.490146509728,
    12.892921708135));
#3642 = CARTESIAN_POINT('',(-16.15073153657,46.072875314399,
    12.869323503085));
#3643 = CARTESIAN_POINT('',(-15.78701649062,46.666800607936,
    12.845435857207));
#3644 = CARTESIAN_POINT('',(-15.16147265077,47.735661758752,
    12.802829657084));
#3645 = CARTESIAN_POINT('',(-14.89568380129,48.206001809219,
    12.784207415784));
#3646 = CARTESIAN_POINT('',(-14.63573549671,48.682851438054,
    12.765475246543));
#3647 = CARTESIAN_POINT('',(-14.38182531076,49.166162548277,
    12.746634433658));
#3648 = CARTESIAN_POINT('',(-14.13416165338,49.655888114665,
    12.727733758468));
#3649 = CARTESIAN_POINT('',(-13.89295579153,50.151958256177,
    12.708789532064));
#3650 = CARTESIAN_POINT('',(-13.65842671801,50.654298322947,
    12.68984806777));
#3651 = CARTESIAN_POINT('',(-13.2210364653,51.631415944983,
    12.653532243718));
#3652 = CARTESIAN_POINT('',(-13.01713549796,52.105259846989,
    12.636151982752));
#3653 = CARTESIAN_POINT('',(-12.81926876928,52.584276026723,
    12.6188400994));
#3654 = CARTESIAN_POINT('',(-12.62761546619,53.068380021899,
    12.60163201131));
#3655 = CARTESIAN_POINT('',(-12.44235812017,53.557474066379,
    12.584565196623));
#3656 = CARTESIAN_POINT('',(-12.26368133689,54.051446028685,
    12.567678380201));
#3657 = CARTESIAN_POINT('',(-12.09177052578,54.550168350513,
    12.551010719854));
#3658 = CARTESIAN_POINT('',(-11.68913738403,55.778689914719,
    12.510957954254));
#3659 = CARTESIAN_POINT('',(-11.46589009106,56.513454898828,
    12.487850042914));
#3660 = CARTESIAN_POINT('',(-11.25762724088,57.257345785944,
    12.465393591163));
#3661 = CARTESIAN_POINT('',(-11.06490160098,58.009845465145,
    12.44370335926));
#3662 = CARTESIAN_POINT('',(-10.88824987463,58.7703603523,
    12.422886634246));
#3663 = CARTESIAN_POINT('',(-10.7281801901,59.538213844324,
    12.403038490266));
#3664 = CARTESIAN_POINT('',(-10.58515742066,60.312638741588,
    12.384238210094));
#3665 = CARTESIAN_POINT('',(-10.3398263456,61.836796201441,
    12.349674233793));
#3666 = CARTESIAN_POINT('',(-10.23593519289,62.586043840995,
    12.333809581043));
#3667 = CARTESIAN_POINT('',(-10.14827026962,63.339736088742,
    12.319006753246));
#3668 = CARTESIAN_POINT('',(-10.07712897907,64.097059364404,
    12.305303400275));
#3669 = CARTESIAN_POINT('',(-10.022743091,64.857160957328,
    12.292720197067));
#3670 = CARTESIAN_POINT('',(-9.985272634478,65.619148001224,
    12.281261332706));
#3671 = CARTESIAN_POINT('',(-9.964799328255,66.382086442191,
    12.270916269757));
#3672 = CARTESIAN_POINT('',(-9.961319548459,67.145,12.261662773841));
#3673 = PCURVE('',#1603,#3674);
#3674 = DEFINITIONAL_REPRESENTATION('',(#3675),#3874);
#3675 = B_SPLINE_CURVE_WITH_KNOTS('',8,(#3676,#3677,#3678,#3679,#3680,
    #3681,#3682,#3683,#3684,#3685,#3686,#3687,#3688,#3689,#3690,#3691,
    #3692,#3693,#3694,#3695,#3696,#3697,#3698,#3699,#3700,#3701,#3702,
    #3703,#3704,#3705,#3706,#3707,#3708,#3709,#3710,#3711,#3712,#3713,
    #3714,#3715,#3716,#3717,#3718,#3719,#3720,#3721,#3722,#3723,#3724,
    #3725,#3726,#3727,#3728,#3729,#3730,#3731,#3732,#3733,#3734,#3735,
    #3736,#3737,#3738,#3739,#3740,#3741,#3742,#3743,#3744,#3745,#3746,
    #3747,#3748,#3749,#3750,#3751,#3752,#3753,#3754,#3755,#3756,#3757,
    #3758,#3759,#3760,#3761,#3762,#3763,#3764,#3765,#3766,#3767,#3768,
    #3769,#3770,#3771,#3772,#3773,#3774,#3775,#3776,#3777,#3778,#3779,
    #3780,#3781,#3782,#3783,#3784,#3785,#3786,#3787,#3788,#3789,#3790,
    #3791,#3792,#3793,#3794,#3795,#3796,#3797,#3798,#3799,#3800,#3801,
    #3802,#3803,#3804,#3805,#3806,#3807,#3808,#3809,#3810,#3811,#3812,
    #3813,#3814,#3815,#3816,#3817,#3818,#3819,#3820,#3821,#3822,#3823,
    #3824,#3825,#3826,#3827,#3828,#3829,#3830,#3831,#3832,#3833,#3834,
    #3835,#3836,#3837,#3838,#3839,#3840,#3841,#3842,#3843,#3844,#3845,
    #3846,#3847,#3848,#3849,#3850,#3851,#3852,#3853,#3854,#3855,#3856,
    #3857,#3858,#3859,#3860,#3861,#3862,#3863,#3864,#3865,#3866,#3867,
    #3868,#3869,#3870,#3871,#3872,#3873),.UNSPECIFIED.,.F.,.F.,(9,7,7,7,
    7,7,7,7,7,7,7,7,7,7,7,7,7,7,7,7,7,7,7,7,7,7,7,7,9),(0.,
    3.235816203233E-02,4.901967527985E-02,6.615700812759E-02,
    0.105812215839,0.127206863188,0.138450516705,0.150125834964,
    0.200084093987,0.213534627795,0.258837263251,0.271410706514,
    0.314865803198,0.348899787706,0.408180752625,0.43756654914,
    0.466826083581,0.5493104073,0.590908096971,0.633184210895,
    0.69507928355,0.717051442742,0.771463278947,0.81916081176,
    0.859696313487,0.890768295643,0.919401119059,0.960655122229,1.),
  .UNSPECIFIED.);
#3676 = CARTESIAN_POINT('',(3.14159265359,0.640286264431));
#3677 = CARTESIAN_POINT('',(3.15698089919,0.640239678355));
#3678 = CARTESIAN_POINT('',(3.172336335594,0.640186621077));
#3679 = CARTESIAN_POINT('',(3.187653384031,0.64012518644));
#3680 = CARTESIAN_POINT('',(3.202926979677,0.640053104222));
#3681 = CARTESIAN_POINT('',(3.218152522112,0.639967870041));
#3682 = CARTESIAN_POINT('',(3.233325825779,0.639866875265));
#3683 = CARTESIAN_POINT('',(3.248443070437,0.639747536919));
#3684 = CARTESIAN_POINT('',(3.271254089233,0.639535284025));
#3685 = CARTESIAN_POINT('',(3.278991668071,0.639457360953));
#3686 = CARTESIAN_POINT('',(3.286713027477,0.639374504233));
#3687 = CARTESIAN_POINT('',(3.294417749762,0.639284949178));
#3688 = CARTESIAN_POINT('',(3.302105443101,0.639187815395));
#3689 = CARTESIAN_POINT('',(3.309775734936,0.639084505324));
#3690 = CARTESIAN_POINT('',(3.317428275922,0.638978006481));
#3691 = CARTESIAN_POINT('',(3.33291525834,0.638759106666));
#3692 = CARTESIAN_POINT('',(3.34074865015,0.638646737332));
#3693 = CARTESIAN_POINT('',(3.348562586997,0.638535592735));
#3694 = CARTESIAN_POINT('',(3.356356753682,0.638428883076));
#3695 = CARTESIAN_POINT('',(3.364130861919,0.638330485882));
#3696 = CARTESIAN_POINT('',(3.371884649628,0.638245006481));
#3697 = CARTESIAN_POINT('',(3.379617880225,0.63817783846));
#3698 = CARTESIAN_POINT('',(3.405176717022,0.638036616023));
#3699 = CARTESIAN_POINT('',(3.422911668527,0.63806947034));
#3700 = CARTESIAN_POINT('',(3.440532835324,0.638311135699));
#3701 = CARTESIAN_POINT('',(3.458038285997,0.638863119396));
#3702 = CARTESIAN_POINT('',(3.475426499863,0.639855036191));
#3703 = CARTESIAN_POINT('',(3.492696375498,0.641447794419));
#3704 = CARTESIAN_POINT('',(3.509847266744,0.643836019428));
#3705 = CARTESIAN_POINT('',(3.536067975911,0.649091459783));
#3706 = CARTESIAN_POINT('',(3.545222180731,0.651231693832));
#3707 = CARTESIAN_POINT('',(3.554341614855,0.65370648936));
#3708 = CARTESIAN_POINT('',(3.563426242361,0.656554947994));
#3709 = CARTESIAN_POINT('',(3.572476040742,0.659819196469));
#3710 = CARTESIAN_POINT('',(3.581491004413,0.663544382982));
#3711 = CARTESIAN_POINT('',(3.590471148227,0.667778673552));
#3712 = CARTESIAN_POINT('',(3.604117619523,0.675092969186));
#3713 = CARTESIAN_POINT('',(3.608809119917,0.677767097931));
#3714 = CARTESIAN_POINT('',(3.613490994767,0.68060673443));
#3715 = CARTESIAN_POINT('',(3.61816332205,0.6836077435));
#3716 = CARTESIAN_POINT('',(3.622826140565,0.686772721018));
#3717 = CARTESIAN_POINT('',(3.627479478747,0.690106197184));
#3718 = CARTESIAN_POINT('',(3.632123406709,0.693606120915));
#3719 = CARTESIAN_POINT('',(3.641570465644,0.701084060045));
#3720 = CARTESIAN_POINT('',(3.646372866487,0.705074992838));
#3721 = CARTESIAN_POINT('',(3.651165236686,0.709248350839));
#3722 = CARTESIAN_POINT('',(3.655947643538,0.713604596398));
#3723 = CARTESIAN_POINT('',(3.660720158876,0.718143771049));
#3724 = CARTESIAN_POINT('',(3.665482859076,0.722865495503));
#3725 = CARTESIAN_POINT('',(3.670235825051,0.727768969655));
#3726 = CARTESIAN_POINT('',(3.695275622783,0.754607234797));
#3727 = CARTESIAN_POINT('',(3.715395300243,0.779666332265));
#3728 = CARTESIAN_POINT('',(3.735344830312,0.807934665912));
#3729 = CARTESIAN_POINT('',(3.7551326006,0.839168321508));
#3730 = CARTESIAN_POINT('',(3.774767975259,0.872975072502));
#3731 = CARTESIAN_POINT('',(3.794260760984,0.908821590536));
#3732 = CARTESIAN_POINT('',(3.813620894429,0.946047863663));
#3733 = CARTESIAN_POINT('',(3.838037756087,0.994076949348));
#3734 = CARTESIAN_POINT('',(3.843208275684,1.00430914247));
#3735 = CARTESIAN_POINT('',(3.848370102954,1.01456997954));
#3736 = CARTESIAN_POINT('',(3.8535232731,1.024869507291));
#3737 = CARTESIAN_POINT('',(3.858668011394,1.035186178995));
#3738 = CARTESIAN_POINT('',(3.863804363944,1.045527796497));
#3739 = CARTESIAN_POINT('',(3.868932485405,1.055883716477));
#3740 = CARTESIAN_POINT('',(3.891297094069,1.101172458901));
#3741 = CARTESIAN_POINT('',(3.908449389864,1.136227748298));
#3742 = CARTESIAN_POINT('',(3.925513950686,1.171262882767));
#3743 = CARTESIAN_POINT('',(3.942494669321,1.206161758147));
#3744 = CARTESIAN_POINT('',(3.959394980858,1.240846807074));
#3745 = CARTESIAN_POINT('',(3.976218049493,1.275277989622));
#3746 = CARTESIAN_POINT('',(3.992966909563,1.309450918944));
#3747 = CARTESIAN_POINT('',(4.014273331303,1.352814830745));
#3748 = CARTESIAN_POINT('',(4.018896605269,1.362217816882));
#3749 = CARTESIAN_POINT('',(4.023514442695,1.37160369229));
#3750 = CARTESIAN_POINT('',(4.028126902694,1.380973254425));
#3751 = CARTESIAN_POINT('',(4.032734043514,1.390327486247));
#3752 = CARTESIAN_POINT('',(4.037335922539,1.399667556223));
#3753 = CARTESIAN_POINT('',(4.041932596286,1.408994818328));
#3754 = CARTESIAN_POINT('',(4.062392894022,1.450507832309));
#3755 = CARTESIAN_POINT('',(4.078200114275,1.482573744048));
#3756 = CARTESIAN_POINT('',(4.093948399815,1.51451240396));
#3757 = CARTESIAN_POINT('',(4.109640323305,1.546319855303));
#3758 = CARTESIAN_POINT('',(4.125278419175,1.577984965308));
#3759 = CARTESIAN_POINT('',(4.14086519138,1.609490062603));
#3760 = CARTESIAN_POINT('',(4.156403121143,1.640811574627));
#3761 = CARTESIAN_POINT('',(4.184027642643,1.696285270866));
#3762 = CARTESIAN_POINT('',(4.19613214199,1.720519641791));
#3763 = CARTESIAN_POINT('',(4.208209354558,1.744608821514));
#3764 = CARTESIAN_POINT('',(4.220260427213,1.768541502422));
#3765 = CARTESIAN_POINT('',(4.232286520331,1.792287685248));
#3766 = CARTESIAN_POINT('',(4.244288694376,1.815850659535));
#3767 = CARTESIAN_POINT('',(4.256268133077,1.839179171916));
#3768 = CARTESIAN_POINT('',(4.289053979246,1.902523089608));
#3769 = CARTESIAN_POINT('',(4.309816125635,1.942073375633));
#3770 = CARTESIAN_POINT('',(4.330517890479,1.980896686282));
#3771 = CARTESIAN_POINT('',(4.351164654987,2.018964334385));
#3772 = CARTESIAN_POINT('',(4.371761643677,2.05625421633));
#3773 = CARTESIAN_POINT('',(4.392313996031,2.092749839422));
#3774 = CARTESIAN_POINT('',(4.412826838153,2.128439349239));
#3775 = CARTESIAN_POINT('',(4.443456631692,2.180602328196));
#3776 = CARTESIAN_POINT('',(4.453599455137,2.197689846115));
#3777 = CARTESIAN_POINT('',(4.463734444366,2.214575750974));
#3778 = CARTESIAN_POINT('',(4.473862210027,2.231263657924));
#3779 = CARTESIAN_POINT('',(4.483983379986,2.247744960226));
#3780 = CARTESIAN_POINT('',(4.494098579879,2.264010411753));
#3781 = CARTESIAN_POINT('',(4.504208416586,2.28006108592));
#3782 = CARTESIAN_POINT('',(4.524375191203,2.311649521277));
#3783 = CARTESIAN_POINT('',(4.534432167661,2.327189723555));
#3784 = CARTESIAN_POINT('',(4.544485049858,2.342505139147));
#3785 = CARTESIAN_POINT('',(4.554534444803,2.357591036166));
#3786 = CARTESIAN_POINT('',(4.564580959233,2.372442726716));
#3787 = CARTESIAN_POINT('',(4.57462519961,2.387055566894));
#3788 = CARTESIAN_POINT('',(4.584667772122,2.401424956787));
#3789 = CARTESIAN_POINT('',(4.623016883045,2.455355339688));
#3790 = CARTESIAN_POINT('',(4.651315778656,2.493193687922));
#3791 = CARTESIAN_POINT('',(4.679619933277,2.528955347152));
#3792 = CARTESIAN_POINT('',(4.707943066473,2.562560752647));
#3793 = CARTESIAN_POINT('',(4.736298699789,2.593885015741));
#3794 = CARTESIAN_POINT('',(4.764700706733,2.62285967373));
#3795 = CARTESIAN_POINT('',(4.793163334597,2.649393254962));
#3796 = CARTESIAN_POINT('',(4.836093782483,2.685528759952));
#3797 = CARTESIAN_POINT('',(4.850505098953,2.697004640589));
#3798 = CARTESIAN_POINT('',(4.864937466043,2.707827530045));
#3799 = CARTESIAN_POINT('',(4.879392794239,2.718001569097));
#3800 = CARTESIAN_POINT('',(4.893872998907,2.727507923128));
#3801 = CARTESIAN_POINT('',(4.908380019402,2.736323901928));
#3802 = CARTESIAN_POINT('',(4.922915842243,2.74444571089));
#3803 = CARTESIAN_POINT('',(4.952286719721,2.759390271582));
#3804 = CARTESIAN_POINT('',(4.967122761513,2.766190316808));
#3805 = CARTESIAN_POINT('',(4.981992757179,2.772245073846));
#3806 = CARTESIAN_POINT('',(4.996898857163,2.777542849791));
#3807 = CARTESIAN_POINT('',(5.011843239139,2.782072958077));
#3808 = CARTESIAN_POINT('',(5.026828120711,2.785825805165));
#3809 = CARTESIAN_POINT('',(5.04185577211,2.788792977239));
#3810 = CARTESIAN_POINT('',(5.078996058058,2.794150720952));
#3811 = CARTESIAN_POINT('',(5.1011600801,2.795634644696));
#3812 = CARTESIAN_POINT('',(5.123428077656,2.795403169243));
#3813 = CARTESIAN_POINT('',(5.145807489908,2.793393974463));
#3814 = CARTESIAN_POINT('',(5.168305925502,2.789613760173));
#3815 = CARTESIAN_POINT('',(5.190931138207,2.784022011945));
#3816 = CARTESIAN_POINT('',(5.213691232667,2.77662010739));
#3817 = CARTESIAN_POINT('',(5.24472531058,2.764131867278));
#3818 = CARTESIAN_POINT('',(5.252873903266,2.760631497816));
#3819 = CARTESIAN_POINT('',(5.261040925158,2.756902605118));
#3820 = CARTESIAN_POINT('',(5.269226750533,2.752944853496));
#3821 = CARTESIAN_POINT('',(5.277431758239,2.748758748907));
#3822 = CARTESIAN_POINT('',(5.285656332011,2.744345451729));
#3823 = CARTESIAN_POINT('',(5.293900856477,2.739705140494));
#3824 = CARTESIAN_POINT('',(5.322632782202,2.722770856588));
#3825 = CARTESIAN_POINT('',(5.343224336077,2.709295301711));
#3826 = CARTESIAN_POINT('',(5.363946424521,2.694383246877));
#3827 = CARTESIAN_POINT('',(5.384804985985,2.678022528021));
#3828 = CARTESIAN_POINT('',(5.405805939321,2.660213680466));
#3829 = CARTESIAN_POINT('',(5.426955279766,2.640970787318));
#3830 = CARTESIAN_POINT('',(5.448259174935,2.620322327862));
#3831 = CARTESIAN_POINT('',(5.488540225989,2.579017747882));
#3832 = CARTESIAN_POINT('',(5.507479804491,2.558678794122));
#3833 = CARTESIAN_POINT('',(5.526547124411,2.537313126639));
#3834 = CARTESIAN_POINT('',(5.545746465666,2.514995165129));
#3835 = CARTESIAN_POINT('',(5.565081728694,2.4917224679));
#3836 = CARTESIAN_POINT('',(5.584556826519,2.467563257766));
#3837 = CARTESIAN_POINT('',(5.604175558089,2.442556976617));
#3838 = CARTESIAN_POINT('',(5.640739930842,2.394840468666));
#3839 = CARTESIAN_POINT('',(5.657644381435,2.372349402958));
#3840 = CARTESIAN_POINT('',(5.674657417012,2.34932335086));
#3841 = CARTESIAN_POINT('',(5.691781091965,2.325800679212));
#3842 = CARTESIAN_POINT('',(5.709017210283,2.301824071637));
#3843 = CARTESIAN_POINT('',(5.726367344204,2.277440920392));
#3844 = CARTESIAN_POINT('',(5.74383285287,2.252703718219));
#3845 = CARTESIAN_POINT('',(5.774892200167,2.208481511517));
#3846 = CARTESIAN_POINT('',(5.78843786656,2.189119765371));
#3847 = CARTESIAN_POINT('',(5.80205239038,2.169609492138));
#3848 = CARTESIAN_POINT('',(5.81573595244,2.149950872499));
#3849 = CARTESIAN_POINT('',(5.829488790166,2.130193596539));
#3850 = CARTESIAN_POINT('',(5.843310787033,2.110353992233));
#3851 = CARTESIAN_POINT('',(5.857201812995,2.090479966516));
#3852 = CARTESIAN_POINT('',(5.884025368612,2.052304288699));
#3853 = CARTESIAN_POINT('',(5.896947491326,2.034002091022));
#3854 = CARTESIAN_POINT('',(5.909927582472,2.015739757123));
#3855 = CARTESIAN_POINT('',(5.922965164852,1.997554707008));
#3856 = CARTESIAN_POINT('',(5.936059568701,1.979486912924));
#3857 = CARTESIAN_POINT('',(5.949209919876,1.961578061877));
#3858 = CARTESIAN_POINT('',(5.962415128042,1.943870718154));
#3859 = CARTESIAN_POINT('',(5.994776999117,1.901246563675));
#3860 = CARTESIAN_POINT('',(6.01399152201,1.87659204704));
#3861 = CARTESIAN_POINT('',(6.033313088106,1.85257164782));
#3862 = CARTESIAN_POINT('',(6.052736360548,1.829313216289));
#3863 = CARTESIAN_POINT('',(6.07225495945,1.806938245752));
#3864 = CARTESIAN_POINT('',(6.091861319181,1.785556434013));
#3865 = CARTESIAN_POINT('',(6.11154646453,1.765261301633));
#3866 = CARTESIAN_POINT('',(6.150138819592,1.727877923062));
#3867 = CARTESIAN_POINT('',(6.169040654134,1.710683990684));
#3868 = CARTESIAN_POINT('',(6.187995319256,1.694610218084));
#3869 = CARTESIAN_POINT('',(6.206992631452,1.679704492373));
#3870 = CARTESIAN_POINT('',(6.226021964648,1.665996050519));
#3871 = CARTESIAN_POINT('',(6.245072074199,1.653495619096));
#3872 = CARTESIAN_POINT('',(6.264130894067,1.642197082825));
#3873 = CARTESIAN_POINT('',(6.28318530718,1.632080681912));
#3874 = ( GEOMETRIC_REPRESENTATION_CONTEXT(2) 
PARAMETRIC_REPRESENTATION_CONTEXT() REPRESENTATION_CONTEXT('2D SPACE',''
  ) );
#3875 = PCURVE('',#1010,#3876);
#3876 = DEFINITIONAL_REPRESENTATION('',(#3877),#4076);
#3877 = B_SPLINE_CURVE_WITH_KNOTS('',8,(#3878,#3879,#3880,#3881,#3882,
    #3883,#3884,#3885,#3886,#3887,#3888,#3889,#3890,#3891,#3892,#3893,
    #3894,#3895,#3896,#3897,#3898,#3899,#3900,#3901,#3902,#3903,#3904,
    #3905,#3906,#3907,#3908,#3909,#3910,#3911,#3912,#3913,#3914,#3915,
    #3916,#3917,#3918,#3919,#3920,#3921,#3922,#3923,#3924,#3925,#3926,
    #3927,#3928,#3929,#3930,#3931,#3932,#3933,#3934,#3935,#3936,#3937,
    #3938,#3939,#3940,#3941,#3942,#3943,#3944,#3945,#3946,#3947,#3948,
    #3949,#3950,#3951,#3952,#3953,#3954,#3955,#3956,#3957,#3958,#3959,
    #3960,#3961,#3962,#3963,#3964,#3965,#3966,#3967,#3968,#3969,#3970,
    #3971,#3972,#3973,#3974,#3975,#3976,#3977,#3978,#3979,#3980,#3981,
    #3982,#3983,#3984,#3985,#3986,#3987,#3988,#3989,#3990,#3991,#3992,
    #3993,#3994,#3995,#3996,#3997,#3998,#3999,#4000,#4001,#4002,#4003,
    #4004,#4005,#4006,#4007,#4008,#4009,#4010,#4011,#4012,#4013,#4014,
    #4015,#4016,#4017,#4018,#4019,#4020,#4021,#4022,#4023,#4024,#4025,
    #4026,#4027,#4028,#4029,#4030,#4031,#4032,#4033,#4034,#4035,#4036,
    #4037,#4038,#4039,#4040,#4041,#4042,#4043,#4044,#4045,#4046,#4047,
    #4048,#4049,#4050,#4051,#4052,#4053,#4054,#4055,#4056,#4057,#4058,
    #4059,#4060,#4061,#4062,#4063,#4064,#4065,#4066,#4067,#4068,#4069,
    #4070,#4071,#4072,#4073,#4074,#4075),.UNSPECIFIED.,.F.,.F.,(9,7,7,7,
    7,7,7,7,7,7,7,7,7,7,7,7,7,7,7,7,7,7,7,7,7,7,7,7,9),(0.,
    3.235816203233E-02,4.901967527985E-02,6.615700812759E-02,
    0.105812215839,0.127206863188,0.138450516705,0.150125834964,
    0.200084093987,0.213534627795,0.258837263251,0.271410706514,
    0.314865803198,0.348899787706,0.408180752625,0.43756654914,
    0.466826083581,0.5493104073,0.590908096971,0.633184210895,
    0.69507928355,0.717051442742,0.771463278947,0.81916081176,
    0.859696313487,0.890768295643,0.919401119059,0.960655122229,1.),
  .UNSPECIFIED.);
#3878 = CARTESIAN_POINT('',(8.658979376182,1.));
#3879 = CARTESIAN_POINT('',(8.732729268714,0.985555304049));
#3880 = CARTESIAN_POINT('',(8.817746786887,0.971141380959));
#3881 = CARTESIAN_POINT('',(8.913855423269,0.956768680944));
#3882 = CARTESIAN_POINT('',(9.020854417633,0.942447063683));
#3883 = CARTESIAN_POINT('',(9.138522177057,0.928185816202));
#3884 = CARTESIAN_POINT('',(9.266619696035,0.913993670746));
#3885 = CARTESIAN_POINT('',(9.404893976577,0.899878822658));
#3886 = CARTESIAN_POINT('',(9.629384531328,0.878624837752));
#3887 = CARTESIAN_POINT('',(9.708316042073,0.871423225228));
#3888 = CARTESIAN_POINT('',(9.789840868881,0.864245145698));
#3889 = CARTESIAN_POINT('',(9.873921763205,0.857091573507));
#3890 = CARTESIAN_POINT('',(9.960521433997,0.849963445062));
#3891 = CARTESIAN_POINT('',(10.049603451673,0.842861668032));
#3892 = CARTESIAN_POINT('',(10.141131961669,0.835787117042));
#3893 = CARTESIAN_POINT('',(10.331691142521,0.821492880621));
#3894 = CARTESIAN_POINT('',(10.430861449496,0.814274823226));
#3895 = CARTESIAN_POINT('',(10.532541503848,0.807087344512));
#3896 = CARTESIAN_POINT('',(10.636691749789,0.799931304781));
#3897 = CARTESIAN_POINT('',(10.743272823058,0.792807525368));
#3898 = CARTESIAN_POINT('',(10.852245673569,0.785716790235));
#3899 = CARTESIAN_POINT('',(10.963571688058,0.778659847553));
#3900 = CARTESIAN_POINT('',(11.340174525837,0.755387731671));
#3901 = CARTESIAN_POINT('',(11.615529130206,0.739323012673));
#3902 = CARTESIAN_POINT('',(11.90280831205,0.723451860918));
#3903 = CARTESIAN_POINT('',(12.201556359746,0.707782165978));
#3904 = CARTESIAN_POINT('',(12.511335470371,0.692321197521));
#3905 = CARTESIAN_POINT('',(12.831729935847,0.677075681863));
#3906 = CARTESIAN_POINT('',(13.162349208712,0.662051857912));
#3907 = CARTESIAN_POINT('',(13.686524842835,0.639272636888));
#3908 = CARTESIAN_POINT('',(13.873089197213,0.63135602235));
#3909 = CARTESIAN_POINT('',(14.062465210989,0.623506598294));
#3910 = CARTESIAN_POINT('',(14.254596799211,0.615725285491));
#3911 = CARTESIAN_POINT('',(14.44942941085,0.608012994048));
#3912 = CARTESIAN_POINT('',(14.646909948032,0.600370621351));
#3913 = CARTESIAN_POINT('',(14.846986685277,0.592799050008));
#3914 = CARTESIAN_POINT('',(15.156094572037,0.581357677497));
#3915 = CARTESIAN_POINT('',(15.263282845254,0.577436002376));
#3916 = CARTESIAN_POINT('',(15.37116810159,0.573534287695));
#3917 = CARTESIAN_POINT('',(15.479738378597,0.569652527265));
#3918 = CARTESIAN_POINT('',(15.58898451792,0.565790785258));
#3919 = CARTESIAN_POINT('',(15.698898220154,0.561949143362));
#3920 = CARTESIAN_POINT('',(15.809468619756,0.55812760625));
#3921 = CARTESIAN_POINT('',(16.036174659051,0.550378892123));
#3922 = CARTESIAN_POINT('',(16.152360912702,0.546453288211));
#3923 = CARTESIAN_POINT('',(16.269234723657,0.542549442848));
#3924 = CARTESIAN_POINT('',(16.386785353746,0.538667380524));
#3925 = CARTESIAN_POINT('',(16.5050020689,0.534807115956));
#3926 = CARTESIAN_POINT('',(16.623874139155,0.530968654092));
#3927 = CARTESIAN_POINT('',(16.743390838647,0.527151990105));
#3928 = CARTESIAN_POINT('',(17.377661490299,0.507118953895));
#3929 = CARTESIAN_POINT('',(17.903384560016,0.491279745153));
#3930 = CARTESIAN_POINT('',(18.439873185575,0.475838375018));
#3931 = CARTESIAN_POINT('',(18.986304005031,0.460790210043));
#3932 = CARTESIAN_POINT('',(19.541884150894,0.446127801052));
#3933 = CARTESIAN_POINT('',(20.105867680606,0.431841582408));
#3934 = CARTESIAN_POINT('',(20.677572050282,0.417920560972));
#3935 = CARTESIAN_POINT('',(21.412234183634,0.40070012513));
#3936 = CARTESIAN_POINT('',(21.568589714041,0.39707286763));
#3937 = CARTESIAN_POINT('',(21.725449280311,0.393470990432));
#3938 = CARTESIAN_POINT('',(21.882806651145,0.389894563526));
#3939 = CARTESIAN_POINT('',(22.040649078352,0.386343285201));
#3940 = CARTESIAN_POINT('',(22.198970396906,0.382817199949));
#3941 = CARTESIAN_POINT('',(22.357760647611,0.379316136891));
#3942 = CARTESIAN_POINT('',(23.053385234468,0.364132156528));
#3943 = CARTESIAN_POINT('',(23.594984013601,0.352707390919));
#3944 = CARTESIAN_POINT('',(24.141497939323,0.34156201006));
#3945 = CARTESIAN_POINT('',(24.692644847864,0.330693052305));
#3946 = CARTESIAN_POINT('',(25.248167858461,0.320098145137));
#3947 = CARTESIAN_POINT('',(25.807832938998,0.309775366844));
#3948 = CARTESIAN_POINT('',(26.37142699468,0.299723136316));
#3949 = CARTESIAN_POINT('',(27.096214981272,0.287224923338));
#3950 = CARTESIAN_POINT('',(27.253960831208,0.284530460742));
#3951 = CARTESIAN_POINT('',(27.411989761363,0.281856717368));
#3952 = CARTESIAN_POINT('',(27.570297577338,0.279203669088));
#3953 = CARTESIAN_POINT('',(27.728880158559,0.276571293483));
#3954 = CARTESIAN_POINT('',(27.887733458281,0.273959569836));
#3955 = CARTESIAN_POINT('',(28.04685350359,0.271368479139));
#3956 = CARTESIAN_POINT('',(28.757079853972,0.259914181295));
#3957 = CARTESIAN_POINT('',(29.31106230381,0.251276653971));
#3958 = CARTESIAN_POINT('',(29.868017592204,0.242884089527));
#3959 = CARTESIAN_POINT('',(30.427786613946,0.234735138115));
#3960 = CARTESIAN_POINT('',(30.990217423791,0.22682844674));
#3961 = CARTESIAN_POINT('',(31.555165348918,0.219162673369));
#3962 = CARTESIAN_POINT('',(32.122493101397,0.211736501049));
#3963 = CARTESIAN_POINT('',(33.138163596336,0.198919136451));
#3964 = CARTESIAN_POINT('',(33.585635679799,0.19343581906));
#3965 = CARTESIAN_POINT('',(34.034424501762,0.188098080962));
#3966 = CARTESIAN_POINT('',(34.484469734499,0.182905362113));
#3967 = CARTESIAN_POINT('',(34.935712377532,0.177857018729));
#3968 = CARTESIAN_POINT('',(35.388096783024,0.17295266876));
#3969 = CARTESIAN_POINT('',(35.84156747703,0.168191592459));
#3970 = CARTESIAN_POINT('',(37.087738285582,0.155529721415));
#3971 = CARTESIAN_POINT('',(37.882539604729,0.147919796437));
#3972 = CARTESIAN_POINT('',(38.680204188894,0.140741777818));
#3973 = CARTESIAN_POINT('',(39.480469643883,0.133994035973));
#3974 = CARTESIAN_POINT('',(40.283083680623,0.127675259713));
#3975 = CARTESIAN_POINT('',(41.087803866264,0.121784423314));
#3976 = CARTESIAN_POINT('',(41.894397375285,0.116320753588));
#3977 = CARTESIAN_POINT('',(43.10329000634,0.108786809096));
#3978 = CARTESIAN_POINT('',(43.504343941113,0.106394754428));
#3979 = CARTESIAN_POINT('',(43.905774918403,0.104107468544));
#3980 = CARTESIAN_POINT('',(44.307555646582,0.101924924614));
#3981 = CARTESIAN_POINT('',(44.709659144971,9.984704743428E-02));
#3982 = CARTESIAN_POINT('',(45.112058721645,9.787377580357E-02));
#3983 = CARTESIAN_POINT('',(45.514727962334,9.600511949071E-02));
#3984 = CARTESIAN_POINT('',(46.318822320059,9.248457426147E-02));
#3985 = CARTESIAN_POINT('',(46.72024523972,9.08317915223E-02));
#3986 = CARTESIAN_POINT('',(47.121883721125,8.928270332875E-02));
#3987 = CARTESIAN_POINT('',(47.523712099558,8.783731999361E-02));
#3988 = CARTESIAN_POINT('',(47.925704823132,8.649566764517E-02));
#3989 = CARTESIAN_POINT('',(48.327836452791,8.525778822722E-02));
#3990 = CARTESIAN_POINT('',(48.730081662314,8.412373949898E-02));
#3991 = CARTESIAN_POINT('',(50.266616911659,8.018955807595E-02));
#3992 = CARTESIAN_POINT('',(51.401509528945,7.811128655026E-02));
#3993 = CARTESIAN_POINT('',(52.536542561679,7.68603405351E-02));
#3994 = CARTESIAN_POINT('',(53.671148565328,7.643944924963E-02));
#3995 = CARTESIAN_POINT('',(54.804756863557,7.685212260334E-02));
#3996 = CARTESIAN_POINT('',(55.936775091972,7.810296784988E-02));
#3997 = CARTESIAN_POINT('',(57.066603401419,8.019741369491E-02));
#3998 = CARTESIAN_POINT('',(58.761995660569,8.462697359709E-02));
#3999 = CARTESIAN_POINT('',(59.329648175387,8.632816153647E-02));
#4000 = CARTESIAN_POINT('',(59.896503971497,8.824636977818E-02));
#4001 = CARTESIAN_POINT('',(60.462479565211,9.038252620939E-02));
#4002 = CARTESIAN_POINT('',(61.027490520379,9.273754966134E-02));
#4003 = CARTESIAN_POINT('',(61.591450269008,9.53124078041E-02));
#4004 = CARTESIAN_POINT('',(62.154268705701,9.810818605084E-02));
#4005 = CARTESIAN_POINT('',(63.28659840798,0.104193026408));
#4006 = CARTESIAN_POINT('',(63.856068057007,0.107489385879));
#4007 = CARTESIAN_POINT('',(64.424166576228,0.111016256936));
#4008 = CARTESIAN_POINT('',(64.990793551373,0.114774881962));
#4009 = CARTESIAN_POINT('',(65.555844549248,0.118766566353));
#4010 = CARTESIAN_POINT('',(66.11921108399,0.122992680439));
#4011 = CARTESIAN_POINT('',(66.680780583316,0.127454661424));
#4012 = CARTESIAN_POINT('',(68.059810025198,0.139034185295));
#4013 = CARTESIAN_POINT('',(68.875074551835,0.146423104012));
#4014 = CARTESIAN_POINT('',(69.685868791579,0.154325550711));
#4015 = CARTESIAN_POINT('',(70.491804455646,0.162746418481));
#4016 = CARTESIAN_POINT('',(71.292459819314,0.171691007016));
#4017 = CARTESIAN_POINT('',(72.087385991061,0.181164702135));
#4018 = CARTESIAN_POINT('',(72.876101417867,0.191173246469));
#4019 = CARTESIAN_POINT('',(73.935693156253,0.205467635032));
#4020 = CARTESIAN_POINT('',(74.21244483513,0.209280737477));
#4021 = CARTESIAN_POINT('',(74.488325233146,0.213162259036));
#4022 = CARTESIAN_POINT('',(74.763310451028,0.217112466261));
#4023 = CARTESIAN_POINT('',(75.037375824835,0.221131630848));
#4024 = CARTESIAN_POINT('',(75.310495943253,0.225220029078));
#4025 = CARTESIAN_POINT('',(75.582644807887,0.229377935561));
#4026 = CARTESIAN_POINT('',(76.525275054562,0.244075023763));
#4027 = CARTESIAN_POINT('',(77.190630196263,0.254972210799));
#4028 = CARTESIAN_POINT('',(77.8494659024,0.266301383331));
#4029 = CARTESIAN_POINT('',(78.50135046652,0.278066705836));
#4030 = CARTESIAN_POINT('',(79.145815602838,0.290272304906));
#4031 = CARTESIAN_POINT('',(79.782355914109,0.302922277831));
#4032 = CARTESIAN_POINT('',(80.410428359509,0.316020701185));
#4033 = CARTESIAN_POINT('',(81.572088935811,0.341450421055));
#4034 = CARTESIAN_POINT('',(82.107763405863,0.353676748207));
#4035 = CARTESIAN_POINT('',(82.636085977392,0.366253316288));
#4036 = CARTESIAN_POINT('',(83.156628143539,0.379182815655));
#4037 = CARTESIAN_POINT('',(83.668936610508,0.392467327463));
#4038 = CARTESIAN_POINT('',(84.172521048492,0.406108864493));
#4039 = CARTESIAN_POINT('',(84.666861336296,0.420109003075));
#4040 = CARTESIAN_POINT('',(85.563190974376,0.446672819596));
#4041 = CARTESIAN_POINT('',(85.967895882012,0.459136363714));
#4042 = CARTESIAN_POINT('',(86.365179813007,0.471860422392));
#4043 = CARTESIAN_POINT('',(86.754679887398,0.484845385973));
#4044 = CARTESIAN_POINT('',(87.136010609149,0.498091239071));
#4045 = CARTESIAN_POINT('',(87.508764735724,0.511597527278));
#4046 = CARTESIAN_POINT('',(87.872514147673,0.52536332386));
#4047 = CARTESIAN_POINT('',(88.498392325645,0.550137020715));
#4048 = CARTESIAN_POINT('',(88.764417066904,0.561038400955));
#4049 = CARTESIAN_POINT('',(89.024683540241,0.572090657968));
#4050 = CARTESIAN_POINT('',(89.27898640934,0.58329267698));
#4051 = CARTESIAN_POINT('',(89.5271025742,0.594643368053));
#4052 = CARTESIAN_POINT('',(89.768808330587,0.606141111512));
#4053 = CARTESIAN_POINT('',(90.003866913686,0.617784177146));
#4054 = CARTESIAN_POINT('',(90.442295931681,0.640431473983));
#4055 = CARTESIAN_POINT('',(90.646704432964,0.651414065291));
#4056 = CARTESIAN_POINT('',(90.845073328019,0.662516537877));
#4057 = CARTESIAN_POINT('',(91.037207106324,0.673736934104));
#4058 = CARTESIAN_POINT('',(91.222905427041,0.68507298798));
#4059 = CARTESIAN_POINT('',(91.401964489664,0.696522100561));
#4060 = CARTESIAN_POINT('',(91.574178404689,0.708081315344));
#4061 = CARTESIAN_POINT('',(91.977305230037,0.736555566455));
#4062 = CARTESIAN_POINT('',(92.200634627388,0.753585697041));
#4063 = CARTESIAN_POINT('',(92.408705506587,0.770827344674));
#4064 = CARTESIAN_POINT('',(92.600895414555,0.788268523934));
#4065 = CARTESIAN_POINT('',(92.776593925817,0.805895476934));
#4066 = CARTESIAN_POINT('',(92.935216306477,0.823692521597));
#4067 = CARTESIAN_POINT('',(93.076219611225,0.841641876036));
#4068 = CARTESIAN_POINT('',(93.316335256669,0.876968274457));
#4069 = CARTESIAN_POINT('',(93.417089113915,0.894334079118));
#4070 = CARTESIAN_POINT('',(93.500957839765,0.911802899223));
#4071 = CARTESIAN_POINT('',(93.567576646243,0.929355878109));
#4072 = CARTESIAN_POINT('',(93.616647559497,0.946973252031));
#4073 = CARTESIAN_POINT('',(93.647946650526,0.96463432625));
#4074 = CARTESIAN_POINT('',(93.661331839906,0.982317451369));
#4075 = CARTESIAN_POINT('',(93.65675127649,0.999999999933));
#4076 = ( GEOMETRIC_REPRESENTATION_CONTEXT(2) 
PARAMETRIC_REPRESENTATION_CONTEXT() REPRESENTATION_CONTEXT('2D SPACE',''
  ) );
#4077 = ORIENTED_EDGE('',*,*,#4078,.T.);
#4078 = EDGE_CURVE('',#975,#4079,#4081,.T.);
#4079 = VERTEX_POINT('',#4080);
#4080 = CARTESIAN_POINT('',(-10.255,67.145,23.25));
#4081 = SEAM_CURVE('',#4082,(#4089,#4096),.PCURVE_S1.);
#4082 = B_SPLINE_CURVE_WITH_KNOTS('',3,(#4083,#4084,#4085,#4086,#4087,
    #4088),.UNSPECIFIED.,.F.,.F.,(4,1,1,4),(0.,1.619322518495,
    3.641414543517,12.641414543517),.UNSPECIFIED.);
#4083 = CARTESIAN_POINT('',(-9.06265,67.145,10.9));
#4084 = CARTESIAN_POINT('',(-9.482534696439,67.145,11.302205463392));
#4085 = CARTESIAN_POINT('',(-10.12822836499,67.145,12.324627476274));
#4086 = CARTESIAN_POINT('',(-10.61611254815,67.145,16.549206352881));
#4087 = CARTESIAN_POINT('',(-8.313784813614,67.145,21.204500948954));
#4088 = CARTESIAN_POINT('',(-10.255,67.145,23.25));
#4089 = PCURVE('',#1603,#4090);
#4090 = DEFINITIONAL_REPRESENTATION('',(#4091),#4095);
#4091 = LINE('',#4092,#4093);
#4092 = CARTESIAN_POINT('',(0.,0.));
#4093 = VECTOR('',#4094,1.);
#4094 = DIRECTION('',(0.,1.));
#4095 = ( GEOMETRIC_REPRESENTATION_CONTEXT(2) 
PARAMETRIC_REPRESENTATION_CONTEXT() REPRESENTATION_CONTEXT('2D SPACE',''
  ) );
#4096 = PCURVE('',#1603,#4097);
#4097 = DEFINITIONAL_REPRESENTATION('',(#4098),#4102);
#4098 = LINE('',#4099,#4100);
#4099 = CARTESIAN_POINT('',(6.28318530718,0.));
#4100 = VECTOR('',#4101,1.);
#4101 = DIRECTION('',(0.,1.));
#4102 = ( GEOMETRIC_REPRESENTATION_CONTEXT(2) 
PARAMETRIC_REPRESENTATION_CONTEXT() REPRESENTATION_CONTEXT('2D SPACE',''
  ) );
#4103 = ORIENTED_EDGE('',*,*,#4104,.F.);
#4104 = EDGE_CURVE('',#4079,#4079,#4105,.T.);
#4105 = SURFACE_CURVE('',#4106,(#4111,#4118),.PCURVE_S1.);
#4106 = CIRCLE('',#4107,39.745);
#4107 = AXIS2_PLACEMENT_3D('',#4108,#4109,#4110);
#4108 = CARTESIAN_POINT('',(-50.,67.145,23.25));
#4109 = DIRECTION('',(0.,0.,1.));
#4110 = DIRECTION('',(1.,0.,-0.));
#4111 = PCURVE('',#1603,#4112);
#4112 = DEFINITIONAL_REPRESENTATION('',(#4113),#4117);
#4113 = LINE('',#4114,#4115);
#4114 = CARTESIAN_POINT('',(0.,12.641414543517));
#4115 = VECTOR('',#4116,1.);
#4116 = DIRECTION('',(1.,0.));
#4117 = ( GEOMETRIC_REPRESENTATION_CONTEXT(2) 
PARAMETRIC_REPRESENTATION_CONTEXT() REPRESENTATION_CONTEXT('2D SPACE',''
  ) );
#4118 = PCURVE('',#4119,#4124);
#4119 = CYLINDRICAL_SURFACE('',#4120,39.745);
#4120 = AXIS2_PLACEMENT_3D('',#4121,#4122,#4123);
#4121 = CARTESIAN_POINT('',(-50.,67.145,23.25));
#4122 = DIRECTION('',(0.,0.,1.));
#4123 = DIRECTION('',(1.,0.,-0.));
#4124 = DEFINITIONAL_REPRESENTATION('',(#4125),#4129);
#4125 = LINE('',#4126,#4127);
#4126 = CARTESIAN_POINT('',(0.,0.));
#4127 = VECTOR('',#4128,1.);
#4128 = DIRECTION('',(1.,0.));
#4129 = ( GEOMETRIC_REPRESENTATION_CONTEXT(2) 
PARAMETRIC_REPRESENTATION_CONTEXT() REPRESENTATION_CONTEXT('2D SPACE',''
  ) );
#4130 = ORIENTED_EDGE('',*,*,#4078,.F.);
#4131 = ADVANCED_FACE('',(#4132),#1010,.T.);
#4132 = FACE_BOUND('',#4133,.T.);
#4133 = EDGE_LOOP('',(#4134,#4322,#4323,#4324));
#4134 = ORIENTED_EDGE('',*,*,#4135,.T.);
#4135 = EDGE_CURVE('',#4136,#3363,#4138,.T.);
#4136 = VERTEX_POINT('',#4137);
#4137 = CARTESIAN_POINT('',(-23.87425514783,37.193197386769,
    13.222307168602));
#4138 = SURFACE_CURVE('',#4139,(#4198,#4260),.PCURVE_S1.);
#4139 = B_SPLINE_CURVE_WITH_KNOTS('',8,(#4140,#4141,#4142,#4143,#4144,
    #4145,#4146,#4147,#4148,#4149,#4150,#4151,#4152,#4153,#4154,#4155,
    #4156,#4157,#4158,#4159,#4160,#4161,#4162,#4163,#4164,#4165,#4166,
    #4167,#4168,#4169,#4170,#4171,#4172,#4173,#4174,#4175,#4176,#4177,
    #4178,#4179,#4180,#4181,#4182,#4183,#4184,#4185,#4186,#4187,#4188,
    #4189,#4190,#4191,#4192,#4193,#4194,#4195,#4196,#4197),
  .UNSPECIFIED.,.F.,.F.,(9,7,7,7,7,7,7,7,9),(0.,0.100893912706,
    0.162419462817,0.314252171174,0.501413301952,0.757309786864,
    0.841399727424,0.903603057798,1.),.UNSPECIFIED.);
#4140 = CARTESIAN_POINT('',(-28.98250866899,34.734074972413,
    13.315115419184));
#4141 = CARTESIAN_POINT('',(-28.9773873141,34.885335430252,
    13.312640638106));
#4142 = CARTESIAN_POINT('',(-28.96408796158,35.036368261954,
    13.310132729397));
#4143 = CARTESIAN_POINT('',(-28.94264062838,35.186055977208,
    13.30761005135));
#4144 = CARTESIAN_POINT('',(-28.91328723074,35.333438593002,
    13.305088484781));
#4145 = CARTESIAN_POINT('',(-28.87641924844,35.477697315582,
    13.302581522161));
#4146 = CARTESIAN_POINT('',(-28.83253060425,35.618141365561,
    13.300100456363));
#4147 = CARTESIAN_POINT('',(-28.78218575827,35.754197946199,
    13.297654669048));
#4148 = CARTESIAN_POINT('',(-28.6917425359,35.9654162076,13.293786871941
    ));
#4149 = CARTESIAN_POINT('',(-28.65529723121,36.043655779679,
    13.292337179815));
#4150 = CARTESIAN_POINT('',(-28.61679357413,36.120042128122,
    13.290904276828));
#4151 = CARTESIAN_POINT('',(-28.57635761645,36.194512457258,
    13.289489181083));
#4152 = CARTESIAN_POINT('',(-28.53411296052,36.267021019262,
    13.288092627853));
#4153 = CARTESIAN_POINT('',(-28.4901787288,36.337537014739,
    13.286715103175));
#4154 = CARTESIAN_POINT('',(-28.44466753332,36.406042493294,
    13.285356877443));
#4155 = CARTESIAN_POINT('',(-28.28173614643,36.636608702493,
    13.280714054475));
#4156 = CARTESIAN_POINT('',(-28.15690692816,36.788276244192,
    13.27753064007));
#4157 = CARTESIAN_POINT('',(-28.02467339071,36.92761970644,
    13.274465389382));
#4158 = CARTESIAN_POINT('',(-27.88632831762,37.05483285847,
    13.271514080678));
#4159 = CARTESIAN_POINT('',(-27.74297917527,37.170203368003,
    13.268671306985));
#4160 = CARTESIAN_POINT('',(-27.5955411058,37.274086604325,
    13.265930880493));
#4161 = CARTESIAN_POINT('',(-27.44472341356,37.366866287944,
    13.263286011267));
#4162 = CARTESIAN_POINT('',(-27.10152954567,37.550025745544,
    13.257577604652));
#4163 = CARTESIAN_POINT('',(-26.90785410494,37.634715019363,
    13.254563258514));
#4164 = CARTESIAN_POINT('',(-26.71099744145,37.70365465911,
    13.251673375907));
#4165 = CARTESIAN_POINT('',(-26.51184912217,37.757312805841,
    13.248899845102));
#4166 = CARTESIAN_POINT('',(-26.31119819985,37.796048810497,
    13.246237637679));
#4167 = CARTESIAN_POINT('',(-26.10974000241,37.820136448532,
    13.243684302177));
#4168 = CARTESIAN_POINT('',(-25.90807594975,37.829736185112,
    13.241240112628));
#4169 = CARTESIAN_POINT('',(-25.43140797829,37.818169935735,
    13.235720318702));
#4170 = CARTESIAN_POINT('',(-25.15727255137,37.784424034271,
    13.232749490838));
#4171 = CARTESIAN_POINT('',(-24.88526616174,37.723817428367,
    13.229998746162));
#4172 = CARTESIAN_POINT('',(-24.6168961285,37.635796312413,
    13.227493860679));
#4173 = CARTESIAN_POINT('',(-24.35413170319,37.519594470619,
    13.225277478243));
#4174 = CARTESIAN_POINT('',(-24.09949069613,37.374091667006,
    13.223416918482));
#4175 = CARTESIAN_POINT('',(-23.85595074898,37.198162858113,
    13.22200076059));
#4176 = CARTESIAN_POINT('',(-23.55221701785,36.920996517853,
    13.220891211762));
#4177 = CARTESIAN_POINT('',(-23.47875758784,36.848961795232,
    13.220679722668));
#4178 = CARTESIAN_POINT('',(-23.40711401936,36.77339091761,
    13.220535933294));
#4179 = CARTESIAN_POINT('',(-23.33746284953,36.69423821723,
    13.220465145937));
#4180 = CARTESIAN_POINT('',(-23.27000354655,36.611469424058,
    13.22047313914));
#4181 = CARTESIAN_POINT('',(-23.20495675063,36.525064852864,
    13.220566102144));
#4182 = CARTESIAN_POINT('',(-23.14256251494,36.435022590305,
    13.220750569353));
#4183 = CARTESIAN_POINT('',(-23.03907683936,36.272078479019,
    13.22124253791));
#4184 = CARTESIAN_POINT('',(-22.99667074033,36.200819919826,
    13.221505507504));
#4185 = CARTESIAN_POINT('',(-22.95596579849,36.127597471146,
    13.221824976176));
#4186 = CARTESIAN_POINT('',(-22.91707596351,36.052433949124,
    13.222203727189));
#4187 = CARTESIAN_POINT('',(-22.88012140131,35.975365573693,
    13.22264452606));
#4188 = CARTESIAN_POINT('',(-22.84522630979,35.896444022925,
    13.223150032162));
#4189 = CARTESIAN_POINT('',(-22.81251673447,35.815738487386,
    13.223722710318));
#4190 = CARTESIAN_POINT('',(-22.73500984519,35.605640677872,
    13.225359704069));
#4191 = CARTESIAN_POINT('',(-22.69342767999,35.47380825291,
    13.226521712302));
#4192 = CARTESIAN_POINT('',(-22.65788057364,35.338249331263,
    13.227858458806));
#4193 = CARTESIAN_POINT('',(-22.6288351755,35.19946600642,
    13.229375512611));
#4194 = CARTESIAN_POINT('',(-22.60670093606,35.058059571233,
    13.231075525993));
#4195 = CARTESIAN_POINT('',(-22.59180272929,34.914738777526,
    13.232957189251));
#4196 = CARTESIAN_POINT('',(-22.58434126066,34.77033036779,
    13.235013934376));
#4197 = CARTESIAN_POINT('',(-22.58434126066,34.62579187895,
    13.237232387579));
#4198 = PCURVE('',#1010,#4199);
#4199 = DEFINITIONAL_REPRESENTATION('',(#4200),#4259);
#4200 = B_SPLINE_CURVE_WITH_KNOTS('',8,(#4201,#4202,#4203,#4204,#4205,
    #4206,#4207,#4208,#4209,#4210,#4211,#4212,#4213,#4214,#4215,#4216,
    #4217,#4218,#4219,#4220,#4221,#4222,#4223,#4224,#4225,#4226,#4227,
    #4228,#4229,#4230,#4231,#4232,#4233,#4234,#4235,#4236,#4237,#4238,
    #4239,#4240,#4241,#4242,#4243,#4244,#4245,#4246,#4247,#4248,#4249,
    #4250,#4251,#4252,#4253,#4254,#4255,#4256,#4257,#4258),
  .UNSPECIFIED.,.F.,.F.,(9,7,7,7,7,7,7,7,9),(0.,0.100893912706,
    0.162419462817,0.314252171174,0.501413301952,0.757309786864,
    0.841399727424,0.903603057798,1.),.UNSPECIFIED.);
#4201 = CARTESIAN_POINT('',(74.706838262075,0.24879070512));
#4202 = CARTESIAN_POINT('',(74.706973704732,0.25229656809));
#4203 = CARTESIAN_POINT('',(74.715402127325,0.25579715522));
#4204 = CARTESIAN_POINT('',(74.732136602063,0.259266565702));
#4205 = CARTESIAN_POINT('',(74.756970221857,0.26268254938));
#4206 = CARTESIAN_POINT('',(74.789539122225,0.266026128534));
#4207 = CARTESIAN_POINT('',(74.829370234601,0.269281292515));
#4208 = CARTESIAN_POINT('',(74.875913771058,0.272434765238));
#4209 = CARTESIAN_POINT('',(74.960664610113,0.277330309598));
#4210 = CARTESIAN_POINT('',(74.995051375679,0.279143719543));
#4211 = CARTESIAN_POINT('',(75.031595766079,0.280914176107));
#4212 = CARTESIAN_POINT('',(75.070172439373,0.282640223833));
#4213 = CARTESIAN_POINT('',(75.110657828818,0.284320802393));
#4214 = CARTESIAN_POINT('',(75.152932288971,0.285955197931));
#4215 = CARTESIAN_POINT('',(75.196882241784,0.287542994398));
#4216 = CARTESIAN_POINT('',(75.354736745708,0.29288697885));
#4217 = CARTESIAN_POINT('',(75.476547943765,0.29640227707));
#4218 = CARTESIAN_POINT('',(75.606333727329,0.299631932007));
#4219 = CARTESIAN_POINT('',(75.742772545425,0.302580434777));
#4220 = CARTESIAN_POINT('',(75.884725672321,0.305254452845));
#4221 = CARTESIAN_POINT('',(76.031246164614,0.307662222838));
#4222 = CARTESIAN_POINT('',(76.181594588702,0.309812638497));
#4223 = CARTESIAN_POINT('',(76.52468365759,0.314057845534));
#4224 = CARTESIAN_POINT('',(76.718943007022,0.316020744452));
#4225 = CARTESIAN_POINT('',(76.916974298759,0.317618603757));
#4226 = CARTESIAN_POINT('',(77.117844887536,0.318862273864));
#4227 = CARTESIAN_POINT('',(77.320727178856,0.319760083683));
#4228 = CARTESIAN_POINT('',(77.524891357376,0.320318378689));
#4229 = CARTESIAN_POINT('',(77.729706602771,0.320540878088));
#4230 = CARTESIAN_POINT('',(78.214833242357,0.32027279953));
#4231 = CARTESIAN_POINT('',(78.494632349469,0.31949064861));
#4232 = CARTESIAN_POINT('',(78.773021433434,0.318085929502));
#4233 = CARTESIAN_POINT('',(79.048447506495,0.316045806291));
#4234 = CARTESIAN_POINT('',(79.31889332158,0.313352519889));
#4235 = CARTESIAN_POINT('',(79.58179466963,0.309980105852));
#4236 = CARTESIAN_POINT('',(79.834124221332,0.305902488309));
#4237 = CARTESIAN_POINT('',(80.150206348852,0.299478422015));
#4238 = CARTESIAN_POINT('',(80.226772332411,0.297808825941));
#4239 = CARTESIAN_POINT('',(80.301573040448,0.29605727008));
#4240 = CARTESIAN_POINT('',(80.374429630162,0.294222695961));
#4241 = CARTESIAN_POINT('',(80.445139825341,0.292304309284));
#4242 = CARTESIAN_POINT('',(80.513479680035,0.290301653792));
#4243 = CARTESIAN_POINT('',(80.579205342213,0.288214685139));
#4244 = CARTESIAN_POINT('',(80.68854607007,0.28443802246));
#4245 = CARTESIAN_POINT('',(80.733460192508,0.282786416035));
#4246 = CARTESIAN_POINT('',(80.776689784184,0.281089291254));
#4247 = CARTESIAN_POINT('',(80.818118725318,0.279347176941));
#4248 = CARTESIAN_POINT('',(80.857624357332,0.27756091259));
#4249 = CARTESIAN_POINT('',(80.895079663279,0.275731695977));
#4250 = CARTESIAN_POINT('',(80.930355448259,0.273861130777));
#4251 = CARTESIAN_POINT('',(81.014411824484,0.268991555867));
#4252 = CARTESIAN_POINT('',(81.05998279035,0.265935989174));
#4253 = CARTESIAN_POINT('',(81.099511112606,0.26279405102));
#4254 = CARTESIAN_POINT('',(81.132513696885,0.259577378756));
#4255 = CARTESIAN_POINT('',(81.158563947528,0.25629990894));
#4256 = CARTESIAN_POINT('',(81.177319180308,0.25297806878));
#4257 = CARTESIAN_POINT('',(81.188560159645,0.249631020229));
#4258 = CARTESIAN_POINT('',(81.192242760315,0.246280956749));
#4259 = ( GEOMETRIC_REPRESENTATION_CONTEXT(2) 
PARAMETRIC_REPRESENTATION_CONTEXT() REPRESENTATION_CONTEXT('2D SPACE',''
  ) );
#4260 = PCURVE('',#2603,#4261);
#4261 = DEFINITIONAL_REPRESENTATION('',(#4262),#4321);
#4262 = B_SPLINE_CURVE_WITH_KNOTS('',8,(#4263,#4264,#4265,#4266,#4267,
    #4268,#4269,#4270,#4271,#4272,#4273,#4274,#4275,#4276,#4277,#4278,
    #4279,#4280,#4281,#4282,#4283,#4284,#4285,#4286,#4287,#4288,#4289,
    #4290,#4291,#4292,#4293,#4294,#4295,#4296,#4297,#4298,#4299,#4300,
    #4301,#4302,#4303,#4304,#4305,#4306,#4307,#4308,#4309,#4310,#4311,
    #4312,#4313,#4314,#4315,#4316,#4317,#4318,#4319,#4320),
  .UNSPECIFIED.,.F.,.F.,(9,7,7,7,7,7,7,7,9),(0.,0.100893912706,
    0.162419462817,0.314252171174,0.501413301952,0.757309786864,
    0.841399727424,0.903603057798,1.),.UNSPECIFIED.);
#4263 = CARTESIAN_POINT('',(3.107747725809,2.815115419184));
#4264 = CARTESIAN_POINT('',(3.060451747042,2.812640638106));
#4265 = CARTESIAN_POINT('',(3.013140472984,2.810132729397));
#4266 = CARTESIAN_POINT('',(2.966001589386,2.80761005135));
#4267 = CARTESIAN_POINT('',(2.919176615595,2.805088484781));
#4268 = CARTESIAN_POINT('',(2.872777367855,2.802581522161));
#4269 = CARTESIAN_POINT('',(2.826897569943,2.800100456363));
#4270 = CARTESIAN_POINT('',(2.781619611154,2.797654669048));
#4271 = CARTESIAN_POINT('',(2.709817249474,2.793786871941));
#4272 = CARTESIAN_POINT('',(2.682858167608,2.792337179815));
#4273 = CARTESIAN_POINT('',(2.656147526314,2.790904276828));
#4274 = CARTESIAN_POINT('',(2.629690581432,2.789489181083));
#4275 = CARTESIAN_POINT('',(2.60348978809,2.788092627853));
#4276 = CARTESIAN_POINT('',(2.57754506444,2.786715103175));
#4277 = CARTESIAN_POINT('',(2.551854055391,2.785356877443));
#4278 = CARTESIAN_POINT('',(2.463627488446,2.780714054475));
#4279 = CARTESIAN_POINT('',(2.402407982599,2.77753064007));
#4280 = CARTESIAN_POINT('',(2.342621838962,2.774465389382));
#4281 = CARTESIAN_POINT('',(2.284153163571,2.771514080678));
#4282 = CARTESIAN_POINT('',(2.226889684035,2.768671306985));
#4283 = CARTESIAN_POINT('',(2.170711404324,2.765930880493));
#4284 = CARTESIAN_POINT('',(2.115480438645,2.763286011267));
#4285 = CARTESIAN_POINT('',(1.993914557481,2.757577604652));
#4286 = CARTESIAN_POINT('',(1.928058491138,2.754563258514));
#4287 = CARTESIAN_POINT('',(1.86318220957,2.751673375907));
#4288 = CARTESIAN_POINT('',(1.799073251285,2.748899845102));
#4289 = CARTESIAN_POINT('',(1.735542977072,2.746237637679));
#4290 = CARTESIAN_POINT('',(1.672408204436,2.743684302177));
#4291 = CARTESIAN_POINT('',(1.609479559194,2.741240112628));
#4292 = CARTESIAN_POINT('',(1.460476972591,2.735720318702));
#4293 = CARTESIAN_POINT('',(1.374578719423,2.732749490838));
#4294 = CARTESIAN_POINT('',(1.288172948924,2.729998746162));
#4295 = CARTESIAN_POINT('',(1.200760968359,2.727493860679));
#4296 = CARTESIAN_POINT('',(1.11189895077,2.725277478243));
#4297 = CARTESIAN_POINT('',(1.021092377915,2.723416918482));
#4298 = CARTESIAN_POINT('',(0.927815985558,2.72200076059));
#4299 = CARTESIAN_POINT('',(0.79931981602,2.720891211762));
#4300 = CARTESIAN_POINT('',(0.767189004026,2.720679722668));
#4301 = CARTESIAN_POINT('',(0.734683636983,2.720535933294));
#4302 = CARTESIAN_POINT('',(0.701781335575,2.720465145937));
#4303 = CARTESIAN_POINT('',(0.668462059544,2.72047313914));
#4304 = CARTESIAN_POINT('',(0.634707710436,2.720566102144));
#4305 = CARTESIAN_POINT('',(0.600501734341,2.720750569353));
#4306 = CARTESIAN_POINT('',(0.540180274146,2.72124253791));
#4307 = CARTESIAN_POINT('',(0.514278015647,2.721505507504));
#4308 = CARTESIAN_POINT('',(0.488117072588,2.721824976176));
#4309 = CARTESIAN_POINT('',(0.461694618707,2.722203727189));
#4310 = CARTESIAN_POINT('',(0.435010140025,2.72264452606));
#4311 = CARTESIAN_POINT('',(0.408065696846,2.723150032162));
#4312 = CARTESIAN_POINT('',(0.380866185745,2.723722710318));
#4313 = CARTESIAN_POINT('',(0.310885435428,2.725359704069));
#4314 = CARTESIAN_POINT('',(0.267736648038,2.726521712302));
#4315 = CARTESIAN_POINT('',(0.224030488202,2.727858458806));
#4316 = CARTESIAN_POINT('',(0.179833758311,2.729375512611));
#4317 = CARTESIAN_POINT('',(0.135224198933,2.731075525993));
#4318 = CARTESIAN_POINT('',(9.029583416729E-02,2.732957189251));
#4319 = CARTESIAN_POINT('',(4.516827776244E-02,2.735013934376));
#4320 = CARTESIAN_POINT('',(0.,2.737232387579));
#4321 = ( GEOMETRIC_REPRESENTATION_CONTEXT(2) 
PARAMETRIC_REPRESENTATION_CONTEXT() REPRESENTATION_CONTEXT('2D SPACE',''
  ) );
#4322 = ORIENTED_EDGE('',*,*,#3472,.T.);
#4323 = ORIENTED_EDGE('',*,*,#974,.F.);
#4324 = ORIENTED_EDGE('',*,*,#4325,.T.);
#4325 = EDGE_CURVE('',#236,#4136,#4326,.T.);
#4326 = SURFACE_CURVE('',#4327,(#4526,#4728),.PCURVE_S1.);
#4327 = B_SPLINE_CURVE_WITH_KNOTS('',8,(#4328,#4329,#4330,#4331,#4332,
    #4333,#4334,#4335,#4336,#4337,#4338,#4339,#4340,#4341,#4342,#4343,
    #4344,#4345,#4346,#4347,#4348,#4349,#4350,#4351,#4352,#4353,#4354,
    #4355,#4356,#4357,#4358,#4359,#4360,#4361,#4362,#4363,#4364,#4365,
    #4366,#4367,#4368,#4369,#4370,#4371,#4372,#4373,#4374,#4375,#4376,
    #4377,#4378,#4379,#4380,#4381,#4382,#4383,#4384,#4385,#4386,#4387,
    #4388,#4389,#4390,#4391,#4392,#4393,#4394,#4395,#4396,#4397,#4398,
    #4399,#4400,#4401,#4402,#4403,#4404,#4405,#4406,#4407,#4408,#4409,
    #4410,#4411,#4412,#4413,#4414,#4415,#4416,#4417,#4418,#4419,#4420,
    #4421,#4422,#4423,#4424,#4425,#4426,#4427,#4428,#4429,#4430,#4431,
    #4432,#4433,#4434,#4435,#4436,#4437,#4438,#4439,#4440,#4441,#4442,
    #4443,#4444,#4445,#4446,#4447,#4448,#4449,#4450,#4451,#4452,#4453,
    #4454,#4455,#4456,#4457,#4458,#4459,#4460,#4461,#4462,#4463,#4464,
    #4465,#4466,#4467,#4468,#4469,#4470,#4471,#4472,#4473,#4474,#4475,
    #4476,#4477,#4478,#4479,#4480,#4481,#4482,#4483,#4484,#4485,#4486,
    #4487,#4488,#4489,#4490,#4491,#4492,#4493,#4494,#4495,#4496,#4497,
    #4498,#4499,#4500,#4501,#4502,#4503,#4504,#4505,#4506,#4507,#4508,
    #4509,#4510,#4511,#4512,#4513,#4514,#4515,#4516,#4517,#4518,#4519,
    #4520,#4521,#4522,#4523,#4524,#4525),.UNSPECIFIED.,.F.,.F.,(9,7,7,7,
    7,7,7,7,7,7,7,7,7,7,7,7,7,7,7,7,7,7,7,7,7,7,7,7,9),(0.,
    8.772626053203E-02,0.116852118906,0.132340762008,0.148971725713,
    0.188285421584,0.210083989025,0.234511057736,0.2671998443,
    0.286037172593,0.306969785155,0.364915586126,0.405072567043,
    0.435002018015,0.522100525295,0.560164912284,0.588836707466,
    0.632243169943,0.653296470855,0.672950556454,0.727839462469,
    0.746539273028,0.795752414264,0.806631016147,0.874400670971,
    0.883225442484,0.94456489121,0.972639598498,1.),.UNSPECIFIED.);
#4328 = CARTESIAN_POINT('',(-10.255,67.145,12.280416242501));
#4329 = CARTESIAN_POINT('',(-10.255,65.458531282687,12.300693745017));
#4330 = CARTESIAN_POINT('',(-10.33678370158,63.770711231623,
    12.326117137916));
#4331 = CARTESIAN_POINT('',(-10.50057960956,62.092501041169,
    12.356904664193));
#4332 = CARTESIAN_POINT('',(-10.74458534867,60.433347361927,
    12.393027836237));
#4333 = CARTESIAN_POINT('',(-11.06560438199,58.801374498282,
    12.434052263657));
#4334 = CARTESIAN_POINT('',(-11.45945121652,57.203515271938,
    12.479143311545));
#4335 = CARTESIAN_POINT('',(-11.9212207719,55.645606164498,
    12.527212717786));
#4336 = CARTESIAN_POINT('',(-12.61958855318,53.630099164733,
    12.593772620025));
#4337 = CARTESIAN_POINT('',(-12.80058528399,53.132565179975,
    12.610575510857));
#4338 = CARTESIAN_POINT('',(-12.98832713991,52.640014639285,
    12.627552646586));
#4339 = CARTESIAN_POINT('',(-13.18263234626,52.152575352789,
    12.644665909269));
#4340 = CARTESIAN_POINT('',(-13.38331910083,51.670359684329,
    12.661878214291));
#4341 = CARTESIAN_POINT('',(-13.59020668022,51.193465536501,
    12.679154337777));
#4342 = CARTESIAN_POINT('',(-13.80311654619,50.7219773357,
    12.696461743982));
#4343 = CARTESIAN_POINT('',(-14.13820470639,50.008150543791,
    12.722976404284));
#4344 = CARTESIAN_POINT('',(-14.25618944579,49.761883292163,
    12.732182057766));
#4345 = CARTESIAN_POINT('',(-14.37580122984,49.517176023402,
    12.741383945036));
#4346 = CARTESIAN_POINT('',(-14.49701388341,49.274038652942,
    12.750577968506));
#4347 = CARTESIAN_POINT('',(-14.61980149656,49.032480250514,
    12.759760361117));
#4348 = CARTESIAN_POINT('',(-14.74413842458,48.792509040147,
    12.76892768634));
#4349 = CARTESIAN_POINT('',(-14.86999928793,48.554132400168,
    12.778076838171));
#4350 = CARTESIAN_POINT('',(-15.13411170619,48.063118623247,
    12.797006468628));
#4351 = CARTESIAN_POINT('',(-15.27259250662,47.810726448692,
    12.806783514489));
#4352 = CARTESIAN_POINT('',(-15.41277029646,47.560188595657,
    12.816533939692));
#4353 = CARTESIAN_POINT('',(-15.55461446319,47.31151222401,
    12.826254199377));
#4354 = CARTESIAN_POINT('',(-15.69809486407,47.064703484054,
    12.835939999034));
#4355 = CARTESIAN_POINT('',(-15.84318183138,46.819767603232,
    12.845586850684));
#4356 = CARTESIAN_POINT('',(-15.98984617761,46.576708972815,
    12.855190629063));
#4357 = CARTESIAN_POINT('',(-16.48841783365,45.765414648502,
    12.887340961587));
#4358 = CARTESIAN_POINT('',(-16.84742825143,45.205811913772,
    12.909673981141));
#4359 = CARTESIAN_POINT('',(-17.21471384784,44.656766227742,
    12.931697642393));
#4360 = CARTESIAN_POINT('',(-17.58991101462,44.118301567958,
    12.953366253763));
#4361 = CARTESIAN_POINT('',(-17.97267034694,43.590424155032,
    12.974637783029));
#4362 = CARTESIAN_POINT('',(-18.36265784886,43.07312391549,
    12.995473664187));
#4363 = CARTESIAN_POINT('',(-18.75955613899,42.56637594462,
    13.015838604313));
#4364 = CARTESIAN_POINT('',(-19.38680268248,41.794991298873,
    13.046713307791));
#4365 = CARTESIAN_POINT('',(-19.61257162767,41.523073999133,
    13.057571484359));
#4366 = CARTESIAN_POINT('',(-19.84032098685,41.254383875044,
    13.068269428657));
#4367 = CARTESIAN_POINT('',(-20.07000057928,40.988913986193,
    13.078801895908));
#4368 = CARTESIAN_POINT('',(-20.30156154816,40.726656646814,
    13.089163888031));
#4369 = CARTESIAN_POINT('',(-20.53495636058,40.467603425791,
    13.099350653646));
#4370 = CARTESIAN_POINT('',(-20.77013880756,40.211745146655,
    13.109357688067));
#4371 = CARTESIAN_POINT('',(-21.27255796685,39.675930939088,
    13.130188254861));
#4372 = CARTESIAN_POINT('',(-21.5402400699,39.396789762475,
    13.140964759383));
#4373 = CARTESIAN_POINT('',(-21.81004725091,39.121634454647,
    13.151504485105));
#4374 = CARTESIAN_POINT('',(-22.08191829072,38.850450422864,
    13.161800440087));
#4375 = CARTESIAN_POINT('',(-22.35579373819,38.58322249841,
    13.171846167225));
#4376 = CARTESIAN_POINT('',(-22.63161589339,38.319934998783,
    13.181636486928));
#4377 = CARTESIAN_POINT('',(-22.9093288493,38.060571738407,
    13.191167217437));
#4378 = CARTESIAN_POINT('',(-23.56297758769,37.463260049106,
    13.212834694344));
#4379 = CARTESIAN_POINT('',(-23.94036520909,37.128402526554,
    13.224762728016));
#4380 = CARTESIAN_POINT('',(-24.32091209377,36.800503138036,
    13.236208363891));
#4381 = CARTESIAN_POINT('',(-24.70449350943,36.479521248234,
    13.247163875051));
#4382 = CARTESIAN_POINT('',(-25.09098935395,36.165415868697,
    13.257623417595));
#4383 = CARTESIAN_POINT('',(-25.48028415534,35.858145657835,
    13.267583030641));
#4384 = CARTESIAN_POINT('',(-25.87226707176,35.557668920927,
    13.277040636323));
#4385 = CARTESIAN_POINT('',(-26.49420487854,35.094680670454,
    13.291156704747));
#4386 = CARTESIAN_POINT('',(-26.72243508143,34.92765988581,
    13.296150572014));
#4387 = CARTESIAN_POINT('',(-26.95150208679,34.762873293918,
    13.300977589499));
#4388 = CARTESIAN_POINT('',(-27.18138589472,34.600312971369,
    13.305637888872));
#4389 = CARTESIAN_POINT('',(-27.41206691884,34.439971033601,
    13.310131785572));
#4390 = CARTESIAN_POINT('',(-27.6435259863,34.281839634906,
    13.314459778809));
#4391 = CARTESIAN_POINT('',(-27.87574433779,34.125910968425,
    13.318622551559));
#4392 = CARTESIAN_POINT('',(-28.36757508094,33.801343696901,
    13.327064135474));
#4393 = CARTESIAN_POINT('',(-28.62736140895,33.633220582053,
    13.331304289176));
#4394 = CARTESIAN_POINT('',(-28.88803737726,33.467797294542,
    13.335343555615));
#4395 = CARTESIAN_POINT('',(-29.14957851665,33.305063185185,
    13.339180755985));
#4396 = CARTESIAN_POINT('',(-29.41196091946,33.145007711078,
    13.342814508799));
#4397 = CARTESIAN_POINT('',(-29.67516115057,32.987620490222,
    13.346244591451));
#4398 = CARTESIAN_POINT('',(-29.93915627294,32.832891282385,
    13.349471563271));
#4399 = CARTESIAN_POINT('',(-30.93685578247,32.259817164909,
    13.360863179564));
#4400 = CARTESIAN_POINT('',(-31.67570321557,31.859117313132,
    13.367670435718));
#4401 = CARTESIAN_POINT('',(-32.41999756102,31.478491305508,
    13.372914518154));
#4402 = CARTESIAN_POINT('',(-33.16929276131,31.117732867638,
    13.376600009454));
#4403 = CARTESIAN_POINT('',(-33.92316511386,30.776646367013,
    13.378738755178));
#4404 = CARTESIAN_POINT('',(-34.68121315124,30.455045622053,
    13.379349622533));
#4405 = CARTESIAN_POINT('',(-35.44305771498,30.152753639235,
    13.378457237684));
#4406 = CARTESIAN_POINT('',(-36.73869152976,29.673377435372,
    13.374448977181));
#4407 = CARTESIAN_POINT('',(-37.27069027209,29.486345443253,
    13.37209892976));
#4408 = CARTESIAN_POINT('',(-37.80421846509,29.308452220693,
    13.369045534836));
#4409 = CARTESIAN_POINT('',(-38.3391593072,29.139645256107,
    13.36529582393));
#4410 = CARTESIAN_POINT('',(-38.87539918001,28.979874607592,
    13.360857884692));
#4411 = CARTESIAN_POINT('',(-39.41282764836,28.829092902925,
    13.3557408609));
#4412 = CARTESIAN_POINT('',(-39.95133746025,28.687255339562,
    13.349954952465));
#4413 = CARTESIAN_POINT('',(-40.89291035967,28.455241241101,
    13.338708974562));
#4414 = CARTESIAN_POINT('',(-41.29553866933,28.361107739542,
    13.333541173687));
#4415 = CARTESIAN_POINT('',(-41.6986662324,28.27190169997,
    13.328012644729));
#4416 = CARTESIAN_POINT('',(-42.1022504682,28.187606430154,
    13.322128269556));
#4417 = CARTESIAN_POINT('',(-42.50624945887,28.108206025626,
    13.315893179971));
#4418 = CARTESIAN_POINT('',(-42.91062194936,28.033685369686,
    13.309312757707));
#4419 = CARTESIAN_POINT('',(-43.31532734744,27.964030133391,
    13.302392634437));
#4420 = CARTESIAN_POINT('',(-44.89892248633,27.710640765806,
    13.274028796381));
#4421 = CARTESIAN_POINT('',(-46.0799841559,27.563147042872,
    13.250096581455));
#4422 = CARTESIAN_POINT('',(-47.2625464197,27.456406120319,
    13.223444724636));
#4423 = CARTESIAN_POINT('',(-48.44566306657,27.390142747454,
    13.194155482626));
#4424 = CARTESIAN_POINT('',(-49.62840288699,27.364136240791,
    13.162373246972));
#4425 = CARTESIAN_POINT('',(-50.80985478626,27.37821807254,
    13.128196530782));
#4426 = CARTESIAN_POINT('',(-51.98912132149,27.432272732773,
    13.091783114879));
#4427 = CARTESIAN_POINT('',(-53.67935744057,27.567313484704,
    13.036428395225));
#4428 = CARTESIAN_POINT('',(-54.19280183055,27.616005650486,
    13.019191819716));
#4429 = CARTESIAN_POINT('',(-54.70558329934,27.67231664656,
    13.001564724371));
#4430 = CARTESIAN_POINT('',(-55.21762665887,27.736243556101,
    12.983558935022));
#4431 = CARTESIAN_POINT('',(-55.72885629383,27.807785451914,
    12.965186457593));
#4432 = CARTESIAN_POINT('',(-56.23919616168,27.886943396437,
    12.946459478096));
#4433 = CARTESIAN_POINT('',(-56.7485697927,27.973720441736,
    12.927390362637));
#4434 = CARTESIAN_POINT('',(-57.6397975084,28.139228817485,
    12.893379686825));
#4435 = CARTESIAN_POINT('',(-58.02210266472,28.21466174983,
    12.878580511981));
#4436 = CARTESIAN_POINT('',(-58.40378287873,28.29442260458,
    12.863600172008));
#4437 = CARTESIAN_POINT('',(-58.78480485619,28.378514168294,
    12.848443217628));
#4438 = CARTESIAN_POINT('',(-59.16513500744,28.46693986791,
    12.833114810808));
#4439 = CARTESIAN_POINT('',(-59.54473947222,28.559703784478,
    12.817621164149));
#4440 = CARTESIAN_POINT('',(-59.92358405061,28.656810648765,
    12.801968320031));
#4441 = CARTESIAN_POINT('',(-60.87396697507,28.911859620619,
    12.762225820107));
#4442 = CARTESIAN_POINT('',(-61.44447801423,29.075419151191,
    12.737933221979));
#4443 = CARTESIAN_POINT('',(-62.01304704668,29.248963097457,
    12.71328805785));
#4444 = CARTESIAN_POINT('',(-62.57955109284,29.432513234137,
    12.68829796211));
#4445 = CARTESIAN_POINT('',(-63.14386429317,29.626094562454,
    12.662971783715));
#4446 = CARTESIAN_POINT('',(-63.70585789683,29.829735448925,
    12.637319749107));
#4447 = CARTESIAN_POINT('',(-64.26540025033,30.04346776415,
    12.611353625132));
#4448 = CARTESIAN_POINT('',(-65.09249567513,30.375904777999,
    12.572346805559));
#4449 = CARTESIAN_POINT('',(-65.36202609648,30.486864858591,
    12.559536018024));
#4450 = CARTESIAN_POINT('',(-65.63093262766,30.600211283075,
    12.546656051266));
#4451 = CARTESIAN_POINT('',(-65.89919961547,30.71594825785,
    12.533708541041));
#4452 = CARTESIAN_POINT('',(-66.16681117614,30.83408017602,
    12.520695226945));
#4453 = CARTESIAN_POINT('',(-66.43375119532,30.954611617393,
    12.507617952415));
#4454 = CARTESIAN_POINT('',(-66.7000033281,31.077547348484,
    12.494478664729));
#4455 = CARTESIAN_POINT('',(-67.21345020855,31.319906792558,
    12.468957395524));
#4456 = CARTESIAN_POINT('',(-67.46073544315,31.43902089327,12.4565829746
    ));
#4457 = CARTESIAN_POINT('',(-67.70739329266,31.560238703898,
    12.444159117147));
#4458 = CARTESIAN_POINT('',(-67.9534098043,31.683564265284,
    12.431683443475));
#4459 = CARTESIAN_POINT('',(-68.19877133021,31.809002016502,
    12.419162133886));
#4460 = CARTESIAN_POINT('',(-68.44346405668,31.93655657052,
    12.406602318786));
#4461 = CARTESIAN_POINT('',(-68.68747350533,32.066232470227,
    12.394003969594));
#4462 = CARTESIAN_POINT('',(-69.6102937892,32.566124590897,
    12.346095253121));
#4463 = CARTESIAN_POINT('',(-70.28435722319,32.950795575938,
    12.310556126584));
#4464 = CARTESIAN_POINT('',(-70.95266453923,33.352154642344,
    12.274832048717));
#4465 = CARTESIAN_POINT('',(-71.6148847672,33.770314510738,
    12.238988409514));
#4466 = CARTESIAN_POINT('',(-72.27066687424,34.205393954066,
    12.203077629826));
#4467 = CARTESIAN_POINT('',(-72.91963961219,34.657518250366,
    12.167137924832));
#4468 = CARTESIAN_POINT('',(-73.56141136508,35.126819635549,
    12.131192067515));
#4469 = CARTESIAN_POINT('',(-74.41161814073,35.779221105316,
    12.082999928678));
#4470 = CARTESIAN_POINT('',(-74.62678223624,35.947014037743,
    12.070753398495));
#4471 = CARTESIAN_POINT('',(-74.84104587385,36.116821990396,
    12.058507710662));
#4472 = CARTESIAN_POINT('',(-75.05439231929,36.288650492199,
    12.046264667004));
#4473 = CARTESIAN_POINT('',(-75.26680399161,36.462504699903,
    12.034017368878));
#4474 = CARTESIAN_POINT('',(-75.47826302441,36.638389850484,
    12.021760041694));
#4475 = CARTESIAN_POINT('',(-75.68875170625,36.81631163454,
    12.00949583483));
#4476 = CARTESIAN_POINT('',(-76.44960197633,37.469894565326,
    11.96491819267));
#4477 = CARTESIAN_POINT('',(-76.99410022064,37.957654063378,
    11.932547564179));
#4478 = CARTESIAN_POINT('',(-77.53141755746,38.459658854228,
    11.900092910519));
#4479 = CARTESIAN_POINT('',(-78.06120426243,38.976013800972,
    11.867578182791));
#4480 = CARTESIAN_POINT('',(-78.58309002543,39.506823584336,
    11.835069441177));
#4481 = CARTESIAN_POINT('',(-79.09668394799,40.052192993516,
    11.802674619334));
#4482 = CARTESIAN_POINT('',(-79.60157417102,40.612227688391,
    11.770541493892));
#4483 = CARTESIAN_POINT('',(-80.20691369795,41.314097117382,
    11.731849283524));
#4484 = CARTESIAN_POINT('',(-80.31605361401,41.441880466063,
    11.724866591907));
#4485 = CARTESIAN_POINT('',(-80.42474213055,41.570386556939,
    11.717907369021));
#4486 = CARTESIAN_POINT('',(-80.5329744646,41.699616495074,
    11.710974135997));
#4487 = CARTESIAN_POINT('',(-80.64074575334,41.829571353229,
    11.704069187051));
#4488 = CARTESIAN_POINT('',(-80.74805104363,41.960252158434,
    11.697194326664));
#4489 = CARTESIAN_POINT('',(-80.85488531853,42.091659924721,
    11.690351507149));
#4490 = CARTESIAN_POINT('',(-81.62381596184,43.046952801942,
    11.641138405911));
#4491 = CARTESIAN_POINT('',(-82.26789924247,43.89834509664,
    11.600142989953));
#4492 = CARTESIAN_POINT('',(-82.8923335217,44.778295956709,
    11.562007384113));
#4493 = CARTESIAN_POINT('',(-83.49578486776,45.687039129617,
    11.527808255162));
#4494 = CARTESIAN_POINT('',(-84.07676169574,46.624698261942,
    11.498229088089));
#4495 = CARTESIAN_POINT('',(-84.63363219633,47.591267973675,
    11.473569040733));
#4496 = CARTESIAN_POINT('',(-85.16464279547,48.586596514596,
    11.453781236219));
#4497 = CARTESIAN_POINT('',(-85.73347526761,49.743682871695,
    11.436555887044));
#4498 = CARTESIAN_POINT('',(-85.79854265866,49.877477519379,
    11.434648290976));
#4499 = CARTESIAN_POINT('',(-85.86313568479,50.011753160296,
    11.432817439764));
#4500 = CARTESIAN_POINT('',(-85.92725016694,50.146508920508,
    11.431061921462));
#4501 = CARTESIAN_POINT('',(-85.99088190063,50.281743879321,
    11.429380828429));
#4502 = CARTESIAN_POINT('',(-86.05402665967,50.417457074027,
    11.427773956819));
#4503 = CARTESIAN_POINT('',(-86.11668018339,50.553647467699,
    11.426240554532));
#4504 = CARTESIAN_POINT('',(-86.61088732144,51.640258292623,
    11.414601047394));
#4505 = CARTESIAN_POINT('',(-87.01898600695,52.613182894739,
    11.407793278547));
#4506 = CARTESIAN_POINT('',(-87.40170656088,53.608742225285,
    11.403464574785));
#4507 = CARTESIAN_POINT('',(-87.75753512748,54.626402688983,
    11.4008874799));
#4508 = CARTESIAN_POINT('',(-88.08489749508,55.665424067591,
    11.399491749769));
#4509 = CARTESIAN_POINT('',(-88.38219294914,56.724834865184,
    11.398852431706));
#4510 = CARTESIAN_POINT('',(-88.64783612145,57.803401487479,
    11.398670091195));
#4511 = CARTESIAN_POINT('',(-88.9867073232,59.401310907097,
    11.398776641059));
#4512 = CARTESIAN_POINT('',(-89.08615668342,59.906712719217,
    11.398863610941));
#4513 = CARTESIAN_POINT('',(-89.17850851506,60.415643182156,
    11.398984760446));
#4514 = CARTESIAN_POINT('',(-89.26361956,60.927934781667,11.399125093739
    ));
#4515 = CARTESIAN_POINT('',(-89.34135120022,61.443405345771,
    11.399273380814));
#4516 = CARTESIAN_POINT('',(-89.41157095494,61.961857391866,
    11.399421583966));
#4517 = CARTESIAN_POINT('',(-89.47415397766,62.483077473828,
    11.399564284255));
#4518 = CARTESIAN_POINT('',(-89.58242007255,63.517267589398,
    11.399828526817));
#4519 = CARTESIAN_POINT('',(-89.62849294466,64.030112862203,
    11.399950947505));
#4520 = CARTESIAN_POINT('',(-89.66709582183,64.54515633781,
    11.400060572752));
#4521 = CARTESIAN_POINT('',(-89.69813035745,65.062171501896,
    11.400157503699));
#4522 = CARTESIAN_POINT('',(-89.7215083249,65.580920064684,
    11.400243529978));
#4523 = CARTESIAN_POINT('',(-89.73715288473,66.10115165696,
    11.400320229923));
#4524 = CARTESIAN_POINT('',(-89.745,66.622603492941,11.400388380952));
#4525 = CARTESIAN_POINT('',(-89.745,67.145,11.400448680108));
#4526 = PCURVE('',#1010,#4527);
#4527 = DEFINITIONAL_REPRESENTATION('',(#4528),#4727);
#4528 = B_SPLINE_CURVE_WITH_KNOTS('',8,(#4529,#4530,#4531,#4532,#4533,
    #4534,#4535,#4536,#4537,#4538,#4539,#4540,#4541,#4542,#4543,#4544,
    #4545,#4546,#4547,#4548,#4549,#4550,#4551,#4552,#4553,#4554,#4555,
    #4556,#4557,#4558,#4559,#4560,#4561,#4562,#4563,#4564,#4565,#4566,
    #4567,#4568,#4569,#4570,#4571,#4572,#4573,#4574,#4575,#4576,#4577,
    #4578,#4579,#4580,#4581,#4582,#4583,#4584,#4585,#4586,#4587,#4588,
    #4589,#4590,#4591,#4592,#4593,#4594,#4595,#4596,#4597,#4598,#4599,
    #4600,#4601,#4602,#4603,#4604,#4605,#4606,#4607,#4608,#4609,#4610,
    #4611,#4612,#4613,#4614,#4615,#4616,#4617,#4618,#4619,#4620,#4621,
    #4622,#4623,#4624,#4625,#4626,#4627,#4628,#4629,#4630,#4631,#4632,
    #4633,#4634,#4635,#4636,#4637,#4638,#4639,#4640,#4641,#4642,#4643,
    #4644,#4645,#4646,#4647,#4648,#4649,#4650,#4651,#4652,#4653,#4654,
    #4655,#4656,#4657,#4658,#4659,#4660,#4661,#4662,#4663,#4664,#4665,
    #4666,#4667,#4668,#4669,#4670,#4671,#4672,#4673,#4674,#4675,#4676,
    #4677,#4678,#4679,#4680,#4681,#4682,#4683,#4684,#4685,#4686,#4687,
    #4688,#4689,#4690,#4691,#4692,#4693,#4694,#4695,#4696,#4697,#4698,
    #4699,#4700,#4701,#4702,#4703,#4704,#4705,#4706,#4707,#4708,#4709,
    #4710,#4711,#4712,#4713,#4714,#4715,#4716,#4717,#4718,#4719,#4720,
    #4721,#4722,#4723,#4724,#4725,#4726),.UNSPECIFIED.,.F.,.F.,(9,7,7,7,
    7,7,7,7,7,7,7,7,7,7,7,7,7,7,7,7,7,7,7,7,7,7,7,7,9),(0.,
    8.772626053203E-02,0.116852118906,0.132340762008,0.148971725713,
    0.188285421584,0.210083989025,0.234511057736,0.2671998443,
    0.286037172593,0.306969785155,0.364915586126,0.405072567043,
    0.435002018015,0.522100525295,0.560164912284,0.588836707466,
    0.632243169943,0.653296470855,0.672950556454,0.727839462469,
    0.746539273028,0.795752414264,0.806631016147,0.874400670971,
    0.883225442484,0.94456489121,0.972639598498,1.),.UNSPECIFIED.);
#4529 = CARTESIAN_POINT('',(93.346430067298,1.));
#4530 = CARTESIAN_POINT('',(93.365318303075,0.960911606969));
#4531 = CARTESIAN_POINT('',(93.297714965551,0.921791893189));
#4532 = CARTESIAN_POINT('',(93.143966464355,0.882894913459));
#4533 = CARTESIAN_POINT('',(92.906575297225,0.844439619004));
#4534 = CARTESIAN_POINT('',(92.589475920117,0.806614312163));
#4535 = CARTESIAN_POINT('',(92.197575762488,0.769579679498));
#4536 = CARTESIAN_POINT('',(91.736445547968,0.733470996975));
#4537 = CARTESIAN_POINT('',(91.037937038712,0.68675626758));
#4538 = CARTESIAN_POINT('',(90.856823114321,0.675224595665));
#4539 = CARTESIAN_POINT('',(90.668902520674,0.663808428307));
#4540 = CARTESIAN_POINT('',(90.474376357017,0.652510727843));
#4541 = CARTESIAN_POINT('',(90.273444402798,0.641334098605));
#4542 = CARTESIAN_POINT('',(90.066303911827,0.630280809746));
#4543 = CARTESIAN_POINT('',(89.853148406445,0.619352818072));
#4544 = CARTESIAN_POINT('',(89.517715550652,0.602807985718));
#4545 = CARTESIAN_POINT('',(89.399616972677,0.597100087893));
#4546 = CARTESIAN_POINT('',(89.279899190942,0.591428346817));
#4547 = CARTESIAN_POINT('',(89.15859025981,0.585792992304));
#4548 = CARTESIAN_POINT('',(89.035717834811,0.58019423457));
#4549 = CARTESIAN_POINT('',(88.911309172648,0.574632264229));
#4550 = CARTESIAN_POINT('',(88.785391131195,0.569107252293));
#4551 = CARTESIAN_POINT('',(88.521193113997,0.557726703517));
#4552 = CARTESIAN_POINT('',(88.382686371792,0.551876844332));
#4553 = CARTESIAN_POINT('',(88.242502498733,0.546069963974));
#4554 = CARTESIAN_POINT('',(88.100673646561,0.540306228393));
#4555 = CARTESIAN_POINT('',(87.95723149144,0.534585780138));
#4556 = CARTESIAN_POINT('',(87.812207162495,0.528908740369));
#4557 = CARTESIAN_POINT('',(87.665631170349,0.523275210866));
#4558 = CARTESIAN_POINT('',(87.167446994576,0.504471309503));
#4559 = CARTESIAN_POINT('',(86.808858943587,0.491501029407));
#4560 = CARTESIAN_POINT('',(86.442161434962,0.478775436962));
#4561 = CARTESIAN_POINT('',(86.067730402674,0.466295087912));
#4562 = CARTESIAN_POINT('',(85.685924575472,0.454060126435));
#4563 = CARTESIAN_POINT('',(85.297084589943,0.442070319052));
#4564 = CARTESIAN_POINT('',(84.901532103577,0.43032508853));
#4565 = CARTESIAN_POINT('',(84.276689281877,0.412446199997));
#4566 = CARTESIAN_POINT('',(84.051839395031,0.406143794162));
#4567 = CARTESIAN_POINT('',(83.825071101448,0.399916186697));
#4568 = CARTESIAN_POINT('',(83.596434761146,0.393763216739));
#4569 = CARTESIAN_POINT('',(83.365979240019,0.387684706149));
#4570 = CARTESIAN_POINT('',(83.133751909833,0.381680459515));
#4571 = CARTESIAN_POINT('',(82.899798648226,0.375750264148));
#4572 = CARTESIAN_POINT('',(82.400115859472,0.363331346369));
#4573 = CARTESIAN_POINT('',(82.133956584573,0.356861507996));
#4574 = CARTESIAN_POINT('',(81.865748442896,0.350484052721));
#4575 = CARTESIAN_POINT('',(81.59555185859,0.344198642319));
#4576 = CARTESIAN_POINT('',(81.323425205763,0.338004925215));
#4577 = CARTESIAN_POINT('',(81.049424790261,0.331902537925));
#4578 = CARTESIAN_POINT('',(80.773604858535,0.325891105306));
#4579 = CARTESIAN_POINT('',(80.124544917986,0.312046820005));
#4580 = CARTESIAN_POINT('',(79.749908055019,0.304285607291));
#4581 = CARTESIAN_POINT('',(79.372231892234,0.296685667819));
#4582 = CARTESIAN_POINT('',(78.991636031573,0.289246059757));
#4583 = CARTESIAN_POINT('',(78.608234829386,0.281965833091));
#4584 = CARTESIAN_POINT('',(78.22213739643,0.274844029617));
#4585 = CARTESIAN_POINT('',(77.833447597874,0.267879682951));
#4586 = CARTESIAN_POINT('',(77.216839569038,0.257148700208));
#4587 = CARTESIAN_POINT('',(76.990587163132,0.253277549793));
#4588 = CARTESIAN_POINT('',(76.763525809935,0.249458182731));
#4589 = CARTESIAN_POINT('',(76.535674018624,0.245690415375));
#4590 = CARTESIAN_POINT('',(76.307049833197,0.241974064981));
#4591 = CARTESIAN_POINT('',(76.077670832469,0.238308949702));
#4592 = CARTESIAN_POINT('',(75.847554130072,0.234694888595));
#4593 = CARTESIAN_POINT('',(75.360202434277,0.227172179787));
#4594 = CARTESIAN_POINT('',(75.102798185509,0.223275479941));
#4595 = CARTESIAN_POINT('',(74.844526418252,0.219441355766));
#4596 = CARTESIAN_POINT('',(74.585409529289,0.21566956044));
#4597 = CARTESIAN_POINT('',(74.325469346506,0.211959849602));
#4598 = CARTESIAN_POINT('',(74.064727052644,0.208311982622));
#4599 = CARTESIAN_POINT('',(73.803203208432,0.204725722155));
#4600 = CARTESIAN_POINT('',(72.814857824946,0.191443206974));
#4601 = CARTESIAN_POINT('',(72.08296702887,0.182155923355));
#4602 = CARTESIAN_POINT('',(71.345665051379,0.173333904404));
#4603 = CARTESIAN_POINT('',(70.603346354651,0.164972369165));
#4604 = CARTESIAN_POINT('',(69.856380987273,0.157066783336));
#4605 = CARTESIAN_POINT('',(69.105115050161,0.149612831662));
#4606 = CARTESIAN_POINT('',(68.349870939621,0.142606411849));
#4607 = CARTESIAN_POINT('',(67.065006248607,0.131495594747));
#4608 = CARTESIAN_POINT('',(66.537300713675,0.127160631435));
#4609 = CARTESIAN_POINT('',(66.007931604713,0.123037483386));
#4610 = CARTESIAN_POINT('',(65.476996342274,0.119124933506));
#4611 = CARTESIAN_POINT('',(64.944588925511,0.115421824258));
#4612 = CARTESIAN_POINT('',(64.410799932182,0.111927057664));
#4613 = CARTESIAN_POINT('',(63.875716518644,0.108639595308));
#4614 = CARTESIAN_POINT('',(62.93971637698,0.103262052175));
#4615 = CARTESIAN_POINT('',(62.539338196753,0.101080258188));
#4616 = CARTESIAN_POINT('',(62.138322716181,9.901267122424E-02));
#4617 = CARTESIAN_POINT('',(61.736704057906,9.705890439572E-02));
#4618 = CARTESIAN_POINT('',(61.33451563021,9.521858907467E-02));
#4619 = CARTESIAN_POINT('',(60.931790127009,9.349137489131E-02));
#4620 = CARTESIAN_POINT('',(60.528559527859,9.187692973441E-02));
#4621 = CARTESIAN_POINT('',(58.950023883728,8.600395795122E-02));
#4622 = CARTESIAN_POINT('',(57.771195889786,8.258539906993E-02));
#4623 = CARTESIAN_POINT('',(56.589124428187,8.0111394607E-02));
#4624 = CARTESIAN_POINT('',(55.404544485071,7.857556489637E-02));
#4625 = CARTESIAN_POINT('',(54.218167892231,7.797279501196E-02));
#4626 = CARTESIAN_POINT('',(53.030692220421,7.829917887449E-02));
#4627 = CARTESIAN_POINT('',(51.842790773082,7.955203923451E-02));
#4628 = CARTESIAN_POINT('',(50.136079269361,8.268196742852E-02));
#4629 = CARTESIAN_POINT('',(49.617083892917,8.381053773289E-02));
#4630 = CARTESIAN_POINT('',(49.098192536457,8.511569467053E-02));
#4631 = CARTESIAN_POINT('',(48.579461935446,8.659737063625E-02));
#4632 = CARTESIAN_POINT('',(48.060949188566,8.825554413986E-02));
#4633 = CARTESIAN_POINT('',(47.542711757719,9.009023980616E-02));
#4634 = CARTESIAN_POINT('',(47.024807468026,9.210152837493E-02));
#4635 = CARTESIAN_POINT('',(46.117480648415,9.593762469544E-02));
#4636 = CARTESIAN_POINT('',(45.727889030318,9.768598330815E-02));
#4637 = CARTESIAN_POINT('',(45.338544559035,9.953465302075E-02));
#4638 = CARTESIAN_POINT('',(44.94947249392,0.101483698419));
#4639 = CARTESIAN_POINT('',(44.560698388991,0.103533198932));
#4640 = CARTESIAN_POINT('',(44.172248081038,0.105683249148));
#4641 = CARTESIAN_POINT('',(43.784147724993,0.107933958715));
#4642 = CARTESIAN_POINT('',(42.809445608544,0.113845396236));
#4643 = CARTESIAN_POINT('',(42.223331014974,0.117636322892));
#4644 = CARTESIAN_POINT('',(41.638171820707,0.121658664908));
#4645 = CARTESIAN_POINT('',(41.054062603107,0.12591292697));
#4646 = CARTESIAN_POINT('',(40.471100817753,0.130399688549));
#4647 = CARTESIAN_POINT('',(39.889386824129,0.135119607114));
#4648 = CARTESIAN_POINT('',(39.309023911305,0.14007342135));
#4649 = CARTESIAN_POINT('',(38.449333554692,0.147778532344));
#4650 = CARTESIAN_POINT('',(38.168891780375,0.150350327004));
#4651 = CARTESIAN_POINT('',(37.888805193002,0.152977431523));
#4652 = CARTESIAN_POINT('',(37.609086221571,0.155659943397));
#4653 = CARTESIAN_POINT('',(37.32974753174,0.158397964446));
#4654 = CARTESIAN_POINT('',(37.050802025833,0.16119160082));
#4655 = CARTESIAN_POINT('',(36.772262842835,0.164040962996));
#4656 = CARTESIAN_POINT('',(36.234507865748,0.169658286999));
#4657 = CARTESIAN_POINT('',(35.975238174204,0.172419072738));
#4658 = CARTESIAN_POINT('',(35.716345141537,0.175228617543));
#4659 = CARTESIAN_POINT('',(35.457839963823,0.178087015072));
#4660 = CARTESIAN_POINT('',(35.199733871924,0.180994368212));
#4661 = CARTESIAN_POINT('',(34.942038304459,0.18395078388));
#4662 = CARTESIAN_POINT('',(34.68476508974,0.186956367371));
#4663 = CARTESIAN_POINT('',(33.710639816591,0.19854269535));
#4664 = CARTESIAN_POINT('',(32.996744550211,0.207458467399));
#4665 = CARTESIAN_POINT('',(32.286496682531,0.216761030069));
#4666 = CARTESIAN_POINT('',(31.580172602865,0.226452995961));
#4667 = CARTESIAN_POINT('',(30.878069093784,0.236537117953));
#4668 = CARTESIAN_POINT('',(30.180503647573,0.247016299696));
#4669 = CARTESIAN_POINT('',(29.487814782687,0.257893606108));
#4670 = CARTESIAN_POINT('',(28.566157836895,0.273014743431));
#4671 = CARTESIAN_POINT('',(28.332561530317,0.276903790422));
#4672 = CARTESIAN_POINT('',(28.099587835164,0.28083954086));
#4673 = CARTESIAN_POINT('',(27.867251515571,0.284822122893));
#4674 = CARTESIAN_POINT('',(27.635567883479,0.288851656041));
#4675 = CARTESIAN_POINT('',(27.40455260857,0.292928261687));
#4676 = CARTESIAN_POINT('',(27.174221570545,0.297052071724));
#4677 = CARTESIAN_POINT('',(26.340262389504,0.312200592544));
#4678 = CARTESIAN_POINT('',(25.740790421757,0.323505714761));
#4679 = CARTESIAN_POINT('',(25.146468034901,0.335141009485));
#4680 = CARTESIAN_POINT('',(24.557612406825,0.347108907196));
#4681 = CARTESIAN_POINT('',(23.974565127877,0.359411834148));
#4682 = CARTESIAN_POINT('',(23.397692506189,0.37205221911));
#4683 = CARTESIAN_POINT('',(22.827386170066,0.38503251103));
#4684 = CARTESIAN_POINT('',(22.139541170892,0.401300199731));
#4685 = CARTESIAN_POINT('',(22.015359840615,0.404261918323));
#4686 = CARTESIAN_POINT('',(21.891524555079,0.407240388387));
#4687 = CARTESIAN_POINT('',(21.768039959835,0.410235635533));
#4688 = CARTESIAN_POINT('',(21.644910786091,0.413247684627));
#4689 = CARTESIAN_POINT('',(21.52214185478,0.416276559472));
#4690 = CARTESIAN_POINT('',(21.399738066114,0.419322283572));
#4691 = CARTESIAN_POINT('',(20.517479739404,0.441463733966));
#4692 = CARTESIAN_POINT('',(19.771636129666,0.461197012322));
#4693 = CARTESIAN_POINT('',(19.041331323946,0.481592211304));
#4694 = CARTESIAN_POINT('',(18.327905331001,0.502654748629));
#4695 = CARTESIAN_POINT('',(17.632869331803,0.524387490137));
#4696 = CARTESIAN_POINT('',(16.957895024075,0.546790311129));
#4697 = CARTESIAN_POINT('',(16.304804369387,0.569859694393));
#4698 = CARTESIAN_POINT('',(15.593621298998,0.596678244795));
#4699 = CARTESIAN_POINT('',(15.512087533704,0.599779291213));
#4700 = CARTESIAN_POINT('',(15.430962841161,0.602891485926));
#4701 = CARTESIAN_POINT('',(15.350251644748,0.60601480868));
#4702 = CARTESIAN_POINT('',(15.269958421015,0.609149238135));
#4703 = CARTESIAN_POINT('',(15.190087702593,0.612294751977));
#4704 = CARTESIAN_POINT('',(15.110644059974,0.615451326172));
#4705 = CARTESIAN_POINT('',(14.482433436462,0.640636418881));
#4706 = CARTESIAN_POINT('',(13.954099811657,0.663186531342));
#4707 = CARTESIAN_POINT('',(13.448147136348,0.686261263768));
#4708 = CARTESIAN_POINT('',(12.966228902582,0.709848248673));
#4709 = CARTESIAN_POINT('',(12.510114824718,0.73393032953));
#4710 = CARTESIAN_POINT('',(12.081660520312,0.758484989343));
#4711 = CARTESIAN_POINT('',(11.682768193033,0.783483636284));
#4712 = CARTESIAN_POINT('',(11.147167810447,0.820519432312));
#4713 = CARTESIAN_POINT('',(10.985591396709,0.832233462028));
#4714 = CARTESIAN_POINT('',(10.830792706697,0.844029277602));
#4715 = CARTESIAN_POINT('',(10.682955138411,0.855902996446));
#4716 = CARTESIAN_POINT('',(10.542260314809,0.86785039624));
#4717 = CARTESIAN_POINT('',(10.408886541055,0.8798668998));
#4718 = CARTESIAN_POINT('',(10.283007261774,0.891947559945));
#4719 = CARTESIAN_POINT('',(10.049579593132,0.915917663446));
#4720 = CARTESIAN_POINT('',(9.941645634245,0.92780421514));
#4721 = CARTESIAN_POINT('',(9.841142716396,0.939741716023));
#4722 = CARTESIAN_POINT('',(9.74821893193,0.951724916025));
#4723 = CARTESIAN_POINT('',(9.663014128413,0.963748292147));
#4724 = CARTESIAN_POINT('',(9.585658492165,0.975806041418));
#4725 = CARTESIAN_POINT('',(9.516270977703,0.987892073078));
#4726 = CARTESIAN_POINT('',(9.454957583109,1.));
#4727 = ( GEOMETRIC_REPRESENTATION_CONTEXT(2) 
PARAMETRIC_REPRESENTATION_CONTEXT() REPRESENTATION_CONTEXT('2D SPACE',''
  ) );
#4728 = PCURVE('',#725,#4729);
#4729 = DEFINITIONAL_REPRESENTATION('',(#4730),#4789);
#4730 = B_SPLINE_CURVE_WITH_KNOTS('',8,(#4731,#4732,#4733,#4734,#4735,
    #4736,#4737,#4738,#4739,#4740,#4741,#4742,#4743,#4744,#4745,#4746,
    #4747,#4748,#4749,#4750,#4751,#4752,#4753,#4754,#4755,#4756,#4757,
    #4758,#4759,#4760,#4761,#4762,#4763,#4764,#4765,#4766,#4767,#4768,
    #4769,#4770,#4771,#4772,#4773,#4774,#4775,#4776,#4777,#4778,#4779,
    #4780,#4781,#4782,#4783,#4784,#4785,#4786,#4787,#4788),
  .UNSPECIFIED.,.F.,.F.,(9,7,7,7,7,7,7,7,9),(0.,8.772626053203E-02,
    0.116852118906,0.132340762008,0.148971725713,0.188285421584,
    0.210083989025,0.234511057736,0.241945978906),.UNSPECIFIED.);
#4731 = CARTESIAN_POINT('',(6.28318530718,2.780416242501));
#4732 = CARTESIAN_POINT('',(6.240753083823,2.800693745017));
#4733 = CARTESIAN_POINT('',(6.198286864677,2.826117137916));
#4734 = CARTESIAN_POINT('',(6.155945993389,2.856904664193));
#4735 = CARTESIAN_POINT('',(6.113851025451,2.893027836237));
#4736 = CARTESIAN_POINT('',(6.072098116175,2.934052263657));
#4737 = CARTESIAN_POINT('',(6.03076711697,2.979143311545));
#4738 = CARTESIAN_POINT('',(5.989926010291,3.027212717786));
#4739 = CARTESIAN_POINT('',(5.936257130564,3.093772620025));
#4740 = CARTESIAN_POINT('',(5.922937942823,3.110575510857));
#4741 = CARTESIAN_POINT('',(5.90967801739,3.127552646586));
#4742 = CARTESIAN_POINT('',(5.896478377298,3.144665909269));
#4743 = CARTESIAN_POINT('',(5.883339817252,3.161878214291));
#4744 = CARTESIAN_POINT('',(5.870262919226,3.179154337777));
#4745 = CARTESIAN_POINT('',(5.857248068056,3.196461743982));
#4746 = CARTESIAN_POINT('',(5.837407491006,3.222976404284));
#4747 = CARTESIAN_POINT('',(5.830537121387,3.232182057766));
#4748 = CARTESIAN_POINT('',(5.823684388099,3.241383945036));
#4749 = CARTESIAN_POINT('',(5.816849309575,3.250577968506));
#4750 = CARTESIAN_POINT('',(5.810031892758,3.259760361117));
#4751 = CARTESIAN_POINT('',(5.803232133104,3.26892768634));
#4752 = CARTESIAN_POINT('',(5.796450014583,3.278076838171));
#4753 = CARTESIAN_POINT('',(5.782422108045,3.297006468628));
#4754 = CARTESIAN_POINT('',(5.775179015632,3.306783514489));
#4755 = CARTESIAN_POINT('',(5.767956201825,3.316533939692));
#4756 = CARTESIAN_POINT('',(5.760753619968,3.326254199377));
#4757 = CARTESIAN_POINT('',(5.753571209011,3.335939999034));
#4758 = CARTESIAN_POINT('',(5.746408895159,3.345586850684));
#4759 = CARTESIAN_POINT('',(5.739266593513,3.355190629063));
#4760 = CARTESIAN_POINT('',(5.715307709139,3.387340961587));
#4761 = CARTESIAN_POINT('',(5.698582613002,3.409673981141));
#4762 = CARTESIAN_POINT('',(5.681967533173,3.431697642393));
#4763 = CARTESIAN_POINT('',(5.665460907439,3.453366253763));
#4764 = CARTESIAN_POINT('',(5.649060991445,3.474637783029));
#4765 = CARTESIAN_POINT('',(5.632765850615,3.495473664187));
#4766 = CARTESIAN_POINT('',(5.616573352081,3.515838604313));
#4767 = CARTESIAN_POINT('',(5.591558393164,3.546713307791));
#4768 = CARTESIAN_POINT('',(5.582666494034,3.55757148436));
#4769 = CARTESIAN_POINT('',(5.573805075737,3.568269428657));
#4770 = CARTESIAN_POINT('',(5.564973748293,3.578801895908));
#4771 = CARTESIAN_POINT('',(5.556172115221,3.589163888031));
#4772 = CARTESIAN_POINT('',(5.547399773537,3.599350653646));
#4773 = CARTESIAN_POINT('',(5.53865631376,3.609357688067));
#4774 = CARTESIAN_POINT('',(5.520175460091,3.630188254861));
#4775 = CARTESIAN_POINT('',(5.510445353748,3.640964759383));
#4776 = CARTESIAN_POINT('',(5.500750411741,3.651504485105));
#4777 = CARTESIAN_POINT('',(5.491090044193,3.661800440087));
#4778 = CARTESIAN_POINT('',(5.481463661819,3.671846167225));
#4779 = CARTESIAN_POINT('',(5.471870675332,3.681636486928));
#4780 = CARTESIAN_POINT('',(5.462310492927,3.691167217437));
#4781 = CARTESIAN_POINT('',(5.449882464283,3.703254385293));
#4782 = CARTESIAN_POINT('',(5.446985397271,3.706050439747));
#4783 = CARTESIAN_POINT('',(5.444091298042,3.7088219231));
#4784 = CARTESIAN_POINT('',(5.441200149869,3.71156872732));
#4785 = CARTESIAN_POINT('',(5.43831193606,3.714290749415));
#4786 = CARTESIAN_POINT('',(5.435426639955,3.71698789143));
#4787 = CARTESIAN_POINT('',(5.432544244927,3.719660060451));
#4788 = CARTESIAN_POINT('',(5.429664734385,3.722307168602));
#4789 = ( GEOMETRIC_REPRESENTATION_CONTEXT(2) 
PARAMETRIC_REPRESENTATION_CONTEXT() REPRESENTATION_CONTEXT('2D SPACE',''
  ) );
#4790 = ADVANCED_FACE('',(#4791),#725,.F.);
#4791 = FACE_BOUND('',#4792,.F.);
#4792 = EDGE_LOOP('',(#4793,#4794,#4795,#4796,#4817,#4846));
#4793 = ORIENTED_EDGE('',*,*,#2670,.T.);
#4794 = ORIENTED_EDGE('',*,*,#235,.T.);
#4795 = ORIENTED_EDGE('',*,*,#4325,.T.);
#4796 = ORIENTED_EDGE('',*,*,#4797,.F.);
#4797 = EDGE_CURVE('',#4798,#4136,#4800,.T.);
#4798 = VERTEX_POINT('',#4799);
#4799 = CARTESIAN_POINT('',(-23.87425513608,37.193197378026,10.5));
#4800 = SURFACE_CURVE('',#4801,(#4805,#4811),.PCURVE_S1.);
#4801 = LINE('',#4802,#4803);
#4802 = CARTESIAN_POINT('',(-23.87425513608,37.193197378026,9.5));
#4803 = VECTOR('',#4804,1.);
#4804 = DIRECTION('',(0.,0.,1.));
#4805 = PCURVE('',#725,#4806);
#4806 = DEFINITIONAL_REPRESENTATION('',(#4807),#4810);
#4807 = B_SPLINE_CURVE_WITH_KNOTS('',1,(#4808,#4809),.UNSPECIFIED.,.F.,
  .F.,(2,2),(1.,3.722307168602),.PIECEWISE_BEZIER_KNOTS.);
#4808 = CARTESIAN_POINT('',(5.429664737989,1.));
#4809 = CARTESIAN_POINT('',(5.429664737989,3.722307168602));
#4810 = ( GEOMETRIC_REPRESENTATION_CONTEXT(2) 
PARAMETRIC_REPRESENTATION_CONTEXT() REPRESENTATION_CONTEXT('2D SPACE',''
  ) );
#4811 = PCURVE('',#2603,#4812);
#4812 = DEFINITIONAL_REPRESENTATION('',(#4813),#4816);
#4813 = B_SPLINE_CURVE_WITH_KNOTS('',1,(#4814,#4815),.UNSPECIFIED.,.F.,
  .F.,(2,2),(0.9999976,3.879352022533),.PIECEWISE_BEZIER_KNOTS.);
#4814 = CARTESIAN_POINT('',(0.931162227571,-2.399999999625E-06));
#4815 = CARTESIAN_POINT('',(0.931162227571,2.879352022533));
#4816 = ( GEOMETRIC_REPRESENTATION_CONTEXT(2) 
PARAMETRIC_REPRESENTATION_CONTEXT() REPRESENTATION_CONTEXT('2D SPACE',''
  ) );
#4817 = ORIENTED_EDGE('',*,*,#4818,.F.);
#4818 = EDGE_CURVE('',#4819,#4798,#4821,.T.);
#4819 = VERTEX_POINT('',#4820);
#4820 = CARTESIAN_POINT('',(-28.79144776439,33.531575047023,10.5));
#4821 = SURFACE_CURVE('',#4822,(#4827,#4834),.PCURVE_S1.);
#4822 = CIRCLE('',#4823,39.745);
#4823 = AXIS2_PLACEMENT_3D('',#4824,#4825,#4826);
#4824 = CARTESIAN_POINT('',(-50.,67.145,10.5));
#4825 = DIRECTION('',(0.,-0.,-1.));
#4826 = DIRECTION('',(0.533615605375,-0.845727134306,0.));
#4827 = PCURVE('',#725,#4828);
#4828 = DEFINITIONAL_REPRESENTATION('',(#4829),#4833);
#4829 = LINE('',#4830,#4831);
#4830 = CARTESIAN_POINT('',(11.558444259524,1.));
#4831 = VECTOR('',#4832,1.);
#4832 = DIRECTION('',(-1.,-0.));
#4833 = ( GEOMETRIC_REPRESENTATION_CONTEXT(2) 
PARAMETRIC_REPRESENTATION_CONTEXT() REPRESENTATION_CONTEXT('2D SPACE',''
  ) );
#4834 = PCURVE('',#4835,#4840);
#4835 = PLANE('',#4836);
#4836 = AXIS2_PLACEMENT_3D('',#4837,#4838,#4839);
#4837 = CARTESIAN_POINT('',(-50.50304325917,88.2175,10.5));
#4838 = DIRECTION('',(0.,0.,-1.));
#4839 = DIRECTION('',(-0.999933478763,1.153421211445E-02,0.));
#4840 = DEFINITIONAL_REPRESENTATION('',(#4841),#4845);
#4841 = CIRCLE('',#4842,39.745);
#4842 = AXIS2_PLACEMENT_2D('',#4843,#4844);
#4843 = CARTESIAN_POINT('',(-0.746064480896,-21.06529602357));
#4844 = DIRECTION('',(-0.543334904762,-0.83951603991));
#4845 = ( GEOMETRIC_REPRESENTATION_CONTEXT(2) 
PARAMETRIC_REPRESENTATION_CONTEXT() REPRESENTATION_CONTEXT('2D SPACE',''
  ) );
#4846 = ORIENTED_EDGE('',*,*,#4847,.T.);
#4847 = EDGE_CURVE('',#4819,#2478,#4848,.T.);
#4848 = SURFACE_CURVE('',#4849,(#4853,#4859),.PCURVE_S1.);
#4849 = LINE('',#4850,#4851);
#4850 = CARTESIAN_POINT('',(-28.79144776438,33.531575047024,9.5));
#4851 = VECTOR('',#4852,1.);
#4852 = DIRECTION('',(0.,0.,1.));
#4853 = PCURVE('',#725,#4854);
#4854 = DEFINITIONAL_REPRESENTATION('',(#4855),#4858);
#4855 = B_SPLINE_CURVE_WITH_KNOTS('',1,(#4856,#4857),.UNSPECIFIED.,.F.,
  .F.,(2,2),(1.,3.833681984488),.PIECEWISE_BEZIER_KNOTS.);
#4856 = CARTESIAN_POINT('',(11.558444259524,1.));
#4857 = CARTESIAN_POINT('',(11.558444259524,3.833681984488));
#4858 = ( GEOMETRIC_REPRESENTATION_CONTEXT(2) 
PARAMETRIC_REPRESENTATION_CONTEXT() REPRESENTATION_CONTEXT('2D SPACE',''
  ) );
#4859 = PCURVE('',#2603,#4860);
#4860 = DEFINITIONAL_REPRESENTATION('',(#4861),#4864);
#4861 = B_SPLINE_CURVE_WITH_KNOTS('',1,(#4862,#4863),.UNSPECIFIED.,.F.,
  .F.,(2,2),(0.9999976,3.879352022533),.PIECEWISE_BEZIER_KNOTS.);
#4862 = CARTESIAN_POINT('',(3.490576155583,-2.399999999625E-06));
#4863 = CARTESIAN_POINT('',(3.490576155583,2.879352022533));
#4864 = ( GEOMETRIC_REPRESENTATION_CONTEXT(2) 
PARAMETRIC_REPRESENTATION_CONTEXT() REPRESENTATION_CONTEXT('2D SPACE',''
  ) );
#4865 = ADVANCED_FACE('',(#4866),#2603,.T.);
#4866 = FACE_BOUND('',#4867,.T.);
#4867 = EDGE_LOOP('',(#4868,#4890,#4891,#4892,#4893,#4919,#4920,#4921));
#4868 = ORIENTED_EDGE('',*,*,#4869,.F.);
#4869 = EDGE_CURVE('',#3329,#3219,#4870,.T.);
#4870 = SURFACE_CURVE('',#4871,(#4876,#4883),.PCURVE_S1.);
#4871 = CIRCLE('',#4872,3.2);
#4872 = AXIS2_PLACEMENT_3D('',#4873,#4874,#4875);
#4873 = CARTESIAN_POINT('',(-25.78434126066,34.62579187895,15.5));
#4874 = DIRECTION('',(0.,0.,1.));
#4875 = DIRECTION('',(1.,0.,-0.));
#4876 = PCURVE('',#2603,#4877);
#4877 = DEFINITIONAL_REPRESENTATION('',(#4878),#4882);
#4878 = LINE('',#4879,#4880);
#4879 = CARTESIAN_POINT('',(0.,5.));
#4880 = VECTOR('',#4881,1.);
#4881 = DIRECTION('',(1.,0.));
#4882 = ( GEOMETRIC_REPRESENTATION_CONTEXT(2) 
PARAMETRIC_REPRESENTATION_CONTEXT() REPRESENTATION_CONTEXT('2D SPACE',''
  ) );
#4883 = PCURVE('',#3348,#4884);
#4884 = DEFINITIONAL_REPRESENTATION('',(#4885),#4889);
#4885 = CIRCLE('',#4886,3.2);
#4886 = AXIS2_PLACEMENT_2D('',#4887,#4888);
#4887 = CARTESIAN_POINT('',(0.,0.));
#4888 = DIRECTION('',(1.,0.));
#4889 = ( GEOMETRIC_REPRESENTATION_CONTEXT(2) 
PARAMETRIC_REPRESENTATION_CONTEXT() REPRESENTATION_CONTEXT('2D SPACE',''
  ) );
#4890 = ORIENTED_EDGE('',*,*,#3362,.F.);
#4891 = ORIENTED_EDGE('',*,*,#4135,.F.);
#4892 = ORIENTED_EDGE('',*,*,#4797,.F.);
#4893 = ORIENTED_EDGE('',*,*,#4894,.T.);
#4894 = EDGE_CURVE('',#4798,#4819,#4895,.T.);
#4895 = SURFACE_CURVE('',#4896,(#4901,#4908),.PCURVE_S1.);
#4896 = CIRCLE('',#4897,3.2);
#4897 = AXIS2_PLACEMENT_3D('',#4898,#4899,#4900);
#4898 = CARTESIAN_POINT('',(-25.78434126066,34.62579187895,10.5));
#4899 = DIRECTION('',(0.,0.,1.));
#4900 = DIRECTION('',(1.,0.,-0.));
#4901 = PCURVE('',#2603,#4902);
#4902 = DEFINITIONAL_REPRESENTATION('',(#4903),#4907);
#4903 = LINE('',#4904,#4905);
#4904 = CARTESIAN_POINT('',(0.,0.));
#4905 = VECTOR('',#4906,1.);
#4906 = DIRECTION('',(1.,0.));
#4907 = ( GEOMETRIC_REPRESENTATION_CONTEXT(2) 
PARAMETRIC_REPRESENTATION_CONTEXT() REPRESENTATION_CONTEXT('2D SPACE',''
  ) );
#4908 = PCURVE('',#4835,#4909);
#4909 = DEFINITIONAL_REPRESENTATION('',(#4910),#4918);
#4910 = ( BOUNDED_CURVE() B_SPLINE_CURVE(2,(#4911,#4912,#4913,#4914,
#4915,#4916,#4917),.UNSPECIFIED.,.T.,.F.) B_SPLINE_CURVE_WITH_KNOTS((1,2
    ,2,2,2,1),(-2.094395102393,0.,2.094395102393,4.188790204786,
6.28318530718,8.377580409573),.UNSPECIFIED.) CURVE() 
GEOMETRIC_REPRESENTATION_ITEM() RATIONAL_B_SPLINE_CURVE((1.,0.5,1.,0.5,
1.,0.5,1.)) REPRESENTATION_ITEM('') );
#4911 = CARTESIAN_POINT('',(-28.53498294095,-53.26612290351));
#4912 = CARTESIAN_POINT('',(-28.47105384845,-47.72392901741));
#4913 = CARTESIAN_POINT('',(-23.70333769664,-50.55039017861));
#4914 = CARTESIAN_POINT('',(-18.93562154483,-53.37685133981));
#4915 = CARTESIAN_POINT('',(-23.76726678914,-56.09258406471));
#4916 = CARTESIAN_POINT('',(-28.59891203346,-58.80831678961));
#4917 = CARTESIAN_POINT('',(-28.53498294095,-53.26612290351));
#4918 = ( GEOMETRIC_REPRESENTATION_CONTEXT(2) 
PARAMETRIC_REPRESENTATION_CONTEXT() REPRESENTATION_CONTEXT('2D SPACE',''
  ) );
#4919 = ORIENTED_EDGE('',*,*,#4847,.T.);
#4920 = ORIENTED_EDGE('',*,*,#2477,.F.);
#4921 = ORIENTED_EDGE('',*,*,#3218,.T.);
#4922 = ADVANCED_FACE('',(#4923),#4119,.F.);
#4923 = FACE_BOUND('',#4924,.F.);
#4924 = EDGE_LOOP('',(#4925,#4926,#4949,#4976));
#4925 = ORIENTED_EDGE('',*,*,#4104,.T.);
#4926 = ORIENTED_EDGE('',*,*,#4927,.T.);
#4927 = EDGE_CURVE('',#4079,#4928,#4930,.T.);
#4928 = VERTEX_POINT('',#4929);
#4929 = CARTESIAN_POINT('',(-10.255,67.145,32.5));
#4930 = SEAM_CURVE('',#4931,(#4935,#4942),.PCURVE_S1.);
#4931 = LINE('',#4932,#4933);
#4932 = CARTESIAN_POINT('',(-10.255,67.145,23.25));
#4933 = VECTOR('',#4934,1.);
#4934 = DIRECTION('',(0.,0.,1.));
#4935 = PCURVE('',#4119,#4936);
#4936 = DEFINITIONAL_REPRESENTATION('',(#4937),#4941);
#4937 = LINE('',#4938,#4939);
#4938 = CARTESIAN_POINT('',(0.,0.));
#4939 = VECTOR('',#4940,1.);
#4940 = DIRECTION('',(0.,1.));
#4941 = ( GEOMETRIC_REPRESENTATION_CONTEXT(2) 
PARAMETRIC_REPRESENTATION_CONTEXT() REPRESENTATION_CONTEXT('2D SPACE',''
  ) );
#4942 = PCURVE('',#4119,#4943);
#4943 = DEFINITIONAL_REPRESENTATION('',(#4944),#4948);
#4944 = LINE('',#4945,#4946);
#4945 = CARTESIAN_POINT('',(6.28318530718,0.));
#4946 = VECTOR('',#4947,1.);
#4947 = DIRECTION('',(0.,1.));
#4948 = ( GEOMETRIC_REPRESENTATION_CONTEXT(2) 
PARAMETRIC_REPRESENTATION_CONTEXT() REPRESENTATION_CONTEXT('2D SPACE',''
  ) );
#4949 = ORIENTED_EDGE('',*,*,#4950,.F.);
#4950 = EDGE_CURVE('',#4928,#4928,#4951,.T.);
#4951 = SURFACE_CURVE('',#4952,(#4957,#4964),.PCURVE_S1.);
#4952 = CIRCLE('',#4953,39.745);
#4953 = AXIS2_PLACEMENT_3D('',#4954,#4955,#4956);
#4954 = CARTESIAN_POINT('',(-50.,67.145,32.5));
#4955 = DIRECTION('',(0.,0.,1.));
#4956 = DIRECTION('',(1.,0.,-0.));
#4957 = PCURVE('',#4119,#4958);
#4958 = DEFINITIONAL_REPRESENTATION('',(#4959),#4963);
#4959 = LINE('',#4960,#4961);
#4960 = CARTESIAN_POINT('',(0.,9.25));
#4961 = VECTOR('',#4962,1.);
#4962 = DIRECTION('',(1.,0.));
#4963 = ( GEOMETRIC_REPRESENTATION_CONTEXT(2) 
PARAMETRIC_REPRESENTATION_CONTEXT() REPRESENTATION_CONTEXT('2D SPACE',''
  ) );
#4964 = PCURVE('',#4965,#4970);
#4965 = TOROIDAL_SURFACE('',#4966,43.745,4.);
#4966 = AXIS2_PLACEMENT_3D('',#4967,#4968,#4969);
#4967 = CARTESIAN_POINT('',(-50.,67.145,32.5));
#4968 = DIRECTION('',(-0.,-0.,-1.));
#4969 = DIRECTION('',(1.,0.,-0.));
#4970 = DEFINITIONAL_REPRESENTATION('',(#4971),#4975);
#4971 = LINE('',#4972,#4973);
#4972 = CARTESIAN_POINT('',(-0.,3.14159265359));
#4973 = VECTOR('',#4974,1.);
#4974 = DIRECTION('',(-1.,0.));
#4975 = ( GEOMETRIC_REPRESENTATION_CONTEXT(2) 
PARAMETRIC_REPRESENTATION_CONTEXT() REPRESENTATION_CONTEXT('2D SPACE',''
  ) );
#4976 = ORIENTED_EDGE('',*,*,#4927,.F.);
#4977 = ADVANCED_FACE('',(#4978),#3348,.T.);
#4978 = FACE_BOUND('',#4979,.T.);
#4979 = EDGE_LOOP('',(#4980,#4981));
#4980 = ORIENTED_EDGE('',*,*,#3328,.F.);
#4981 = ORIENTED_EDGE('',*,*,#4869,.T.);
#4982 = ADVANCED_FACE('',(#4983,#5180,#5215),#4835,.T.);
#4983 = FACE_BOUND('',#4984,.T.);
#4984 = EDGE_LOOP('',(#4985,#5015,#5043,#5076,#5104,#5129,#5154));
#4985 = ORIENTED_EDGE('',*,*,#4986,.F.);
#4986 = EDGE_CURVE('',#4987,#4989,#4991,.T.);
#4987 = VERTEX_POINT('',#4988);
#4988 = CARTESIAN_POINT('',(-93.53744961645,109.29,10.5));
#4989 = VERTEX_POINT('',#4990);
#4990 = CARTESIAN_POINT('',(-104.,24.,10.5));
#4991 = SURFACE_CURVE('',#4992,(#4996,#5003),.PCURVE_S1.);
#4992 = LINE('',#4993,#4994);
#4993 = CARTESIAN_POINT('',(-93.53744961645,109.29,10.5));
#4994 = VECTOR('',#4995,1.);
#4995 = DIRECTION('',(-0.121757621932,-0.992559862931,0.));
#4996 = PCURVE('',#4835,#4997);
#4997 = DEFINITIONAL_REPRESENTATION('',(#4998),#5002);
#4998 = LINE('',#4999,#5000);
#4999 = CARTESIAN_POINT('',(43.274598340109,20.574730260087));
#5000 = VECTOR('',#5001,1.);
#5001 = DIRECTION('',(0.110301126469,-0.993898214859));
#5002 = ( GEOMETRIC_REPRESENTATION_CONTEXT(2) 
PARAMETRIC_REPRESENTATION_CONTEXT() REPRESENTATION_CONTEXT('2D SPACE',''
  ) );
#5003 = PCURVE('',#5004,#5009);
#5004 = PLANE('',#5005);
#5005 = AXIS2_PLACEMENT_3D('',#5006,#5007,#5008);
#5006 = CARTESIAN_POINT('',(-93.53744961645,109.29,10.5));
#5007 = DIRECTION('',(-0.992559862931,0.121757621932,0.));
#5008 = DIRECTION('',(0.,0.,1.));
#5009 = DEFINITIONAL_REPRESENTATION('',(#5010),#5014);
#5010 = LINE('',#5011,#5012);
#5011 = CARTESIAN_POINT('',(0.,0.));
#5012 = VECTOR('',#5013,1.);
#5013 = DIRECTION('',(0.,-1.));
#5014 = ( GEOMETRIC_REPRESENTATION_CONTEXT(2) 
PARAMETRIC_REPRESENTATION_CONTEXT() REPRESENTATION_CONTEXT('2D SPACE',''
  ) );
#5015 = ORIENTED_EDGE('',*,*,#5016,.F.);
#5016 = EDGE_CURVE('',#5017,#4987,#5019,.T.);
#5017 = VERTEX_POINT('',#5018);
#5018 = CARTESIAN_POINT('',(-52.79154258833,109.29,10.5));
#5019 = SURFACE_CURVE('',#5020,(#5024,#5031),.PCURVE_S1.);
#5020 = LINE('',#5021,#5022);
#5021 = CARTESIAN_POINT('',(-9.267333764933,109.29,10.5));
#5022 = VECTOR('',#5023,1.);
#5023 = DIRECTION('',(-1.,0.,0.));
#5024 = PCURVE('',#4835,#5025);
#5025 = DEFINITIONAL_REPRESENTATION('',(#5026),#5030);
#5026 = LINE('',#5027,#5028);
#5027 = CARTESIAN_POINT('',(-40.98991175905,21.546719651228));
#5028 = VECTOR('',#5029,1.);
#5029 = DIRECTION('',(0.999933478763,-1.153421211445E-02));
#5030 = ( GEOMETRIC_REPRESENTATION_CONTEXT(2) 
PARAMETRIC_REPRESENTATION_CONTEXT() REPRESENTATION_CONTEXT('2D SPACE',''
  ) );
#5031 = PCURVE('',#5032,#5037);
#5032 = PLANE('',#5033);
#5033 = AXIS2_PLACEMENT_3D('',#5034,#5035,#5036);
#5034 = CARTESIAN_POINT('',(-93.53744961645,109.29,11.4));
#5035 = DIRECTION('',(-1.117588269822E-16,-1.,-1.04643658858E-14));
#5036 = DIRECTION('',(0.999942974291,0.,-1.067933356646E-02));
#5037 = DEFINITIONAL_REPRESENTATION('',(#5038),#5042);
#5038 = LINE('',#5039,#5040);
#5039 = CARTESIAN_POINT('',(84.27492168865,0.));
#5040 = VECTOR('',#5041,1.);
#5041 = DIRECTION('',(-0.999942974291,-1.067933356646E-02));
#5042 = ( GEOMETRIC_REPRESENTATION_CONTEXT(2) 
PARAMETRIC_REPRESENTATION_CONTEXT() REPRESENTATION_CONTEXT('2D SPACE',''
  ) );
#5043 = ORIENTED_EDGE('',*,*,#5044,.F.);
#5044 = EDGE_CURVE('',#5045,#5017,#5047,.T.);
#5045 = VERTEX_POINT('',#5046);
#5046 = CARTESIAN_POINT('',(-47.20845741166,109.29,10.5));
#5047 = SURFACE_CURVE('',#5048,(#5053,#5064),.PCURVE_S1.);
#5048 = CIRCLE('',#5049,42.23735);
#5049 = AXIS2_PLACEMENT_3D('',#5050,#5051,#5052);
#5050 = CARTESIAN_POINT('',(-50.,67.145,10.5));
#5051 = DIRECTION('',(0.,0.,1.));
#5052 = DIRECTION('',(1.,0.,-0.));
#5053 = PCURVE('',#4835,#5054);
#5054 = DEFINITIONAL_REPRESENTATION('',(#5055),#5063);
#5055 = ( BOUNDED_CURVE() B_SPLINE_CURVE(2,(#5056,#5057,#5058,#5059,
#5060,#5061,#5062),.UNSPECIFIED.,.T.,.F.) B_SPLINE_CURVE_WITH_KNOTS((1,2
    ,2,2,2,1),(-2.094395102393,0.,2.094395102393,4.188790204786,
6.28318530718,8.377580409573),.UNSPECIFIED.) CURVE() 
GEOMETRIC_REPRESENTATION_ITEM() RATIONAL_B_SPLINE_CURVE((1.,0.5,1.,0.5,
1.,0.5,1.)) REPRESENTATION_ITEM('') );
#5056 = CARTESIAN_POINT('',(-42.98060480012,-20.57812146952));
#5057 = CARTESIAN_POINT('',(-42.13679372034,52.574248197692));
#5058 = CARTESIAN_POINT('',(20.793111218604,15.267301533005));
#5059 = CARTESIAN_POINT('',(83.723016157557,-22.03964513168));
#5060 = CARTESIAN_POINT('',(19.949300138831,-57.88506813421));
#5061 = CARTESIAN_POINT('',(-43.82441587989,-93.73049113674));
#5062 = CARTESIAN_POINT('',(-42.98060480012,-20.57812146952));
#5063 = ( GEOMETRIC_REPRESENTATION_CONTEXT(2) 
PARAMETRIC_REPRESENTATION_CONTEXT() REPRESENTATION_CONTEXT('2D SPACE',''
  ) );
#5064 = PCURVE('',#5065,#5070);
#5065 = TOROIDAL_SURFACE('',#5066,42.158988837511,0.793061448817);
#5066 = AXIS2_PLACEMENT_3D('',#5067,#5068,#5069);
#5067 = CARTESIAN_POINT('',(-50.,67.145,11.289180581245));
#5068 = DIRECTION('',(-0.,-0.,-1.));
#5069 = DIRECTION('',(1.,0.,-0.));
#5070 = DEFINITIONAL_REPRESENTATION('',(#5071),#5075);
#5071 = LINE('',#5072,#5073);
#5072 = CARTESIAN_POINT('',(-0.,7.755011706549));
#5073 = VECTOR('',#5074,1.);
#5074 = DIRECTION('',(-1.,0.));
#5075 = ( GEOMETRIC_REPRESENTATION_CONTEXT(2) 
PARAMETRIC_REPRESENTATION_CONTEXT() REPRESENTATION_CONTEXT('2D SPACE',''
  ) );
#5076 = ORIENTED_EDGE('',*,*,#5077,.F.);
#5077 = EDGE_CURVE('',#5078,#5045,#5080,.T.);
#5078 = VERTEX_POINT('',#5079);
#5079 = CARTESIAN_POINT('',(-9.267333764933,109.29,10.5));
#5080 = SURFACE_CURVE('',#5081,(#5085,#5092),.PCURVE_S1.);
#5081 = LINE('',#5082,#5083);
#5082 = CARTESIAN_POINT('',(-9.267333764933,109.29,10.5));
#5083 = VECTOR('',#5084,1.);
#5084 = DIRECTION('',(-1.,0.,0.));
#5085 = PCURVE('',#4835,#5086);
#5086 = DEFINITIONAL_REPRESENTATION('',(#5087),#5091);
#5087 = LINE('',#5088,#5089);
#5088 = CARTESIAN_POINT('',(-40.98991175905,21.546719651228));
#5089 = VECTOR('',#5090,1.);
#5090 = DIRECTION('',(0.999933478763,-1.153421211445E-02));
#5091 = ( GEOMETRIC_REPRESENTATION_CONTEXT(2) 
PARAMETRIC_REPRESENTATION_CONTEXT() REPRESENTATION_CONTEXT('2D SPACE',''
  ) );
#5092 = PCURVE('',#5093,#5098);
#5093 = PLANE('',#5094);
#5094 = AXIS2_PLACEMENT_3D('',#5095,#5096,#5097);
#5095 = CARTESIAN_POINT('',(-93.53744961645,109.29,11.4));
#5096 = DIRECTION('',(-1.117588269822E-16,-1.,-1.04643658858E-14));
#5097 = DIRECTION('',(0.999942974291,0.,-1.067933356646E-02));
#5098 = DEFINITIONAL_REPRESENTATION('',(#5099),#5103);
#5099 = LINE('',#5100,#5101);
#5100 = CARTESIAN_POINT('',(84.27492168865,0.));
#5101 = VECTOR('',#5102,1.);
#5102 = DIRECTION('',(-0.999942974291,-1.067933356646E-02));
#5103 = ( GEOMETRIC_REPRESENTATION_CONTEXT(2) 
PARAMETRIC_REPRESENTATION_CONTEXT() REPRESENTATION_CONTEXT('2D SPACE',''
  ) );
#5104 = ORIENTED_EDGE('',*,*,#5105,.F.);
#5105 = EDGE_CURVE('',#5106,#5078,#5108,.T.);
#5106 = VERTEX_POINT('',#5107);
#5107 = CARTESIAN_POINT('',(-0.5,67.145,10.5));
#5108 = SURFACE_CURVE('',#5109,(#5112,#5118),.PCURVE_S1.);
#5109 = B_SPLINE_CURVE_WITH_KNOTS('',1,(#5110,#5111),.UNSPECIFIED.,.F.,
  .F.,(2,2),(0.,1.),.PIECEWISE_BEZIER_KNOTS.);
#5110 = CARTESIAN_POINT('',(-0.5,67.145,10.5));
#5111 = CARTESIAN_POINT('',(-9.267333764933,109.29,10.5));
#5112 = PCURVE('',#4835,#5113);
#5113 = DEFINITIONAL_REPRESENTATION('',(#5114),#5117);
#5114 = B_SPLINE_CURVE_WITH_KNOTS('',1,(#5115,#5116),.UNSPECIFIED.,.F.,
  .F.,(2,2),(0.,1.),.PIECEWISE_BEZIER_KNOTS.);
#5115 = CARTESIAN_POINT('',(-50.24277167966,-20.49435252391));
#5116 = CARTESIAN_POINT('',(-40.98991175905,21.546719651228));
#5117 = ( GEOMETRIC_REPRESENTATION_CONTEXT(2) 
PARAMETRIC_REPRESENTATION_CONTEXT() REPRESENTATION_CONTEXT('2D SPACE',''
  ) );
#5118 = PCURVE('',#5119,#5124);
#5119 = PLANE('',#5120);
#5120 = AXIS2_PLACEMENT_3D('',#5121,#5122,#5123);
#5121 = CARTESIAN_POINT('',(-9.267333764933,109.29,11.3));
#5122 = DIRECTION('',(0.97904009421,0.203667606482,0.));
#5123 = DIRECTION('',(0.,0.,-1.));
#5124 = DEFINITIONAL_REPRESENTATION('',(#5125),#5128);
#5125 = B_SPLINE_CURVE_WITH_KNOTS('',1,(#5126,#5127),.UNSPECIFIED.,.F.,
  .F.,(2,2),(0.,1.),.PIECEWISE_BEZIER_KNOTS.);
#5126 = CARTESIAN_POINT('',(0.8,-43.04726665359));
#5127 = CARTESIAN_POINT('',(0.8,0.));
#5128 = ( GEOMETRIC_REPRESENTATION_CONTEXT(2) 
PARAMETRIC_REPRESENTATION_CONTEXT() REPRESENTATION_CONTEXT('2D SPACE',''
  ) );
#5129 = ORIENTED_EDGE('',*,*,#5130,.F.);
#5130 = EDGE_CURVE('',#5131,#5106,#5133,.T.);
#5131 = VERTEX_POINT('',#5132);
#5132 = CARTESIAN_POINT('',(-0.5,24.,10.5));
#5133 = SURFACE_CURVE('',#5134,(#5137,#5143),.PCURVE_S1.);
#5134 = B_SPLINE_CURVE_WITH_KNOTS('',1,(#5135,#5136),.UNSPECIFIED.,.F.,
  .F.,(2,2),(0.,1.),.PIECEWISE_BEZIER_KNOTS.);
#5135 = CARTESIAN_POINT('',(-0.5,24.,10.5));
#5136 = CARTESIAN_POINT('',(-0.5,67.145,10.5));
#5137 = PCURVE('',#4835,#5138);
#5138 = DEFINITIONAL_REPRESENTATION('',(#5139),#5142);
#5139 = B_SPLINE_CURVE_WITH_KNOTS('',1,(#5140,#5141),.UNSPECIFIED.,.F.,
  .F.,(2,2),(0.,1.),.PIECEWISE_BEZIER_KNOTS.);
#5140 = CARTESIAN_POINT('',(-50.74041526133,-63.63648246513));
#5141 = CARTESIAN_POINT('',(-50.24277167966,-20.49435252391));
#5142 = ( GEOMETRIC_REPRESENTATION_CONTEXT(2) 
PARAMETRIC_REPRESENTATION_CONTEXT() REPRESENTATION_CONTEXT('2D SPACE',''
  ) );
#5143 = PCURVE('',#5144,#5149);
#5144 = PLANE('',#5145);
#5145 = AXIS2_PLACEMENT_3D('',#5146,#5147,#5148);
#5146 = CARTESIAN_POINT('',(-0.5,67.145,11.3));
#5147 = DIRECTION('',(1.,-0.,0.));
#5148 = DIRECTION('',(0.,0.,-1.));
#5149 = DEFINITIONAL_REPRESENTATION('',(#5150),#5153);
#5150 = B_SPLINE_CURVE_WITH_KNOTS('',1,(#5151,#5152),.UNSPECIFIED.,.F.,
  .F.,(2,2),(0.,1.),.PIECEWISE_BEZIER_KNOTS.);
#5151 = CARTESIAN_POINT('',(0.8,-43.145));
#5152 = CARTESIAN_POINT('',(0.8,0.));
#5153 = ( GEOMETRIC_REPRESENTATION_CONTEXT(2) 
PARAMETRIC_REPRESENTATION_CONTEXT() REPRESENTATION_CONTEXT('2D SPACE',''
  ) );
#5154 = ORIENTED_EDGE('',*,*,#5155,.T.);
#5155 = EDGE_CURVE('',#5131,#4989,#5156,.T.);
#5156 = SURFACE_CURVE('',#5157,(#5161,#5168),.PCURVE_S1.);
#5157 = LINE('',#5158,#5159);
#5158 = CARTESIAN_POINT('',(-0.5,24.,10.5));
#5159 = VECTOR('',#5160,1.);
#5160 = DIRECTION('',(-1.,0.,0.));
#5161 = PCURVE('',#4835,#5162);
#5162 = DEFINITIONAL_REPRESENTATION('',(#5163),#5167);
#5163 = LINE('',#5164,#5165);
#5164 = CARTESIAN_POINT('',(-50.74041526133,-63.63648246513));
#5165 = VECTOR('',#5166,1.);
#5166 = DIRECTION('',(0.999933478763,-1.153421211445E-02));
#5167 = ( GEOMETRIC_REPRESENTATION_CONTEXT(2) 
PARAMETRIC_REPRESENTATION_CONTEXT() REPRESENTATION_CONTEXT('2D SPACE',''
  ) );
#5168 = PCURVE('',#5169,#5174);
#5169 = PLANE('',#5170);
#5170 = AXIS2_PLACEMENT_3D('',#5171,#5172,#5173);
#5171 = CARTESIAN_POINT('',(-104.,24.,11.4));
#5172 = DIRECTION('',(0.,-1.,0.));
#5173 = DIRECTION('',(0.999962194961,0.,-8.69532343444E-03));
#5174 = DEFINITIONAL_REPRESENTATION('',(#5175),#5179);
#5175 = LINE('',#5176,#5177);
#5176 = CARTESIAN_POINT('',(103.50391296951,1.110223024625E-16));
#5177 = VECTOR('',#5178,1.);
#5178 = DIRECTION('',(-0.999962194961,-8.69532343444E-03));
#5179 = ( GEOMETRIC_REPRESENTATION_CONTEXT(2) 
PARAMETRIC_REPRESENTATION_CONTEXT() REPRESENTATION_CONTEXT('2D SPACE',''
  ) );
#5180 = FACE_BOUND('',#5181,.T.);
#5181 = EDGE_LOOP('',(#5182));
#5182 = ORIENTED_EDGE('',*,*,#5183,.T.);
#5183 = EDGE_CURVE('',#5184,#5184,#5186,.T.);
#5184 = VERTEX_POINT('',#5185);
#5185 = CARTESIAN_POINT('',(-24.98434126066,34.62579187895,10.5));
#5186 = SURFACE_CURVE('',#5187,(#5192,#5203),.PCURVE_S1.);
#5187 = CIRCLE('',#5188,0.8);
#5188 = AXIS2_PLACEMENT_3D('',#5189,#5190,#5191);
#5189 = CARTESIAN_POINT('',(-25.78434126066,34.62579187895,10.5));
#5190 = DIRECTION('',(0.,0.,1.));
#5191 = DIRECTION('',(1.,0.,-0.));
#5192 = PCURVE('',#4835,#5193);
#5193 = DEFINITIONAL_REPRESENTATION('',(#5194),#5202);
#5194 = ( BOUNDED_CURVE() B_SPLINE_CURVE(2,(#5195,#5196,#5197,#5198,
#5199,#5200,#5201),.UNSPECIFIED.,.T.,.F.) B_SPLINE_CURVE_WITH_KNOTS((1,2
    ,2,2,2,1),(-2.094395102393,0.,2.094395102393,4.188790204786,
6.28318530718,8.377580409573),.UNSPECIFIED.) CURVE() 
GEOMETRIC_REPRESENTATION_ITEM() RATIONAL_B_SPLINE_CURVE((1.,0.5,1.,0.5,
1.,0.5,1.)) REPRESENTATION_ITEM('') );
#5195 = CARTESIAN_POINT('',(-26.13514259192,-53.29380501259));
#5196 = CARTESIAN_POINT('',(-26.11916031879,-51.90825654106));
#5197 = CARTESIAN_POINT('',(-24.92723128084,-52.61487183136));
#5198 = CARTESIAN_POINT('',(-23.73530224289,-53.32148712166));
#5199 = CARTESIAN_POINT('',(-24.94321355397,-54.00042030289));
#5200 = CARTESIAN_POINT('',(-26.15112486505,-54.67935348411));
#5201 = CARTESIAN_POINT('',(-26.13514259192,-53.29380501259));
#5202 = ( GEOMETRIC_REPRESENTATION_CONTEXT(2) 
PARAMETRIC_REPRESENTATION_CONTEXT() REPRESENTATION_CONTEXT('2D SPACE',''
  ) );
#5203 = PCURVE('',#5204,#5209);
#5204 = CYLINDRICAL_SURFACE('',#5205,0.8);
#5205 = AXIS2_PLACEMENT_3D('',#5206,#5207,#5208);
#5206 = CARTESIAN_POINT('',(-25.78434126066,34.62579187895,10.4));
#5207 = DIRECTION('',(0.,0.,1.));
#5208 = DIRECTION('',(1.,0.,-0.));
#5209 = DEFINITIONAL_REPRESENTATION('',(#5210),#5214);
#5210 = LINE('',#5211,#5212);
#5211 = CARTESIAN_POINT('',(0.,1.E-01));
#5212 = VECTOR('',#5213,1.);
#5213 = DIRECTION('',(1.,0.));
#5214 = ( GEOMETRIC_REPRESENTATION_CONTEXT(2) 
PARAMETRIC_REPRESENTATION_CONTEXT() REPRESENTATION_CONTEXT('2D SPACE',''
  ) );
#5215 = FACE_BOUND('',#5216,.T.);
#5216 = EDGE_LOOP('',(#5217,#5218));
#5217 = ORIENTED_EDGE('',*,*,#4818,.F.);
#5218 = ORIENTED_EDGE('',*,*,#4894,.F.);
#5219 = ADVANCED_FACE('',(#5220),#4965,.T.);
#5220 = FACE_BOUND('',#5221,.F.);
#5221 = EDGE_LOOP('',(#5222,#5223,#5247,#5274));
#5222 = ORIENTED_EDGE('',*,*,#4950,.T.);
#5223 = ORIENTED_EDGE('',*,*,#5224,.T.);
#5224 = EDGE_CURVE('',#4928,#5225,#5227,.T.);
#5225 = VERTEX_POINT('',#5226);
#5226 = CARTESIAN_POINT('',(-6.255,67.145,36.5));
#5227 = SEAM_CURVE('',#5228,(#5233,#5240),.PCURVE_S1.);
#5228 = CIRCLE('',#5229,4.);
#5229 = AXIS2_PLACEMENT_3D('',#5230,#5231,#5232);
#5230 = CARTESIAN_POINT('',(-6.255,67.145,32.5));
#5231 = DIRECTION('',(0.,1.,-0.));
#5232 = DIRECTION('',(-1.,0.,0.));
#5233 = PCURVE('',#4965,#5234);
#5234 = DEFINITIONAL_REPRESENTATION('',(#5235),#5239);
#5235 = LINE('',#5236,#5237);
#5236 = CARTESIAN_POINT('',(-0.,3.14159265359));
#5237 = VECTOR('',#5238,1.);
#5238 = DIRECTION('',(-0.,1.));
#5239 = ( GEOMETRIC_REPRESENTATION_CONTEXT(2) 
PARAMETRIC_REPRESENTATION_CONTEXT() REPRESENTATION_CONTEXT('2D SPACE',''
  ) );
#5240 = PCURVE('',#4965,#5241);
#5241 = DEFINITIONAL_REPRESENTATION('',(#5242),#5246);
#5242 = LINE('',#5243,#5244);
#5243 = CARTESIAN_POINT('',(-6.28318530718,3.14159265359));
#5244 = VECTOR('',#5245,1.);
#5245 = DIRECTION('',(-0.,1.));
#5246 = ( GEOMETRIC_REPRESENTATION_CONTEXT(2) 
PARAMETRIC_REPRESENTATION_CONTEXT() REPRESENTATION_CONTEXT('2D SPACE',''
  ) );
#5247 = ORIENTED_EDGE('',*,*,#5248,.F.);
#5248 = EDGE_CURVE('',#5225,#5225,#5249,.T.);
#5249 = SURFACE_CURVE('',#5250,(#5255,#5262),.PCURVE_S1.);
#5250 = CIRCLE('',#5251,43.745);
#5251 = AXIS2_PLACEMENT_3D('',#5252,#5253,#5254);
#5252 = CARTESIAN_POINT('',(-50.,67.145,36.5));
#5253 = DIRECTION('',(0.,0.,1.));
#5254 = DIRECTION('',(1.,0.,-0.));
#5255 = PCURVE('',#4965,#5256);
#5256 = DEFINITIONAL_REPRESENTATION('',(#5257),#5261);
#5257 = LINE('',#5258,#5259);
#5258 = CARTESIAN_POINT('',(-0.,4.712388980385));
#5259 = VECTOR('',#5260,1.);
#5260 = DIRECTION('',(-1.,0.));
#5261 = ( GEOMETRIC_REPRESENTATION_CONTEXT(2) 
PARAMETRIC_REPRESENTATION_CONTEXT() REPRESENTATION_CONTEXT('2D SPACE',''
  ) );
#5262 = PCURVE('',#5263,#5268);
#5263 = TOROIDAL_SURFACE('',#5264,43.838333333333,1.509554754077);
#5264 = AXIS2_PLACEMENT_3D('',#5265,#5266,#5267);
#5265 = CARTESIAN_POINT('',(-50.,67.145,34.993333333333));
#5266 = DIRECTION('',(-0.,-0.,-1.));
#5267 = DIRECTION('',(1.,0.,-0.));
#5268 = DEFINITIONAL_REPRESENTATION('',(#5269),#5273);
#5269 = LINE('',#5270,#5271);
#5270 = CARTESIAN_POINT('',(-0.,4.65052113452));
#5271 = VECTOR('',#5272,1.);
#5272 = DIRECTION('',(-1.,0.));
#5273 = ( GEOMETRIC_REPRESENTATION_CONTEXT(2) 
PARAMETRIC_REPRESENTATION_CONTEXT() REPRESENTATION_CONTEXT('2D SPACE',''
  ) );
#5274 = ORIENTED_EDGE('',*,*,#5224,.F.);
#5275 = ADVANCED_FACE('',(#5276),#5004,.T.);
#5276 = FACE_BOUND('',#5277,.T.);
#5277 = EDGE_LOOP('',(#5278,#5386,#5407,#5408,#5431));
#5278 = ORIENTED_EDGE('',*,*,#5279,.T.);
#5279 = EDGE_CURVE('',#5280,#5282,#5284,.T.);
#5280 = VERTEX_POINT('',#5281);
#5281 = CARTESIAN_POINT('',(-98.70738965531,67.145,11.4));
#5282 = VERTEX_POINT('',#5283);
#5283 = CARTESIAN_POINT('',(-93.53744961645,109.29,11.4));
#5284 = SURFACE_CURVE('',#5285,(#5288,#5294),.PCURVE_S1.);
#5285 = B_SPLINE_CURVE_WITH_KNOTS('',1,(#5286,#5287),.UNSPECIFIED.,.F.,
  .F.,(2,2),(0.,1.),.PIECEWISE_BEZIER_KNOTS.);
#5286 = CARTESIAN_POINT('',(-98.70738965531,67.145,11.4));
#5287 = CARTESIAN_POINT('',(-93.53744961645,109.29,11.4));
#5288 = PCURVE('',#5004,#5289);
#5289 = DEFINITIONAL_REPRESENTATION('',(#5290),#5293);
#5290 = B_SPLINE_CURVE_WITH_KNOTS('',1,(#5291,#5292),.UNSPECIFIED.,.F.,
  .F.,(2,2),(0.,1.),.PIECEWISE_BEZIER_KNOTS.);
#5291 = CARTESIAN_POINT('',(0.9,-42.46091502788));
#5292 = CARTESIAN_POINT('',(0.9,0.));
#5293 = ( GEOMETRIC_REPRESENTATION_CONTEXT(2) 
PARAMETRIC_REPRESENTATION_CONTEXT() REPRESENTATION_CONTEXT('2D SPACE',''
  ) );
#5294 = PCURVE('',#5295,#5380);
#5295 = B_SPLINE_SURFACE_WITH_KNOTS('',3,1,(
    (#5296,#5297)
    ,(#5298,#5299)
    ,(#5300,#5301)
    ,(#5302,#5303)
    ,(#5304,#5305)
    ,(#5306,#5307)
    ,(#5308,#5309)
    ,(#5310,#5311)
    ,(#5312,#5313)
    ,(#5314,#5315)
    ,(#5316,#5317)
    ,(#5318,#5319)
    ,(#5320,#5321)
    ,(#5322,#5323)
    ,(#5324,#5325)
    ,(#5326,#5327)
    ,(#5328,#5329)
    ,(#5330,#5331)
    ,(#5332,#5333)
    ,(#5334,#5335)
    ,(#5336,#5337)
    ,(#5338,#5339)
    ,(#5340,#5341)
    ,(#5342,#5343)
    ,(#5344,#5345)
    ,(#5346,#5347)
    ,(#5348,#5349)
    ,(#5350,#5351)
    ,(#5352,#5353)
    ,(#5354,#5355)
    ,(#5356,#5357)
    ,(#5358,#5359)
    ,(#5360,#5361)
    ,(#5362,#5363)
    ,(#5364,#5365)
    ,(#5366,#5367)
    ,(#5368,#5369)
    ,(#5370,#5371)
    ,(#5372,#5373)
    ,(#5374,#5375)
    ,(#5376,#5377)
    ,(#5378,#5379
    )),.UNSPECIFIED.,.F.,.F.,.F.,(4,1,1,1,1,1,1,1,1,1,1,1,1,1,1,1,1,1,1,
    1,1,1,1,1,1,1,1,1,1,1,1,1,1,1,1,1,1,1,1,4),(2,2),(0.,0.604547966238,
    0.604869021112,2.403305887645,2.404582201703,5.35198237446,
    5.354824630362,9.377971225481,9.382951547201,14.382139233706,
    14.389777098941,20.242245135465,20.252016623798,26.817807431144,
    26.82532232901,33.941655516277,33.951045027121,41.438192563794,
    41.450152737824,49.12269201511,49.137722277478,56.80590962917,
    56.824442756343,64.298857544188,64.321173095454,71.417600571188,
    71.443693850669,77.987919159575,78.017331966384,83.849706587384,
    83.881333029776,88.86106006931,88.892918743412,92.902251833852,
    92.931121105958,95.880480304105,95.888955529944,97.688668710536,
    97.688989765409,98.293537731648),(0.,1.),.UNSPECIFIED.);
#5296 = CARTESIAN_POINT('',(-98.70738965531,67.145,11.4));
#5297 = CARTESIAN_POINT('',(-93.53744961645,109.29,11.4));
#5298 = CARTESIAN_POINT('',(-98.50587366656,67.145,11.4));
#5299 = CARTESIAN_POINT('',(-93.36462390424,109.29,11.4));
#5300 = CARTESIAN_POINT('',(-98.30425066193,67.145,11.39999853349));
#5301 = CARTESIAN_POINT('',(-93.19170640704,109.29,11.399999793991));
#5302 = CARTESIAN_POINT('',(-97.50314868983,67.145,11.400004366513));
#5303 = CARTESIAN_POINT('',(-92.50465911332,109.29,11.400000612084));
#5304 = CARTESIAN_POINT('',(-96.90313722839,67.145,11.400034689363));
#5305 = CARTESIAN_POINT('',(-91.99007271685,109.29,11.400004873005));
#5306 = CARTESIAN_POINT('',(-95.32076626056,67.145,11.399943059162));
#5307 = CARTESIAN_POINT('',(-90.63298707527,109.29,11.399992028574));
#5308 = CARTESIAN_POINT('',(-94.33692705847,67.145,11.399711583986));
#5309 = CARTESIAN_POINT('',(-89.78921841286,109.29,11.39995948674));
#5310 = CARTESIAN_POINT('',(-92.01246293274,67.145,11.400394618165));
#5311 = CARTESIAN_POINT('',(-87.79569579813,109.29,11.400055154248));
#5312 = CARTESIAN_POINT('',(-90.66880431266,67.145,11.401756753877));
#5313 = CARTESIAN_POINT('',(-86.64334165836,109.29,11.400246743776));
#5314 = CARTESIAN_POINT('',(-87.65970590383,67.145,11.397809996635));
#5315 = CARTESIAN_POINT('',(-84.06264127544,109.29,11.39969445803));
#5316 = CARTESIAN_POINT('',(-85.98911539558,67.145,11.390813716419));
#5317 = CARTESIAN_POINT('',(-82.62987159288,109.29,11.398709897512));
#5318 = CARTESIAN_POINT('',(-82.36931816026,67.145,11.410798719971));
#5319 = CARTESIAN_POINT('',(-79.52550354833,109.29,11.401503724685));
#5320 = CARTESIAN_POINT('',(-80.41263978581,67.145,11.443846402677));
#5321 = CARTESIAN_POINT('',(-77.84751755995,109.29,11.406137271893));
#5322 = CARTESIAN_POINT('',(-76.27219265628,67.145,11.578299305218));
#5323 = CARTESIAN_POINT('',(-74.29444471445,109.29,11.393147883944));
#5324 = CARTESIAN_POINT('',(-74.08040260443,67.145,11.687751552258));
#5325 = CARTESIAN_POINT('',(-72.41218940248,109.29,11.372691785374));
#5326 = CARTESIAN_POINT('',(-69.52135427916,67.145,11.884232717034));
#5327 = CARTESIAN_POINT('',(-68.49951757301,109.29,11.429499099355));
#5328 = CARTESIAN_POINT('',(-67.14511406724,67.145,11.9690517593));
#5329 = CARTESIAN_POINT('',(-66.46160502544,109.29,11.515283828043));
#5330 = CARTESIAN_POINT('',(-62.27711440992,67.145,12.13907866369));
#5331 = CARTESIAN_POINT('',(-62.28616974205,109.29,11.654664242597));
#5332 = CARTESIAN_POINT('',(-59.77573238494,67.145,12.224419821065));
#5333 = CARTESIAN_POINT('',(-60.14036366451,109.29,11.706521516034));
#5334 = CARTESIAN_POINT('',(-54.72095588867,67.145,12.381438665213));
#5335 = CARTESIAN_POINT('',(-55.80444122619,109.29,11.810308837279));
#5336 = CARTESIAN_POINT('',(-52.15542833596,67.145,12.453104746551));
#5337 = CARTESIAN_POINT('',(-53.60392545204,109.29,11.862495088872));
#5338 = CARTESIAN_POINT('',(-47.03838579426,67.145,12.579435658036));
#5339 = CARTESIAN_POINT('',(-49.2149894969,109.29,11.952273416677));
#5340 = CARTESIAN_POINT('',(-44.47170094439,67.145,12.634471811756));
#5341 = CARTESIAN_POINT('',(-47.0135577869,109.29,11.990120548856));
#5342 = CARTESIAN_POINT('',(-39.41871932271,67.145,12.720880949189));
#5343 = CARTESIAN_POINT('',(-42.67975789939,109.29,12.050103504496));
#5344 = CARTESIAN_POINT('',(-36.91380854948,67.145,12.753108499178));
#5345 = CARTESIAN_POINT('',(-40.53142212848,109.29,12.072820012813));
#5346 = CARTESIAN_POINT('',(-32.04950714908,67.145,12.789036876976));
#5347 = CARTESIAN_POINT('',(-36.35965718751,109.29,12.098015340302));
#5348 = CARTESIAN_POINT('',(-29.66781667125,67.145,12.794221780208));
#5349 = CARTESIAN_POINT('',(-34.31709740364,109.29,12.101549498183));
#5350 = CARTESIAN_POINT('',(-25.11232214827,67.145,12.771179433007));
#5351 = CARTESIAN_POINT('',(-30.41009404212,109.29,12.085918563211));
#5352 = CARTESIAN_POINT('',(-22.91255994103,67.145,12.745352452921));
#5353 = CARTESIAN_POINT('',(-28.52340064239,109.29,12.068386763942));
#5354 = CARTESIAN_POINT('',(-18.77781535021,67.145,12.661068772404));
#5355 = CARTESIAN_POINT('',(-24.97734386814,109.29,12.008811573011));
#5356 = CARTESIAN_POINT('',(-16.81376607521,67.145,12.605831630246));
#5357 = CARTESIAN_POINT('',(-23.29302146031,109.29,11.969219712643));
#5358 = CARTESIAN_POINT('',(-13.20284622282,67.145,12.45386366427));
#5359 = CARTESIAN_POINT('',(-20.19453760682,109.29,11.866583976644));
#5360 = CARTESIAN_POINT('',(-11.52461238338,67.145,12.363191762246));
#5361 = CARTESIAN_POINT('',(-18.75374068773,109.29,11.806991303459));
#5362 = CARTESIAN_POINT('',(-8.522467815662,67.145,12.168257277668));
#5363 = CARTESIAN_POINT('',(-16.17929932966,109.29,11.662360092387));
#5364 = CARTESIAN_POINT('',(-7.167941044359,67.145,12.067971626114));
#5365 = CARTESIAN_POINT('',(-15.01876713495,109.29,11.583227873331));
#5366 = CARTESIAN_POINT('',(-4.857821971081,67.145,11.783756443343));
#5367 = CARTESIAN_POINT('',(-13.02753273938,109.29,11.408685225386));
#5368 = CARTESIAN_POINT('',(-3.875157041865,67.145,11.627435510884));
#5369 = CARTESIAN_POINT('',(-12.1767905148,109.29,11.321850915061));
#5370 = CARTESIAN_POINT('',(-2.302967180963,67.145,11.401144823977));
#5371 = CARTESIAN_POINT('',(-10.81796727755,109.29,11.286804241803));
#5372 = CARTESIAN_POINT('',(-1.703716165626,67.145,11.320658830961));
#5373 = CARTESIAN_POINT('',(-10.30057599025,109.29,11.297562607101));
#5374 = CARTESIAN_POINT('',(-0.903457907934,67.145,11.293066576226));
#5375 = CARTESIAN_POINT('',(-9.613047762445,109.29,11.300819769413));
#5376 = CARTESIAN_POINT('',(-0.701858444616,67.145,11.292840230734));
#5377 = CARTESIAN_POINT('',(-9.4401341872,109.29,11.300705493157));
#5378 = CARTESIAN_POINT('',(-0.5,67.145,11.3));
#5379 = CARTESIAN_POINT('',(-9.267333764933,109.29,11.3));
#5380 = DEFINITIONAL_REPRESENTATION('',(#5381),#5385);
#5381 = LINE('',#5382,#5383);
#5382 = CARTESIAN_POINT('',(0.,0.));
#5383 = VECTOR('',#5384,1.);
#5384 = DIRECTION('',(0.,1.));
#5385 = ( GEOMETRIC_REPRESENTATION_CONTEXT(2) 
PARAMETRIC_REPRESENTATION_CONTEXT() REPRESENTATION_CONTEXT('2D SPACE',''
  ) );
#5386 = ORIENTED_EDGE('',*,*,#5387,.F.);
#5387 = EDGE_CURVE('',#4987,#5282,#5388,.T.);
#5388 = SURFACE_CURVE('',#5389,(#5393,#5400),.PCURVE_S1.);
#5389 = LINE('',#5390,#5391);
#5390 = CARTESIAN_POINT('',(-93.53744961645,109.29,10.5));
#5391 = VECTOR('',#5392,1.);
#5392 = DIRECTION('',(0.,0.,1.));
#5393 = PCURVE('',#5004,#5394);
#5394 = DEFINITIONAL_REPRESENTATION('',(#5395),#5399);
#5395 = LINE('',#5396,#5397);
#5396 = CARTESIAN_POINT('',(0.,0.));
#5397 = VECTOR('',#5398,1.);
#5398 = DIRECTION('',(1.,0.));
#5399 = ( GEOMETRIC_REPRESENTATION_CONTEXT(2) 
PARAMETRIC_REPRESENTATION_CONTEXT() REPRESENTATION_CONTEXT('2D SPACE',''
  ) );
#5400 = PCURVE('',#5032,#5401);
#5401 = DEFINITIONAL_REPRESENTATION('',(#5402),#5406);
#5402 = LINE('',#5403,#5404);
#5403 = CARTESIAN_POINT('',(9.61140020981E-03,-0.899948676862));
#5404 = VECTOR('',#5405,1.);
#5405 = DIRECTION('',(-1.067933356646E-02,0.999942974291));
#5406 = ( GEOMETRIC_REPRESENTATION_CONTEXT(2) 
PARAMETRIC_REPRESENTATION_CONTEXT() REPRESENTATION_CONTEXT('2D SPACE',''
  ) );
#5407 = ORIENTED_EDGE('',*,*,#4986,.T.);
#5408 = ORIENTED_EDGE('',*,*,#5409,.T.);
#5409 = EDGE_CURVE('',#4989,#5410,#5412,.T.);
#5410 = VERTEX_POINT('',#5411);
#5411 = CARTESIAN_POINT('',(-104.,24.,11.4));
#5412 = SURFACE_CURVE('',#5413,(#5417,#5424),.PCURVE_S1.);
#5413 = LINE('',#5414,#5415);
#5414 = CARTESIAN_POINT('',(-104.,24.,10.5));
#5415 = VECTOR('',#5416,1.);
#5416 = DIRECTION('',(0.,0.,1.));
#5417 = PCURVE('',#5004,#5418);
#5418 = DEFINITIONAL_REPRESENTATION('',(#5419),#5423);
#5419 = LINE('',#5420,#5421);
#5420 = CARTESIAN_POINT('',(0.,-85.92932596342));
#5421 = VECTOR('',#5422,1.);
#5422 = DIRECTION('',(1.,0.));
#5423 = ( GEOMETRIC_REPRESENTATION_CONTEXT(2) 
PARAMETRIC_REPRESENTATION_CONTEXT() REPRESENTATION_CONTEXT('2D SPACE',''
  ) );
#5424 = PCURVE('',#5169,#5425);
#5425 = DEFINITIONAL_REPRESENTATION('',(#5426),#5430);
#5426 = LINE('',#5427,#5428);
#5427 = CARTESIAN_POINT('',(7.825791090996E-03,-0.899965975465));
#5428 = VECTOR('',#5429,1.);
#5429 = DIRECTION('',(-8.69532343444E-03,0.999962194961));
#5430 = ( GEOMETRIC_REPRESENTATION_CONTEXT(2) 
PARAMETRIC_REPRESENTATION_CONTEXT() REPRESENTATION_CONTEXT('2D SPACE',''
  ) );
#5431 = ORIENTED_EDGE('',*,*,#5432,.T.);
#5432 = EDGE_CURVE('',#5410,#5280,#5433,.T.);
#5433 = SURFACE_CURVE('',#5434,(#5437,#5443),.PCURVE_S1.);
#5434 = B_SPLINE_CURVE_WITH_KNOTS('',1,(#5435,#5436),.UNSPECIFIED.,.F.,
  .F.,(2,2),(0.,1.),.PIECEWISE_BEZIER_KNOTS.);
#5435 = CARTESIAN_POINT('',(-104.,24.,11.4));
#5436 = CARTESIAN_POINT('',(-98.70738965531,67.145,11.4));
#5437 = PCURVE('',#5004,#5438);
#5438 = DEFINITIONAL_REPRESENTATION('',(#5439),#5442);
#5439 = B_SPLINE_CURVE_WITH_KNOTS('',1,(#5440,#5441),.UNSPECIFIED.,.F.,
  .F.,(2,2),(0.,1.),.PIECEWISE_BEZIER_KNOTS.);
#5440 = CARTESIAN_POINT('',(0.9,-85.92932596342));
#5441 = CARTESIAN_POINT('',(0.9,-42.46091502788));
#5442 = ( GEOMETRIC_REPRESENTATION_CONTEXT(2) 
PARAMETRIC_REPRESENTATION_CONTEXT() REPRESENTATION_CONTEXT('2D SPACE',''
  ) );
#5443 = PCURVE('',#5444,#5529);
#5444 = B_SPLINE_SURFACE_WITH_KNOTS('',3,1,(
    (#5445,#5446)
    ,(#5447,#5448)
    ,(#5449,#5450)
    ,(#5451,#5452)
    ,(#5453,#5454)
    ,(#5455,#5456)
    ,(#5457,#5458)
    ,(#5459,#5460)
    ,(#5461,#5462)
    ,(#5463,#5464)
    ,(#5465,#5466)
    ,(#5467,#5468)
    ,(#5469,#5470)
    ,(#5471,#5472)
    ,(#5473,#5474)
    ,(#5475,#5476)
    ,(#5477,#5478)
    ,(#5479,#5480)
    ,(#5481,#5482)
    ,(#5483,#5484)
    ,(#5485,#5486)
    ,(#5487,#5488)
    ,(#5489,#5490)
    ,(#5491,#5492)
    ,(#5493,#5494)
    ,(#5495,#5496)
    ,(#5497,#5498)
    ,(#5499,#5500)
    ,(#5501,#5502)
    ,(#5503,#5504)
    ,(#5505,#5506)
    ,(#5507,#5508)
    ,(#5509,#5510)
    ,(#5511,#5512)
    ,(#5513,#5514)
    ,(#5515,#5516)
    ,(#5517,#5518)
    ,(#5519,#5520)
    ,(#5521,#5522)
    ,(#5523,#5524)
    ,(#5525,#5526)
    ,(#5527,#5528
    )),.UNSPECIFIED.,.F.,.F.,.F.,(4,1,1,1,1,1,1,1,1,1,1,1,1,1,1,1,1,1,1,
    1,1,1,1,1,1,1,1,1,1,1,1,1,1,1,1,1,1,1,1,4),(2,2),(0.,0.637128374202,
    0.637773636929,2.532825281726,2.535390444124,5.640412373252,
    5.646124797963,9.883370541096,9.89338009472,15.15769484267,
    15.172574813155,21.342370375168,21.354749367486,28.275588410792,
    28.291701461228,35.786279475982,35.807072872452,43.689206150815,
    43.715616055408,51.789549396074,51.822451967099,59.887808838922,
    59.927935592364,67.784900922418,67.832692385793,75.287293257431,
    75.3426781673,82.211987710684,82.274098362075,88.391200376202,
    88.458046858333,93.676732277124,93.74482196071,97.944383781553,
    98.008115715935,101.09989094852,101.15002621626,103.05793050338,
    103.05857576611,103.69570414031),(0.,1.),.UNSPECIFIED.);
#5445 = CARTESIAN_POINT('',(-104.,24.,11.4));
#5446 = CARTESIAN_POINT('',(-98.70738965531,67.145,11.4));
#5447 = CARTESIAN_POINT('',(-103.7876238752,24.,11.4));
#5448 = CARTESIAN_POINT('',(-98.50607754886,67.145,11.4));
#5449 = CARTESIAN_POINT('',(-103.5750325127,24.,11.40000132065));
#5450 = CARTESIAN_POINT('',(-98.30456156251,67.145,11.399998535752));
#5451 = CARTESIAN_POINT('',(-102.7307580166,24.,11.399996065256));
#5452 = CARTESIAN_POINT('',(-97.5042700994,67.145,11.400004344912));
#5453 = CARTESIAN_POINT('',(-102.0980070993,24.,11.399968763392));
#5454 = CARTESIAN_POINT('',(-96.90448019373,67.145,11.400034633075));
#5455 = CARTESIAN_POINT('',(-100.4304514602,24.,11.400051334618));
#5456 = CARTESIAN_POINT('',(-95.32380714964,67.145,11.39994345435));
#5457 = CARTESIAN_POINT('',(-99.3926612518,24.,11.400259684883));
#5458 = CARTESIAN_POINT('',(-94.34010485703,67.145,11.399712107171));
#5459 = CARTESIAN_POINT('',(-96.94340459443,24.,11.399644016221));
#5460 = CARTESIAN_POINT('',(-92.01837799774,67.145,11.400390898772));
#5461 = CARTESIAN_POINT('',(-95.52588812228,24.,11.398418377011));
#5462 = CARTESIAN_POINT('',(-90.67457454203,67.145,11.40175309947));
#5463 = CARTESIAN_POINT('',(-92.35495991529,24.,11.401977101568));
#5464 = CARTESIAN_POINT('',(-87.66923025827,67.145,11.397836367902));
#5465 = CARTESIAN_POINT('',(-90.59117676237,24.,11.408404513265));
#5466 = CARTESIAN_POINT('',(-85.99802301595,67.145,11.390834972691));
#5467 = CARTESIAN_POINT('',(-86.77792348465,24.,11.543763950018));
#5468 = CARTESIAN_POINT('',(-82.38047730739,67.145,11.41065502482));
#5469 = CARTESIAN_POINT('',(-84.71682705049,24.,11.693796794926));
#5470 = CARTESIAN_POINT('',(-80.42235309536,67.145,11.443642840234));
#5471 = CARTESIAN_POINT('',(-80.35667185805,24.,11.958644942274));
#5472 = CARTESIAN_POINT('',(-76.28444126482,67.145,11.577776726944));
#5473 = CARTESIAN_POINT('',(-78.04291664152,24.,12.068012709002));
#5474 = CARTESIAN_POINT('',(-74.09124407099,67.145,11.687232340668));
#5475 = CARTESIAN_POINT('',(-73.23798099404,24.,12.297905919634));
#5476 = CARTESIAN_POINT('',(-69.53550968481,67.145,11.88367869394));
#5477 = CARTESIAN_POINT('',(-70.73038958262,24.,12.419425631433));
#5478 = CARTESIAN_POINT('',(-67.15731125247,67.145,11.968618297879));
#5479 = CARTESIAN_POINT('',(-65.60304144664,24.,12.649831877157));
#5480 = CARTESIAN_POINT('',(-62.29514828513,67.145,12.138456573933));
#5481 = CARTESIAN_POINT('',(-62.96215975939,24.,12.758725495495));
#5482 = CARTESIAN_POINT('',(-59.79118497125,67.145,12.223902123095));
#5483 = CARTESIAN_POINT('',(-57.63852961257,24.,12.961858584181));
#5484 = CARTESIAN_POINT('',(-54.74367371027,67.145,12.380771325097));
#5485 = CARTESIAN_POINT('',(-54.92908255032,24.,13.056696106699));
#5486 = CARTESIAN_POINT('',(-52.17481420327,67.145,12.452576076089));
#5487 = CARTESIAN_POINT('',(-49.54088784835,24.,13.222460965391));
#5488 = CARTESIAN_POINT('',(-47.06646357938,67.145,12.578792082042));
#5489 = CARTESIAN_POINT('',(-46.82900968493,24.,13.294400561819));
#5490 = CARTESIAN_POINT('',(-44.49556262695,67.145,12.633981747497));
#5491 = CARTESIAN_POINT('',(-41.50935389437,24.,13.407247767645));
#5492 = CARTESIAN_POINT('',(-39.45267283975,67.145,12.720379434203));
#5493 = CARTESIAN_POINT('',(-38.86132809428,24.,13.449690076951));
#5494 = CARTESIAN_POINT('',(-36.94252364005,67.145,12.752772603624));
#5495 = CARTESIAN_POINT('',(-33.74173969276,24.,13.49628193586));
#5496 = CARTESIAN_POINT('',(-32.08954651973,67.145,12.788857178418));
#5497 = CARTESIAN_POINT('',(-31.22242849041,24.,13.502615448114));
#5498 = CARTESIAN_POINT('',(-29.70145352467,67.145,12.794201777048));
#5499 = CARTESIAN_POINT('',(-26.42926877012,24.,13.473388787675));
#5500 = CARTESIAN_POINT('',(-25.15814260911,67.145,12.77158379202));
#5501 = CARTESIAN_POINT('',(-24.10032782946,24.,13.440617808649));
#5502 = CARTESIAN_POINT('',(-22.95068371945,67.145,12.745874215091));
#5503 = CARTESIAN_POINT('',(-19.7524528178,24.,13.326861770872));
#5504 = CARTESIAN_POINT('',(-18.82835672055,67.145,12.662322240098));
#5505 = CARTESIAN_POINT('',(-17.67191522604,24.,13.249946247811));
#5506 = CARTESIAN_POINT('',(-16.8552172407,67.145,12.607131936731));
#5507 = CARTESIAN_POINT('',(-13.87492080277,24.,13.061884314767));
#5508 = CARTESIAN_POINT('',(-13.25594893152,67.145,12.456468990258));
#5509 = CARTESIAN_POINT('',(-12.09273899903,24.,12.95403518275));
#5510 = CARTESIAN_POINT('',(-11.56721707098,67.145,12.365606170515));
#5511 = CARTESIAN_POINT('',(-8.944432590737,24.,12.668495353854));
#5512 = CARTESIAN_POINT('',(-8.574656910823,67.145,12.171921619628));
#5513 = CARTESIAN_POINT('',(-7.510420835291,24.,12.503769568505));
#5514 = CARTESIAN_POINT('',(-7.208188160885,67.145,12.071456035418));
#5515 = CARTESIAN_POINT('',(-5.074028194378,24.,12.213534160246));
#5516 = CARTESIAN_POINT('',(-4.902909096772,67.145,11.79034961829));
#5517 = CARTESIAN_POINT('',(-4.012328051602,24.,12.080270487304));
#5518 = CARTESIAN_POINT('',(-3.903120742493,67.145,11.631742184205));
#5519 = CARTESIAN_POINT('',(-2.386118293273,24.,11.60295241246));
#5520 = CARTESIAN_POINT('',(-2.321415899175,67.145,11.403630398411));
#5521 = CARTESIAN_POINT('',(-1.765617629045,24.,11.359620103896));
#5522 = CARTESIAN_POINT('',(-1.70622772245,67.145,11.320714429458));
#5523 = CARTESIAN_POINT('',(-0.927604030783,24.,11.280123955577));
#5524 = CARTESIAN_POINT('',(-0.903147043646,67.145,11.293066227203));
#5525 = CARTESIAN_POINT('',(-0.715011683599,24.,11.280037814536));
#5526 = CARTESIAN_POINT('',(-0.701654215838,67.145,11.292847474577));
#5527 = CARTESIAN_POINT('',(-0.5,24.,11.3));
#5528 = CARTESIAN_POINT('',(-0.5,67.145,11.3));
#5529 = DEFINITIONAL_REPRESENTATION('',(#5530),#5534);
#5530 = LINE('',#5531,#5532);
#5531 = CARTESIAN_POINT('',(0.,0.));
#5532 = VECTOR('',#5533,1.);
#5533 = DIRECTION('',(0.,1.));
#5534 = ( GEOMETRIC_REPRESENTATION_CONTEXT(2) 
PARAMETRIC_REPRESENTATION_CONTEXT() REPRESENTATION_CONTEXT('2D SPACE',''
  ) );
#5535 = ADVANCED_FACE('',(#5536),#5032,.F.);
#5536 = FACE_BOUND('',#5537,.F.);
#5537 = EDGE_LOOP('',(#5538,#5600,#5601,#5602,#5916));
#5538 = ORIENTED_EDGE('',*,*,#5539,.F.);
#5539 = EDGE_CURVE('',#5282,#5540,#5542,.T.);
#5540 = VERTEX_POINT('',#5541);
#5541 = CARTESIAN_POINT('',(-57.65925900512,109.29,11.765906024852));
#5542 = SURFACE_CURVE('',#5543,(#5567,#5594),.PCURVE_S1.);
#5543 = B_SPLINE_CURVE_WITH_KNOTS('',3,(#5544,#5545,#5546,#5547,#5548,
    #5549,#5550,#5551,#5552,#5553,#5554,#5555,#5556,#5557,#5558,#5559,
    #5560,#5561,#5562,#5563,#5564,#5565,#5566),.UNSPECIFIED.,.F.,.F.,(4,
    1,1,1,1,1,1,1,1,1,1,1,1,1,1,1,1,1,1,1,4),(0.,0.518752482186,
    2.062236520992,4.592446416853,8.047080004847,12.341072740767,
    17.368692272509,23.006141921489,29.117359735584,35.548802913077,
    42.141876192548,48.73422129389,55.163625571438,61.272097310322,
    66.909832043786,71.938962319931,76.23703750298,79.700312073216,
    82.237033075256,83.780517114062,84.299269596248),.UNSPECIFIED.);
#5544 = CARTESIAN_POINT('',(-93.53744961645,109.29,11.4));
#5545 = CARTESIAN_POINT('',(-93.36453212238,109.29,11.4));
#5546 = CARTESIAN_POINT('',(-92.67711993622,109.29,11.399999180603));
#5547 = CARTESIAN_POINT('',(-91.14630465738,109.29,11.400011863889));
#5548 = CARTESIAN_POINT('',(-88.63686067263,109.29,11.399915011148));
#5549 = CARTESIAN_POINT('',(-85.21059062862,109.29,11.4004851615));
#5550 = CARTESIAN_POINT('',(-80.95179732787,109.29,11.397555558443));
#5551 = CARTESIAN_POINT('',(-75.96565359002,109.29,11.411339643634));
#5552 = CARTESIAN_POINT('',(-70.37263014321,109.29,11.350509319756));
#5553 = CARTESIAN_POINT('',(-64.3164848027,109.29,11.605659399479));
#5554 = CARTESIAN_POINT('',(-57.93996303994,109.29,11.759665823136));
#5555 = CARTESIAN_POINT('',(-51.40277479693,109.29,11.914695444854));
#5556 = CARTESIAN_POINT('',(-44.8654303794,109.29,12.027034361218));
#5557 = CARTESIAN_POINT('',(-38.48897748571,109.29,12.094396958081));
#5558 = CARTESIAN_POINT('',(-32.43037156239,109.29,12.10478422257));
#5559 = CARTESIAN_POINT('',(-26.83862531238,109.29,12.052691346283));
#5560 = CARTESIAN_POINT('',(-21.85168548664,109.29,11.935287363355));
#5561 = CARTESIAN_POINT('',(-17.59096490619,109.29,11.758836942747));
#5562 = CARTESIAN_POINT('',(-14.16714738786,109.29,11.525086095527));
#5563 = CARTESIAN_POINT('',(-11.66174099555,109.29,11.269259250013));
#5564 = CARTESIAN_POINT('',(-10.12762259566,109.29,11.301158910024));
#5565 = CARTESIAN_POINT('',(-9.44022595563,109.29,11.30070586782));
#5566 = CARTESIAN_POINT('',(-9.267333764933,109.29,11.3));
#5567 = PCURVE('',#5032,#5568);
#5568 = DEFINITIONAL_REPRESENTATION('',(#5569),#5593);
#5569 = B_SPLINE_CURVE_WITH_KNOTS('',3,(#5570,#5571,#5572,#5573,#5574,
    #5575,#5576,#5577,#5578,#5579,#5580,#5581,#5582,#5583,#5584,#5585,
    #5586,#5587,#5588,#5589,#5590,#5591,#5592),.UNSPECIFIED.,.F.,.F.,(4,
    1,1,1,1,1,1,1,1,1,1,1,1,1,1,1,1,1,1,1,4),(0.,0.518752482186,
    2.062236520992,4.592446416853,8.047080004847,12.341072740767,
    17.368692272509,23.006141921489,29.117359735584,35.548802913077,
    42.141876192548,48.73422129389,55.163625571438,61.272097310322,
    66.909832043786,71.938962319931,76.23703750298,79.700312073216,
    82.237033075256,83.780517114062,84.299269596248),.UNSPECIFIED.);
#5570 = CARTESIAN_POINT('',(0.,0.));
#5571 = CARTESIAN_POINT('',(0.172907633319,1.846643598564E-03));
#5572 = CARTESIAN_POINT('',(0.860280628064,9.186928282156E-03));
#5573 = CARTESIAN_POINT('',(2.391008475628,2.554769783568E-02));
#5574 = CARTESIAN_POINT('',(4.900310391878,5.225003999782E-02));
#5575 = CARTESIAN_POINT('',(8.326378961587,8.941043852471E-02));
#5576 = CARTESIAN_POINT('',(12.58496068784,0.13196207678));
#5577 = CARTESIAN_POINT('',(17.570672882466,0.198994068111));
#5578 = CARTESIAN_POINT('',(23.164027010475,0.197896976159));
#5579 = CARTESIAN_POINT('',(29.217102162187,0.517708101986));
#5580 = CARTESIAN_POINT('',(35.591615613311,0.739802746215));
#5581 = CARTESIAN_POINT('',(42.126775455479,0.964636341093));
#5582 = CARTESIAN_POINT('',(48.662547371551,1.146783332924));
#5583 = CARTESIAN_POINT('',(55.037917255853,1.28223835581));
#5584 = CARTESIAN_POINT('',(61.096066753822,1.357326901561));
#5585 = CARTESIAN_POINT('',(66.688050447738,1.36495311933));
#5586 = CARTESIAN_POINT('',(71.675959686,1.300813025322));
#5587 = CARTESIAN_POINT('',(75.938321668732,1.169874323236));
#5588 = CARTESIAN_POINT('',(79.364440244713,0.972700895173));
#5589 = CARTESIAN_POINT('',(81.872435824666,0.74364470895));
#5590 = CARTESIAN_POINT('',(83.406126073254,0.791925911982));
#5591 = CARTESIAN_POINT('',(84.093488352202,0.798813833625));
#5592 = CARTESIAN_POINT('',(84.266378221797,0.799954379433));
#5593 = ( GEOMETRIC_REPRESENTATION_CONTEXT(2) 
PARAMETRIC_REPRESENTATION_CONTEXT() REPRESENTATION_CONTEXT('2D SPACE',''
  ) );
#5594 = PCURVE('',#5295,#5595);
#5595 = DEFINITIONAL_REPRESENTATION('',(#5596),#5599);
#5596 = B_SPLINE_CURVE_WITH_KNOTS('',1,(#5597,#5598),.UNSPECIFIED.,.F.,
  .F.,(2,2),(0.,84.299269596248),.PIECEWISE_BEZIER_KNOTS.);
#5597 = CARTESIAN_POINT('',(0.,1.));
#5598 = CARTESIAN_POINT('',(98.293537731648,1.));
#5599 = ( GEOMETRIC_REPRESENTATION_CONTEXT(2) 
PARAMETRIC_REPRESENTATION_CONTEXT() REPRESENTATION_CONTEXT('2D SPACE',''
  ) );
#5600 = ORIENTED_EDGE('',*,*,#5387,.F.);
#5601 = ORIENTED_EDGE('',*,*,#5016,.F.);
#5602 = ORIENTED_EDGE('',*,*,#5603,.F.);
#5603 = EDGE_CURVE('',#5604,#5017,#5606,.T.);
#5604 = VERTEX_POINT('',#5605);
#5605 = CARTESIAN_POINT('',(-57.67056256232,109.29,11.7));
#5606 = SURFACE_CURVE('',#5607,(#5708,#5812),.PCURVE_S1.);
#5607 = B_SPLINE_CURVE_WITH_KNOTS('',8,(#5608,#5609,#5610,#5611,#5612,
    #5613,#5614,#5615,#5616,#5617,#5618,#5619,#5620,#5621,#5622,#5623,
    #5624,#5625,#5626,#5627,#5628,#5629,#5630,#5631,#5632,#5633,#5634,
    #5635,#5636,#5637,#5638,#5639,#5640,#5641,#5642,#5643,#5644,#5645,
    #5646,#5647,#5648,#5649,#5650,#5651,#5652,#5653,#5654,#5655,#5656,
    #5657,#5658,#5659,#5660,#5661,#5662,#5663,#5664,#5665,#5666,#5667,
    #5668,#5669,#5670,#5671,#5672,#5673,#5674,#5675,#5676,#5677,#5678,
    #5679,#5680,#5681,#5682,#5683,#5684,#5685,#5686,#5687,#5688,#5689,
    #5690,#5691,#5692,#5693,#5694,#5695,#5696,#5697,#5698,#5699,#5700,
    #5701,#5702,#5703,#5704,#5705,#5706,#5707),.UNSPECIFIED.,.F.,.F.,(9,
    7,7,7,7,7,7,7,7,7,7,7,7,7,9),(0.,7.91258213087E-02,0.107532436643,
    0.118847069018,0.125408915712,0.138886316327,0.157181827467,
    0.166736948328,0.188184323571,0.226907142145,0.278098642407,
    0.434080028928,0.592177082264,0.813054131584,1.),.UNSPECIFIED.);
#5608 = CARTESIAN_POINT('',(-57.67056256232,109.29,11.7));
#5609 = CARTESIAN_POINT('',(-57.73125795076,109.29,11.682053889938));
#5610 = CARTESIAN_POINT('',(-57.79097292502,109.29,11.663015861045));
#5611 = CARTESIAN_POINT('',(-57.84969445691,109.29,11.642717862609));
#5612 = CARTESIAN_POINT('',(-57.90724127266,109.29,11.620973240205));
#5613 = CARTESIAN_POINT('',(-57.96327938246,109.29,11.597586779319));
#5614 = CARTESIAN_POINT('',(-58.01725547664,109.29,11.572309700278));
#5615 = CARTESIAN_POINT('',(-58.06844249032,109.29,11.544874446621));
#5616 = CARTESIAN_POINT('',(-58.13261721744,109.29,11.503978871189));
#5617 = CARTESIAN_POINT('',(-58.1490422733,109.29,11.492843573053));
#5618 = CARTESIAN_POINT('',(-58.16488341103,109.29,11.481357031149));
#5619 = CARTESIAN_POINT('',(-58.18006697374,109.29,11.469502636907));
#5620 = CARTESIAN_POINT('',(-58.19450361422,109.29,11.457267386865));
#5621 = CARTESIAN_POINT('',(-58.20809018884,109.29,11.444642853449));
#5622 = CARTESIAN_POINT('',(-58.22071165154,109.29,11.431626155743));
#5623 = CARTESIAN_POINT('',(-58.23683597555,109.29,11.412881498007));
#5624 = CARTESIAN_POINT('',(-58.24125551054,109.29,11.407481102043));
#5625 = CARTESIAN_POINT('',(-58.24549349191,109.29,11.402020372654));
#5626 = CARTESIAN_POINT('',(-58.2495415518,109.29,11.396500295864));
#5627 = CARTESIAN_POINT('',(-58.25339114751,109.29,11.39092225026));
#5628 = CARTESIAN_POINT('',(-58.25703369382,109.29,11.385288043819));
#5629 = CARTESIAN_POINT('',(-58.26046069528,109.29,11.37959995073));
#5630 = CARTESIAN_POINT('',(-58.26552154357,109.29,11.370532335442));
#5631 = CARTESIAN_POINT('',(-58.26730394296,109.29,11.367186738524));
#5632 = CARTESIAN_POINT('',(-58.26900943695,109.29,11.363824506368));
#5633 = CARTESIAN_POINT('',(-58.27063644174,109.29,11.360446245542));
#5634 = CARTESIAN_POINT('',(-58.27218342949,109.29,11.357052620276));
#5635 = CARTESIAN_POINT('',(-58.2736489283,109.29,11.353644352468));
#5636 = CARTESIAN_POINT('',(-58.27503152221,109.29,11.350222221683));
#5637 = CARTESIAN_POINT('',(-58.27899649378,109.29,11.339731584739));
#5638 = CARTESIAN_POINT('',(-58.28130787966,109.29,11.332620727021));
#5639 = CARTESIAN_POINT('',(-58.28325217256,109.29,11.325462290076));
#5640 = CARTESIAN_POINT('',(-58.2848193296,109.29,11.318264651048));
#5641 = CARTESIAN_POINT('',(-58.28600139296,109.29,11.311036775158));
#5642 = CARTESIAN_POINT('',(-58.28679278151,109.29,11.303788224725));
#5643 = CARTESIAN_POINT('',(-58.28719058242,109.29,11.296529168181));
#5644 = CARTESIAN_POINT('',(-58.28720062622,109.29,11.279416628898));
#5645 = CARTESIAN_POINT('',(-58.28648117515,109.29,11.269561347146));
#5646 = CARTESIAN_POINT('',(-58.28503615695,109.29,11.259732419692));
#5647 = CARTESIAN_POINT('',(-58.28287555609,109.29,11.249955062305));
#5648 = CARTESIAN_POINT('',(-58.28001807481,109.29,11.240251933074));
#5649 = CARTESIAN_POINT('',(-58.27648953381,109.29,11.230643234806));
#5650 = CARTESIAN_POINT('',(-58.27232127294,109.29,11.22114681743));
#5651 = CARTESIAN_POINT('',(-58.26505592265,109.29,11.206885413349));
#5652 = CARTESIAN_POINT('',(-58.26239812167,109.29,11.202026975924));
#5653 = CARTESIAN_POINT('',(-58.25958010789,109.29,11.197204859627));
#5654 = CARTESIAN_POINT('',(-58.25660688711,109.29,11.19242071996));
#5655 = CARTESIAN_POINT('',(-58.25348351205,109.29,11.187675976421));
#5656 = CARTESIAN_POINT('',(-58.2502150823,109.29,11.182971812511));
#5657 = CARTESIAN_POINT('',(-58.24680674437,109.29,11.178309175727));
#5658 = CARTESIAN_POINT('',(-58.23531097366,109.29,11.163317855566));
#5659 = CARTESIAN_POINT('',(-58.226679972,109.29,11.153160973713));
#5660 = CARTESIAN_POINT('',(-58.2174273509,109.29,11.143224680582));
#5661 = CARTESIAN_POINT('',(-58.20760761653,109.29,11.133511966859));
#5662 = CARTESIAN_POINT('',(-58.19727202324,109.29,11.124022723533));
#5663 = CARTESIAN_POINT('',(-58.18646747992,109.29,11.114754200084));
#5664 = CARTESIAN_POINT('',(-58.17523545633,109.29,11.105701462674));
#5665 = CARTESIAN_POINT('',(-58.14262296013,109.29,11.080890886002));
#5666 = CARTESIAN_POINT('',(-58.12036739722,109.29,11.065614318971));
#5667 = CARTESIAN_POINT('',(-58.0970472752,109.29,11.050982407199));
#5668 = CARTESIAN_POINT('',(-58.07283008581,109.29,11.036953882555));
#5669 = CARTESIAN_POINT('',(-58.04785232407,109.29,11.023489577194));
#5670 = CARTESIAN_POINT('',(-58.02222245276,109.29,11.010550941315));
#5671 = CARTESIAN_POINT('',(-57.99602224549,109.29,10.998099454317));
#5672 = CARTESIAN_POINT('',(-57.93398834918,109.29,10.970229611753));
#5673 = CARTESIAN_POINT('',(-57.89779390555,109.29,10.955157815609));
#5674 = CARTESIAN_POINT('',(-57.86087096078,109.29,10.940800072412));
#5675 = CARTESIAN_POINT('',(-57.82333538763,109.29,10.927092353403));
#5676 = CARTESIAN_POINT('',(-57.78527836826,109.29,10.91398140248));
#5677 = CARTESIAN_POINT('',(-57.74677112497,109.29,10.901420352313));
#5678 = CARTESIAN_POINT('',(-57.70786716186,109.29,10.889366623678));
#5679 = CARTESIAN_POINT('',(-57.54896044196,109.29,10.842483888406));
#5680 = CARTESIAN_POINT('',(-57.42613488439,109.29,10.811590480732));
#5681 = CARTESIAN_POINT('',(-57.30119221999,109.29,10.784009935234));
#5682 = CARTESIAN_POINT('',(-57.17471094459,109.29,10.759238585261));
#5683 = CARTESIAN_POINT('',(-57.0471341583,109.29,10.736826554846));
#5684 = CARTESIAN_POINT('',(-56.91869823051,109.29,10.71647758177));
#5685 = CARTESIAN_POINT('',(-56.78952395763,109.29,10.697924238091));
#5686 = CARTESIAN_POINT('',(-56.52789827974,109.29,10.663756271455));
#5687 = CARTESIAN_POINT('',(-56.39556741914,109.29,10.648202713573));
#5688 = CARTESIAN_POINT('',(-56.26271798747,109.29,10.634084526158));
#5689 = CARTESIAN_POINT('',(-56.12944024837,109.29,10.621240821698));
#5690 = CARTESIAN_POINT('',(-55.99580322621,109.29,10.609541948011));
#5691 = CARTESIAN_POINT('',(-55.86185911887,109.29,10.598877583732));
#5692 = CARTESIAN_POINT('',(-55.72764534505,109.29,10.589150941015));
#5693 = CARTESIAN_POINT('',(-55.40532888973,109.29,10.567884211307));
#5694 = CARTESIAN_POINT('',(-55.21701135477,109.29,10.557158580124));
#5695 = CARTESIAN_POINT('',(-55.0283105494,109.29,10.547875065702));
#5696 = CARTESIAN_POINT('',(-54.83928821325,109.29,10.539850748173));
#5697 = CARTESIAN_POINT('',(-54.64999233051,109.29,10.532932272085));
#5698 = CARTESIAN_POINT('',(-54.46045941403,109.29,10.526986016155));
#5699 = CARTESIAN_POINT('',(-54.27071564055,109.29,10.521893064672));
#5700 = CARTESIAN_POINT('',(-53.92001647418,109.29,10.513872235564));
#5701 = CARTESIAN_POINT('',(-53.7591210743,109.29,10.510731876734));
#5702 = CARTESIAN_POINT('',(-53.59810373764,109.29,10.508064508974));
#5703 = CARTESIAN_POINT('',(-53.43697598344,109.29,10.505812917044));
#5704 = CARTESIAN_POINT('',(-53.27574787035,109.29,10.503925417376));
#5705 = CARTESIAN_POINT('',(-53.11442811708,109.29,10.502355209915));
#5706 = CARTESIAN_POINT('',(-52.95302422292,109.29,10.501059729959));
#5707 = CARTESIAN_POINT('',(-52.79154258833,109.29,10.5));
#5708 = PCURVE('',#5032,#5709);
#5709 = DEFINITIONAL_REPRESENTATION('',(#5710),#5811);
#5710 = B_SPLINE_CURVE_WITH_KNOTS('',8,(#5711,#5712,#5713,#5714,#5715,
    #5716,#5717,#5718,#5719,#5720,#5721,#5722,#5723,#5724,#5725,#5726,
    #5727,#5728,#5729,#5730,#5731,#5732,#5733,#5734,#5735,#5736,#5737,
    #5738,#5739,#5740,#5741,#5742,#5743,#5744,#5745,#5746,#5747,#5748,
    #5749,#5750,#5751,#5752,#5753,#5754,#5755,#5756,#5757,#5758,#5759,
    #5760,#5761,#5762,#5763,#5764,#5765,#5766,#5767,#5768,#5769,#5770,
    #5771,#5772,#5773,#5774,#5775,#5776,#5777,#5778,#5779,#5780,#5781,
    #5782,#5783,#5784,#5785,#5786,#5787,#5788,#5789,#5790,#5791,#5792,
    #5793,#5794,#5795,#5796,#5797,#5798,#5799,#5800,#5801,#5802,#5803,
    #5804,#5805,#5806,#5807,#5808,#5809,#5810),.UNSPECIFIED.,.F.,.F.,(9,
    7,7,7,7,7,7,7,7,7,7,7,7,7,9),(0.,7.91258213087E-02,0.107532436643,
    0.118847069018,0.125408915712,0.138886316327,0.157181827467,
    0.166736948328,0.188184323571,0.226907142145,0.278098642407,
    0.434080028928,0.592177082264,0.813054131584,1.),.UNSPECIFIED.);
#5711 = CARTESIAN_POINT('',(35.861637919405,0.683017343129));
#5712 = CARTESIAN_POINT('',(35.801137644654,0.664424070157));
#5713 = CARTESIAN_POINT('',(35.741629389147,0.644749410792));
#5714 = CARTESIAN_POINT('',(35.683127974993,0.623825463037));
#5715 = CARTESIAN_POINT('',(35.625816658967,0.601467518995));
#5716 = CARTESIAN_POINT('',(35.570031496591,0.577483942072));
#5717 = CARTESIAN_POINT('',(35.516328422794,0.551631875759));
#5718 = CARTESIAN_POINT('',(35.465437318317,0.523651543424));
#5719 = CARTESIAN_POINT('',(35.401702988297,0.482072956774));
#5720 = CARTESIAN_POINT('',(35.385397786652,0.470762884985));
#5721 = CARTESIAN_POINT('',(35.369680220884,0.459107825316));
#5722 = CARTESIAN_POINT('',(35.354624121057,0.447091956748));
#5723 = CARTESIAN_POINT('',(35.34031896816,0.434703230731));
#5724 = CARTESIAN_POINT('',(35.32686798992,0.421934321675));
#5725 = CARTESIAN_POINT('',(35.314386256629,0.408783577445));
#5726 = CARTESIAN_POINT('',(35.29846303257,0.389867791602));
#5727 = CARTESIAN_POINT('',(35.294101422235,0.384420505911));
#5728 = CARTESIAN_POINT('',(35.289921999492,0.378914829108));
#5729 = CARTESIAN_POINT('',(35.285933121193,0.373351836522));
#5730 = CARTESIAN_POINT('',(35.282143314817,0.367732997893));
#5731 = CARTESIAN_POINT('',(35.278561145792,0.36206021278));
#5732 = CARTESIAN_POINT('',(35.275195084798,0.356335845967));
#5733 = CARTESIAN_POINT('',(35.270231361195,0.347214701278));
#5734 = CARTESIAN_POINT('',(35.268484792195,0.343850260308));
#5735 = CARTESIAN_POINT('',(35.266815301868,0.340470006347));
#5736 = CARTESIAN_POINT('',(35.265224467433,0.337074562841));
#5737 = CARTESIAN_POINT('',(35.263713809555,0.333664610301));
#5738 = CARTESIAN_POINT('',(35.262284792345,0.330240886302));
#5739 = CARTESIAN_POINT('',(35.260938823357,0.326804185484));
#5740 = CARTESIAN_POINT('',(35.257086110901,0.316271803522));
#5741 = CARTESIAN_POINT('',(35.254850796044,0.309136667245));
#5742 = CARTESIAN_POINT('',(35.25298306136,0.301957874763));
#5743 = CARTESIAN_POINT('',(35.251492859681,0.294743909993));
#5744 = CARTESIAN_POINT('',(35.250388052625,0.287503822629));
#5745 = CARTESIAN_POINT('',(35.24967411889,0.280247234046));
#5746 = CARTESIAN_POINT('',(35.249353862551,0.272984343206));
#5747 = CARTESIAN_POINT('',(35.249526569834,0.255872672517));
#5748 = CARTESIAN_POINT('',(35.250351227722,0.246025636028));
#5749 = CARTESIAN_POINT('',(35.251901129913,0.236212700907));
#5750 = CARTESIAN_POINT('',(35.254166023222,0.226458974858));
#5751 = CARTESIAN_POINT('',(35.257126964506,0.21678691495));
#5752 = CARTESIAN_POINT('',(35.260757918785,0.207216447091));
#5753 = CARTESIAN_POINT('',(35.265027357364,0.197765085503));
#5754 = CARTESIAN_POINT('',(35.272444595631,0.183582083789));
#5755 = CARTESIAN_POINT('',(35.275154129922,0.178752306963));
#5756 = CARTESIAN_POINT('',(35.278023479997,0.17396056016));
#5757 = CARTESIAN_POINT('',(35.281047622649,0.169208445327));
#5758 = CARTESIAN_POINT('',(35.284221490299,0.164497327926));
#5759 = CARTESIAN_POINT('',(35.287539970996,0.159828336925));
#5760 = CARTESIAN_POINT('',(35.29099790842,0.155202364809));
#5761 = CARTESIAN_POINT('',(35.302653120876,0.140334666709));
#5762 = CARTESIAN_POINT('',(35.311392099085,0.130270537405));
#5763 = CARTESIAN_POINT('',(35.320750305529,0.120433622725));
#5764 = CARTESIAN_POINT('',(35.330673205231,0.110826331096));
#5765 = CARTESIAN_POINT('',(35.341109547922,0.101448006149));
#5766 = CARTESIAN_POINT('',(35.352012456758,9.229539656571E-02));
#5767 = CARTESIAN_POINT('',(35.363340517036,8.336312592125E-02));
#5768 = CARTESIAN_POINT('',(35.396216113916,5.890224381533E-02));
#5769 = CARTESIAN_POINT('',(35.418633551237,4.386422252095E-02));
#5770 = CARTESIAN_POINT('',(35.442108602484,2.948218850593E-02));
#5771 = CARTESIAN_POINT('',(35.466474226165,1.571308729241E-02));
#5772 = CARTESIAN_POINT('',(35.491594353338,2.516295592178E-03));
#5773 = CARTESIAN_POINT('',(35.517360939092,-1.014789250686E-02));
#5774 = CARTESIAN_POINT('',(35.543692625856,-2.231886869686E-02));
#5775 = CARTESIAN_POINT('',(35.606020615984,-4.952464129288E-02));
#5776 = CARTESIAN_POINT('',(35.642373952344,-6.42090454196E-02));
#5777 = CARTESIAN_POINT('',(35.679448122687,-7.817165741315E-02));
#5778 = CARTESIAN_POINT('',(35.717127944645,-9.147773982299E-02));
#5779 = CARTESIAN_POINT('',(35.75532281001,-0.10418151948));
#5780 = CARTESIAN_POINT('',(35.793962001033,-0.116330621649));
#5781 = CARTESIAN_POINT('',(35.832992471412,-0.127968194512));
#5782 = CARTESIAN_POINT('',(35.992390805906,-0.173151238395));
#5783 = CARTESIAN_POINT('',(36.115539280272,-0.202731189251));
#5784 = CARTESIAN_POINT('',(36.240769361577,-0.22897585756));
#5785 = CARTESIAN_POINT('',(36.367507965797,-0.252395059199));
#5786 = CARTESIAN_POINT('',(36.495316822484,-0.273443376496));
#5787 = CARTESIAN_POINT('',(36.623962739595,-0.292419579042));
#5788 = CARTESIAN_POINT('',(36.753327783561,-0.309592369555));
#5789 = CARTESIAN_POINT('',(37.015303433171,-0.340964399855));
#5790 = CARTESIAN_POINT('',(37.147792849147,-0.355103865383));
#5791 = CARTESIAN_POINT('',(37.280785477814,-0.367802504303));
#5792 = CARTESIAN_POINT('',(37.414192778864,-0.379222158909));
#5793 = CARTESIAN_POINT('',(37.547947116451,-0.389493211124));
#5794 = CARTESIAN_POINT('',(37.681997473841,-0.398726533457));
#5795 = CARTESIAN_POINT('',(37.816307468089,-0.407019307846));
#5796 = CARTESIAN_POINT('',(38.138832657579,-0.424842699863));
#5797 = CARTESIAN_POINT('',(38.327253996197,-0.433556613637));
#5798 = CARTESIAN_POINT('',(38.516043182509,-0.440824399815));
#5799 = CARTESIAN_POINT('',(38.705140433889,-0.446829627173));
#5800 = CARTESIAN_POINT('',(38.894499406619,-0.451726154856));
#5801 = CARTESIAN_POINT('',(39.084085016901,-0.455647986459));
#5802 = CARTESIAN_POINT('',(39.273872359432,-0.458714310464));
#5803 = CARTESIAN_POINT('',(39.624637184038,-0.462989448799));
#5804 = CARTESIAN_POINT('',(39.785556945693,-0.464411372904));
#5805 = CARTESIAN_POINT('',(39.94659358593,-0.465359030707));
#5806 = CARTESIAN_POINT('',(40.10773619721,-0.465889757204));
#5807 = CARTESIAN_POINT('',(40.268975273384,-0.466055340436));
#5808 = CARTESIAN_POINT('',(40.430302596051,-0.465902670899));
#5809 = CARTESIAN_POINT('',(40.591711120904,-0.465474390955));
#5810 = CARTESIAN_POINT('',(40.753194864098,-0.464809544241));
#5811 = ( GEOMETRIC_REPRESENTATION_CONTEXT(2) 
PARAMETRIC_REPRESENTATION_CONTEXT() REPRESENTATION_CONTEXT('2D SPACE',''
  ) );
#5812 = PCURVE('',#5065,#5813);
#5813 = DEFINITIONAL_REPRESENTATION('',(#5814),#5915);
#5814 = B_SPLINE_CURVE_WITH_KNOTS('',8,(#5815,#5816,#5817,#5818,#5819,
    #5820,#5821,#5822,#5823,#5824,#5825,#5826,#5827,#5828,#5829,#5830,
    #5831,#5832,#5833,#5834,#5835,#5836,#5837,#5838,#5839,#5840,#5841,
    #5842,#5843,#5844,#5845,#5846,#5847,#5848,#5849,#5850,#5851,#5852,
    #5853,#5854,#5855,#5856,#5857,#5858,#5859,#5860,#5861,#5862,#5863,
    #5864,#5865,#5866,#5867,#5868,#5869,#5870,#5871,#5872,#5873,#5874,
    #5875,#5876,#5877,#5878,#5879,#5880,#5881,#5882,#5883,#5884,#5885,
    #5886,#5887,#5888,#5889,#5890,#5891,#5892,#5893,#5894,#5895,#5896,
    #5897,#5898,#5899,#5900,#5901,#5902,#5903,#5904,#5905,#5906,#5907,
    #5908,#5909,#5910,#5911,#5912,#5913,#5914),.UNSPECIFIED.,.F.,.F.,(9,
    7,7,7,7,7,7,7,7,7,7,7,7,7,9),(0.,7.91258213087E-02,0.107532436643,
    0.118847069018,0.125408915712,0.138886316327,0.157181827467,
    0.166736948328,0.188184323571,0.226907142145,0.278098642407,
    0.434080028928,0.592177082264,0.813054131584,1.),.UNSPECIFIED.);
#5815 = CARTESIAN_POINT('',(-1.750829784164,5.738654125811));
#5816 = CARTESIAN_POINT('',(-1.752223764219,5.76510922238));
#5817 = CARTESIAN_POINT('',(-1.753594418918,5.792689541739));
#5818 = CARTESIAN_POINT('',(-1.754941487144,5.821599104715));
#5819 = CARTESIAN_POINT('',(-1.756260845539,5.852054005353));
#5820 = CARTESIAN_POINT('',(-1.757544881265,5.884272559051));
#5821 = CARTESIAN_POINT('',(-1.758780986938,5.918536690197));
#5822 = CARTESIAN_POINT('',(-1.759952619353,5.95515288365));
#5823 = CARTESIAN_POINT('',(-1.761420886666,6.008941884338));
#5824 = CARTESIAN_POINT('',(-1.761796612894,6.023519404279));
#5825 = CARTESIAN_POINT('',(-1.762158920209,6.038488622356));
#5826 = CARTESIAN_POINT('',(-1.762506131587,6.053869634917));
#5827 = CARTESIAN_POINT('',(-1.762836212373,6.069678285822));
#5828 = CARTESIAN_POINT('',(-1.763146813582,6.085925321851));
#5829 = CARTESIAN_POINT('',(-1.763435315206,6.10261554809));
#5830 = CARTESIAN_POINT('',(-1.763803845781,6.126570601346));
#5831 = CARTESIAN_POINT('',(-1.763904851841,6.13346335386));
#5832 = CARTESIAN_POINT('',(-1.764001704116,6.140424607455));
#5833 = CARTESIAN_POINT('',(-1.764094212017,6.14745331781));
#5834 = CARTESIAN_POINT('',(-1.76418218097,6.154547986929));
#5835 = CARTESIAN_POINT('',(-1.764265415427,6.161706620362));
#5836 = CARTESIAN_POINT('',(-1.76434372188,6.168926684422));
#5837 = CARTESIAN_POINT('',(-1.764459357935,6.180426111477));
#5838 = CARTESIAN_POINT('',(-1.764500083428,6.184666765425));
#5839 = CARTESIAN_POINT('',(-1.764539051007,6.188926408303));
#5840 = CARTESIAN_POINT('',(-1.764576224594,6.193204356105));
#5841 = CARTESIAN_POINT('',(-1.764611569387,6.197499857767));
#5842 = CARTESIAN_POINT('',(-1.764645051858,6.201812095169));
#5843 = CARTESIAN_POINT('',(-1.764676639753,6.206140183135));
#5844 = CARTESIAN_POINT('',(-1.764767225674,6.219403244667));
#5845 = CARTESIAN_POINT('',(-1.764820031198,6.228386710697));
#5846 = CARTESIAN_POINT('',(-1.76486444903,6.237424620914));
#5847 = CARTESIAN_POINT('',(-1.764900250392,6.246507405816));
#5848 = CARTESIAN_POINT('',(-1.764927254007,6.255624836658));
#5849 = CARTESIAN_POINT('',(-1.764945332739,6.264765989091));
#5850 = CARTESIAN_POINT('',(-1.764954420234,6.273919206812));
#5851 = CARTESIAN_POINT('',(-1.764954649677,6.295497029587));
#5852 = CARTESIAN_POINT('',(-1.764938214292,6.307923882508));
#5853 = CARTESIAN_POINT('',(-1.764905203854,6.320320429461));
#5854 = CARTESIAN_POINT('',(-1.764855845809,6.332657776959));
#5855 = CARTESIAN_POINT('',(-1.764790566175,6.344910108604));
#5856 = CARTESIAN_POINT('',(-1.764709953132,6.357054461166));
#5857 = CARTESIAN_POINT('',(-1.764614720594,6.369070500659));
#5858 = CARTESIAN_POINT('',(-1.764448719333,6.387139488553));
#5859 = CARTESIAN_POINT('',(-1.764387991518,6.393299365002));
#5860 = CARTESIAN_POINT('',(-1.764323601309,6.399417796893));
#5861 = CARTESIAN_POINT('',(-1.764255662729,6.405492926493));
#5862 = CARTESIAN_POINT('',(-1.764184290868,6.411523169209));
#5863 = CARTESIAN_POINT('',(-1.76410960188,6.417507213582));
#5864 = CARTESIAN_POINT('',(-1.764031712988,6.423444021296));
#5865 = CARTESIAN_POINT('',(-1.763768996496,6.442550810609));
#5866 = CARTESIAN_POINT('',(-1.763571734732,6.455525384586));
#5867 = CARTESIAN_POINT('',(-1.763360247695,6.46824983426));
#5868 = CARTESIAN_POINT('',(-1.763135776768,6.480721373475));
#5869 = CARTESIAN_POINT('',(-1.762899489261,6.492940679881));
#5870 = CARTESIAN_POINT('',(-1.762652453465,6.50491143006));
#5871 = CARTESIAN_POINT('',(-1.762395613707,6.516639834643));
#5872 = CARTESIAN_POINT('',(-1.761649781459,6.548886978426));
#5873 = CARTESIAN_POINT('',(-1.761140705345,6.56886548477));
#5874 = CARTESIAN_POINT('',(-1.760607159976,6.58812669405));
#5875 = CARTESIAN_POINT('',(-1.760052958472,6.606720162593));
#5876 = CARTESIAN_POINT('',(-1.75948120872,6.624691867312));
#5877 = CARTESIAN_POINT('',(-1.758894380503,6.64208679235));
#5878 = CARTESIAN_POINT('',(-1.758294335186,6.658950236528));
#5879 = CARTESIAN_POINT('',(-1.756873232229,6.69697900764));
#5880 = CARTESIAN_POINT('',(-1.756043789201,6.717766227884));
#5881 = CARTESIAN_POINT('',(-1.755197351269,6.737785224722));
#5882 = CARTESIAN_POINT('',(-1.754336555816,6.757109647727));
#5883 = CARTESIAN_POINT('',(-1.753463479114,6.775799833835));
#5884 = CARTESIAN_POINT('',(-1.752579743321,6.793908628341));
#5885 = CARTESIAN_POINT('',(-1.751686566594,6.811484266735));
#5886 = CARTESIAN_POINT('',(-1.748036924766,6.880631809087));
#5887 = CARTESIAN_POINT('',(-1.745212825705,6.92807604673));
#5888 = CARTESIAN_POINT('',(-1.742336727222,6.972146104571));
#5889 = CARTESIAN_POINT('',(-1.739421837402,7.01336543372));
#5890 = CARTESIAN_POINT('',(-1.736478318499,7.052203636092));
#5891 = CARTESIAN_POINT('',(-1.733511626322,7.088954525806));
#5892 = CARTESIAN_POINT('',(-1.730524563436,7.123891522801));
#5893 = CARTESIAN_POINT('',(-1.724468038232,7.191028551559));
#5894 = CARTESIAN_POINT('',(-1.721401277097,7.223149625987));
#5895 = CARTESIAN_POINT('',(-1.718319177542,7.253799332536));
#5896 = CARTESIAN_POINT('',(-1.715223872411,7.283123534589));
#5897 = CARTESIAN_POINT('',(-1.712117016597,7.311233309587));
#5898 = CARTESIAN_POINT('',(-1.708999884222,7.338219126704));
#5899 = CARTESIAN_POINT('',(-1.705873412393,7.364157658246));
#5900 = CARTESIAN_POINT('',(-1.698357981281,7.423973798302));
#5901 = CARTESIAN_POINT('',(-1.693961173932,7.456910690549));
#5902 = CARTESIAN_POINT('',(-1.689549802432,7.48809112858));
#5903 = CARTESIAN_POINT('',(-1.685125519957,7.517636028861));
#5904 = CARTESIAN_POINT('',(-1.680689674008,7.545634953071));
#5905 = CARTESIAN_POINT('',(-1.676243354992,7.572157544394));
#5906 = CARTESIAN_POINT('',(-1.671787419303,7.597259444313));
#5907 = CARTESIAN_POINT('',(-1.663543458385,7.641061565275));
#5908 = CARTESIAN_POINT('',(-1.659758094841,7.660152445541));
#5909 = CARTESIAN_POINT('',(-1.655966854834,7.678280642896));
#5910 = CARTESIAN_POINT('',(-1.65217016336,7.695465589392));
#5911 = CARTESIAN_POINT('',(-1.648368414204,7.711721837002));
#5912 = CARTESIAN_POINT('',(-1.644561972317,7.72706005769));
#5913 = CARTESIAN_POINT('',(-1.640751176184,7.741488043485));
#5914 = CARTESIAN_POINT('',(-1.636936340204,7.755011706549));
#5915 = ( GEOMETRIC_REPRESENTATION_CONTEXT(2) 
PARAMETRIC_REPRESENTATION_CONTEXT() REPRESENTATION_CONTEXT('2D SPACE',''
  ) );
#5916 = ORIENTED_EDGE('',*,*,#5917,.T.);
#5917 = EDGE_CURVE('',#5604,#5540,#5918,.T.);
#5918 = SURFACE_CURVE('',#5919,(#5925,#5934),.PCURVE_S1.);
#5919 = B_SPLINE_CURVE_WITH_KNOTS('',4,(#5920,#5921,#5922,#5923,#5924),
  .UNSPECIFIED.,.F.,.F.,(5,5),(0.,1.),.PIECEWISE_BEZIER_KNOTS.);
#5920 = CARTESIAN_POINT('',(-57.67056256232,109.29,11.7));
#5921 = CARTESIAN_POINT('',(-57.64179070498,109.29,11.871732014062));
#5922 = CARTESIAN_POINT('',(-57.60845243118,109.29,12.042453206808));
#5923 = CARTESIAN_POINT('',(-57.57064835572,109.29,12.212057989728));
#5924 = CARTESIAN_POINT('',(-57.52847979006,109.29,12.380457230438));
#5925 = PCURVE('',#5032,#5926);
#5926 = DEFINITIONAL_REPRESENTATION('',(#5927),#5933);
#5927 = B_SPLINE_CURVE_WITH_KNOTS('',4,(#5928,#5929,#5930,#5931,#5932),
  .UNSPECIFIED.,.F.,.F.,(5,5),(0.,1.),.PIECEWISE_BEZIER_KNOTS.);
#5928 = CARTESIAN_POINT('',(35.861637919405,0.683017343129));
#5929 = CARTESIAN_POINT('',(35.88857415255,0.855046828313));
#5930 = CARTESIAN_POINT('',(35.92008733664,1.026114316108));
#5931 = CARTESIAN_POINT('',(35.956077990246,1.196113149527));
#5932 = CARTESIAN_POINT('',(35.996445759555,1.36495311933));
#5933 = ( GEOMETRIC_REPRESENTATION_CONTEXT(2) 
PARAMETRIC_REPRESENTATION_CONTEXT() REPRESENTATION_CONTEXT('2D SPACE',''
  ) );
#5934 = PCURVE('',#5935,#5945);
#5935 = SURFACE_OF_REVOLUTION('',#5936,#5942);
#5936 = B_SPLINE_CURVE_WITH_KNOTS('',3,(#5937,#5938,#5939,#5940,#5941),
  .UNSPECIFIED.,.F.,.F.,(4,1,4),(0.,8.579627031521,23.7911647093),
  .UNSPECIFIED.);
#5937 = CARTESIAN_POINT('',(-4.655,67.145,34.9));
#5938 = CARTESIAN_POINT('',(-5.703421359978,67.145,31.904510400063));
#5939 = CARTESIAN_POINT('',(-9.685080107206,67.145,24.894221787894));
#5940 = CARTESIAN_POINT('',(-7.360076752788,67.145,18.280891759591));
#5941 = CARTESIAN_POINT('',(-7.16265,67.145,11.7));
#5942 = AXIS1_PLACEMENT('',#5943,#5944);
#5943 = CARTESIAN_POINT('',(-50.,67.145,0.));
#5944 = DIRECTION('',(0.,0.,1.));
#5945 = DEFINITIONAL_REPRESENTATION('',(#5946),#5952);
#5946 = B_SPLINE_CURVE_WITH_KNOTS('',4,(#5947,#5948,#5949,#5950,#5951),
  .UNSPECIFIED.,.F.,.F.,(5,5),(0.,1.),.PIECEWISE_BEZIER_KNOTS.);
#5947 = CARTESIAN_POINT('',(1.750829784164,23.7911647093));
#5948 = CARTESIAN_POINT('',(1.750168986099,23.658846876711));
#5949 = CARTESIAN_POINT('',(1.7494031003,23.526210685771));
#5950 = CARTESIAN_POINT('',(1.748534286048,23.393346128321));
#5951 = CARTESIAN_POINT('',(1.747564667121,23.260339713625));
#5952 = ( GEOMETRIC_REPRESENTATION_CONTEXT(2) 
PARAMETRIC_REPRESENTATION_CONTEXT() REPRESENTATION_CONTEXT('2D SPACE',''
  ) );
#5953 = ADVANCED_FACE('',(#5954),#5169,.T.);
#5954 = FACE_BOUND('',#5955,.F.);
#5955 = EDGE_LOOP('',(#5956,#6019,#6040,#6041));
#5956 = ORIENTED_EDGE('',*,*,#5957,.T.);
#5957 = EDGE_CURVE('',#5410,#5958,#5960,.T.);
#5958 = VERTEX_POINT('',#5959);
#5959 = CARTESIAN_POINT('',(-0.5,24.,11.3));
#5960 = SURFACE_CURVE('',#5961,(#5985,#6012),.PCURVE_S1.);
#5961 = B_SPLINE_CURVE_WITH_KNOTS('',3,(#5962,#5963,#5964,#5965,#5966,
    #5967,#5968,#5969,#5970,#5971,#5972,#5973,#5974,#5975,#5976,#5977,
    #5978,#5979,#5980,#5981,#5982,#5983,#5984),.UNSPECIFIED.,.F.,.F.,(4,
    1,1,1,1,1,1,1,1,1,1,1,1,1,1,1,1,1,1,1,4),(0.,0.637128374202,
    2.532825281726,5.640412373252,9.883370541096,15.15769484267,
    21.342370375168,28.275588410792,35.786279475982,43.689206150815,
    51.789549396074,59.887808838922,67.784900922418,75.287293257431,
    82.211987710684,88.391200376202,93.676732277124,97.944383781553,
    101.09989094852,103.05857576611,103.69570414031),.UNSPECIFIED.);
#5962 = CARTESIAN_POINT('',(-104.,24.,11.4));
#5963 = CARTESIAN_POINT('',(-103.7876238752,24.,11.4));
#5964 = CARTESIAN_POINT('',(-102.9433481846,24.,11.400005244771));
#5965 = CARTESIAN_POINT('',(-101.0632199627,24.,11.399924061971));
#5966 = CARTESIAN_POINT('',(-97.98106871374,24.,11.400543994137));
#5967 = CARTESIAN_POINT('',(-93.77319405021,24.,11.396894456487));
#5968 = CARTESIAN_POINT('',(-88.5370732325,24.,11.41565958353));
#5969 = CARTESIAN_POINT('',(-82.41995924642,24.,11.861118540553));
#5970 = CARTESIAN_POINT('',(-75.55174494503,24.,12.18576174384));
#5971 = CARTESIAN_POINT('',(-68.111416891,24.,12.546381701159));
#5972 = CARTESIAN_POINT('',(-60.28004677595,24.,12.86936230541));
#5973 = CARTESIAN_POINT('',(-52.25105181047,24.,13.150508370587));
#5974 = CARTESIAN_POINT('',(-44.22187316675,24.,13.363676372832));
#5975 = CARTESIAN_POINT('',(-36.39008913191,24.,13.489478890715));
#5976 = CARTESIAN_POINT('',(-28.94854184606,24.,13.508594639333));
#5977 = CARTESIAN_POINT('',(-22.07973720594,24.,13.412605792576));
#5978 = CARTESIAN_POINT('',(-15.95426874129,24.,13.186925465902));
#5979 = CARTESIAN_POINT('',(-10.71686631447,24.,12.871975372042));
#5980 = CARTESIAN_POINT('',(-6.509375852294,24.,12.388944483888));
#5981 = CARTESIAN_POINT('',(-3.400390635657,24.,12.009003011145));
#5982 = CARTESIAN_POINT('',(-1.580287366599,24.,11.280388418631));
#5983 = CARTESIAN_POINT('',(-0.715011683599,24.,11.280037814536));
#5984 = CARTESIAN_POINT('',(-0.5,24.,11.3));
#5985 = PCURVE('',#5169,#5986);
#5986 = DEFINITIONAL_REPRESENTATION('',(#5987),#6011);
#5987 = B_SPLINE_CURVE_WITH_KNOTS('',3,(#5988,#5989,#5990,#5991,#5992,
    #5993,#5994,#5995,#5996,#5997,#5998,#5999,#6000,#6001,#6002,#6003,
    #6004,#6005,#6006,#6007,#6008,#6009,#6010),.UNSPECIFIED.,.F.,.F.,(4,
    1,1,1,1,1,1,1,1,1,1,1,1,1,1,1,1,1,1,1,4),(0.,0.637128374202,
    2.532825281726,5.640412373252,9.883370541096,15.15769484267,
    21.342370375168,28.275588410792,35.786279475982,43.689206150815,
    51.789549396074,59.887808838922,67.784900922418,75.287293257431,
    82.211987710684,88.391200376202,93.676732277124,97.944383781553,
    101.09989094852,103.05857576611,103.69570414031),.UNSPECIFIED.);
#5988 = CARTESIAN_POINT('',(0.,0.));
#5989 = CARTESIAN_POINT('',(0.212368095846,1.846679094316E-03));
#5990 = CARTESIAN_POINT('',(1.056611822946,9.19317386436E-03));
#5991 = CARTESIAN_POINT('',(2.936669672514,2.54603171222E-02));
#5992 = CARTESIAN_POINT('',(6.018699010114,5.288052783508E-02));
#5993 = CARTESIAN_POINT('',(10.226446328689,8.581995932678E-02));
#5994 = CARTESIAN_POINT('',(15.462206025796,0.150114141005));
#5995 = CARTESIAN_POINT('',(21.575215344437,0.648746542029));
#5996 = CARTESIAN_POINT('',(28.440347115056,1.033098816935));
#5997 = CARTESIAN_POINT('',(35.877258180025,1.45840119989));
#5998 = CARTESIAN_POINT('',(43.705523809005,1.849465889932));
#5999 = CARTESIAN_POINT('',(51.731770582042,2.200416034449));
#6000 = CARTESIAN_POINT('',(59.758792117618,2.483392283089));
#6001 = CARTESIAN_POINT('',(67.589186177977,2.677289940255));
#6002 = CARTESIAN_POINT('',(75.030285918219,2.761111626704));
#6003 = CARTESIAN_POINT('',(81.899665536976,2.724852886763));
#6004 = CARTESIAN_POINT('',(88.02686479148,2.55244402143));
#6005 = CARTESIAN_POINT('',(93.266807811029,2.283046742329));
#6006 = CARTESIAN_POINT('',(97.478339318671,1.836619605592));
#6007 = CARTESIAN_POINT('',(100.59051071399,1.483726128563));
#6008 = CARTESIAN_POINT('',(102.41688071351,0.770965467962));
#6009 = CARTESIAN_POINT('',(103.28212673334,0.778138729045));
#6010 = CARTESIAN_POINT('',(103.49695671076,0.799969755968));
#6011 = ( GEOMETRIC_REPRESENTATION_CONTEXT(2) 
PARAMETRIC_REPRESENTATION_CONTEXT() REPRESENTATION_CONTEXT('2D SPACE',''
  ) );
#6012 = PCURVE('',#5444,#6013);
#6013 = DEFINITIONAL_REPRESENTATION('',(#6014),#6018);
#6014 = LINE('',#6015,#6016);
#6015 = CARTESIAN_POINT('',(0.,0.));
#6016 = VECTOR('',#6017,1.);
#6017 = DIRECTION('',(1.,0.));
#6018 = ( GEOMETRIC_REPRESENTATION_CONTEXT(2) 
PARAMETRIC_REPRESENTATION_CONTEXT() REPRESENTATION_CONTEXT('2D SPACE',''
  ) );
#6019 = ORIENTED_EDGE('',*,*,#6020,.T.);
#6020 = EDGE_CURVE('',#5958,#5131,#6021,.T.);
#6021 = SURFACE_CURVE('',#6022,(#6026,#6033),.PCURVE_S1.);
#6022 = LINE('',#6023,#6024);
#6023 = CARTESIAN_POINT('',(-0.5,24.,11.3));
#6024 = VECTOR('',#6025,1.);
#6025 = DIRECTION('',(0.,0.,-1.));
#6026 = PCURVE('',#5169,#6027);
#6027 = DEFINITIONAL_REPRESENTATION('',(#6028),#6032);
#6028 = LINE('',#6029,#6030);
#6029 = CARTESIAN_POINT('',(103.49695671076,0.799969755968));
#6030 = VECTOR('',#6031,1.);
#6031 = DIRECTION('',(8.69532343444E-03,-0.999962194961));
#6032 = ( GEOMETRIC_REPRESENTATION_CONTEXT(2) 
PARAMETRIC_REPRESENTATION_CONTEXT() REPRESENTATION_CONTEXT('2D SPACE',''
  ) );
#6033 = PCURVE('',#5144,#6034);
#6034 = DEFINITIONAL_REPRESENTATION('',(#6035),#6039);
#6035 = LINE('',#6036,#6037);
#6036 = CARTESIAN_POINT('',(0.,-43.145));
#6037 = VECTOR('',#6038,1.);
#6038 = DIRECTION('',(1.,0.));
#6039 = ( GEOMETRIC_REPRESENTATION_CONTEXT(2) 
PARAMETRIC_REPRESENTATION_CONTEXT() REPRESENTATION_CONTEXT('2D SPACE',''
  ) );
#6040 = ORIENTED_EDGE('',*,*,#5155,.T.);
#6041 = ORIENTED_EDGE('',*,*,#5409,.T.);
#6042 = ADVANCED_FACE('',(#6043),#5065,.T.);
#6043 = FACE_BOUND('',#6044,.F.);
#6044 = EDGE_LOOP('',(#6045,#6359,#6381,#6382));
#6045 = ORIENTED_EDGE('',*,*,#6046,.F.);
#6046 = EDGE_CURVE('',#6047,#5045,#6049,.T.);
#6047 = VERTEX_POINT('',#6048);
#6048 = CARTESIAN_POINT('',(-42.32943743767,109.29,11.7));
#6049 = SURFACE_CURVE('',#6050,(#6151,#6255),.PCURVE_S1.);
#6050 = B_SPLINE_CURVE_WITH_KNOTS('',8,(#6051,#6052,#6053,#6054,#6055,
    #6056,#6057,#6058,#6059,#6060,#6061,#6062,#6063,#6064,#6065,#6066,
    #6067,#6068,#6069,#6070,#6071,#6072,#6073,#6074,#6075,#6076,#6077,
    #6078,#6079,#6080,#6081,#6082,#6083,#6084,#6085,#6086,#6087,#6088,
    #6089,#6090,#6091,#6092,#6093,#6094,#6095,#6096,#6097,#6098,#6099,
    #6100,#6101,#6102,#6103,#6104,#6105,#6106,#6107,#6108,#6109,#6110,
    #6111,#6112,#6113,#6114,#6115,#6116,#6117,#6118,#6119,#6120,#6121,
    #6122,#6123,#6124,#6125,#6126,#6127,#6128,#6129,#6130,#6131,#6132,
    #6133,#6134,#6135,#6136,#6137,#6138,#6139,#6140,#6141,#6142,#6143,
    #6144,#6145,#6146,#6147,#6148,#6149,#6150),.UNSPECIFIED.,.F.,.F.,(9,
    7,7,7,7,7,7,7,7,7,7,7,7,7,9),(0.,7.912582130828E-02,0.107532436642,
    0.118847069017,0.125408915711,0.138886316326,0.157181827469,
    0.166736948331,0.188184323574,0.226907142149,0.278098642412,
    0.434080028937,0.592177082279,0.813054131607,1.),.UNSPECIFIED.);
#6051 = CARTESIAN_POINT('',(-42.32943743767,109.29,11.7));
#6052 = CARTESIAN_POINT('',(-42.26874204923,109.29,11.682053889938));
#6053 = CARTESIAN_POINT('',(-42.20902707497,109.29,11.663015861044));
#6054 = CARTESIAN_POINT('',(-42.15030554309,109.29,11.64271786261));
#6055 = CARTESIAN_POINT('',(-42.09275872733,109.29,11.620973240203));
#6056 = CARTESIAN_POINT('',(-42.03672061753,109.29,11.597586779321));
#6057 = CARTESIAN_POINT('',(-41.98274452335,109.29,11.572309700277));
#6058 = CARTESIAN_POINT('',(-41.93155750967,109.29,11.544874446621));
#6059 = CARTESIAN_POINT('',(-41.86738278255,109.29,11.503978871189));
#6060 = CARTESIAN_POINT('',(-41.85095772669,109.29,11.492843573053));
#6061 = CARTESIAN_POINT('',(-41.83511658896,109.29,11.481357031149));
#6062 = CARTESIAN_POINT('',(-41.81993302625,109.29,11.469502636907));
#6063 = CARTESIAN_POINT('',(-41.80549638577,109.29,11.457267386865));
#6064 = CARTESIAN_POINT('',(-41.79190981115,109.29,11.444642853449));
#6065 = CARTESIAN_POINT('',(-41.77928834845,109.29,11.431626155743));
#6066 = CARTESIAN_POINT('',(-41.76316402444,109.29,11.412881498007));
#6067 = CARTESIAN_POINT('',(-41.75874448945,109.29,11.407481102043));
#6068 = CARTESIAN_POINT('',(-41.75450650808,109.29,11.402020372654));
#6069 = CARTESIAN_POINT('',(-41.7504584482,109.29,11.396500295864));
#6070 = CARTESIAN_POINT('',(-41.74660885248,109.29,11.39092225026));
#6071 = CARTESIAN_POINT('',(-41.74296630617,109.29,11.385288043819));
#6072 = CARTESIAN_POINT('',(-41.73953930471,109.29,11.37959995073));
#6073 = CARTESIAN_POINT('',(-41.73447845642,109.29,11.370532335442));
#6074 = CARTESIAN_POINT('',(-41.73269605703,109.29,11.367186738524));
#6075 = CARTESIAN_POINT('',(-41.73099056305,109.29,11.363824506368));
#6076 = CARTESIAN_POINT('',(-41.72936355826,109.29,11.360446245542));
#6077 = CARTESIAN_POINT('',(-41.7278165705,109.29,11.357052620276));
#6078 = CARTESIAN_POINT('',(-41.72635107169,109.29,11.353644352468));
#6079 = CARTESIAN_POINT('',(-41.72496847779,109.29,11.350222221683));
#6080 = CARTESIAN_POINT('',(-41.72100350621,109.29,11.339731584739));
#6081 = CARTESIAN_POINT('',(-41.71869212033,109.29,11.332620727021));
#6082 = CARTESIAN_POINT('',(-41.71674782743,109.29,11.325462290076));
#6083 = CARTESIAN_POINT('',(-41.7151806704,109.29,11.318264651048));
#6084 = CARTESIAN_POINT('',(-41.71399860703,109.29,11.311036775158));
#6085 = CARTESIAN_POINT('',(-41.71320721848,109.29,11.303788224725));
#6086 = CARTESIAN_POINT('',(-41.71280941757,109.29,11.29652916818));
#6087 = CARTESIAN_POINT('',(-41.71279937377,109.29,11.279416628896));
#6088 = CARTESIAN_POINT('',(-41.71351882484,109.29,11.269561347142));
#6089 = CARTESIAN_POINT('',(-41.71496384304,109.29,11.259732419686));
#6090 = CARTESIAN_POINT('',(-41.7171244439,109.29,11.249955062297));
#6091 = CARTESIAN_POINT('',(-41.71998192518,109.29,11.240251933064));
#6092 = CARTESIAN_POINT('',(-41.72351046619,109.29,11.230643234794));
#6093 = CARTESIAN_POINT('',(-41.72767872706,109.29,11.221146817416));
#6094 = CARTESIAN_POINT('',(-41.73494407735,109.29,11.206885413333));
#6095 = CARTESIAN_POINT('',(-41.73760187833,109.29,11.202026975908));
#6096 = CARTESIAN_POINT('',(-41.74041989211,109.29,11.197204859611));
#6097 = CARTESIAN_POINT('',(-41.74339311289,109.29,11.192420719944));
#6098 = CARTESIAN_POINT('',(-41.74651648796,109.29,11.187675976405));
#6099 = CARTESIAN_POINT('',(-41.7497849177,109.29,11.182971812495));
#6100 = CARTESIAN_POINT('',(-41.75319325564,109.29,11.178309175711));
#6101 = CARTESIAN_POINT('',(-41.76468902634,109.29,11.16331785555));
#6102 = CARTESIAN_POINT('',(-41.77332002801,109.29,11.153160973697));
#6103 = CARTESIAN_POINT('',(-41.7825726491,109.29,11.143224680566));
#6104 = CARTESIAN_POINT('',(-41.79239238347,109.29,11.133511966844));
#6105 = CARTESIAN_POINT('',(-41.80272797677,109.29,11.124022723518));
#6106 = CARTESIAN_POINT('',(-41.81353252009,109.29,11.114754200068));
#6107 = CARTESIAN_POINT('',(-41.82476454368,109.29,11.105701462659));
#6108 = CARTESIAN_POINT('',(-41.85737703989,109.29,11.080890885987));
#6109 = CARTESIAN_POINT('',(-41.87963260279,109.29,11.065614318956));
#6110 = CARTESIAN_POINT('',(-41.90295272482,109.29,11.050982407183));
#6111 = CARTESIAN_POINT('',(-41.92716991421,109.29,11.03695388254));
#6112 = CARTESIAN_POINT('',(-41.95214767595,109.29,11.023489577179));
#6113 = CARTESIAN_POINT('',(-41.97777754726,109.29,11.0105509413));
#6114 = CARTESIAN_POINT('',(-42.00397775453,109.29,10.998099454302));
#6115 = CARTESIAN_POINT('',(-42.06601165084,109.29,10.970229611738));
#6116 = CARTESIAN_POINT('',(-42.10220609448,109.29,10.955157815595));
#6117 = CARTESIAN_POINT('',(-42.13912903925,109.29,10.940800072397));
#6118 = CARTESIAN_POINT('',(-42.1766646124,109.29,10.927092353389));
#6119 = CARTESIAN_POINT('',(-42.21472163178,109.29,10.913981402466));
#6120 = CARTESIAN_POINT('',(-42.25322887506,109.29,10.901420352299));
#6121 = CARTESIAN_POINT('',(-42.29213283818,109.29,10.889366623664));
#6122 = CARTESIAN_POINT('',(-42.45103955808,109.29,10.842483888393));
#6123 = CARTESIAN_POINT('',(-42.57386511566,109.29,10.81159048072));
#6124 = CARTESIAN_POINT('',(-42.69880778007,109.29,10.784009935221));
#6125 = CARTESIAN_POINT('',(-42.82528905546,109.29,10.759238585249));
#6126 = CARTESIAN_POINT('',(-42.95286584176,109.29,10.736826554835));
#6127 = CARTESIAN_POINT('',(-43.08130176956,109.29,10.716477581759));
#6128 = CARTESIAN_POINT('',(-43.21047604243,109.29,10.69792423808));
#6129 = CARTESIAN_POINT('',(-43.47210172033,109.29,10.663756271445));
#6130 = CARTESIAN_POINT('',(-43.60443258094,109.29,10.648202713564));
#6131 = CARTESIAN_POINT('',(-43.73728201261,109.29,10.634084526149));
#6132 = CARTESIAN_POINT('',(-43.87055975172,109.29,10.62124082169));
#6133 = CARTESIAN_POINT('',(-44.00419677388,109.29,10.609541948002));
#6134 = CARTESIAN_POINT('',(-44.13814088123,109.29,10.598877583724));
#6135 = CARTESIAN_POINT('',(-44.27235465505,109.29,10.589150941007));
#6136 = CARTESIAN_POINT('',(-44.59467111037,109.29,10.567884211301));
#6137 = CARTESIAN_POINT('',(-44.78298864535,109.29,10.557158580118));
#6138 = CARTESIAN_POINT('',(-44.97168945072,109.29,10.547875065697));
#6139 = CARTESIAN_POINT('',(-45.16071178687,109.29,10.539850748168));
#6140 = CARTESIAN_POINT('',(-45.35000766963,109.29,10.53293227208));
#6141 = CARTESIAN_POINT('',(-45.53954058611,109.29,10.52698601615));
#6142 = CARTESIAN_POINT('',(-45.7292843596,109.29,10.521893064668));
#6143 = CARTESIAN_POINT('',(-46.07998352595,109.29,10.513872235562));
#6144 = CARTESIAN_POINT('',(-46.24087892582,109.29,10.510731876732));
#6145 = CARTESIAN_POINT('',(-46.40189626245,109.29,10.508064508973));
#6146 = CARTESIAN_POINT('',(-46.56302401663,109.29,10.505812917043));
#6147 = CARTESIAN_POINT('',(-46.7242521297,109.29,10.503925417376));
#6148 = CARTESIAN_POINT('',(-46.88557188295,109.29,10.502355209915));
#6149 = CARTESIAN_POINT('',(-47.04697577709,109.29,10.501059729959));
#6150 = CARTESIAN_POINT('',(-47.20845741166,109.29,10.5));
#6151 = PCURVE('',#5065,#6152);
#6152 = DEFINITIONAL_REPRESENTATION('',(#6153),#6254);
#6153 = B_SPLINE_CURVE_WITH_KNOTS('',8,(#6154,#6155,#6156,#6157,#6158,
    #6159,#6160,#6161,#6162,#6163,#6164,#6165,#6166,#6167,#6168,#6169,
    #6170,#6171,#6172,#6173,#6174,#6175,#6176,#6177,#6178,#6179,#6180,
    #6181,#6182,#6183,#6184,#6185,#6186,#6187,#6188,#6189,#6190,#6191,
    #6192,#6193,#6194,#6195,#6196,#6197,#6198,#6199,#6200,#6201,#6202,
    #6203,#6204,#6205,#6206,#6207,#6208,#6209,#6210,#6211,#6212,#6213,
    #6214,#6215,#6216,#6217,#6218,#6219,#6220,#6221,#6222,#6223,#6224,
    #6225,#6226,#6227,#6228,#6229,#6230,#6231,#6232,#6233,#6234,#6235,
    #6236,#6237,#6238,#6239,#6240,#6241,#6242,#6243,#6244,#6245,#6246,
    #6247,#6248,#6249,#6250,#6251,#6252,#6253),.UNSPECIFIED.,.F.,.F.,(9,
    7,7,7,7,7,7,7,7,7,7,7,7,7,9),(0.,7.912582130828E-02,0.107532436642,
    0.118847069017,0.125408915711,0.138886316326,0.157181827469,
    0.166736948331,0.188184323574,0.226907142149,0.278098642412,
    0.434080028937,0.592177082279,0.813054131607,1.),.UNSPECIFIED.);
#6154 = CARTESIAN_POINT('',(-1.390762869425,5.738654125811));
#6155 = CARTESIAN_POINT('',(-1.38936888937,5.76510922238));
#6156 = CARTESIAN_POINT('',(-1.387998234671,5.79268954174));
#6157 = CARTESIAN_POINT('',(-1.386651166445,5.821599104713));
#6158 = CARTESIAN_POINT('',(-1.385331808051,5.852054005356));
#6159 = CARTESIAN_POINT('',(-1.384047772325,5.884272559049));
#6160 = CARTESIAN_POINT('',(-1.382811666652,5.918536690198));
#6161 = CARTESIAN_POINT('',(-1.381640034237,5.95515288365));
#6162 = CARTESIAN_POINT('',(-1.380171766924,6.008941884338));
#6163 = CARTESIAN_POINT('',(-1.379796040696,6.023519404279));
#6164 = CARTESIAN_POINT('',(-1.379433733381,6.038488622357));
#6165 = CARTESIAN_POINT('',(-1.379086522002,6.053869634917));
#6166 = CARTESIAN_POINT('',(-1.378756441216,6.069678285822));
#6167 = CARTESIAN_POINT('',(-1.378445840008,6.085925321851));
#6168 = CARTESIAN_POINT('',(-1.378157338383,6.10261554809));
#6169 = CARTESIAN_POINT('',(-1.377788807809,6.126570601346));
#6170 = CARTESIAN_POINT('',(-1.377687801749,6.13346335386));
#6171 = CARTESIAN_POINT('',(-1.377590949474,6.140424607455));
#6172 = CARTESIAN_POINT('',(-1.377498441572,6.14745331781));
#6173 = CARTESIAN_POINT('',(-1.377410472619,6.154547986929));
#6174 = CARTESIAN_POINT('',(-1.377327238163,6.161706620362));
#6175 = CARTESIAN_POINT('',(-1.37724893171,6.168926684422));
#6176 = CARTESIAN_POINT('',(-1.377133295655,6.180426111477));
#6177 = CARTESIAN_POINT('',(-1.377092570161,6.184666765425));
#6178 = CARTESIAN_POINT('',(-1.377053602583,6.188926408303));
#6179 = CARTESIAN_POINT('',(-1.377016428996,6.193204356105));
#6180 = CARTESIAN_POINT('',(-1.376981084203,6.197499857767));
#6181 = CARTESIAN_POINT('',(-1.376947601732,6.201812095169));
#6182 = CARTESIAN_POINT('',(-1.376916013837,6.206140183135));
#6183 = CARTESIAN_POINT('',(-1.376825427916,6.219403244667));
#6184 = CARTESIAN_POINT('',(-1.376772622392,6.228386710697));
#6185 = CARTESIAN_POINT('',(-1.37672820456,6.237424620914));
#6186 = CARTESIAN_POINT('',(-1.376692403198,6.246507405816));
#6187 = CARTESIAN_POINT('',(-1.376665399583,6.255624836658));
#6188 = CARTESIAN_POINT('',(-1.376647320851,6.264765989091));
#6189 = CARTESIAN_POINT('',(-1.376638233356,6.273919206812));
#6190 = CARTESIAN_POINT('',(-1.376638003912,6.295497029589));
#6191 = CARTESIAN_POINT('',(-1.376654439297,6.307923882513));
#6192 = CARTESIAN_POINT('',(-1.376687449735,6.320320429469));
#6193 = CARTESIAN_POINT('',(-1.376736807781,6.33265777697));
#6194 = CARTESIAN_POINT('',(-1.376802087415,6.344910108617));
#6195 = CARTESIAN_POINT('',(-1.376882700458,6.357054461181));
#6196 = CARTESIAN_POINT('',(-1.376977932996,6.369070500677));
#6197 = CARTESIAN_POINT('',(-1.377143934257,6.387139488573));
#6198 = CARTESIAN_POINT('',(-1.377204662072,6.393299365022));
#6199 = CARTESIAN_POINT('',(-1.377269052281,6.399417796913));
#6200 = CARTESIAN_POINT('',(-1.377336990861,6.405492926514));
#6201 = CARTESIAN_POINT('',(-1.377408362722,6.411523169229));
#6202 = CARTESIAN_POINT('',(-1.37748305171,6.417507213602));
#6203 = CARTESIAN_POINT('',(-1.377560940602,6.423444021316));
#6204 = CARTESIAN_POINT('',(-1.377823657095,6.442550810629));
#6205 = CARTESIAN_POINT('',(-1.378020918858,6.455525384606));
#6206 = CARTESIAN_POINT('',(-1.378232405895,6.46824983428));
#6207 = CARTESIAN_POINT('',(-1.378456876822,6.480721373495));
#6208 = CARTESIAN_POINT('',(-1.378693164329,6.492940679901));
#6209 = CARTESIAN_POINT('',(-1.378940200125,6.50491143008));
#6210 = CARTESIAN_POINT('',(-1.379197039883,6.516639834664));
#6211 = CARTESIAN_POINT('',(-1.379942872131,6.548886978446));
#6212 = CARTESIAN_POINT('',(-1.380451948245,6.56886548479));
#6213 = CARTESIAN_POINT('',(-1.380985493614,6.58812669407));
#6214 = CARTESIAN_POINT('',(-1.381539695119,6.606720162613));
#6215 = CARTESIAN_POINT('',(-1.382111444871,6.624691867333));
#6216 = CARTESIAN_POINT('',(-1.382698273087,6.642086792371));
#6217 = CARTESIAN_POINT('',(-1.383298318404,6.658950236549));
#6218 = CARTESIAN_POINT('',(-1.384719421362,6.69697900766));
#6219 = CARTESIAN_POINT('',(-1.385548864389,6.717766227904));
#6220 = CARTESIAN_POINT('',(-1.386395302322,6.737785224742));
#6221 = CARTESIAN_POINT('',(-1.387256097775,6.757109647747));
#6222 = CARTESIAN_POINT('',(-1.388129174476,6.775799833855));
#6223 = CARTESIAN_POINT('',(-1.389012910269,6.793908628361));
#6224 = CARTESIAN_POINT('',(-1.389906086997,6.811484266755));
#6225 = CARTESIAN_POINT('',(-1.393555728825,6.880631809107));
#6226 = CARTESIAN_POINT('',(-1.396379827886,6.92807604675));
#6227 = CARTESIAN_POINT('',(-1.39925592637,6.97214610459));
#6228 = CARTESIAN_POINT('',(-1.402170816189,7.013365433742));
#6229 = CARTESIAN_POINT('',(-1.405114335093,7.052203636111));
#6230 = CARTESIAN_POINT('',(-1.408081027269,7.088954525827));
#6231 = CARTESIAN_POINT('',(-1.411068090155,7.123891522822));
#6232 = CARTESIAN_POINT('',(-1.41712461536,7.19102855158));
#6233 = CARTESIAN_POINT('',(-1.420191376495,7.223149626008));
#6234 = CARTESIAN_POINT('',(-1.42327347605,7.253799332557));
#6235 = CARTESIAN_POINT('',(-1.426368781181,7.283123534609));
#6236 = CARTESIAN_POINT('',(-1.429475636995,7.311233309607));
#6237 = CARTESIAN_POINT('',(-1.43259276937,7.338219126724));
#6238 = CARTESIAN_POINT('',(-1.4357192412,7.364157658266));
#6239 = CARTESIAN_POINT('',(-1.443234672311,7.423973798322));
#6240 = CARTESIAN_POINT('',(-1.447631479661,7.45691069057));
#6241 = CARTESIAN_POINT('',(-1.452042851161,7.4880911286));
#6242 = CARTESIAN_POINT('',(-1.456467133636,7.517636028882));
#6243 = CARTESIAN_POINT('',(-1.460902979585,7.545634953092));
#6244 = CARTESIAN_POINT('',(-1.465349298602,7.572157544415));
#6245 = CARTESIAN_POINT('',(-1.46980523429,7.597259444333));
#6246 = CARTESIAN_POINT('',(-1.478049195208,7.641061565292));
#6247 = CARTESIAN_POINT('',(-1.481834558752,7.660152445554));
#6248 = CARTESIAN_POINT('',(-1.485625798758,7.678280642907));
#6249 = CARTESIAN_POINT('',(-1.489422490231,7.695465589401));
#6250 = CARTESIAN_POINT('',(-1.493224239387,7.711721837008));
#6251 = CARTESIAN_POINT('',(-1.497030681274,7.727060057694));
#6252 = CARTESIAN_POINT('',(-1.500841477406,7.741488043487));
#6253 = CARTESIAN_POINT('',(-1.504656313386,7.755011706549));
#6254 = ( GEOMETRIC_REPRESENTATION_CONTEXT(2) 
PARAMETRIC_REPRESENTATION_CONTEXT() REPRESENTATION_CONTEXT('2D SPACE',''
  ) );
#6255 = PCURVE('',#5093,#6256);
#6256 = DEFINITIONAL_REPRESENTATION('',(#6257),#6358);
#6257 = B_SPLINE_CURVE_WITH_KNOTS('',8,(#6258,#6259,#6260,#6261,#6262,
    #6263,#6264,#6265,#6266,#6267,#6268,#6269,#6270,#6271,#6272,#6273,
    #6274,#6275,#6276,#6277,#6278,#6279,#6280,#6281,#6282,#6283,#6284,
    #6285,#6286,#6287,#6288,#6289,#6290,#6291,#6292,#6293,#6294,#6295,
    #6296,#6297,#6298,#6299,#6300,#6301,#6302,#6303,#6304,#6305,#6306,
    #6307,#6308,#6309,#6310,#6311,#6312,#6313,#6314,#6315,#6316,#6317,
    #6318,#6319,#6320,#6321,#6322,#6323,#6324,#6325,#6326,#6327,#6328,
    #6329,#6330,#6331,#6332,#6333,#6334,#6335,#6336,#6337,#6338,#6339,
    #6340,#6341,#6342,#6343,#6344,#6345,#6346,#6347,#6348,#6349,#6350,
    #6351,#6352,#6353,#6354,#6355,#6356,#6357),.UNSPECIFIED.,.F.,.F.,(9,
    7,7,7,7,7,7,7,7,7,7,7,7,7,9),(0.,7.912582130828E-02,0.107532436642,
    0.118847069017,0.125408915711,0.138886316326,0.157181827469,
    0.166736948331,0.188184323574,0.226907142149,0.278098642412,
    0.434080028937,0.592177082279,0.813054131607,1.),.UNSPECIFIED.);
#6258 = CARTESIAN_POINT('',(51.201888205518,0.84685033562));
#6259 = CARTESIAN_POINT('',(51.26277178526,0.829553435247));
#6260 = CARTESIAN_POINT('',(51.32268666769,0.811154208139));
#6261 = CARTESIAN_POINT('',(51.381621620031,0.791484474039));
#6262 = CARTESIAN_POINT('',(51.439397372219,0.770355653276));
#6263 = CARTESIAN_POINT('',(51.495682038218,0.74756897569));
#6264 = CARTESIAN_POINT('',(51.549924996739,0.722869766803));
#6265 = CARTESIAN_POINT('',(51.601402081664,0.695982720856));
#6266 = CARTESIAN_POINT('',(51.666009886667,0.655774820841));
#6267 = CARTESIAN_POINT('',(51.682552923438,0.644815566353));
#6268 = CARTESIAN_POINT('',(51.698515826431,0.633498852272));
#6269 = CARTESIAN_POINT('',(51.713825120319,0.621807284365));
#6270 = CARTESIAN_POINT('',(51.728391601849,0.609726905747));
#6271 = CARTESIAN_POINT('',(51.742112223296,0.597248187816));
#6272 = CARTESIAN_POINT('',(51.754871975901,0.584367021206));
#6273 = CARTESIAN_POINT('',(51.771195560865,0.565795629433));
#6274 = CARTESIAN_POINT('',(51.775672516459,0.560442739118));
#6275 = CARTESIAN_POINT('',(51.779968573103,0.555027579948));
#6276 = CARTESIAN_POINT('',(51.784075352886,0.549551048526));
#6277 = CARTESIAN_POINT('',(51.78798429888,0.544014432131));
#6278 = CARTESIAN_POINT('',(51.791686807046,0.538419446951));
#6279 = CARTESIAN_POINT('',(51.795174358126,0.532768276322));
#6280 = CARTESIAN_POINT('',(51.800331753906,0.523755224608));
#6281 = CARTESIAN_POINT('',(51.802149780397,0.520428853312));
#6282 = CARTESIAN_POINT('',(51.803891083522,0.517085026429));
#6283 = CARTESIAN_POINT('',(51.805554073105,0.513724333577));
#6284 = CARTESIAN_POINT('',(51.807137214295,0.510347422634));
#6285 = CARTESIAN_POINT('',(51.808639027563,0.506954999736));
#6286 = CARTESIAN_POINT('',(51.810058088703,0.503547829281));
#6287 = CARTESIAN_POINT('',(51.814134867181,0.493100133827));
#6288 = CARTESIAN_POINT('',(51.816522060481,0.486014365672));
#6289 = CARTESIAN_POINT('',(51.818542689837,0.478877100695));
#6290 = CARTESIAN_POINT('',(51.820186623493,0.47169660831));
#6291 = CARTESIAN_POINT('',(51.821445808344,0.464481768244));
#6292 = CARTESIAN_POINT('',(51.822314561455,0.457242082666));
#6293 = CARTESIAN_POINT('',(51.822789861567,0.449987688323));
#6294 = CARTESIAN_POINT('',(51.822982655314,0.432876232154));
#6295 = CARTESIAN_POINT('',(51.822368493107,0.423013829147));
#6296 = CARTESIAN_POINT('',(51.821028523706,0.413170030361));
#6297 = CARTESIAN_POINT('',(51.818972461718,0.403370156756));
#6298 = CARTESIAN_POINT('',(51.81621876634,0.393637064854));
#6299 = CARTESIAN_POINT('',(51.812793041047,0.383991232061));
#6300 = CARTESIAN_POINT('',(51.808726433284,0.374450841975));
#6301 = CARTESIAN_POINT('',(51.801613799598,0.360112662059));
#6302 = CARTESIAN_POINT('',(51.799008035054,0.355226118147));
#6303 = CARTESIAN_POINT('',(51.796241678955,0.350374182326));
#6304 = CARTESIAN_POINT('',(51.793319719149,0.34555856346));
#6305 = CARTESIAN_POINT('',(51.790247192897,0.34078073493));
#6306 = CARTESIAN_POINT('',(51.78702918687,0.336041934627));
#6307 = CARTESIAN_POINT('',(51.783670837153,0.331343164955));
#6308 = CARTESIAN_POINT('',(51.772335819312,0.316229932515));
#6309 = CARTESIAN_POINT('',(51.763813778561,0.30598145652));
#6310 = CARTESIAN_POINT('',(51.754667798093,0.295946918186));
#6311 = CARTESIAN_POINT('',(51.744952349009,0.286129890119));
#6312 = CARTESIAN_POINT('',(51.734718683907,0.276530810675));
#6313 = CARTESIAN_POINT('',(51.724013738377,0.267147430448));
#6314 = CARTESIAN_POINT('',(51.712879032503,0.257975258751));
#6315 = CARTESIAN_POINT('',(51.680533356469,0.232817817194));
#6316 = CARTESIAN_POINT('',(51.658442206256,0.21730444674));
#6317 = CARTESIAN_POINT('',(51.635279673141,0.202424326001));
#6318 = CARTESIAN_POINT('',(51.611213680047,0.1881379779));
#6319 = CARTESIAN_POINT('',(51.586381132489,0.174407694501));
#6320 = CARTESIAN_POINT('',(51.560890898751,0.161196086513));
#6321 = CARTESIAN_POINT('',(51.534825159151,0.148465508817));
#6322 = CARTESIAN_POINT('',(51.47309243171,0.119934774879));
#6323 = CARTESIAN_POINT('',(51.437061008825,0.104477305679));
#6324 = CARTESIAN_POINT('',(51.400293500738,8.972606879821E-02));
#6325 = CARTESIAN_POINT('',(51.362906457386,7.561827657589E-02));
#6326 = CARTESIAN_POINT('',(51.324991624456,6.210164970999E-02));
#6327 = CARTESIAN_POINT('',(51.286620720721,4.913008415015E-02));
#6328 = CARTESIAN_POINT('',(51.247847701917,3.666157448807E-02));
#6329 = CARTESIAN_POINT('',(51.089450720155,-1.19155051297E-02));
#6330 = CARTESIAN_POINT('',(50.966962087797,-4.411884618435E-02));
#6331 = CARTESIAN_POINT('',(50.842321090174,-7.303212327245E-02));
#6332 = CARTESIAN_POINT('',(50.716111568975,-9.915279637093E-02));
#6333 = CARTESIAN_POINT('',(50.588781403376,-0.12292598378));
#6334 = CARTESIAN_POINT('',(50.460570113207,-0.144645406555));
#6335 = CARTESIAN_POINT('',(50.331601343927,-0.164577187365));
#6336 = CARTESIAN_POINT('',(50.070355476536,-0.201537193431));
#6337 = CARTESIAN_POINT('',(49.938198263821,-0.218503069762));
#6338 = CARTESIAN_POINT('',(49.805507180816,-0.234039195471));
#6339 = CARTESIAN_POINT('',(49.67237420417,-0.248305484942));
#6340 = CARTESIAN_POINT('',(49.538869738929,-0.26143084583));
#6341 = CARTESIAN_POINT('',(49.405047158142,-0.273525035767));
#6342 = CARTESIAN_POINT('',(49.270944912015,-0.284684437474));
#6343 = CARTESIAN_POINT('',(48.948873951515,-0.309392079371));
#6344 = CARTESIAN_POINT('',(48.760681698077,-0.32212820469));
#6345 = CARTESIAN_POINT('',(48.572090795253,-0.333426388557));
#6346 = CARTESIAN_POINT('',(48.383164932592,-0.343468881072));
#6347 = CARTESIAN_POINT('',(48.193953729284,-0.352408516504));
#6348 = CARTESIAN_POINT('',(48.004495123097,-0.360378518581));
#6349 = CARTESIAN_POINT('',(47.814816559215,-0.367497516684));
#6350 = CARTESIAN_POINT('',(47.464223048841,-0.379263121775));
#6351 = CARTESIAN_POINT('',(47.303370361085,-0.384121557169));
#6352 = CARTESIAN_POINT('',(47.142390692289,-0.388508330667));
#6353 = CARTESIAN_POINT('',(46.981296172031,-0.392480531232));
#6354 = CARTESIAN_POINT('',(46.820097410354,-0.396089732063));
#6355 = CARTESIAN_POINT('',(46.658803625246,-0.399382637437));
#6356 = CARTESIAN_POINT('',(46.497422770138,-0.402401729542));
#6357 = CARTESIAN_POINT('',(46.335961661384,-0.40518591531));
#6358 = ( GEOMETRIC_REPRESENTATION_CONTEXT(2) 
PARAMETRIC_REPRESENTATION_CONTEXT() REPRESENTATION_CONTEXT('2D SPACE',''
  ) );
#6359 = ORIENTED_EDGE('',*,*,#6360,.T.);
#6360 = EDGE_CURVE('',#6047,#5604,#6361,.T.);
#6361 = SURFACE_CURVE('',#6362,(#6367,#6374),.PCURVE_S1.);
#6362 = CIRCLE('',#6363,42.83735);
#6363 = AXIS2_PLACEMENT_3D('',#6364,#6365,#6366);
#6364 = CARTESIAN_POINT('',(-50.,67.145,11.7));
#6365 = DIRECTION('',(0.,0.,1.));
#6366 = DIRECTION('',(1.,0.,-0.));
#6367 = PCURVE('',#5065,#6368);
#6368 = DEFINITIONAL_REPRESENTATION('',(#6369),#6373);
#6369 = LINE('',#6370,#6371);
#6370 = CARTESIAN_POINT('',(-0.,5.738654125811));
#6371 = VECTOR('',#6372,1.);
#6372 = DIRECTION('',(-1.,0.));
#6373 = ( GEOMETRIC_REPRESENTATION_CONTEXT(2) 
PARAMETRIC_REPRESENTATION_CONTEXT() REPRESENTATION_CONTEXT('2D SPACE',''
  ) );
#6374 = PCURVE('',#5935,#6375);
#6375 = DEFINITIONAL_REPRESENTATION('',(#6376),#6380);
#6376 = LINE('',#6377,#6378);
#6377 = CARTESIAN_POINT('',(0.,23.7911647093));
#6378 = VECTOR('',#6379,1.);
#6379 = DIRECTION('',(1.,0.));
#6380 = ( GEOMETRIC_REPRESENTATION_CONTEXT(2) 
PARAMETRIC_REPRESENTATION_CONTEXT() REPRESENTATION_CONTEXT('2D SPACE',''
  ) );
#6381 = ORIENTED_EDGE('',*,*,#5603,.T.);
#6382 = ORIENTED_EDGE('',*,*,#5044,.F.);
#6383 = ADVANCED_FACE('',(#6384),#5144,.T.);
#6384 = FACE_BOUND('',#6385,.T.);
#6385 = EDGE_LOOP('',(#6386,#6387,#6388,#6411));
#6386 = ORIENTED_EDGE('',*,*,#6020,.T.);
#6387 = ORIENTED_EDGE('',*,*,#5130,.T.);
#6388 = ORIENTED_EDGE('',*,*,#6389,.F.);
#6389 = EDGE_CURVE('',#6390,#5106,#6392,.T.);
#6390 = VERTEX_POINT('',#6391);
#6391 = CARTESIAN_POINT('',(-0.5,67.145,11.3));
#6392 = SURFACE_CURVE('',#6393,(#6397,#6404),.PCURVE_S1.);
#6393 = LINE('',#6394,#6395);
#6394 = CARTESIAN_POINT('',(-0.5,67.145,11.3));
#6395 = VECTOR('',#6396,1.);
#6396 = DIRECTION('',(0.,0.,-1.));
#6397 = PCURVE('',#5144,#6398);
#6398 = DEFINITIONAL_REPRESENTATION('',(#6399),#6403);
#6399 = LINE('',#6400,#6401);
#6400 = CARTESIAN_POINT('',(0.,0.));
#6401 = VECTOR('',#6402,1.);
#6402 = DIRECTION('',(1.,0.));
#6403 = ( GEOMETRIC_REPRESENTATION_CONTEXT(2) 
PARAMETRIC_REPRESENTATION_CONTEXT() REPRESENTATION_CONTEXT('2D SPACE',''
  ) );
#6404 = PCURVE('',#5119,#6405);
#6405 = DEFINITIONAL_REPRESENTATION('',(#6406),#6410);
#6406 = LINE('',#6407,#6408);
#6407 = CARTESIAN_POINT('',(0.,-43.04726665359));
#6408 = VECTOR('',#6409,1.);
#6409 = DIRECTION('',(1.,0.));
#6410 = ( GEOMETRIC_REPRESENTATION_CONTEXT(2) 
PARAMETRIC_REPRESENTATION_CONTEXT() REPRESENTATION_CONTEXT('2D SPACE',''
  ) );
#6411 = ORIENTED_EDGE('',*,*,#6412,.F.);
#6412 = EDGE_CURVE('',#5958,#6390,#6413,.T.);
#6413 = SURFACE_CURVE('',#6414,(#6417,#6423),.PCURVE_S1.);
#6414 = B_SPLINE_CURVE_WITH_KNOTS('',1,(#6415,#6416),.UNSPECIFIED.,.F.,
  .F.,(2,2),(0.,1.),.PIECEWISE_BEZIER_KNOTS.);
#6415 = CARTESIAN_POINT('',(-0.5,24.,11.3));
#6416 = CARTESIAN_POINT('',(-0.5,67.145,11.3));
#6417 = PCURVE('',#5144,#6418);
#6418 = DEFINITIONAL_REPRESENTATION('',(#6419),#6422);
#6419 = B_SPLINE_CURVE_WITH_KNOTS('',1,(#6420,#6421),.UNSPECIFIED.,.F.,
  .F.,(2,2),(0.,1.),.PIECEWISE_BEZIER_KNOTS.);
#6420 = CARTESIAN_POINT('',(0.,-43.145));
#6421 = CARTESIAN_POINT('',(0.,0.));
#6422 = ( GEOMETRIC_REPRESENTATION_CONTEXT(2) 
PARAMETRIC_REPRESENTATION_CONTEXT() REPRESENTATION_CONTEXT('2D SPACE',''
  ) );
#6423 = PCURVE('',#5444,#6424);
#6424 = DEFINITIONAL_REPRESENTATION('',(#6425),#6429);
#6425 = LINE('',#6426,#6427);
#6426 = CARTESIAN_POINT('',(103.69570414031,0.));
#6427 = VECTOR('',#6428,1.);
#6428 = DIRECTION('',(0.,1.));
#6429 = ( GEOMETRIC_REPRESENTATION_CONTEXT(2) 
PARAMETRIC_REPRESENTATION_CONTEXT() REPRESENTATION_CONTEXT('2D SPACE',''
  ) );
#6430 = ADVANCED_FACE('',(#6431),#5093,.F.);
#6431 = FACE_BOUND('',#6432,.F.);
#6432 = EDGE_LOOP('',(#6433,#6582,#6609,#6610,#6611));
#6433 = ORIENTED_EDGE('',*,*,#6434,.F.);
#6434 = EDGE_CURVE('',#6435,#6437,#6439,.T.);
#6435 = VERTEX_POINT('',#6436);
#6436 = CARTESIAN_POINT('',(-42.39566768514,109.29,12.050905639591));
#6437 = VERTEX_POINT('',#6438);
#6438 = CARTESIAN_POINT('',(-9.267333764933,109.29,11.3));
#6439 = SURFACE_CURVE('',#6440,(#6464,#6491),.PCURVE_S1.);
#6440 = B_SPLINE_CURVE_WITH_KNOTS('',3,(#6441,#6442,#6443,#6444,#6445,
    #6446,#6447,#6448,#6449,#6450,#6451,#6452,#6453,#6454,#6455,#6456,
    #6457,#6458,#6459,#6460,#6461,#6462,#6463),.UNSPECIFIED.,.F.,.F.,(4,
    1,1,1,1,1,1,1,1,1,1,1,1,1,1,1,1,1,1,1,4),(0.,0.518752482186,
    2.062236520992,4.592446416853,8.047080004847,12.341072740767,
    17.368692272509,23.006141921489,29.117359735584,35.548802913077,
    42.141876192548,48.73422129389,55.163625571438,61.272097310322,
    66.909832043786,71.938962319931,76.23703750298,79.700312073216,
    82.237033075256,83.780517114062,84.299269596248),.UNSPECIFIED.);
#6441 = CARTESIAN_POINT('',(-93.53744961645,109.29,11.4));
#6442 = CARTESIAN_POINT('',(-93.36453212238,109.29,11.4));
#6443 = CARTESIAN_POINT('',(-92.67711993622,109.29,11.399999180603));
#6444 = CARTESIAN_POINT('',(-91.14630465738,109.29,11.400011863889));
#6445 = CARTESIAN_POINT('',(-88.63686067263,109.29,11.399915011148));
#6446 = CARTESIAN_POINT('',(-85.21059062862,109.29,11.4004851615));
#6447 = CARTESIAN_POINT('',(-80.95179732787,109.29,11.397555558443));
#6448 = CARTESIAN_POINT('',(-75.96565359002,109.29,11.411339643634));
#6449 = CARTESIAN_POINT('',(-70.37263014321,109.29,11.350509319756));
#6450 = CARTESIAN_POINT('',(-64.3164848027,109.29,11.605659399479));
#6451 = CARTESIAN_POINT('',(-57.93996303994,109.29,11.759665823136));
#6452 = CARTESIAN_POINT('',(-51.40277479693,109.29,11.914695444854));
#6453 = CARTESIAN_POINT('',(-44.8654303794,109.29,12.027034361218));
#6454 = CARTESIAN_POINT('',(-38.48897748571,109.29,12.094396958081));
#6455 = CARTESIAN_POINT('',(-32.43037156239,109.29,12.10478422257));
#6456 = CARTESIAN_POINT('',(-26.83862531238,109.29,12.052691346283));
#6457 = CARTESIAN_POINT('',(-21.85168548664,109.29,11.935287363355));
#6458 = CARTESIAN_POINT('',(-17.59096490619,109.29,11.758836942747));
#6459 = CARTESIAN_POINT('',(-14.16714738786,109.29,11.525086095527));
#6460 = CARTESIAN_POINT('',(-11.66174099555,109.29,11.269259250013));
#6461 = CARTESIAN_POINT('',(-10.12762259566,109.29,11.301158910024));
#6462 = CARTESIAN_POINT('',(-9.44022595563,109.29,11.30070586782));
#6463 = CARTESIAN_POINT('',(-9.267333764933,109.29,11.3));
#6464 = PCURVE('',#5093,#6465);
#6465 = DEFINITIONAL_REPRESENTATION('',(#6466),#6490);
#6466 = B_SPLINE_CURVE_WITH_KNOTS('',3,(#6467,#6468,#6469,#6470,#6471,
    #6472,#6473,#6474,#6475,#6476,#6477,#6478,#6479,#6480,#6481,#6482,
    #6483,#6484,#6485,#6486,#6487,#6488,#6489),.UNSPECIFIED.,.F.,.F.,(4,
    1,1,1,1,1,1,1,1,1,1,1,1,1,1,1,1,1,1,1,4),(0.,0.518752482186,
    2.062236520992,4.592446416853,8.047080004847,12.341072740767,
    17.368692272509,23.006141921489,29.117359735584,35.548802913077,
    42.141876192548,48.73422129389,55.163625571438,61.272097310322,
    66.909832043786,71.938962319931,76.23703750298,79.700312073216,
    82.237033075256,83.780517114062,84.299269596248),.UNSPECIFIED.);
#6467 = CARTESIAN_POINT('',(0.,0.));
#6468 = CARTESIAN_POINT('',(0.172907633319,1.846643598564E-03));
#6469 = CARTESIAN_POINT('',(0.860280628064,9.186928282156E-03));
#6470 = CARTESIAN_POINT('',(2.391008475628,2.554769783568E-02));
#6471 = CARTESIAN_POINT('',(4.900310391878,5.225003999782E-02));
#6472 = CARTESIAN_POINT('',(8.326378961587,8.941043852471E-02));
#6473 = CARTESIAN_POINT('',(12.58496068784,0.13196207678));
#6474 = CARTESIAN_POINT('',(17.570672882466,0.198994068111));
#6475 = CARTESIAN_POINT('',(23.164027010475,0.197896976159));
#6476 = CARTESIAN_POINT('',(29.217102162187,0.517708101986));
#6477 = CARTESIAN_POINT('',(35.591615613311,0.739802746215));
#6478 = CARTESIAN_POINT('',(42.126775455479,0.964636341093));
#6479 = CARTESIAN_POINT('',(48.662547371551,1.146783332924));
#6480 = CARTESIAN_POINT('',(55.037917255853,1.28223835581));
#6481 = CARTESIAN_POINT('',(61.096066753822,1.357326901561));
#6482 = CARTESIAN_POINT('',(66.688050447738,1.36495311933));
#6483 = CARTESIAN_POINT('',(71.675959686,1.300813025322));
#6484 = CARTESIAN_POINT('',(75.938321668732,1.169874323236));
#6485 = CARTESIAN_POINT('',(79.364440244713,0.972700895173));
#6486 = CARTESIAN_POINT('',(81.872435824666,0.74364470895));
#6487 = CARTESIAN_POINT('',(83.406126073254,0.791925911982));
#6488 = CARTESIAN_POINT('',(84.093488352202,0.798813833625));
#6489 = CARTESIAN_POINT('',(84.266378221797,0.799954379433));
#6490 = ( GEOMETRIC_REPRESENTATION_CONTEXT(2) 
PARAMETRIC_REPRESENTATION_CONTEXT() REPRESENTATION_CONTEXT('2D SPACE',''
  ) );
#6491 = PCURVE('',#6492,#6577);
#6492 = B_SPLINE_SURFACE_WITH_KNOTS('',3,1,(
    (#6493,#6494)
    ,(#6495,#6496)
    ,(#6497,#6498)
    ,(#6499,#6500)
    ,(#6501,#6502)
    ,(#6503,#6504)
    ,(#6505,#6506)
    ,(#6507,#6508)
    ,(#6509,#6510)
    ,(#6511,#6512)
    ,(#6513,#6514)
    ,(#6515,#6516)
    ,(#6517,#6518)
    ,(#6519,#6520)
    ,(#6521,#6522)
    ,(#6523,#6524)
    ,(#6525,#6526)
    ,(#6527,#6528)
    ,(#6529,#6530)
    ,(#6531,#6532)
    ,(#6533,#6534)
    ,(#6535,#6536)
    ,(#6537,#6538)
    ,(#6539,#6540)
    ,(#6541,#6542)
    ,(#6543,#6544)
    ,(#6545,#6546)
    ,(#6547,#6548)
    ,(#6549,#6550)
    ,(#6551,#6552)
    ,(#6553,#6554)
    ,(#6555,#6556)
    ,(#6557,#6558)
    ,(#6559,#6560)
    ,(#6561,#6562)
    ,(#6563,#6564)
    ,(#6565,#6566)
    ,(#6567,#6568)
    ,(#6569,#6570)
    ,(#6571,#6572)
    ,(#6573,#6574)
    ,(#6575,#6576
    )),.UNSPECIFIED.,.F.,.F.,.F.,(4,1,1,1,1,1,1,1,1,1,1,1,1,1,1,1,1,1,1,
    1,1,1,1,1,1,1,1,1,1,1,1,1,1,1,1,1,1,1,1,4),(2,2),(0.,0.604547966238,
    0.604869021112,2.403305887645,2.404582201703,5.35198237446,
    5.354824630362,9.377971225481,9.382951547201,14.382139233706,
    14.389777098941,20.242245135465,20.252016623798,26.817807431144,
    26.82532232901,33.941655516277,33.951045027121,41.438192563794,
    41.450152737824,49.12269201511,49.137722277478,56.80590962917,
    56.824442756343,64.298857544188,64.321173095454,71.417600571188,
    71.443693850669,77.987919159575,78.017331966384,83.849706587384,
    83.881333029776,88.86106006931,88.892918743412,92.902251833852,
    92.931121105958,95.880480304105,95.888955529944,97.688668710536,
    97.688989765409,98.293537731648),(0.,1.),.UNSPECIFIED.);
#6493 = CARTESIAN_POINT('',(-98.70738965531,67.145,11.4));
#6494 = CARTESIAN_POINT('',(-93.53744961645,109.29,11.4));
#6495 = CARTESIAN_POINT('',(-98.50587366656,67.145,11.4));
#6496 = CARTESIAN_POINT('',(-93.36462390424,109.29,11.4));
#6497 = CARTESIAN_POINT('',(-98.30425066193,67.145,11.39999853349));
#6498 = CARTESIAN_POINT('',(-93.19170640704,109.29,11.399999793991));
#6499 = CARTESIAN_POINT('',(-97.50314868983,67.145,11.400004366513));
#6500 = CARTESIAN_POINT('',(-92.50465911332,109.29,11.400000612084));
#6501 = CARTESIAN_POINT('',(-96.90313722839,67.145,11.400034689363));
#6502 = CARTESIAN_POINT('',(-91.99007271685,109.29,11.400004873005));
#6503 = CARTESIAN_POINT('',(-95.32076626056,67.145,11.399943059162));
#6504 = CARTESIAN_POINT('',(-90.63298707527,109.29,11.399992028574));
#6505 = CARTESIAN_POINT('',(-94.33692705847,67.145,11.399711583986));
#6506 = CARTESIAN_POINT('',(-89.78921841286,109.29,11.39995948674));
#6507 = CARTESIAN_POINT('',(-92.01246293274,67.145,11.400394618165));
#6508 = CARTESIAN_POINT('',(-87.79569579813,109.29,11.400055154248));
#6509 = CARTESIAN_POINT('',(-90.66880431266,67.145,11.401756753877));
#6510 = CARTESIAN_POINT('',(-86.64334165836,109.29,11.400246743776));
#6511 = CARTESIAN_POINT('',(-87.65970590383,67.145,11.397809996635));
#6512 = CARTESIAN_POINT('',(-84.06264127544,109.29,11.39969445803));
#6513 = CARTESIAN_POINT('',(-85.98911539558,67.145,11.390813716419));
#6514 = CARTESIAN_POINT('',(-82.62987159288,109.29,11.398709897512));
#6515 = CARTESIAN_POINT('',(-82.36931816026,67.145,11.410798719971));
#6516 = CARTESIAN_POINT('',(-79.52550354833,109.29,11.401503724685));
#6517 = CARTESIAN_POINT('',(-80.41263978581,67.145,11.443846402677));
#6518 = CARTESIAN_POINT('',(-77.84751755995,109.29,11.406137271893));
#6519 = CARTESIAN_POINT('',(-76.27219265628,67.145,11.578299305218));
#6520 = CARTESIAN_POINT('',(-74.29444471445,109.29,11.393147883944));
#6521 = CARTESIAN_POINT('',(-74.08040260443,67.145,11.687751552258));
#6522 = CARTESIAN_POINT('',(-72.41218940248,109.29,11.372691785374));
#6523 = CARTESIAN_POINT('',(-69.52135427916,67.145,11.884232717034));
#6524 = CARTESIAN_POINT('',(-68.49951757301,109.29,11.429499099355));
#6525 = CARTESIAN_POINT('',(-67.14511406724,67.145,11.9690517593));
#6526 = CARTESIAN_POINT('',(-66.46160502544,109.29,11.515283828043));
#6527 = CARTESIAN_POINT('',(-62.27711440992,67.145,12.13907866369));
#6528 = CARTESIAN_POINT('',(-62.28616974205,109.29,11.654664242597));
#6529 = CARTESIAN_POINT('',(-59.77573238494,67.145,12.224419821065));
#6530 = CARTESIAN_POINT('',(-60.14036366451,109.29,11.706521516034));
#6531 = CARTESIAN_POINT('',(-54.72095588867,67.145,12.381438665213));
#6532 = CARTESIAN_POINT('',(-55.80444122619,109.29,11.810308837279));
#6533 = CARTESIAN_POINT('',(-52.15542833596,67.145,12.453104746551));
#6534 = CARTESIAN_POINT('',(-53.60392545204,109.29,11.862495088872));
#6535 = CARTESIAN_POINT('',(-47.03838579426,67.145,12.579435658036));
#6536 = CARTESIAN_POINT('',(-49.2149894969,109.29,11.952273416677));
#6537 = CARTESIAN_POINT('',(-44.47170094439,67.145,12.634471811756));
#6538 = CARTESIAN_POINT('',(-47.0135577869,109.29,11.990120548856));
#6539 = CARTESIAN_POINT('',(-39.41871932271,67.145,12.720880949189));
#6540 = CARTESIAN_POINT('',(-42.67975789939,109.29,12.050103504496));
#6541 = CARTESIAN_POINT('',(-36.91380854948,67.145,12.753108499178));
#6542 = CARTESIAN_POINT('',(-40.53142212848,109.29,12.072820012813));
#6543 = CARTESIAN_POINT('',(-32.04950714908,67.145,12.789036876976));
#6544 = CARTESIAN_POINT('',(-36.35965718751,109.29,12.098015340302));
#6545 = CARTESIAN_POINT('',(-29.66781667125,67.145,12.794221780208));
#6546 = CARTESIAN_POINT('',(-34.31709740364,109.29,12.101549498183));
#6547 = CARTESIAN_POINT('',(-25.11232214827,67.145,12.771179433007));
#6548 = CARTESIAN_POINT('',(-30.41009404212,109.29,12.085918563211));
#6549 = CARTESIAN_POINT('',(-22.91255994103,67.145,12.745352452921));
#6550 = CARTESIAN_POINT('',(-28.52340064239,109.29,12.068386763942));
#6551 = CARTESIAN_POINT('',(-18.77781535021,67.145,12.661068772404));
#6552 = CARTESIAN_POINT('',(-24.97734386814,109.29,12.008811573011));
#6553 = CARTESIAN_POINT('',(-16.81376607521,67.145,12.605831630246));
#6554 = CARTESIAN_POINT('',(-23.29302146031,109.29,11.969219712643));
#6555 = CARTESIAN_POINT('',(-13.20284622282,67.145,12.45386366427));
#6556 = CARTESIAN_POINT('',(-20.19453760682,109.29,11.866583976644));
#6557 = CARTESIAN_POINT('',(-11.52461238338,67.145,12.363191762246));
#6558 = CARTESIAN_POINT('',(-18.75374068773,109.29,11.806991303459));
#6559 = CARTESIAN_POINT('',(-8.522467815662,67.145,12.168257277668));
#6560 = CARTESIAN_POINT('',(-16.17929932966,109.29,11.662360092387));
#6561 = CARTESIAN_POINT('',(-7.167941044359,67.145,12.067971626114));
#6562 = CARTESIAN_POINT('',(-15.01876713495,109.29,11.583227873331));
#6563 = CARTESIAN_POINT('',(-4.857821971081,67.145,11.783756443343));
#6564 = CARTESIAN_POINT('',(-13.02753273938,109.29,11.408685225386));
#6565 = CARTESIAN_POINT('',(-3.875157041865,67.145,11.627435510884));
#6566 = CARTESIAN_POINT('',(-12.1767905148,109.29,11.321850915061));
#6567 = CARTESIAN_POINT('',(-2.302967180963,67.145,11.401144823977));
#6568 = CARTESIAN_POINT('',(-10.81796727755,109.29,11.286804241803));
#6569 = CARTESIAN_POINT('',(-1.703716165626,67.145,11.320658830961));
#6570 = CARTESIAN_POINT('',(-10.30057599025,109.29,11.297562607101));
#6571 = CARTESIAN_POINT('',(-0.903457907934,67.145,11.293066576226));
#6572 = CARTESIAN_POINT('',(-9.613047762445,109.29,11.300819769413));
#6573 = CARTESIAN_POINT('',(-0.701858444616,67.145,11.292840230734));
#6574 = CARTESIAN_POINT('',(-9.4401341872,109.29,11.300705493157));
#6575 = CARTESIAN_POINT('',(-0.5,67.145,11.3));
#6576 = CARTESIAN_POINT('',(-9.267333764933,109.29,11.3));
#6577 = DEFINITIONAL_REPRESENTATION('',(#6578),#6581);
#6578 = B_SPLINE_CURVE_WITH_KNOTS('',1,(#6579,#6580),.UNSPECIFIED.,.F.,
  .F.,(2,2),(0.,84.299269596248),.PIECEWISE_BEZIER_KNOTS.);
#6579 = CARTESIAN_POINT('',(0.,1.));
#6580 = CARTESIAN_POINT('',(98.293537731648,1.));
#6581 = ( GEOMETRIC_REPRESENTATION_CONTEXT(2) 
PARAMETRIC_REPRESENTATION_CONTEXT() REPRESENTATION_CONTEXT('2D SPACE',''
  ) );
#6582 = ORIENTED_EDGE('',*,*,#6583,.T.);
#6583 = EDGE_CURVE('',#6435,#6047,#6584,.T.);
#6584 = SURFACE_CURVE('',#6585,(#6591,#6600),.PCURVE_S1.);
#6585 = B_SPLINE_CURVE_WITH_KNOTS('',4,(#6586,#6587,#6588,#6589,#6590),
  .UNSPECIFIED.,.F.,.F.,(5,5),(0.,1.),.PIECEWISE_BEZIER_KNOTS.);
#6586 = CARTESIAN_POINT('',(-42.43274909224,109.29,12.219235693114));
#6587 = CARTESIAN_POINT('',(-42.40304065536,109.29,12.090394471513));
#6588 = CARTESIAN_POINT('',(-42.37588949656,109.29,11.960879837271));
#6589 = CARTESIAN_POINT('',(-42.35134031681,109.29,11.830732802636));
#6590 = CARTESIAN_POINT('',(-42.32943743767,109.29,11.7));
#6591 = PCURVE('',#5093,#6592);
#6592 = DEFINITIONAL_REPRESENTATION('',(#6593),#6599);
#6593 = B_SPLINE_CURVE_WITH_KNOTS('',4,(#6594,#6595,#6596,#6597,#6598),
  .UNSPECIFIED.,.F.,.F.,(5,5),(0.,1.),.PIECEWISE_BEZIER_KNOTS.);
#6594 = CARTESIAN_POINT('',(51.093037351203,1.36495311933));
#6595 = CARTESIAN_POINT('',(51.124120032323,1.236436511298));
#6596 = CARTESIAN_POINT('',(51.152652772787,1.107219219001));
#6597 = CARTESIAN_POINT('',(51.178590436204,0.977341774972));
#6598 = CARTESIAN_POINT('',(51.201888205518,0.84685033562));
#6599 = ( GEOMETRIC_REPRESENTATION_CONTEXT(2) 
PARAMETRIC_REPRESENTATION_CONTEXT() REPRESENTATION_CONTEXT('2D SPACE',''
  ) );
#6600 = PCURVE('',#5935,#6601);
#6601 = DEFINITIONAL_REPRESENTATION('',(#6602),#6608);
#6602 = B_SPLINE_CURVE_WITH_KNOTS('',4,(#6603,#6604,#6605,#6606,#6607),
  .UNSPECIFIED.,.F.,.F.,(5,5),(0.,1.),.PIECEWISE_BEZIER_KNOTS.);
#6603 = CARTESIAN_POINT('',(1.393136630238,23.387301995354));
#6604 = CARTESIAN_POINT('',(1.392453736077,23.488465889063));
#6605 = CARTESIAN_POINT('',(1.391829848245,23.589523520556));
#6606 = CARTESIAN_POINT('',(1.391265908906,23.690436367019));
#6607 = CARTESIAN_POINT('',(1.390762869425,23.7911647093));
#6608 = ( GEOMETRIC_REPRESENTATION_CONTEXT(2) 
PARAMETRIC_REPRESENTATION_CONTEXT() REPRESENTATION_CONTEXT('2D SPACE',''
  ) );
#6609 = ORIENTED_EDGE('',*,*,#6046,.T.);
#6610 = ORIENTED_EDGE('',*,*,#5077,.F.);
#6611 = ORIENTED_EDGE('',*,*,#6612,.F.);
#6612 = EDGE_CURVE('',#6437,#5078,#6613,.T.);
#6613 = SURFACE_CURVE('',#6614,(#6618,#6625),.PCURVE_S1.);
#6614 = LINE('',#6615,#6616);
#6615 = CARTESIAN_POINT('',(-9.267333764933,109.29,11.3));
#6616 = VECTOR('',#6617,1.);
#6617 = DIRECTION('',(0.,0.,-1.));
#6618 = PCURVE('',#5093,#6619);
#6619 = DEFINITIONAL_REPRESENTATION('',(#6620),#6624);
#6620 = LINE('',#6621,#6622);
#6621 = CARTESIAN_POINT('',(84.266378221797,0.799954379433));
#6622 = VECTOR('',#6623,1.);
#6623 = DIRECTION('',(1.067933356646E-02,-0.999942974291));
#6624 = ( GEOMETRIC_REPRESENTATION_CONTEXT(2) 
PARAMETRIC_REPRESENTATION_CONTEXT() REPRESENTATION_CONTEXT('2D SPACE',''
  ) );
#6625 = PCURVE('',#5119,#6626);
#6626 = DEFINITIONAL_REPRESENTATION('',(#6627),#6631);
#6627 = LINE('',#6628,#6629);
#6628 = CARTESIAN_POINT('',(0.,0.));
#6629 = VECTOR('',#6630,1.);
#6630 = DIRECTION('',(1.,0.));
#6631 = ( GEOMETRIC_REPRESENTATION_CONTEXT(2) 
PARAMETRIC_REPRESENTATION_CONTEXT() REPRESENTATION_CONTEXT('2D SPACE',''
  ) );
#6632 = ADVANCED_FACE('',(#6633),#5119,.T.);
#6633 = FACE_BOUND('',#6634,.T.);
#6634 = EDGE_LOOP('',(#6635,#6636,#6637,#6638));
#6635 = ORIENTED_EDGE('',*,*,#6389,.T.);
#6636 = ORIENTED_EDGE('',*,*,#5105,.T.);
#6637 = ORIENTED_EDGE('',*,*,#6612,.F.);
#6638 = ORIENTED_EDGE('',*,*,#6639,.F.);
#6639 = EDGE_CURVE('',#6390,#6437,#6640,.T.);
#6640 = SURFACE_CURVE('',#6641,(#6644,#6650),.PCURVE_S1.);
#6641 = B_SPLINE_CURVE_WITH_KNOTS('',1,(#6642,#6643),.UNSPECIFIED.,.F.,
  .F.,(2,2),(0.,1.),.PIECEWISE_BEZIER_KNOTS.);
#6642 = CARTESIAN_POINT('',(-0.5,67.145,11.3));
#6643 = CARTESIAN_POINT('',(-9.267333764933,109.29,11.3));
#6644 = PCURVE('',#5119,#6645);
#6645 = DEFINITIONAL_REPRESENTATION('',(#6646),#6649);
#6646 = B_SPLINE_CURVE_WITH_KNOTS('',1,(#6647,#6648),.UNSPECIFIED.,.F.,
  .F.,(2,2),(0.,1.),.PIECEWISE_BEZIER_KNOTS.);
#6647 = CARTESIAN_POINT('',(0.,-43.04726665359));
#6648 = CARTESIAN_POINT('',(0.,0.));
#6649 = ( GEOMETRIC_REPRESENTATION_CONTEXT(2) 
PARAMETRIC_REPRESENTATION_CONTEXT() REPRESENTATION_CONTEXT('2D SPACE',''
  ) );
#6650 = PCURVE('',#6492,#6651);
#6651 = DEFINITIONAL_REPRESENTATION('',(#6652),#6656);
#6652 = LINE('',#6653,#6654);
#6653 = CARTESIAN_POINT('',(98.293537731648,0.));
#6654 = VECTOR('',#6655,1.);
#6655 = DIRECTION('',(0.,1.));
#6656 = ( GEOMETRIC_REPRESENTATION_CONTEXT(2) 
PARAMETRIC_REPRESENTATION_CONTEXT() REPRESENTATION_CONTEXT('2D SPACE',''
  ) );
#6657 = ADVANCED_FACE('',(#6658),#5204,.F.);
#6658 = FACE_BOUND('',#6659,.F.);
#6659 = EDGE_LOOP('',(#6660,#6683,#6710,#6711));
#6660 = ORIENTED_EDGE('',*,*,#6661,.T.);
#6661 = EDGE_CURVE('',#5184,#6662,#6664,.T.);
#6662 = VERTEX_POINT('',#6663);
#6663 = CARTESIAN_POINT('',(-24.98434126066,34.62579187895,14.9));
#6664 = SEAM_CURVE('',#6665,(#6669,#6676),.PCURVE_S1.);
#6665 = LINE('',#6666,#6667);
#6666 = CARTESIAN_POINT('',(-24.98434126066,34.62579187895,10.4));
#6667 = VECTOR('',#6668,1.);
#6668 = DIRECTION('',(0.,0.,1.));
#6669 = PCURVE('',#5204,#6670);
#6670 = DEFINITIONAL_REPRESENTATION('',(#6671),#6675);
#6671 = LINE('',#6672,#6673);
#6672 = CARTESIAN_POINT('',(6.28318530718,-0.));
#6673 = VECTOR('',#6674,1.);
#6674 = DIRECTION('',(0.,1.));
#6675 = ( GEOMETRIC_REPRESENTATION_CONTEXT(2) 
PARAMETRIC_REPRESENTATION_CONTEXT() REPRESENTATION_CONTEXT('2D SPACE',''
  ) );
#6676 = PCURVE('',#5204,#6677);
#6677 = DEFINITIONAL_REPRESENTATION('',(#6678),#6682);
#6678 = LINE('',#6679,#6680);
#6679 = CARTESIAN_POINT('',(0.,-0.));
#6680 = VECTOR('',#6681,1.);
#6681 = DIRECTION('',(0.,1.));
#6682 = ( GEOMETRIC_REPRESENTATION_CONTEXT(2) 
PARAMETRIC_REPRESENTATION_CONTEXT() REPRESENTATION_CONTEXT('2D SPACE',''
  ) );
#6683 = ORIENTED_EDGE('',*,*,#6684,.F.);
#6684 = EDGE_CURVE('',#6662,#6662,#6685,.T.);
#6685 = SURFACE_CURVE('',#6686,(#6691,#6698),.PCURVE_S1.);
#6686 = CIRCLE('',#6687,0.8);
#6687 = AXIS2_PLACEMENT_3D('',#6688,#6689,#6690);
#6688 = CARTESIAN_POINT('',(-25.78434126066,34.62579187895,14.9));
#6689 = DIRECTION('',(0.,0.,1.));
#6690 = DIRECTION('',(1.,0.,-0.));
#6691 = PCURVE('',#5204,#6692);
#6692 = DEFINITIONAL_REPRESENTATION('',(#6693),#6697);
#6693 = LINE('',#6694,#6695);
#6694 = CARTESIAN_POINT('',(0.,4.5));
#6695 = VECTOR('',#6696,1.);
#6696 = DIRECTION('',(1.,0.));
#6697 = ( GEOMETRIC_REPRESENTATION_CONTEXT(2) 
PARAMETRIC_REPRESENTATION_CONTEXT() REPRESENTATION_CONTEXT('2D SPACE',''
  ) );
#6698 = PCURVE('',#6699,#6704);
#6699 = PLANE('',#6700);
#6700 = AXIS2_PLACEMENT_3D('',#6701,#6702,#6703);
#6701 = CARTESIAN_POINT('',(-25.78434126066,34.62579187895,14.9));
#6702 = DIRECTION('',(0.,0.,1.));
#6703 = DIRECTION('',(1.,0.,-0.));
#6704 = DEFINITIONAL_REPRESENTATION('',(#6705),#6709);
#6705 = CIRCLE('',#6706,0.8);
#6706 = AXIS2_PLACEMENT_2D('',#6707,#6708);
#6707 = CARTESIAN_POINT('',(0.,0.));
#6708 = DIRECTION('',(1.,0.));
#6709 = ( GEOMETRIC_REPRESENTATION_CONTEXT(2) 
PARAMETRIC_REPRESENTATION_CONTEXT() REPRESENTATION_CONTEXT('2D SPACE',''
  ) );
#6710 = ORIENTED_EDGE('',*,*,#6661,.F.);
#6711 = ORIENTED_EDGE('',*,*,#5183,.T.);
#6712 = ADVANCED_FACE('',(#6713),#5263,.T.);
#6713 = FACE_BOUND('',#6714,.F.);
#6714 = EDGE_LOOP('',(#6715,#6716,#6740,#6762));
#6715 = ORIENTED_EDGE('',*,*,#5248,.T.);
#6716 = ORIENTED_EDGE('',*,*,#6717,.T.);
#6717 = EDGE_CURVE('',#5225,#6718,#6720,.T.);
#6718 = VERTEX_POINT('',#6719);
#6719 = CARTESIAN_POINT('',(-4.655,67.145,34.9));
#6720 = SEAM_CURVE('',#6721,(#6726,#6733),.PCURVE_S1.);
#6721 = CIRCLE('',#6722,1.509554754077);
#6722 = AXIS2_PLACEMENT_3D('',#6723,#6724,#6725);
#6723 = CARTESIAN_POINT('',(-6.161666666667,67.145,34.993333333333));
#6724 = DIRECTION('',(0.,1.,-0.));
#6725 = DIRECTION('',(-6.182838554301E-02,0.,0.998086795194));
#6726 = PCURVE('',#5263,#6727);
#6727 = DEFINITIONAL_REPRESENTATION('',(#6728),#6732);
#6728 = LINE('',#6729,#6730);
#6729 = CARTESIAN_POINT('',(-0.,4.65052113452));
#6730 = VECTOR('',#6731,1.);
#6731 = DIRECTION('',(-0.,1.));
#6732 = ( GEOMETRIC_REPRESENTATION_CONTEXT(2) 
PARAMETRIC_REPRESENTATION_CONTEXT() REPRESENTATION_CONTEXT('2D SPACE',''
  ) );
#6733 = PCURVE('',#5263,#6734);
#6734 = DEFINITIONAL_REPRESENTATION('',(#6735),#6739);
#6735 = LINE('',#6736,#6737);
#6736 = CARTESIAN_POINT('',(-6.28318530718,4.65052113452));
#6737 = VECTOR('',#6738,1.);
#6738 = DIRECTION('',(-0.,1.));
#6739 = ( GEOMETRIC_REPRESENTATION_CONTEXT(2) 
PARAMETRIC_REPRESENTATION_CONTEXT() REPRESENTATION_CONTEXT('2D SPACE',''
  ) );
#6740 = ORIENTED_EDGE('',*,*,#6741,.F.);
#6741 = EDGE_CURVE('',#6718,#6718,#6742,.T.);
#6742 = SURFACE_CURVE('',#6743,(#6748,#6755),.PCURVE_S1.);
#6743 = CIRCLE('',#6744,45.345);
#6744 = AXIS2_PLACEMENT_3D('',#6745,#6746,#6747);
#6745 = CARTESIAN_POINT('',(-50.,67.145,34.9));
#6746 = DIRECTION('',(0.,0.,1.));
#6747 = DIRECTION('',(1.,0.,-0.));
#6748 = PCURVE('',#5263,#6749);
#6749 = DEFINITIONAL_REPRESENTATION('',(#6750),#6754);
#6750 = LINE('',#6751,#6752);
#6751 = CARTESIAN_POINT('',(-0.,6.345053153044));
#6752 = VECTOR('',#6753,1.);
#6753 = DIRECTION('',(-1.,0.));
#6754 = ( GEOMETRIC_REPRESENTATION_CONTEXT(2) 
PARAMETRIC_REPRESENTATION_CONTEXT() REPRESENTATION_CONTEXT('2D SPACE',''
  ) );
#6755 = PCURVE('',#5935,#6756);
#6756 = DEFINITIONAL_REPRESENTATION('',(#6757),#6761);
#6757 = LINE('',#6758,#6759);
#6758 = CARTESIAN_POINT('',(0.,0.));
#6759 = VECTOR('',#6760,1.);
#6760 = DIRECTION('',(1.,0.));
#6761 = ( GEOMETRIC_REPRESENTATION_CONTEXT(2) 
PARAMETRIC_REPRESENTATION_CONTEXT() REPRESENTATION_CONTEXT('2D SPACE',''
  ) );
#6762 = ORIENTED_EDGE('',*,*,#6717,.F.);
#6763 = ADVANCED_FACE('',(#6764),#5295,.T.);
#6764 = FACE_BOUND('',#6765,.T.);
#6765 = EDGE_LOOP('',(#6766,#6808,#7139,#7199,#7200));
#6766 = ORIENTED_EDGE('',*,*,#6767,.T.);
#6767 = EDGE_CURVE('',#5280,#6768,#6770,.T.);
#6768 = VERTEX_POINT('',#6769);
#6769 = CARTESIAN_POINT('',(-92.94424867372,67.145,11.400146572555));
#6770 = SURFACE_CURVE('',#6771,(#6795,#6802),.PCURVE_S1.);
#6771 = B_SPLINE_CURVE_WITH_KNOTS('',3,(#6772,#6773,#6774,#6775,#6776,
    #6777,#6778,#6779,#6780,#6781,#6782,#6783,#6784,#6785,#6786,#6787,
    #6788,#6789,#6790,#6791,#6792,#6793,#6794),.UNSPECIFIED.,.F.,.F.,(4,
    1,1,1,1,1,1,1,1,1,1,1,1,1,1,1,1,1,1,1,4),(0.,0.604547966238,
    2.403305887645,5.35198237446,9.377971225481,14.382139233706,
    20.242245135465,26.817807431144,33.941655516277,41.438192563794,
    49.12269201511,56.80590962917,64.298857544188,71.417600571188,
    77.987919159575,83.849706587384,88.86106006931,92.902251833852,
    95.880480304105,97.688989765409,98.293537731648),.UNSPECIFIED.);
#6772 = CARTESIAN_POINT('',(-98.70738965531,67.145,11.4));
#6773 = CARTESIAN_POINT('',(-98.50587366656,67.145,11.4));
#6774 = CARTESIAN_POINT('',(-97.70477171355,67.145,11.399994173166));
#6775 = CARTESIAN_POINT('',(-95.92077744113,67.145,11.400084365607));
#6776 = CARTESIAN_POINT('',(-92.99630414851,67.145,11.399395633566));
#6777 = CARTESIAN_POINT('',(-89.00335306469,67.145,11.403450044557));
#6778 = CARTESIAN_POINT('',(-84.03996623988,67.145,11.382615899727));
#6779 = CARTESIAN_POINT('',(-78.22652701229,67.145,11.480685094998));
#6780 = CARTESIAN_POINT('',(-71.7143237553,67.145,11.805953683646));
#6781 = CARTESIAN_POINT('',(-64.65348209091,67.145,12.057993607781));
#6782 = CARTESIAN_POINT('',(-57.22283000055,67.145,12.311538059259));
#6783 = CARTESIAN_POINT('',(-49.60433008446,67.145,12.524393597461));
#6784 = CARTESIAN_POINT('',(-41.98578778928,67.145,12.687818917372));
#6785 = CARTESIAN_POINT('',(-34.55467781929,67.145,12.783526374132));
#6786 = CARTESIAN_POINT('',(-27.49377446575,67.145,12.799057901972));
#6787 = CARTESIAN_POINT('',(-20.97726201321,67.145,12.722772356033));
#6788 = CARTESIAN_POINT('',(-15.16400136865,67.145,12.559686330638));
#6789 = CARTESIAN_POINT('',(-10.20094923707,67.145,12.291883239688));
#6790 = CARTESIAN_POINT('',(-6.196868198244,67.145,11.996968822335));
#6791 = CARTESIAN_POINT('',(-3.292487687294,67.145,11.53451288491));
#6792 = CARTESIAN_POINT('',(-1.506116995423,67.145,11.293743210802));
#6793 = CARTESIAN_POINT('',(-0.701858444616,67.145,11.292840230734));
#6794 = CARTESIAN_POINT('',(-0.5,67.145,11.3));
#6795 = PCURVE('',#5295,#6796);
#6796 = DEFINITIONAL_REPRESENTATION('',(#6797),#6801);
#6797 = LINE('',#6798,#6799);
#6798 = CARTESIAN_POINT('',(0.,0.));
#6799 = VECTOR('',#6800,1.);
#6800 = DIRECTION('',(1.,0.));
#6801 = ( GEOMETRIC_REPRESENTATION_CONTEXT(2) 
PARAMETRIC_REPRESENTATION_CONTEXT() REPRESENTATION_CONTEXT('2D SPACE',''
  ) );
#6802 = PCURVE('',#5444,#6803);
#6803 = DEFINITIONAL_REPRESENTATION('',(#6804),#6807);
#6804 = B_SPLINE_CURVE_WITH_KNOTS('',1,(#6805,#6806),.UNSPECIFIED.,.F.,
  .F.,(2,2),(0.,98.293537731648),.PIECEWISE_BEZIER_KNOTS.);
#6805 = CARTESIAN_POINT('',(0.,1.));
#6806 = CARTESIAN_POINT('',(103.69570414031,1.));
#6807 = ( GEOMETRIC_REPRESENTATION_CONTEXT(2) 
PARAMETRIC_REPRESENTATION_CONTEXT() REPRESENTATION_CONTEXT('2D SPACE',''
  ) );
#6808 = ORIENTED_EDGE('',*,*,#6809,.F.);
#6809 = EDGE_CURVE('',#6810,#6768,#6812,.T.);
#6810 = VERTEX_POINT('',#6811);
#6811 = CARTESIAN_POINT('',(-60.67234455016,108.63161973245,11.7));
#6812 = SURFACE_CURVE('',#6813,(#6918,#7026),.PCURVE_S1.);
#6813 = B_SPLINE_CURVE_WITH_KNOTS('',7,(#6814,#6815,#6816,#6817,#6818,
    #6819,#6820,#6821,#6822,#6823,#6824,#6825,#6826,#6827,#6828,#6829,
    #6830,#6831,#6832,#6833,#6834,#6835,#6836,#6837,#6838,#6839,#6840,
    #6841,#6842,#6843,#6844,#6845,#6846,#6847,#6848,#6849,#6850,#6851,
    #6852,#6853,#6854,#6855,#6856,#6857,#6858,#6859,#6860,#6861,#6862,
    #6863,#6864,#6865,#6866,#6867,#6868,#6869,#6870,#6871,#6872,#6873,
    #6874,#6875,#6876,#6877,#6878,#6879,#6880,#6881,#6882,#6883,#6884,
    #6885,#6886,#6887,#6888,#6889,#6890,#6891,#6892,#6893,#6894,#6895,
    #6896,#6897,#6898,#6899,#6900,#6901,#6902,#6903,#6904,#6905,#6906,
    #6907,#6908,#6909,#6910,#6911,#6912,#6913,#6914,#6915,#6916,#6917),
  .UNSPECIFIED.,.F.,.F.,(8,6,6,6,6,6,6,6,6,6,6,6,6,6,6,6,6,8),(0.,
    5.90550396927E-02,7.86334172743E-02,9.499433192991E-02,
    0.231376695445,0.255826790732,0.359926589619,0.382550996739,
    0.445155172565,0.517842289117,0.582446703063,0.640445750689,
    0.667644845146,0.694139135578,0.756868490466,0.825276307475,
    0.89016174269,1.),.UNSPECIFIED.);
#6814 = CARTESIAN_POINT('',(-60.67234455016,108.63161973245,11.7));
#6815 = CARTESIAN_POINT('',(-61.04158612864,108.54192651211,
    11.691534954643));
#6816 = CARTESIAN_POINT('',(-61.41056147034,108.44816568318,
    11.682914351095));
#6817 = CARTESIAN_POINT('',(-61.77925889806,108.35032847119,
    11.674103767126));
#6818 = CARTESIAN_POINT('',(-62.14766531208,108.24839966511,
    11.665070568908));
#6819 = CARTESIAN_POINT('',(-62.51576619008,108.14235761735,
    11.655783911021));
#6820 = CARTESIAN_POINT('',(-62.88354558721,108.03217424377,
    11.646214736444));
#6821 = CARTESIAN_POINT('',(-63.37280283184,107.87990178196,
    11.633060628371));
#6822 = CARTESIAN_POINT('',(-63.49458226434,107.84152957956,
    11.629751444535));
#6823 = CARTESIAN_POINT('',(-63.61632379125,107.80269716338,
    11.626407240222));
#6824 = CARTESIAN_POINT('',(-63.73802674734,107.76340320506,
    11.623027057737));
#6825 = CARTESIAN_POINT('',(-63.85969044456,107.72364630093,
    11.619609966518));
#6826 = CARTESIAN_POINT('',(-63.98131417196,107.68342497204,
    11.616155063146));
#6827 = CARTESIAN_POINT('',(-64.20449956128,107.60873680939,
    11.609742007898));
#6828 = CARTESIAN_POINT('',(-64.30607349914,107.57441066016,
    11.606795260778));
#6829 = CARTESIAN_POINT('',(-64.40761856569,107.53975754479,
    11.603822499946));
#6830 = CARTESIAN_POINT('',(-64.50913438883,107.50477844226,
    11.600818832279));
#6831 = CARTESIAN_POINT('',(-64.61062046035,107.46947122646,
    11.597786281716));
#6832 = CARTESIAN_POINT('',(-64.71207616418,107.43383102068,
    11.594733198835));
#6833 = CARTESIAN_POINT('',(-65.65896503978,107.09797929625,
    11.566042230629));
#6834 = CARTESIAN_POINT('',(-66.50227927181,106.77486807024,
    11.539064703518));
#6835 = CARTESIAN_POINT('',(-67.34314079882,106.42710640849,
    11.512587490229));
#6836 = CARTESIAN_POINT('',(-68.18126371846,106.053814286,
    11.488280369741));
#6837 = CARTESIAN_POINT('',(-69.01634578272,105.65455804945,
    11.467557235167));
#6838 = CARTESIAN_POINT('',(-69.84799532112,105.22897861124,
    11.451526929154));
#6839 = CARTESIAN_POINT('',(-70.82407806268,104.69547035117,
    11.439052760826));
#6840 = CARTESIAN_POINT('',(-70.97233782681,104.61350285899,
    11.437331692993));
#6841 = CARTESIAN_POINT('',(-71.12046864007,104.53067324128,
    11.435774205433));
#6842 = CARTESIAN_POINT('',(-71.26846789627,104.44698132551,
    11.434368924337));
#6843 = CARTESIAN_POINT('',(-71.41633290648,104.36242646968,
    11.433104803801));
#6844 = CARTESIAN_POINT('',(-71.56406089903,104.27700756241,
    11.431971125827));
#6845 = CARTESIAN_POINT('',(-72.34002667952,103.82335417988,
    11.426641843882));
#6846 = CARTESIAN_POINT('',(-72.96585958793,103.44030031213,
    11.424502549805));
#6847 = CARTESIAN_POINT('',(-73.58894387429,103.04143493121,
    11.423738585506));
#6848 = CARTESIAN_POINT('',(-74.20902641301,102.62653717314,
    11.423661201446));
#6849 = CARTESIAN_POINT('',(-74.82581978352,102.19534984505,
    11.423708020635));
#6850 = CARTESIAN_POINT('',(-75.43900494795,101.74759159724,
    11.423452168516));
#6851 = CARTESIAN_POINT('',(-76.18062503925,101.18193506667,
    11.422422638521));
#6852 = CARTESIAN_POINT('',(-76.31284057087,101.08014843188,
    11.422211395693));
#6853 = CARTESIAN_POINT('',(-76.44486458069,100.97756050596,
    11.421966684317));
#6854 = CARTESIAN_POINT('',(-76.5766925983,100.87416608592,
    11.421696052277));
#6855 = CARTESIAN_POINT('',(-76.70832155148,100.76996508424,
    11.421377678094));
#6856 = CARTESIAN_POINT('',(-76.83974617197,100.66495031626,
    11.421030131253));
#6857 = CARTESIAN_POINT('',(-77.33405085661,100.2662691553,
    11.419604141794));
#6858 = CARTESIAN_POINT('',(-77.69554120787,99.967161074711,
    11.418324035622));
#6859 = CARTESIAN_POINT('',(-78.05533685839,99.661699242907,
    11.416871953598));
#6860 = CARTESIAN_POINT('',(-78.41333373305,99.349790331003,
    11.415304284839));
#6861 = CARTESIAN_POINT('',(-78.76942005276,99.03134289765,
    11.413672860545));
#6862 = CARTESIAN_POINT('',(-79.12347637708,98.706267932325,
    11.41202468474));
#6863 = CARTESIAN_POINT('',(-79.8839513194,97.989253469201,
    11.408517244032));
#6864 = CARTESIAN_POINT('',(-80.28961765959,97.594978597195,
    11.406666935242));
#6865 = CARTESIAN_POINT('',(-80.6921762994,97.19151983318,
    11.404915178348));
#6866 = CARTESIAN_POINT('',(-81.09141111061,96.778749860655,
    11.403321804893));
#6867 = CARTESIAN_POINT('',(-81.48708946347,96.35655187699,
    11.401928100344));
#6868 = CARTESIAN_POINT('',(-81.87896062487,95.924817942503,
    11.400777182603));
#6869 = CARTESIAN_POINT('',(-82.6114321836,95.091167431873,
    11.399106257092));
#6870 = CARTESIAN_POINT('',(-82.95288728299,94.691275483535,
    11.398526973973));
#6871 = CARTESIAN_POINT('',(-83.29093809993,94.283716435968,
    11.398131056996));
#6872 = CARTESIAN_POINT('',(-83.62538695781,93.86843799844,
    11.397893912842));
#6873 = CARTESIAN_POINT('',(-83.95602397601,93.445398056244,
    11.397790526073));
#6874 = CARTESIAN_POINT('',(-84.28262770545,93.014566297272,
    11.397796002659));
#6875 = CARTESIAN_POINT('',(-84.89434692688,92.182133413273,
    11.397967011144));
#6876 = CARTESIAN_POINT('',(-85.18028951463,91.782048222081,
    11.398116127296));
#6877 = CARTESIAN_POINT('',(-85.46262509833,91.375658658406,
    11.398315950667));
#6878 = CARTESIAN_POINT('',(-85.74117710851,90.962963279986,
    11.398549437943));
#6879 = CARTESIAN_POINT('',(-86.01576156915,90.543972097596,
    11.398800388116));
#6880 = CARTESIAN_POINT('',(-86.28618783152,90.118707863743,
    11.399053816798));
#6881 = CARTESIAN_POINT('',(-86.67703555025,89.484851919274,
    11.3994100592));
#6882 = CARTESIAN_POINT('',(-86.80085405111,89.281125082748,
    11.399521390865));
#6883 = CARTESIAN_POINT('',(-86.92369447999,89.076030663224,
    11.399628934871));
#6884 = CARTESIAN_POINT('',(-87.04553624645,88.869573229611,
    11.399731388227));
#6885 = CARTESIAN_POINT('',(-87.16635850021,88.661758108276,
    11.399827535604));
#6886 = CARTESIAN_POINT('',(-87.28614013112,88.452591383046,
    11.399916249342));
#6887 = CARTESIAN_POINT('',(-87.52050305185,88.037023344259,
    11.400074650307));
#6888 = CARTESIAN_POINT('',(-87.6351386994,87.830690854282,
    11.400144727872));
#6889 = CARTESIAN_POINT('',(-87.74874680462,87.623088594192,
    11.400207234137));
#6890 = CARTESIAN_POINT('',(-87.86130730855,87.414223519132,
    11.400262666847));
#6891 = CARTESIAN_POINT('',(-87.97280000039,87.204103370474,
    11.400311509498));
#6892 = CARTESIAN_POINT('',(-88.0832045175,86.992736675817,
    11.400354231338));
#6893 = CARTESIAN_POINT('',(-88.45127522358,86.276759872826,
    11.400479023269));
#6894 = CARTESIAN_POINT('',(-88.7038357689,85.76645003513,
    11.400534986259));
#6895 = CARTESIAN_POINT('',(-88.9499092467,85.249329285382,
    11.400565196467));
#6896 = CARTESIAN_POINT('',(-89.18922046147,84.725547856995,
    11.40057509782));
#6897 = CARTESIAN_POINT('',(-89.42149431093,84.195282431336,
    11.400569500617));
#6898 = CARTESIAN_POINT('',(-89.64645833994,83.658738401743,
    11.400552524091));
#6899 = CARTESIAN_POINT('',(-90.1009108125,82.524449226848,
    11.400500292139));
#6900 = CARTESIAN_POINT('',(-90.32896755,81.925555170895,11.400463518493
    ));
#6901 = CARTESIAN_POINT('',(-90.54766728633,81.319780655202,
    11.400421645907));
#6902 = CARTESIAN_POINT('',(-90.75667408848,80.707469238723,
    11.400378031807));
#6903 = CARTESIAN_POINT('',(-90.95566819916,80.088999493016,
    11.400335092411));
#6904 = CARTESIAN_POINT('',(-91.14434992484,79.464787141414,
    11.40029443196));
#6905 = CARTESIAN_POINT('',(-91.49136691853,78.238200789518,
    11.400221440787));
#6906 = CARTESIAN_POINT('',(-91.65076675657,77.636349399863,
    11.400188795514));
#6907 = CARTESIAN_POINT('',(-91.80040719074,77.030122469546,
    11.400159846425));
#6908 = CARTESIAN_POINT('',(-91.94007656601,76.419925331529,
    11.400134896355));
#6909 = CARTESIAN_POINT('',(-92.06958884785,75.806179545316,
    11.400113918573));
#6910 = CARTESIAN_POINT('',(-92.18878505061,75.189323230858,
    11.400096734668));
#6911 = CARTESIAN_POINT('',(-92.48162633731,73.521099940616,
    11.400060268127));
#6912 = CARTESIAN_POINT('',(-92.63579325849,72.464717754988,
    11.400047768281));
#6913 = CARTESIAN_POINT('',(-92.75938697218,71.402925712163,
    11.400044966866));
#6914 = CARTESIAN_POINT('',(-92.8520379907,70.337932299964,
    11.400051079118));
#6915 = CARTESIAN_POINT('',(-92.91362542438,69.271891365436,
    11.400067702639));
#6916 = CARTESIAN_POINT('',(-92.9442554578,68.206900489747,
    11.400098564246));
#6917 = CARTESIAN_POINT('',(-92.94424867372,67.145,11.400146572555));
#6918 = PCURVE('',#5295,#6919);
#6919 = DEFINITIONAL_REPRESENTATION('',(#6920),#7025);
#6920 = B_SPLINE_CURVE_WITH_KNOTS('',7,(#6921,#6922,#6923,#6924,#6925,
    #6926,#6927,#6928,#6929,#6930,#6931,#6932,#6933,#6934,#6935,#6936,
    #6937,#6938,#6939,#6940,#6941,#6942,#6943,#6944,#6945,#6946,#6947,
    #6948,#6949,#6950,#6951,#6952,#6953,#6954,#6955,#6956,#6957,#6958,
    #6959,#6960,#6961,#6962,#6963,#6964,#6965,#6966,#6967,#6968,#6969,
    #6970,#6971,#6972,#6973,#6974,#6975,#6976,#6977,#6978,#6979,#6980,
    #6981,#6982,#6983,#6984,#6985,#6986,#6987,#6988,#6989,#6990,#6991,
    #6992,#6993,#6994,#6995,#6996,#6997,#6998,#6999,#7000,#7001,#7002,
    #7003,#7004,#7005,#7006,#7007,#7008,#7009,#7010,#7011,#7012,#7013,
    #7014,#7015,#7016,#7017,#7018,#7019,#7020,#7021,#7022,#7023,#7024),
  .UNSPECIFIED.,.F.,.F.,(8,6,6,6,6,6,6,6,6,6,6,6,6,6,6,6,6,8),(0.,
    5.90550396927E-02,7.86334172743E-02,9.499433192991E-02,
    0.231376695445,0.255826790732,0.359926589619,0.382550996739,
    0.445155172565,0.517842289117,0.582446703063,0.640445750689,
    0.667644845146,0.694139135578,0.756868490466,0.825276307475,
    0.89016174269,1.),.UNSPECIFIED.);
#6921 = CARTESIAN_POINT('',(38.320902498576,0.984378211708));
#6922 = CARTESIAN_POINT('',(37.890646461305,0.982250006219));
#6923 = CARTESIAN_POINT('',(37.461017700705,0.980025286112));
#6924 = CARTESIAN_POINT('',(37.03205693252,0.977703843189));
#6925 = CARTESIAN_POINT('',(36.603806529421,0.975285316529));
#6926 = CARTESIAN_POINT('',(36.176310521012,0.972769192487));
#6927 = CARTESIAN_POINT('',(35.749614593828,0.970154804693));
#6928 = CARTESIAN_POINT('',(35.182585544884,0.966541743551));
#6929 = CARTESIAN_POINT('',(35.041498168188,0.96563126301));
#6930 = CARTESIAN_POINT('',(34.900505701055,0.964709862697));
#6931 = CARTESIAN_POINT('',(34.759609912034,0.963777511094));
#6932 = CARTESIAN_POINT('',(34.618812598412,0.962834174895));
#6933 = CARTESIAN_POINT('',(34.478115586215,0.961879819007));
#6934 = CARTESIAN_POINT('',(34.220030890688,0.960107647631));
#6935 = CARTESIAN_POINT('',(34.102612387495,0.959293170249));
#6936 = CARTESIAN_POINT('',(33.985266362003,0.958470934744));
#6937 = CARTESIAN_POINT('',(33.867993733419,0.957640964344));
#6938 = CARTESIAN_POINT('',(33.750795735008,0.9568032086));
#6939 = CARTESIAN_POINT('',(33.633673870953,0.955957551802));
#6940 = CARTESIAN_POINT('',(32.540961588127,0.94798859405));
#6941 = CARTESIAN_POINT('',(31.570673978662,0.94032193784));
#6942 = CARTESIAN_POINT('',(30.606511699019,0.932070385775));
#6943 = CARTESIAN_POINT('',(29.64921666232,0.92321305697));
#6944 = CARTESIAN_POINT('',(28.699535620128,0.913739661868));
#6945 = CARTESIAN_POINT('',(27.758296081859,0.903641680181));
#6946 = CARTESIAN_POINT('',(26.659404684985,0.890982805817));
#6947 = CARTESIAN_POINT('',(26.492650400845,0.88903791337));
#6948 = CARTESIAN_POINT('',(26.326202282196,0.887072564748));
#6949 = CARTESIAN_POINT('',(26.160065051801,0.885086755855));
#6950 = CARTESIAN_POINT('',(25.994243532247,0.88308047146));
#6951 = CARTESIAN_POINT('',(25.828742645939,0.881053685192));
#6952 = CARTESIAN_POINT('',(24.96031010222,0.870289575985));
#6953 = CARTESIAN_POINT('',(24.262966424419,0.861200624324));
#6954 = CARTESIAN_POINT('',(23.571905388881,0.851736503291));
#6955 = CARTESIAN_POINT('',(22.8875535944,0.841891972313));
#6956 = CARTESIAN_POINT('',(22.210376063864,0.831660928818));
#6957 = CARTESIAN_POINT('',(21.540872161359,0.821036697052));
#6958 = CARTESIAN_POINT('',(20.735866874357,0.807615021157));
#6959 = CARTESIAN_POINT('',(20.592535796724,0.805199867882));
#6960 = CARTESIAN_POINT('',(20.449598855122,0.802765701886));
#6961 = CARTESIAN_POINT('',(20.307062659154,0.800312399713));
#6962 = CARTESIAN_POINT('',(20.164931754468,0.797839959289));
#6963 = CARTESIAN_POINT('',(20.023213830425,0.795348210138));
#6964 = CARTESIAN_POINT('',(19.490926388778,0.785888460204));
#6965 = CARTESIAN_POINT('',(19.103148457438,0.778791341196));
#6966 = CARTESIAN_POINT('',(18.718720760311,0.771543462876));
#6967 = CARTESIAN_POINT('',(18.337790135235,0.764142610772));
#6968 = CARTESIAN_POINT('',(17.96051044751,0.756586615201));
#6969 = CARTESIAN_POINT('',(17.587042201214,0.748873364155));
#6970 = CARTESIAN_POINT('',(16.788552550652,0.73186032671));
#6971 = CARTESIAN_POINT('',(16.364917362728,0.722505127469));
#6972 = CARTESIAN_POINT('',(15.946907023167,0.712932016448));
#6973 = CARTESIAN_POINT('',(15.534797499341,0.703137972729));
#6974 = CARTESIAN_POINT('',(15.128877949571,0.693120224866));
#6975 = CARTESIAN_POINT('',(14.729451669823,0.68287621171));
#6976 = CARTESIAN_POINT('',(13.98787286162,0.663095679959));
#6977 = CARTESIAN_POINT('',(13.64429151299,0.653607200938));
#6978 = CARTESIAN_POINT('',(13.306306653568,0.643936799999));
#6979 = CARTESIAN_POINT('',(12.974145962462,0.634083236409));
#6980 = CARTESIAN_POINT('',(12.648045638398,0.624045510885));
#6981 = CARTESIAN_POINT('',(12.328248992018,0.613822904194));
#6982 = CARTESIAN_POINT('',(11.733788169411,0.59407126381));
#6983 = CARTESIAN_POINT('',(11.457853121657,0.584578199599));
#6984 = CARTESIAN_POINT('',(11.187380333981,0.574935547714));
#6985 = CARTESIAN_POINT('',(10.922554932793,0.565143273935));
#6986 = CARTESIAN_POINT('',(10.663565481052,0.555201615793));
#6987 = CARTESIAN_POINT('',(10.41060272748,0.545111113151));
#6988 = CARTESIAN_POINT('',(10.048145706212,0.530071228361));
#6989 = CARTESIAN_POINT('',(9.933800633571,0.525237278034));
#6990 = CARTESIAN_POINT('',(9.820842973902,0.520370878235));
#6991 = CARTESIAN_POINT('',(9.709292562623,0.515472137374));
#6992 = CARTESIAN_POINT('',(9.59916923451,0.510541181831));
#6993 = CARTESIAN_POINT('',(9.490492823703,0.505578155963));
#6994 = CARTESIAN_POINT('',(9.278851603535,0.495717720827));
#6995 = CARTESIAN_POINT('',(9.175811720926,0.490821944579));
#6996 = CARTESIAN_POINT('',(9.074182028831,0.485896039725));
#6997 = CARTESIAN_POINT('',(8.973980925934,0.480940171293));
#6998 = CARTESIAN_POINT('',(8.875226696644,0.475954522968));
#6999 = CARTESIAN_POINT('',(8.777937511094,0.470939297089));
#7000 = CARTESIAN_POINT('',(8.455295610031,0.453950880836));
#7001 = CARTESIAN_POINT('',(8.236773043847,0.441842449523));
#7002 = CARTESIAN_POINT('',(8.026803634207,0.429572411564));
#7003 = CARTESIAN_POINT('',(7.825620950609,0.417144331641));
#7004 = CARTESIAN_POINT('',(7.63344929726,0.404562401977));
#7005 = CARTESIAN_POINT('',(7.450500785911,0.391831496067));
#7006 = CARTESIAN_POINT('',(7.087735686949,0.36491752822));
#7007 = CARTESIAN_POINT('',(6.909700019993,0.350707205384));
#7008 = CARTESIAN_POINT('',(6.743122404871,0.336333625702));
#7009 = CARTESIAN_POINT('',(6.588234286096,0.321804941007));
#7010 = CARTESIAN_POINT('',(6.445238194645,0.307130133895));
#7011 = CARTESIAN_POINT('',(6.314304386969,0.292319068488));
#7012 = CARTESIAN_POINT('',(6.082944454044,0.263215109491));
#7013 = CARTESIAN_POINT('',(5.981293109903,0.248934616203));
#7014 = CARTESIAN_POINT('',(5.890728940691,0.234550301804));
#7015 = CARTESIAN_POINT('',(5.811335381414,0.220071783878));
#7016 = CARTESIAN_POINT('',(5.743163603891,0.205509065021));
#7017 = CARTESIAN_POINT('',(5.68623230767,0.190872540773));
#7018 = CARTESIAN_POINT('',(5.563158295397,0.151289594035));
#7019 = CARTESIAN_POINT('',(5.517954979174,0.126224172618));
#7020 = CARTESIAN_POINT('',(5.504860124481,0.101030388235));
#7021 = CARTESIAN_POINT('',(5.523522161627,7.57606430173E-02));
#7022 = CARTESIAN_POINT('',(5.573348309892,5.04660426014E-02));
#7023 = CARTESIAN_POINT('',(5.653544277645,2.519635756903E-02));
#7024 = CARTESIAN_POINT('',(5.763140741719,0.));
#7025 = ( GEOMETRIC_REPRESENTATION_CONTEXT(2) 
PARAMETRIC_REPRESENTATION_CONTEXT() REPRESENTATION_CONTEXT('2D SPACE',''
  ) );
#7026 = PCURVE('',#7027,#7032);
#7027 = TOROIDAL_SURFACE('',#7028,42.158988837511,0.793061448817);
#7028 = AXIS2_PLACEMENT_3D('',#7029,#7030,#7031);
#7029 = CARTESIAN_POINT('',(-50.,67.145,11.289180581245));
#7030 = DIRECTION('',(-0.,-0.,-1.));
#7031 = DIRECTION('',(1.,0.,-0.));
#7032 = DEFINITIONAL_REPRESENTATION('',(#7033),#7138);
#7033 = B_SPLINE_CURVE_WITH_KNOTS('',7,(#7034,#7035,#7036,#7037,#7038,
    #7039,#7040,#7041,#7042,#7043,#7044,#7045,#7046,#7047,#7048,#7049,
    #7050,#7051,#7052,#7053,#7054,#7055,#7056,#7057,#7058,#7059,#7060,
    #7061,#7062,#7063,#7064,#7065,#7066,#7067,#7068,#7069,#7070,#7071,
    #7072,#7073,#7074,#7075,#7076,#7077,#7078,#7079,#7080,#7081,#7082,
    #7083,#7084,#7085,#7086,#7087,#7088,#7089,#7090,#7091,#7092,#7093,
    #7094,#7095,#7096,#7097,#7098,#7099,#7100,#7101,#7102,#7103,#7104,
    #7105,#7106,#7107,#7108,#7109,#7110,#7111,#7112,#7113,#7114,#7115,
    #7116,#7117,#7118,#7119,#7120,#7121,#7122,#7123,#7124,#7125,#7126,
    #7127,#7128,#7129,#7130,#7131,#7132,#7133,#7134,#7135,#7136,#7137),
  .UNSPECIFIED.,.F.,.F.,(8,6,6,6,6,6,6,6,6,6,6,6,6,6,6,6,6,8),(0.,
    5.90550396927E-02,7.86334172743E-02,9.499433192991E-02,
    0.231376695445,0.255826790732,0.359926589619,0.382550996739,
    0.445155172565,0.517842289117,0.582446703063,0.640445750689,
    0.667644845146,0.694139135578,0.756868490466,0.825276307475,
    0.89016174269,1.),.UNSPECIFIED.);
#7034 = CARTESIAN_POINT('',(-1.822584795652,5.738654125811));
#7035 = CARTESIAN_POINT('',(-1.831454267011,5.751132796209));
#7036 = CARTESIAN_POINT('',(-1.840338906403,5.763731028389));
#7037 = CARTESIAN_POINT('',(-1.849239680258,5.776498300717));
#7038 = CARTESIAN_POINT('',(-1.858157578202,5.789479913537));
#7039 = CARTESIAN_POINT('',(-1.867093613054,5.802716989173));
#7040 = CARTESIAN_POINT('',(-1.876048820827,5.816246471928));
#7041 = CARTESIAN_POINT('',(-1.887999867081,5.83469432946));
#7042 = CARTESIAN_POINT('',(-1.89097769745,5.839323281292));
#7043 = CARTESIAN_POINT('',(-1.893957790735,5.843989184748));
#7044 = CARTESIAN_POINT('',(-1.896940186314,5.848693195023));
#7045 = CARTESIAN_POINT('',(-1.899924924042,5.853436421336));
#7046 = CARTESIAN_POINT('',(-1.90291204425,5.858219926932));
#7047 = CARTESIAN_POINT('',(-1.908399836942,5.867076634987));
#7048 = CARTESIAN_POINT('',(-1.910899777408,5.87113774108));
#7049 = CARTESIAN_POINT('',(-1.913401438898,5.87522621934));
#7050 = CARTESIAN_POINT('',(-1.915904831575,5.879348644913));
#7051 = CARTESIAN_POINT('',(-1.918409987512,5.883502118556));
#7052 = CARTESIAN_POINT('',(-1.920916958987,5.887675123487));
#7053 = CARTESIAN_POINT('',(-1.944338911443,5.926811002675));
#7054 = CARTESIAN_POINT('',(-1.965380069092,5.963022385751));
#7055 = CARTESIAN_POINT('',(-1.986570166554,5.997953086598));
#7056 = CARTESIAN_POINT('',(-2.007930272316,6.029611183392));
#7057 = CARTESIAN_POINT('',(-2.029478211643,6.056402624745));
#7058 = CARTESIAN_POINT('',(-2.051228882472,6.077037979169));
#7059 = CARTESIAN_POINT('',(-2.077135626484,6.093063293084));
#7060 = CARTESIAN_POINT('',(-2.081081037581,6.095272978696));
#7061 = CARTESIAN_POINT('',(-2.085033520442,6.097271620164));
#7062 = CARTESIAN_POINT('',(-2.08899313785,6.099074182865));
#7063 = CARTESIAN_POINT('',(-2.09295995593,6.100695124714));
#7064 = CARTESIAN_POINT('',(-2.09693404414,6.102148396172));
#7065 = CARTESIAN_POINT('',(-2.117866991259,6.108978307286));
#7066 = CARTESIAN_POINT('',(-2.134951359818,6.11171367104));
#7067 = CARTESIAN_POINT('',(-2.152174600705,6.112691227104));
#7068 = CARTESIAN_POINT('',(-2.16954296836,6.112790796861));
#7069 = CARTESIAN_POINT('',(-2.187062817315,6.112730355418));
#7070 = CARTESIAN_POINT('',(-2.204740730659,6.113057994586));
#7071 = CARTESIAN_POINT('',(-2.226461838199,6.114374938342));
#7072 = CARTESIAN_POINT('',(-2.230347560124,6.114645143033));
#7073 = CARTESIAN_POINT('',(-2.234241142329,6.11495814134));
#7074 = CARTESIAN_POINT('',(-2.238142671444,6.115304274602));
#7075 = CARTESIAN_POINT('',(-2.242052186435,6.115711437053));
#7076 = CARTESIAN_POINT('',(-2.245969790797,6.116155865928));
#7077 = CARTESIAN_POINT('',(-2.260758573214,6.117979176389));
#7078 = CARTESIAN_POINT('',(-2.271684072531,6.119615611551));
#7079 = CARTESIAN_POINT('',(-2.282673746104,6.121471290475));
#7080 = CARTESIAN_POINT('',(-2.293729254658,6.123473909136));
#7081 = CARTESIAN_POINT('',(-2.304852227273,6.125557108174));
#7082 = CARTESIAN_POINT('',(-2.316044260826,6.12766083263));
#7083 = CARTESIAN_POINT('',(-2.340383526011,6.132136080353));
#7084 = CARTESIAN_POINT('',(-2.353555292485,6.134495901617));
#7085 = CARTESIAN_POINT('',(-2.366824679258,6.136729023424));
#7086 = CARTESIAN_POINT('',(-2.380193985927,6.138759419192));
#7087 = CARTESIAN_POINT('',(-2.393665336992,6.140534817655));
#7088 = CARTESIAN_POINT('',(-2.40724070331,6.142000611393));
#7089 = CARTESIAN_POINT('',(-2.433081724258,6.144128377438));
#7090 = CARTESIAN_POINT('',(-2.445325108752,6.144865876032));
#7091 = CARTESIAN_POINT('',(-2.457653225398,6.14536986523));
#7092 = CARTESIAN_POINT('',(-2.470067098481,6.145671729767));
#7093 = CARTESIAN_POINT('',(-2.482567572089,6.145803335069));
#7094 = CARTESIAN_POINT('',(-2.495155300351,6.14579636473));
#7095 = CARTESIAN_POINT('',(-2.519210196881,6.145578679239));
#7096 = CARTESIAN_POINT('',(-2.530660323863,6.145388860377));
#7097 = CARTESIAN_POINT('',(-2.542181430307,6.145134485447));
#7098 = CARTESIAN_POINT('',(-2.553773657272,6.144837242444));
#7099 = CARTESIAN_POINT('',(-2.565436962703,6.144517749606));
#7100 = CARTESIAN_POINT('',(-2.577171108942,6.144195081693));
#7101 = CARTESIAN_POINT('',(-2.594511479635,6.14374148901));
#7102 = CARTESIAN_POINT('',(-2.600062788108,6.143599730299));
#7103 = CARTESIAN_POINT('',(-2.605629528567,6.143462791173));
#7104 = CARTESIAN_POINT('',(-2.611211642522,6.143332331178));
#7105 = CARTESIAN_POINT('',(-2.616809060072,6.143209898383));
#7106 = CARTESIAN_POINT('',(-2.622421699907,6.143096929374));
#7107 = CARTESIAN_POINT('',(-2.633531407578,6.142895216919));
#7108 = CARTESIAN_POINT('',(-2.639027701118,6.142805976466));
#7109 = CARTESIAN_POINT('',(-2.644538265671,6.142726376484));
#7110 = CARTESIAN_POINT('',(-2.650063005575,6.142655783588));
#7111 = CARTESIAN_POINT('',(-2.655601813755,6.142593582429));
#7112 = CARTESIAN_POINT('',(-2.661154571728,6.142539175694));
#7113 = CARTESIAN_POINT('',(-2.679900888819,6.142380250677));
#7114 = CARTESIAN_POINT('',(-2.693158134925,6.142308978688));
#7115 = CARTESIAN_POINT('',(-2.706491104159,6.142270503831));
#7116 = CARTESIAN_POINT('',(-2.719897692278,6.142257893846));
#7117 = CARTESIAN_POINT('',(-2.733375434899,6.142265022404));
#7118 = CARTESIAN_POINT('',(-2.746921467848,6.142286642997));
#7119 = CARTESIAN_POINT('',(-2.775375620255,6.142353163067));
#7120 = CARTESIAN_POINT('',(-2.790296175453,6.142399996005));
#7121 = CARTESIAN_POINT('',(-2.805289756128,6.142453322212));
#7122 = CARTESIAN_POINT('',(-2.8203516242,6.142508865738));
#7123 = CARTESIAN_POINT('',(-2.83547663349,6.14256354947));
#7124 = CARTESIAN_POINT('',(-2.850659162721,6.142615330481));
#7125 = CARTESIAN_POINT('',(-2.880342527448,6.142708283947));
#7126 = CARTESIAN_POINT('',(-2.894838400887,6.142749857006));
#7127 = CARTESIAN_POINT('',(-2.909375374201,6.142786722787));
#7128 = CARTESIAN_POINT('',(-2.923948096335,6.142818495746));
#7129 = CARTESIAN_POINT('',(-2.93855110869,6.142845210029));
#7130 = CARTESIAN_POINT('',(-2.953178793987,6.142867092913));
#7131 = CARTESIAN_POINT('',(-2.99261901654,6.142913531205));
#7132 = CARTESIAN_POINT('',(-3.017468156099,6.142929448983));
#7133 = CARTESIAN_POINT('',(-3.042343180316,6.1429330164));
#7134 = CARTESIAN_POINT('',(-3.067217340093,6.142925232822));
#7135 = CARTESIAN_POINT('',(-3.09206585992,6.142904063797));
#7136 = CARTESIAN_POINT('',(-3.11686523318,6.142864763276));
#7137 = CARTESIAN_POINT('',(-3.141592653558,6.142803626431));
#7138 = ( GEOMETRIC_REPRESENTATION_CONTEXT(2) 
PARAMETRIC_REPRESENTATION_CONTEXT() REPRESENTATION_CONTEXT('2D SPACE',''
  ) );
#7139 = ORIENTED_EDGE('',*,*,#7140,.T.);
#7140 = EDGE_CURVE('',#6810,#5540,#7141,.T.);
#7141 = SURFACE_CURVE('',#7142,(#7159,#7179),.PCURVE_S1.);
#7142 = B_SPLINE_CURVE_WITH_KNOTS('',8,(#7143,#7144,#7145,#7146,#7147,
    #7148,#7149,#7150,#7151,#7152,#7153,#7154,#7155,#7156,#7157,#7158),
  .UNSPECIFIED.,.F.,.F.,(9,7,9),(0.,0.488293937173,1.),.UNSPECIFIED.);
#7143 = CARTESIAN_POINT('',(-60.67234455016,108.63161973245,11.7));
#7144 = CARTESIAN_POINT('',(-60.48886810812,108.67868928246,
    11.704176482854));
#7145 = CARTESIAN_POINT('',(-60.30532569349,108.7247881668,
    11.708314966098));
#7146 = CARTESIAN_POINT('',(-60.12171878285,108.76991913513,
    11.712419333962));
#7147 = CARTESIAN_POINT('',(-59.93804881275,108.81408483921,
    11.716493535685));
#7148 = CARTESIAN_POINT('',(-59.75431717969,108.85728783289,
    11.720541585507));
#7149 = CARTESIAN_POINT('',(-59.57052524013,108.89953057207,
    11.724567562674));
#7150 = CARTESIAN_POINT('',(-59.38667431048,108.94081541473,
    11.728575611436));
#7151 = CARTESIAN_POINT('',(-59.01003919514,109.02340748301,
    11.736755785936));
#7152 = CARTESIAN_POINT('',(-58.81724935943,109.06462085447,
    11.740927048904));
#7153 = CARTESIAN_POINT('',(-58.62439755941,109.10478745956,
    11.745085180097));
#7154 = CARTESIAN_POINT('',(-58.43148544266,109.14390940771,
    11.749245608019));
#7155 = CARTESIAN_POINT('',(-58.23851401725,109.1819897444,
    11.753394323353));
#7156 = CARTESIAN_POINT('',(-58.04548505423,109.21902999898,
    11.757556613533));
#7157 = CARTESIAN_POINT('',(-57.85239967786,109.2550326417,
    11.761728337162));
#7158 = CARTESIAN_POINT('',(-57.65925900512,109.29,11.765906024852));
#7159 = PCURVE('',#5295,#7160);
#7160 = DEFINITIONAL_REPRESENTATION('',(#7161),#7178);
#7161 = B_SPLINE_CURVE_WITH_KNOTS('',8,(#7162,#7163,#7164,#7165,#7166,
    #7167,#7168,#7169,#7170,#7171,#7172,#7173,#7174,#7175,#7176,#7177),
  .UNSPECIFIED.,.F.,.F.,(9,7,9),(0.,0.488293937173,1.),.UNSPECIFIED.);
#7162 = CARTESIAN_POINT('',(38.320902498578,0.984378211708));
#7163 = CARTESIAN_POINT('',(38.534716113614,0.985495059496));
#7164 = CARTESIAN_POINT('',(38.748688174703,0.98658887571));
#7165 = CARTESIAN_POINT('',(38.962813913748,0.987659725593));
#7166 = CARTESIAN_POINT('',(39.177088611701,0.988707672066));
#7167 = CARTESIAN_POINT('',(39.391507598554,0.989732775724));
#7168 = CARTESIAN_POINT('',(39.606066253345,0.990735094841));
#7169 = CARTESIAN_POINT('',(39.820760004155,0.991714685366));
#7170 = CARTESIAN_POINT('',(40.260708788279,0.993674397509));
#7171 = CARTESIAN_POINT('',(40.485976630667,0.994652292193));
#7172 = CARTESIAN_POINT('',(40.711382675302,0.995605349616));
#7173 = CARTESIAN_POINT('',(40.936921681947,0.99653361983));
#7174 = CARTESIAN_POINT('',(41.162588676081,0.997437175096));
#7175 = CARTESIAN_POINT('',(41.388378436019,0.998316051702));
#7176 = CARTESIAN_POINT('',(41.614286012119,0.999170308262));
#7177 = CARTESIAN_POINT('',(41.840306476628,1.));
#7178 = ( GEOMETRIC_REPRESENTATION_CONTEXT(2) 
PARAMETRIC_REPRESENTATION_CONTEXT() REPRESENTATION_CONTEXT('2D SPACE',''
  ) );
#7179 = PCURVE('',#5935,#7180);
#7180 = DEFINITIONAL_REPRESENTATION('',(#7181),#7198);
#7181 = B_SPLINE_CURVE_WITH_KNOTS('',8,(#7182,#7183,#7184,#7185,#7186,
    #7187,#7188,#7189,#7190,#7191,#7192,#7193,#7194,#7195,#7196,#7197),
  .UNSPECIFIED.,.F.,.F.,(9,7,9),(0.,0.488293937173,1.),.UNSPECIFIED.);
#7182 = CARTESIAN_POINT('',(1.822584795652,23.7911647093));
#7183 = CARTESIAN_POINT('',(1.818163003088,23.787946770221));
#7184 = CARTESIAN_POINT('',(1.813745334647,23.784757553262));
#7185 = CARTESIAN_POINT('',(1.809331676464,23.781594083178));
#7186 = CARTESIAN_POINT('',(1.80492191516,23.778453331566));
#7187 = CARTESIAN_POINT('',(1.800515937845,23.775332216867));
#7188 = CARTESIAN_POINT('',(1.796113632116,23.772227604362));
#7189 = CARTESIAN_POINT('',(1.791714886058,23.769136306178));
#7190 = CARTESIAN_POINT('',(1.782713550019,23.762826121549));
#7191 = CARTESIAN_POINT('',(1.77811129902,23.759607850247));
#7192 = CARTESIAN_POINT('',(1.773512704716,23.756399158001));
#7193 = CARTESIAN_POINT('',(1.768917645977,23.753188139331));
#7194 = CARTESIAN_POINT('',(1.764325983788,23.749985612698));
#7195 = CARTESIAN_POINT('',(1.759737604243,23.74677205624));
#7196 = CARTESIAN_POINT('',(1.755152374978,23.743550657377));
#7197 = CARTESIAN_POINT('',(1.750570165141,23.740324093861));
#7198 = ( GEOMETRIC_REPRESENTATION_CONTEXT(2) 
PARAMETRIC_REPRESENTATION_CONTEXT() REPRESENTATION_CONTEXT('2D SPACE',''
  ) );
#7199 = ORIENTED_EDGE('',*,*,#5539,.F.);
#7200 = ORIENTED_EDGE('',*,*,#5279,.F.);
#7201 = ADVANCED_FACE('',(#7202),#5444,.T.);
#7202 = FACE_BOUND('',#7203,.T.);
#7203 = EDGE_LOOP('',(#7204,#7205,#7206,#7207,#7249,#7878,#8071,#8700,
    #8991));
#7204 = ORIENTED_EDGE('',*,*,#5432,.F.);
#7205 = ORIENTED_EDGE('',*,*,#5957,.T.);
#7206 = ORIENTED_EDGE('',*,*,#6412,.T.);
#7207 = ORIENTED_EDGE('',*,*,#7208,.F.);
#7208 = EDGE_CURVE('',#7209,#6390,#7211,.T.);
#7209 = VERTEX_POINT('',#7210);
#7210 = CARTESIAN_POINT('',(-7.174380532394,67.145,12.048779296747));
#7211 = SURFACE_CURVE('',#7212,(#7236,#7242),.PCURVE_S1.);
#7212 = B_SPLINE_CURVE_WITH_KNOTS('',3,(#7213,#7214,#7215,#7216,#7217,
    #7218,#7219,#7220,#7221,#7222,#7223,#7224,#7225,#7226,#7227,#7228,
    #7229,#7230,#7231,#7232,#7233,#7234,#7235),.UNSPECIFIED.,.F.,.F.,(4,
    1,1,1,1,1,1,1,1,1,1,1,1,1,1,1,1,1,1,1,4),(0.,0.604547966238,
    2.403305887645,5.35198237446,9.377971225481,14.382139233706,
    20.242245135465,26.817807431144,33.941655516277,41.438192563794,
    49.12269201511,56.80590962917,64.298857544188,71.417600571188,
    77.987919159575,83.849706587384,88.86106006931,92.902251833852,
    95.880480304105,97.688989765409,98.293537731648),.UNSPECIFIED.);
#7213 = CARTESIAN_POINT('',(-98.70738965531,67.145,11.4));
#7214 = CARTESIAN_POINT('',(-98.50587366656,67.145,11.4));
#7215 = CARTESIAN_POINT('',(-97.70477171355,67.145,11.399994173166));
#7216 = CARTESIAN_POINT('',(-95.92077744113,67.145,11.400084365607));
#7217 = CARTESIAN_POINT('',(-92.99630414851,67.145,11.399395633566));
#7218 = CARTESIAN_POINT('',(-89.00335306469,67.145,11.403450044557));
#7219 = CARTESIAN_POINT('',(-84.03996623988,67.145,11.382615899727));
#7220 = CARTESIAN_POINT('',(-78.22652701229,67.145,11.480685094998));
#7221 = CARTESIAN_POINT('',(-71.7143237553,67.145,11.805953683646));
#7222 = CARTESIAN_POINT('',(-64.65348209091,67.145,12.057993607781));
#7223 = CARTESIAN_POINT('',(-57.22283000055,67.145,12.311538059259));
#7224 = CARTESIAN_POINT('',(-49.60433008446,67.145,12.524393597461));
#7225 = CARTESIAN_POINT('',(-41.98578778928,67.145,12.687818917372));
#7226 = CARTESIAN_POINT('',(-34.55467781929,67.145,12.783526374132));
#7227 = CARTESIAN_POINT('',(-27.49377446575,67.145,12.799057901972));
#7228 = CARTESIAN_POINT('',(-20.97726201321,67.145,12.722772356033));
#7229 = CARTESIAN_POINT('',(-15.16400136865,67.145,12.559686330638));
#7230 = CARTESIAN_POINT('',(-10.20094923707,67.145,12.291883239688));
#7231 = CARTESIAN_POINT('',(-6.196868198244,67.145,11.996968822335));
#7232 = CARTESIAN_POINT('',(-3.292487687294,67.145,11.53451288491));
#7233 = CARTESIAN_POINT('',(-1.506116995423,67.145,11.293743210802));
#7234 = CARTESIAN_POINT('',(-0.701858444616,67.145,11.292840230734));
#7235 = CARTESIAN_POINT('',(-0.5,67.145,11.3));
#7236 = PCURVE('',#5444,#7237);
#7237 = DEFINITIONAL_REPRESENTATION('',(#7238),#7241);
#7238 = B_SPLINE_CURVE_WITH_KNOTS('',1,(#7239,#7240),.UNSPECIFIED.,.F.,
  .F.,(2,2),(0.,98.293537731648),.PIECEWISE_BEZIER_KNOTS.);
#7239 = CARTESIAN_POINT('',(0.,1.));
#7240 = CARTESIAN_POINT('',(103.69570414031,1.));
#7241 = ( GEOMETRIC_REPRESENTATION_CONTEXT(2) 
PARAMETRIC_REPRESENTATION_CONTEXT() REPRESENTATION_CONTEXT('2D SPACE',''
  ) );
#7242 = PCURVE('',#6492,#7243);
#7243 = DEFINITIONAL_REPRESENTATION('',(#7244),#7248);
#7244 = LINE('',#7245,#7246);
#7245 = CARTESIAN_POINT('',(0.,0.));
#7246 = VECTOR('',#7247,1.);
#7247 = DIRECTION('',(1.,0.));
#7248 = ( GEOMETRIC_REPRESENTATION_CONTEXT(2) 
PARAMETRIC_REPRESENTATION_CONTEXT() REPRESENTATION_CONTEXT('2D SPACE',''
  ) );
#7249 = ORIENTED_EDGE('',*,*,#7250,.T.);
#7250 = EDGE_CURVE('',#7209,#7251,#7253,.T.);
#7251 = VERTEX_POINT('',#7252);
#7252 = CARTESIAN_POINT('',(-22.60012264916,34.308377584722,
    13.242442624818));
#7253 = SURFACE_CURVE('',#7254,(#7460,#7669),.PCURVE_S1.);
#7254 = B_SPLINE_CURVE_WITH_KNOTS('',8,(#7255,#7256,#7257,#7258,#7259,
    #7260,#7261,#7262,#7263,#7264,#7265,#7266,#7267,#7268,#7269,#7270,
    #7271,#7272,#7273,#7274,#7275,#7276,#7277,#7278,#7279,#7280,#7281,
    #7282,#7283,#7284,#7285,#7286,#7287,#7288,#7289,#7290,#7291,#7292,
    #7293,#7294,#7295,#7296,#7297,#7298,#7299,#7300,#7301,#7302,#7303,
    #7304,#7305,#7306,#7307,#7308,#7309,#7310,#7311,#7312,#7313,#7314,
    #7315,#7316,#7317,#7318,#7319,#7320,#7321,#7322,#7323,#7324,#7325,
    #7326,#7327,#7328,#7329,#7330,#7331,#7332,#7333,#7334,#7335,#7336,
    #7337,#7338,#7339,#7340,#7341,#7342,#7343,#7344,#7345,#7346,#7347,
    #7348,#7349,#7350,#7351,#7352,#7353,#7354,#7355,#7356,#7357,#7358,
    #7359,#7360,#7361,#7362,#7363,#7364,#7365,#7366,#7367,#7368,#7369,
    #7370,#7371,#7372,#7373,#7374,#7375,#7376,#7377,#7378,#7379,#7380,
    #7381,#7382,#7383,#7384,#7385,#7386,#7387,#7388,#7389,#7390,#7391,
    #7392,#7393,#7394,#7395,#7396,#7397,#7398,#7399,#7400,#7401,#7402,
    #7403,#7404,#7405,#7406,#7407,#7408,#7409,#7410,#7411,#7412,#7413,
    #7414,#7415,#7416,#7417,#7418,#7419,#7420,#7421,#7422,#7423,#7424,
    #7425,#7426,#7427,#7428,#7429,#7430,#7431,#7432,#7433,#7434,#7435,
    #7436,#7437,#7438,#7439,#7440,#7441,#7442,#7443,#7444,#7445,#7446,
    #7447,#7448,#7449,#7450,#7451,#7452,#7453,#7454,#7455,#7456,#7457,
    #7458,#7459),.UNSPECIFIED.,.F.,.F.,(9,7,7,7,7,7,7,7,7,7,7,7,7,7,7,7,
    7,7,7,7,7,7,7,7,7,7,7,7,7,9),(0.,5.311724024755E-02,0.108971392976,
    0.127005340465,0.145733445441,0.185558321588,0.209789858343,
    0.222527820557,0.235762375766,0.294440246628,0.336203028758,
    0.386327305877,0.419687644028,0.460126496756,0.511281941911,
    0.54907488739,0.605441714758,0.66210686409,0.70806978501,
    0.742668263032,0.795692522537,0.822345864403,0.846726611384,
    0.882852753616,0.899221307928,0.914587628493,0.959662755611,
    0.979906085132,0.989569450715,1.),.UNSPECIFIED.);
#7255 = CARTESIAN_POINT('',(-7.174380532465,67.145,12.048779296763));
#7256 = CARTESIAN_POINT('',(-7.174694454408,66.281236025118,
    12.057207076243));
#7257 = CARTESIAN_POINT('',(-7.194990681031,65.417334515927,
    12.067521760329));
#7258 = CARTESIAN_POINT('',(-7.235283316973,64.55449446312,
    12.079755209117));
#7259 = CARTESIAN_POINT('',(-7.295482603166,63.693861517859,
    12.093886930104));
#7260 = CARTESIAN_POINT('',(-7.375405687654,62.836530296833,
    12.109854444695));
#7261 = CARTESIAN_POINT('',(-7.474785631169,61.983546362942,
    12.12756449436));
#7262 = CARTESIAN_POINT('',(-7.593278647506,61.135907881602,
    12.146905086435));
#7263 = CARTESIAN_POINT('',(-7.874729393089,59.409875193043,
    12.189686156973));
#7264 = CARTESIAN_POINT('',(-8.039670625319,58.532104037424,
    12.213287418561));
#7265 = CARTESIAN_POINT('',(-8.224819685852,57.66232618996,
    12.23842531171));
#7266 = CARTESIAN_POINT('',(-8.429631318461,56.801496013629,
    12.264955263803));
#7267 = CARTESIAN_POINT('',(-8.653506857452,55.950459862606,
    12.292737438322));
#7268 = CARTESIAN_POINT('',(-8.895809936156,55.109964381613,
    12.32164153454));
#7269 = CARTESIAN_POINT('',(-9.155879646668,54.280662772231,
    12.351543930834));
#7270 = CARTESIAN_POINT('',(-9.522529859653,53.199154034076,
    12.392253102613));
#7271 = CARTESIAN_POINT('',(-9.613800876975,52.936413275419,
    12.402279740483));
#7272 = CARTESIAN_POINT('',(-9.706831690124,52.674915360228,
    12.412393466107));
#7273 = CARTESIAN_POINT('',(-9.801599698879,52.414677636371,
    12.422588993601));
#7274 = CARTESIAN_POINT('',(-9.89808224188,52.155716574995,
    12.432862021937));
#7275 = CARTESIAN_POINT('',(-9.996256636672,51.89804781787,
    12.443209389933));
#7276 = CARTESIAN_POINT('',(-10.09610023335,51.641685886673,
    12.453626734627));
#7277 = CARTESIAN_POINT('',(-10.30298726354,51.121784206107,
    12.474983845913));
#7278 = CARTESIAN_POINT('',(-10.41015992127,50.858348189294,
    12.485929163228));
#7279 = CARTESIAN_POINT('',(-10.51908312776,50.596350210757,
    12.496931741685));
#7280 = CARTESIAN_POINT('',(-10.62973170815,50.335804008258,
    12.507983822697));
#7281 = CARTESIAN_POINT('',(-10.74208064002,50.076722350341,
    12.519077752365));
#7282 = CARTESIAN_POINT('',(-10.85610505331,49.819117036328,
    12.530205981476));
#7283 = CARTESIAN_POINT('',(-10.97178023038,49.56299889632,
    12.541361065507));
#7284 = CARTESIAN_POINT('',(-11.3385202311,48.766931980806,
    12.576298187642));
#7285 = CARTESIAN_POINT('',(-11.5953117895,48.232257479739,
    12.600149118263));
#7286 = CARTESIAN_POINT('',(-11.85922148861,47.704447739242,
    12.624018598613));
#7287 = CARTESIAN_POINT('',(-12.13001832991,47.183580526116,
    12.647840741616));
#7288 = CARTESIAN_POINT('',(-12.40747605583,46.669719082627,
    12.671555038001));
#7289 = CARTESIAN_POINT('',(-12.69137409654,46.162913286422,
    12.695107763318));
#7290 = CARTESIAN_POINT('',(-12.98149851679,45.663200810447,
    12.718453384953));
#7291 = CARTESIAN_POINT('',(-13.45783272658,44.870889235545,
    12.755612789202));
#7292 = CARTESIAN_POINT('',(-13.64025092017,44.573806638744,
    12.769579663755));
#7293 = CARTESIAN_POINT('',(-13.82485082469,44.279366557938,
    12.783448301804));
#7294 = CARTESIAN_POINT('',(-14.01158659033,43.987574003269,
    12.797211826237));
#7295 = CARTESIAN_POINT('',(-14.20041323632,43.698432929533,
    12.810864773819));
#7296 = CARTESIAN_POINT('',(-14.39128665095,43.411946236183,
    12.824403095202));
#7297 = CARTESIAN_POINT('',(-14.58416359152,43.128115767325,
    12.837824154916));
#7298 = CARTESIAN_POINT('',(-14.88142359391,42.699135885361,
    12.858119590224));
#7299 = CARTESIAN_POINT('',(-14.98438742776,42.552063751844,
    12.865079885387));
#7300 = CARTESIAN_POINT('',(-15.08788704854,42.405725990743,
    12.8720069956));
#7301 = CARTESIAN_POINT('',(-15.19191635735,42.260122714589,
    12.87890107875));
#7302 = CARTESIAN_POINT('',(-15.29646931079,42.115254006465,
    12.885762607042));
#7303 = CARTESIAN_POINT('',(-15.40153993801,41.971119857603,
    12.89259190216));
#7304 = CARTESIAN_POINT('',(-15.50712235775,41.827720104981,
    12.899388670434));
#7305 = CARTESIAN_POINT('',(-15.72343512011,41.536826769517,
    12.913178057854));
#7306 = CARTESIAN_POINT('',(-15.83420567785,41.389391562834,
    12.920168125755));
#7307 = CARTESIAN_POINT('',(-15.94551596941,41.242748414194,
    12.927120897262));
#7308 = CARTESIAN_POINT('',(-16.05735957518,41.096896924717,
    12.934035547519));
#7309 = CARTESIAN_POINT('',(-16.16973015505,40.951836631321,
    12.940911271262));
#7310 = CARTESIAN_POINT('',(-16.28262144846,40.807567006721,
    12.947747282816));
#7311 = CARTESIAN_POINT('',(-16.39602727436,40.664087459428,
    12.954542816102));
#7312 = CARTESIAN_POINT('',(-17.01500165225,39.888754027192,
    12.991243612236));
#7313 = CARTESIAN_POINT('',(-17.53005210839,39.271634032051,
    13.020379445754));
#7314 = CARTESIAN_POINT('',(-18.05456678441,38.669973165133,
    13.048639891279));
#7315 = CARTESIAN_POINT('',(-18.5880446108,38.083693027442,
    13.075966840281));
#7316 = CARTESIAN_POINT('',(-19.13001049805,37.512702156199,
    13.102308133786));
#7317 = CARTESIAN_POINT('',(-19.68001627079,36.956897176861,
    13.127616886566));
#7318 = CARTESIAN_POINT('',(-20.23764160209,36.416163955129,
    13.151850811326));
#7319 = CARTESIAN_POINT('',(-21.20451783728,35.51616181353,
    13.191427253716));
#7320 = CARTESIAN_POINT('',(-21.61019947502,35.149519485277,
    13.207319237353));
#7321 = CARTESIAN_POINT('',(-22.0193974898,34.790408085588,
    13.22263314388));
#7322 = CARTESIAN_POINT('',(-22.43197449863,34.438783610718,
    13.237354911148));
#7323 = CARTESIAN_POINT('',(-22.84779816192,34.094601812808,
    13.251473214685));
#7324 = CARTESIAN_POINT('',(-23.2667412488,33.7578182225,13.264980359205
    ));
#7325 = CARTESIAN_POINT('',(-23.68868171278,33.428388113151,
    13.277871611723));
#7326 = CARTESIAN_POINT('',(-24.62337898,32.719651414553,13.304871240188
    ));
#7327 = CARTESIAN_POINT('',(-25.13740285824,32.343565681468,
    13.318706812378));
#7328 = CARTESIAN_POINT('',(-25.65537255308,31.977931300986,
    13.331644168015));
#7329 = CARTESIAN_POINT('',(-26.17709403941,31.622672045153,
    13.34368268924));
#7330 = CARTESIAN_POINT('',(-26.70238114332,31.277713243194,
    13.354826431592));
#7331 = CARTESIAN_POINT('',(-27.23105555938,30.942981660254,
    13.365083890437));
#7332 = CARTESIAN_POINT('',(-27.76294686795,30.618405376136,
    13.374467767407));
#7333 = CARTESIAN_POINT('',(-28.65392699235,30.094602917538,
    13.38866988268));
#7334 = CARTESIAN_POINT('',(-29.01131382443,29.889759610655,
    13.393965734512));
#7335 = CARTESIAN_POINT('',(-29.37000481455,29.689363122533,
    13.398887837233));
#7336 = CARTESIAN_POINT('',(-29.72995346657,29.493392113736,
    13.403430537946));
#7337 = CARTESIAN_POINT('',(-30.09111415586,29.301826335014,
    13.40759489864));
#7338 = CARTESIAN_POINT('',(-30.45344235508,29.114646123132,
    13.411383982318));
#7339 = CARTESIAN_POINT('',(-30.81689498656,28.931831639052,
    13.414795530582));
#7340 = CARTESIAN_POINT('',(-31.62331320126,28.537028253098,
    13.421512870288));
#7341 = CARTESIAN_POINT('',(-32.06678646235,28.327079758961,
    13.4246422111));
#7342 = CARTESIAN_POINT('',(-32.51177487869,28.123484420642,
    13.427222100636));
#7343 = CARTESIAN_POINT('',(-32.95820555377,27.926209285792,
    13.429255242317));
#7344 = CARTESIAN_POINT('',(-33.40600753541,27.735222450468,
    13.430745015436));
#7345 = CARTESIAN_POINT('',(-33.85511181572,27.550493059137,
    13.431695475157));
#7346 = CARTESIAN_POINT('',(-34.30545133116,27.371991304676,
    13.432111352517));
#7347 = CARTESIAN_POINT('',(-35.32812395607,26.981724026702,
    13.431854731504));
#7348 = CARTESIAN_POINT('',(-35.90115851223,26.773679672986,
    13.430865242213));
#7349 = CARTESIAN_POINT('',(-36.47593303545,26.575496487892,
    13.429034753232));
#7350 = CARTESIAN_POINT('',(-37.05231917645,26.387120550787,
    13.426395518905));
#7351 = CARTESIAN_POINT('',(-37.63019258887,26.20849696832,
    13.422927670291));
#7352 = CARTESIAN_POINT('',(-38.20943194521,26.039577143556,
    13.418661682622));
#7353 = CARTESIAN_POINT('',(-38.78991965866,25.880313054184,
    13.413600393723));
#7354 = CARTESIAN_POINT('',(-39.80123583805,25.620098679545,
    13.403443762528));
#7355 = CARTESIAN_POINT('',(-40.2315487825,25.514783098724,
    13.398702476226));
#7356 = CARTESIAN_POINT('',(-40.66243414862,25.414695488862,
    13.393540579525));
#7357 = CARTESIAN_POINT('',(-41.09384642258,25.319818720282,
    13.387963651942));
#7358 = CARTESIAN_POINT('',(-41.52574079074,25.230136483905,
    13.381977589241));
#7359 = CARTESIAN_POINT('',(-41.95807313964,25.145633291247,
    13.375588603434));
#7360 = CARTESIAN_POINT('',(-42.390800056,25.066294474422,
    13.368803222783));
#7361 = CARTESIAN_POINT('',(-43.46980033397,24.881457005838,
    13.350927138679));
#7362 = CARTESIAN_POINT('',(-44.11650370288,24.78226510935,
    13.33935950751));
#7363 = CARTESIAN_POINT('',(-44.763847736,24.694484121022,
    13.326944604469));
#7364 = CARTESIAN_POINT('',(-45.41169284515,24.618073547636,
    13.313728704262));
#7365 = CARTESIAN_POINT('',(-46.05990247811,24.552991722943,
    13.299679331132));
#7366 = CARTESIAN_POINT('',(-46.70834101293,24.499206621704,
    13.284853123911));
#7367 = CARTESIAN_POINT('',(-47.35687560521,24.456686125706,
    13.269247211502));
#7368 = CARTESIAN_POINT('',(-48.6573067502,24.39395593451,
    13.236439095677));
#7369 = CARTESIAN_POINT('',(-49.30920179705,24.373865471935,
    13.219227955004));
#7370 = CARTESIAN_POINT('',(-49.9609269337,24.365105189868,
    13.201272014896));
#7371 = CARTESIAN_POINT('',(-50.61234942517,24.367651783232,
    13.182591069085));
#7372 = CARTESIAN_POINT('',(-51.26333709125,24.38148587537,
    13.163205716457));
#7373 = CARTESIAN_POINT('',(-51.91375830651,24.406592018035,
    13.143137361051));
#7374 = CARTESIAN_POINT('',(-52.56348200031,24.442958691398,
    13.122408212063));
#7375 = CARTESIAN_POINT('',(-53.73871774576,24.529204099897,
    13.083709882728));
#7376 = CARTESIAN_POINT('',(-54.26451251785,24.575233572991,
    13.065958770786));
#7377 = CARTESIAN_POINT('',(-54.78969222729,24.628662654444,
    13.047800218492));
#7378 = CARTESIAN_POINT('',(-55.31418678128,24.689488953641,
    13.029246674907));
#7379 = CARTESIAN_POINT('',(-55.83792573996,24.757711758226,
    13.010310767679));
#7380 = CARTESIAN_POINT('',(-56.36083831638,24.833332034109,
    12.99100530304));
#7381 = CARTESIAN_POINT('',(-56.88285337655,24.916352425462,
    12.971343265806));
#7382 = CARTESIAN_POINT('',(-57.79611560828,25.074844327154,
    12.936278767764));
#7383 = CARTESIAN_POINT('',(-58.1877825622,25.147106964353,
    12.921025314364));
#7384 = CARTESIAN_POINT('',(-58.57886971952,25.223566942803,
    12.90558192438));
#7385 = CARTESIAN_POINT('',(-58.96934637384,25.304226795861,
    12.889956611976));
#7386 = CARTESIAN_POINT('',(-59.35918137491,25.389089290141,
    12.87415285729));
#7387 = CARTESIAN_POINT('',(-59.74834336065,25.47815781141,
    12.858175497271));
#7388 = CARTESIAN_POINT('',(-60.13680090369,25.571436616338,
    12.842034459329));
#7389 = CARTESIAN_POINT('',(-61.11872786111,25.81834426823,
    12.800742954014));
#7390 = CARTESIAN_POINT('',(-61.71120329675,25.977657165478,
    12.77537188871));
#7391 = CARTESIAN_POINT('',(-62.30183332831,26.146883999198,
    12.749621029805));
#7392 = CARTESIAN_POINT('',(-62.89050063113,26.326042973395,
    12.723495500363));
#7393 = CARTESIAN_POINT('',(-63.4770854644,26.515155210216,
    12.697001714664));
#7394 = CARTESIAN_POINT('',(-64.0614656648,26.714244865121,
    12.670147565266));
#7395 = CARTESIAN_POINT('',(-64.64351664032,26.923339242052,
    12.642942610069));
#7396 = CARTESIAN_POINT('',(-65.5144522795,27.252617319359,
    12.601552728998));
#7397 = CARTESIAN_POINT('',(-65.80517243298,27.365301305949,
    12.587621454385));
#7398 = CARTESIAN_POINT('',(-66.09525562883,27.480524721886,
    12.573605876315));
#7399 = CARTESIAN_POINT('',(-66.38468544813,27.598291615414,
    12.559507566367));
#7400 = CARTESIAN_POINT('',(-66.67344524853,27.718606229515,
    12.545328226917));
#7401 = CARTESIAN_POINT('',(-66.9615181643,27.841473001907,
    12.531069691139));
#7402 = CARTESIAN_POINT('',(-67.24888710628,27.966896565049,
    12.516733923005));
#7403 = CARTESIAN_POINT('',(-67.79774143004,28.211954281848,
    12.489140856188));
#7404 = CARTESIAN_POINT('',(-68.05934454983,28.331170234968,
    12.475896062785));
#7405 = CARTESIAN_POINT('',(-68.32033077775,28.452533154889,
    12.462588100953));
#7406 = CARTESIAN_POINT('',(-68.58068686612,28.57604719874,
    12.449223317504));
#7407 = CARTESIAN_POINT('',(-68.84039939465,28.701716694883,
    12.435808683926));
#7408 = CARTESIAN_POINT('',(-69.09945464975,28.829545948767,
    12.422348987526));
#7409 = CARTESIAN_POINT('',(-69.35783865172,28.959539291166,
    12.40884747194));
#7410 = CARTESIAN_POINT('',(-69.99738203281,29.287532366808,
    12.3752506863));
#7411 = CARTESIAN_POINT('',(-70.37772187023,29.488124887083,
    12.35511160359));
#7412 = CARTESIAN_POINT('',(-70.75651100238,29.693493786007,
    12.334907689536));
#7413 = CARTESIAN_POINT('',(-71.13370232247,29.903654405342,
    12.314652639074));
#7414 = CARTESIAN_POINT('',(-71.50924745647,30.118622572217,
    12.294358831436));
#7415 = CARTESIAN_POINT('',(-71.88309676311,30.338414599129,
    12.274037330156));
#7416 = CARTESIAN_POINT('',(-72.25519933392,30.563047283941,
    12.253697883062));
#7417 = CARTESIAN_POINT('',(-72.7932855236,30.896518837345,
    12.224128921221));
#7418 = CARTESIAN_POINT('',(-72.96069872102,31.001497062727,
    12.214906950215));
#7419 = CARTESIAN_POINT('',(-73.12773771963,31.107474189335,
    12.205683781495));
#7420 = CARTESIAN_POINT('',(-73.2943975899,31.214451837218,
    12.196460123195));
#7421 = CARTESIAN_POINT('',(-73.46067333847,31.322431643163,
    12.18723661935));
#7422 = CARTESIAN_POINT('',(-73.62655990824,31.431415260698,
    12.178013849896));
#7423 = CARTESIAN_POINT('',(-73.7920521783,31.541404360092,
    12.168792330673));
#7424 = CARTESIAN_POINT('',(-74.11212924784,31.756600682133,
    12.150917218348));
#7425 = CARTESIAN_POINT('',(-74.26676146004,31.861688328918,
    12.142263235072));
#7426 = CARTESIAN_POINT('',(-74.42103733632,31.967665018735,
    12.133611680449));
#7427 = CARTESIAN_POINT('',(-74.57495250024,32.074532092898,
    12.124961987784));
#7428 = CARTESIAN_POINT('',(-74.72850254558,32.182290954085,
    12.11631423209));
#7429 = CARTESIAN_POINT('',(-74.88168305164,32.290943098454,
    12.107669567311));
#7430 = CARTESIAN_POINT('',(-75.0344895314,32.400490009814,
    12.099028775532));
#7431 = CARTESIAN_POINT('',(-75.63404462498,32.834902990972,
    12.065045045959));
#7432 = CARTESIAN_POINT('',(-76.077912748,33.166582325307,
    12.039709147385));
#7433 = CARTESIAN_POINT('',(-76.51840521333,33.506003903891,
    12.014327192537));
#7434 = CARTESIAN_POINT('',(-76.95540134802,33.853202105498,
    11.988859514661));
#7435 = CARTESIAN_POINT('',(-77.38877625434,34.208212862834,
    11.963281290781));
#7436 = CARTESIAN_POINT('',(-77.81840078962,34.571073822735,
    11.937583012333));
#7437 = CARTESIAN_POINT('',(-78.24414154611,34.941824506377,
    11.91177095579));
#7438 = CARTESIAN_POINT('',(-78.85525580289,35.490573294643,
    11.874234428461));
#7439 = CARTESIAN_POINT('',(-79.04383954853,35.662239694059,
    11.862582794629));
#7440 = CARTESIAN_POINT('',(-79.23159954051,35.835509380301,
    11.850914782711));
#7441 = CARTESIAN_POINT('',(-79.41852302706,36.01038610824,
    11.839233073283));
#7442 = CARTESIAN_POINT('',(-79.6045970318,36.186873675046,
    11.827540996581));
#7443 = CARTESIAN_POINT('',(-79.78980835376,36.364975920183,
    11.815842532504));
#7444 = CARTESIAN_POINT('',(-79.97414356733,36.544696725416,
    11.804142310608));
#7445 = CARTESIAN_POINT('',(-80.24515863353,36.812606135235,
    11.786862067502));
#7446 = CARTESIAN_POINT('',(-80.33252548927,36.899541973153,
    11.78127932666));
#7447 = CARTESIAN_POINT('',(-80.41968810307,36.986847954251,
    11.77569796162));
#7448 = CARTESIAN_POINT('',(-80.50664497533,37.07452450519,
    11.770118579439));
#7449 = CARTESIAN_POINT('',(-80.59339459325,37.162572053604,
    11.764541820193));
#7450 = CARTESIAN_POINT('',(-80.67993543086,37.250991028092,
    11.758968356981));
#7451 = CARTESIAN_POINT('',(-80.76626594901,37.339781858227,
    11.753398895926));
#7452 = CARTESIAN_POINT('',(-80.94534028227,37.52518683472,
    11.741827668066));
#7453 = CARTESIAN_POINT('',(-81.03804913225,37.62186246698,
    11.735827009718));
#7454 = CARTESIAN_POINT('',(-81.13050913669,37.718972266134,
    11.729831204284));
#7455 = CARTESIAN_POINT('',(-81.22271844594,37.816517109269,
    11.723845803249));
#7456 = CARTESIAN_POINT('',(-81.31467495064,37.914497212417,
    11.717867386078));
#7457 = CARTESIAN_POINT('',(-81.40637658284,38.012912955077,
    11.711894806153));
#7458 = CARTESIAN_POINT('',(-81.49782156977,38.111765574739,
    11.70593860539));
#7459 = CARTESIAN_POINT('',(-81.58900787332,38.211055633536,11.7));
#7460 = PCURVE('',#5444,#7461);
#7461 = DEFINITIONAL_REPRESENTATION('',(#7462),#7668);
#7462 = B_SPLINE_CURVE_WITH_KNOTS('',8,(#7463,#7464,#7465,#7466,#7467,
    #7468,#7469,#7470,#7471,#7472,#7473,#7474,#7475,#7476,#7477,#7478,
    #7479,#7480,#7481,#7482,#7483,#7484,#7485,#7486,#7487,#7488,#7489,
    #7490,#7491,#7492,#7493,#7494,#7495,#7496,#7497,#7498,#7499,#7500,
    #7501,#7502,#7503,#7504,#7505,#7506,#7507,#7508,#7509,#7510,#7511,
    #7512,#7513,#7514,#7515,#7516,#7517,#7518,#7519,#7520,#7521,#7522,
    #7523,#7524,#7525,#7526,#7527,#7528,#7529,#7530,#7531,#7532,#7533,
    #7534,#7535,#7536,#7537,#7538,#7539,#7540,#7541,#7542,#7543,#7544,
    #7545,#7546,#7547,#7548,#7549,#7550,#7551,#7552,#7553,#7554,#7555,
    #7556,#7557,#7558,#7559,#7560,#7561,#7562,#7563,#7564,#7565,#7566,
    #7567,#7568,#7569,#7570,#7571,#7572,#7573,#7574,#7575,#7576,#7577,
    #7578,#7579,#7580,#7581,#7582,#7583,#7584,#7585,#7586,#7587,#7588,
    #7589,#7590,#7591,#7592,#7593,#7594,#7595,#7596,#7597,#7598,#7599,
    #7600,#7601,#7602,#7603,#7604,#7605,#7606,#7607,#7608,#7609,#7610,
    #7611,#7612,#7613,#7614,#7615,#7616,#7617,#7618,#7619,#7620,#7621,
    #7622,#7623,#7624,#7625,#7626,#7627,#7628,#7629,#7630,#7631,#7632,
    #7633,#7634,#7635,#7636,#7637,#7638,#7639,#7640,#7641,#7642,#7643,
    #7644,#7645,#7646,#7647,#7648,#7649,#7650,#7651,#7652,#7653,#7654,
    #7655,#7656,#7657,#7658,#7659,#7660,#7661,#7662,#7663,#7664,#7665,
    #7666,#7667),.UNSPECIFIED.,.F.,.F.,(9,7,7,7,7,7,7,7,7,7,7,7,7,7,7,7,
    7,7,7,7,7,7,7,7,7,7,7,7,7,9),(0.,5.311724024755E-02,0.108971392976,
    0.127005340465,0.145733445441,0.185558321588,0.209789858343,
    0.222527820557,0.235762375766,0.294440246628,0.336203028758,
    0.386327305877,0.419687644028,0.460126496756,0.511281941911,
    0.54907488739,0.605441714758,0.66210686409,0.70806978501,
    0.742668263032,0.795692522537,0.822345864403,0.846726611384,
    0.882852753616,0.899221307928,0.914587628493,0.959662755611,
    0.979906085132,0.989569450715,1.),.UNSPECIFIED.);
#7463 = CARTESIAN_POINT('',(96.604325296762,0.999999999919));
#7464 = CARTESIAN_POINT('',(96.610307058549,0.979979975006));
#7465 = CARTESIAN_POINT('',(96.59509925303,0.959956762586));
#7466 = CARTESIAN_POINT('',(96.558767032467,0.93995815193));
#7467 = CARTESIAN_POINT('',(96.50149139224,0.920010696807));
#7468 = CARTESIAN_POINT('',(96.42355394657,0.900139768101));
#7469 = CARTESIAN_POINT('',(96.325323824997,0.880369599398));
#7470 = CARTESIAN_POINT('',(96.207246689617,0.860723325567));
#7471 = CARTESIAN_POINT('',(95.925344843444,0.820717932392));
#7472 = CARTESIAN_POINT('',(95.759469433519,0.800373253852));
#7473 = CARTESIAN_POINT('',(95.572797447603,0.780213841464));
#7474 = CARTESIAN_POINT('',(95.365983989567,0.760261815126));
#7475 = CARTESIAN_POINT('',(95.139729486387,0.740536791346));
#7476 = CARTESIAN_POINT('',(94.894762161739,0.721056075597));
#7477 = CARTESIAN_POINT('',(94.631824959614,0.701834807561));
#7478 = CARTESIAN_POINT('',(94.261210700068,0.676767969268));
#7479 = CARTESIAN_POINT('',(94.168958743792,0.670678254153));
#7480 = CARTESIAN_POINT('',(94.074935918378,0.664617345236));
#7481 = CARTESIAN_POINT('',(93.979167433262,0.658585644602));
#7482 = CARTESIAN_POINT('',(93.881678268061,0.652583534013));
#7483 = CARTESIAN_POINT('',(93.782493093135,0.646611376008));
#7484 = CARTESIAN_POINT('',(93.681636680744,0.640669507166));
#7485 = CARTESIAN_POINT('',(93.472687460415,0.628619404476));
#7486 = CARTESIAN_POINT('',(93.364465369745,0.622513574905));
#7487 = CARTESIAN_POINT('',(93.254496775646,0.616441075693));
#7488 = CARTESIAN_POINT('',(93.142809662728,0.610402225246));
#7489 = CARTESIAN_POINT('',(93.029431759371,0.604397319512));
#7490 = CARTESIAN_POINT('',(92.91439053772,0.59842663197));
#7491 = CARTESIAN_POINT('',(92.797713213685,0.592490413636));
#7492 = CARTESIAN_POINT('',(92.427893348673,0.574039447927));
#7493 = CARTESIAN_POINT('',(92.169084118825,0.561646945874));
#7494 = CARTESIAN_POINT('',(91.903256809011,0.549413552885));
#7495 = CARTESIAN_POINT('',(91.63066303478,0.537341071413));
#7496 = CARTESIAN_POINT('',(91.35154721451,0.525430967264));
#7497 = CARTESIAN_POINT('',(91.066145508299,0.513684396487));
#7498 = CARTESIAN_POINT('',(90.774684756857,0.50210223225));
#7499 = CARTESIAN_POINT('',(90.296486527002,0.483738306537));
#7500 = CARTESIAN_POINT('',(90.113428896544,0.476852628085));
#7501 = CARTESIAN_POINT('',(89.928257537578,0.470028196962));
#7502 = CARTESIAN_POINT('',(89.741020206319,0.463265129291));
#7503 = CARTESIAN_POINT('',(89.551763406648,0.456563516735));
#7504 = CARTESIAN_POINT('',(89.360532390105,0.449923426496));
#7505 = CARTESIAN_POINT('',(89.167371155894,0.443344901317));
#7506 = CARTESIAN_POINT('',(88.869789827409,0.433402152865));
#7507 = CARTESIAN_POINT('',(88.766735614161,0.429993365438));
#7508 = CARTESIAN_POINT('',(88.6631660747,0.426601599044));
#7509 = CARTESIAN_POINT('',(88.559087303736,0.423226856289));
#7510 = CARTESIAN_POINT('',(88.454505278826,0.4198691391));
#7511 = CARTESIAN_POINT('',(88.349425912078,0.416528447273));
#7512 = CARTESIAN_POINT('',(88.24385510185,0.413204777031));
#7513 = CARTESIAN_POINT('',(88.027607832071,0.406462551153));
#7514 = CARTESIAN_POINT('',(87.916892771409,0.403045348542));
#7515 = CARTESIAN_POINT('',(87.805660188745,0.399646503979));
#7516 = CARTESIAN_POINT('',(87.693916577835,0.396266008222));
#7517 = CARTESIAN_POINT('',(87.581668339915,0.392903850535));
#7518 = CARTESIAN_POINT('',(87.468921783703,0.389560018698));
#7519 = CARTESIAN_POINT('',(87.355683125392,0.386234499002));
#7520 = CARTESIAN_POINT('',(86.737739084002,0.368264086851));
#7521 = CARTESIAN_POINT('',(86.22397073066,0.353960691437));
#7522 = CARTESIAN_POINT('',(85.701181488608,0.34001560239));
#7523 = CARTESIAN_POINT('',(85.16986985679,0.326427002606));
#7524 = CARTESIAN_POINT('',(84.630504453702,0.313192772191));
#7525 = CARTESIAN_POINT('',(84.083523697961,0.300310515167));
#7526 = CARTESIAN_POINT('',(83.529335488889,0.287777586166));
#7527 = CARTESIAN_POINT('',(82.569023298297,0.266917645464));
#7528 = CARTESIAN_POINT('',(82.166272237594,0.258419735433));
#7529 = CARTESIAN_POINT('',(81.760201223922,0.25009637468));
#7530 = CARTESIAN_POINT('',(81.350941641345,0.241946543301));
#7531 = CARTESIAN_POINT('',(80.938618860495,0.233969215733));
#7532 = CARTESIAN_POINT('',(80.523352337301,0.226163361282));
#7533 = CARTESIAN_POINT('',(80.105255688963,0.218527943288));
#7534 = CARTESIAN_POINT('',(79.179363948436,0.202101087369));
#7535 = CARTESIAN_POINT('',(78.670371468609,0.193384301344));
#7536 = CARTESIAN_POINT('',(78.157645565197,0.184909753181));
#7537 = CARTESIAN_POINT('',(77.641363343439,0.176675676096));
#7538 = CARTESIAN_POINT('',(77.121692857828,0.168680339395));
#7539 = CARTESIAN_POINT('',(76.598793213623,0.160922045666));
#7540 = CARTESIAN_POINT('',(76.072814668356,0.153399127967));
#7541 = CARTESIAN_POINT('',(75.191877408345,0.141258614383));
#7542 = CARTESIAN_POINT('',(74.838555468045,0.13651082653));
#7543 = CARTESIAN_POINT('',(74.483974852789,0.131866105517));
#7544 = CARTESIAN_POINT('',(74.128177154172,0.127323956744));
#7545 = CARTESIAN_POINT('',(73.771202164891,0.122883910882));
#7546 = CARTESIAN_POINT('',(73.413088271223,0.118545512183));
#7547 = CARTESIAN_POINT('',(73.053873056915,0.114308300824));
#7548 = CARTESIAN_POINT('',(72.25686631183,0.105157683465));
#7549 = CARTESIAN_POINT('',(71.818575126401,0.100291569335));
#7550 = CARTESIAN_POINT('',(71.378783112343,9.557270646987E-02));
#7551 = CARTESIAN_POINT('',(70.937552356716,9.100033111119E-02));
#7552 = CARTESIAN_POINT('',(70.494942852341,8.657370380039E-02));
#7553 = CARTESIAN_POINT('',(70.051012497802,8.229210937854E-02));
#7554 = CARTESIAN_POINT('',(69.605817097442,7.815485698634E-02));
#7555 = CARTESIAN_POINT('',(68.59470256766,6.910937598104E-02));
#7556 = CARTESIAN_POINT('',(68.028057229607,6.428739536416E-02));
#7557 = CARTESIAN_POINT('',(67.45958318732,5.96939735286E-02));
#7558 = CARTESIAN_POINT('',(66.889384436899,5.532786072053E-02));
#7559 = CARTESIAN_POINT('',(66.317563378601,5.118778464061E-02));
#7560 = CARTESIAN_POINT('',(65.744216628611,4.727261892586E-02));
#7561 = CARTESIAN_POINT('',(65.169438316488,4.358125053155E-02));
#7562 = CARTESIAN_POINT('',(64.167688830822,3.755009107764E-02));
#7563 = CARTESIAN_POINT('',(63.741327417674,3.510912269613E-02));
#7564 = CARTESIAN_POINT('',(63.314270615778,3.278932643092E-02));
#7565 = CARTESIAN_POINT('',(62.886554140966,3.059030525628E-02));
#7566 = CARTESIAN_POINT('',(62.458212952933,2.851168116595E-02));
#7567 = CARTESIAN_POINT('',(62.029281255239,2.655309517318E-02));
#7568 = CARTESIAN_POINT('',(61.599792495307,2.471420731074E-02));
#7569 = CARTESIAN_POINT('',(60.528430149451,2.043010791141E-02));
#7570 = CARTESIAN_POINT('',(59.885915313678,1.813107218334E-02));
#7571 = CARTESIAN_POINT('',(59.242343047749,1.609651456766E-02));
#7572 = CARTESIAN_POINT('',(58.597818088169,1.43254965265E-02));
#7573 = CARTESIAN_POINT('',(57.952446890022,1.281705233384E-02));
#7574 = CARTESIAN_POINT('',(57.306329320925,1.157043971964E-02));
#7575 = CARTESIAN_POINT('',(56.659566056031,1.058491425902E-02));
#7576 = CARTESIAN_POINT('',(55.361516570176,9.130975420326E-03));
#7577 = CARTESIAN_POINT('',(54.710225773104,8.665325575048E-03));
#7578 = CARTESIAN_POINT('',(54.058480924896,8.462282764345E-03));
#7579 = CARTESIAN_POINT('',(53.40638041687,8.521306831205E-03));
#7580 = CARTESIAN_POINT('',(52.754021980526,8.841948670061E-03));
#7581 = CARTESIAN_POINT('',(52.101502687547,9.423850226795E-03));
#7582 = CARTESIAN_POINT('',(51.448918949797,1.026674449873E-02));
#7583 = CARTESIAN_POINT('',(50.267060303579,1.226571097224E-02));
#7584 = CARTESIAN_POINT('',(49.737775293908,1.333256629948E-02));
#7585 = CARTESIAN_POINT('',(49.208562776146,1.457092720928E-02));
#7586 = CARTESIAN_POINT('',(48.679474328757,1.598073829275E-02));
#7587 = CARTESIAN_POINT('',(48.150561822831,1.75619830392E-02));
#7588 = CARTESIAN_POINT('',(47.621877422086,1.931468383612E-02));
#7589 = CARTESIAN_POINT('',(47.093473582866,2.123890196922E-02));
#7590 = CARTESIAN_POINT('',(46.167899235488,2.491237286253E-02));
#7591 = CARTESIAN_POINT('',(45.770584440844,2.658725146259E-02));
#7592 = CARTESIAN_POINT('',(45.373481234459,2.835941459735E-02));
#7593 = CARTESIAN_POINT('',(44.976612380914,3.022892098415E-02));
#7594 = CARTESIAN_POINT('',(44.58000095583,3.219583474658E-02));
#7595 = CARTESIAN_POINT('',(44.183670267174,3.42602343588E-02));
#7596 = CARTESIAN_POINT('',(43.787643805852,3.642221848042E-02));
#7597 = CARTESIAN_POINT('',(42.785513779974,4.214495928219E-02));
#7598 = CARTESIAN_POINT('',(42.179853354099,4.583745892869E-02));
#7599 = CARTESIAN_POINT('',(41.575049634919,4.975974039166E-02));
#7600 = CARTESIAN_POINT('',(40.971190485338,5.39122255973E-02));
#7601 = CARTESIAN_POINT('',(40.368366183489,5.829540410746E-02));
#7602 = CARTESIAN_POINT('',(39.766669443317,6.29098357891E-02));
#7603 = CARTESIAN_POINT('',(39.166195435155,6.775615348365E-02));
#7604 = CARTESIAN_POINT('',(38.265869349613,7.538804773111E-02));
#7605 = CARTESIAN_POINT('',(37.965030658849,7.799979849227E-02));
#7606 = CARTESIAN_POINT('',(37.664538198815,8.067040727515E-02));
#7607 = CARTESIAN_POINT('',(37.364404663935,8.339996790855E-02));
#7608 = CARTESIAN_POINT('',(37.064642978264,8.618857873484E-02));
#7609 = CARTESIAN_POINT('',(36.76526629548,8.903634260997E-02));
#7610 = CARTESIAN_POINT('',(36.466287998891,9.194336690345E-02));
#7611 = CARTESIAN_POINT('',(35.894612633453,9.762323054462E-02));
#7612 = CARTESIAN_POINT('',(35.621848330477,0.100386376984));
#7613 = CARTESIAN_POINT('',(35.349439230425,0.103199285083));
#7614 = CARTESIAN_POINT('',(35.077395919837,0.106062051193));
#7615 = CARTESIAN_POINT('',(34.805729183263,0.108974775638));
#7616 = CARTESIAN_POINT('',(34.534450025936,0.111937558205));
#7617 = CARTESIAN_POINT('',(34.263569669735,0.114950499274));
#7618 = CARTESIAN_POINT('',(33.592330710113,0.122552610194));
#7619 = CARTESIAN_POINT('',(33.19246271423,0.127201874773));
#7620 = CARTESIAN_POINT('',(32.793532558836,0.131961844617));
#7621 = CARTESIAN_POINT('',(32.395578538413,0.136832875312));
#7622 = CARTESIAN_POINT('',(31.998640217865,0.141815333694));
#7623 = CARTESIAN_POINT('',(31.602758432519,0.146909597847));
#7624 = CARTESIAN_POINT('',(31.207975288125,0.152116057108));
#7625 = CARTESIAN_POINT('',(30.635977553334,0.159845146305));
#7626 = CARTESIAN_POINT('',(30.457855424366,0.162278295578));
#7627 = CARTESIAN_POINT('',(30.279971822382,0.164734597041));
#7628 = CARTESIAN_POINT('',(30.102330860939,0.167214088242));
#7629 = CARTESIAN_POINT('',(29.924936718717,0.169716807119));
#7630 = CARTESIAN_POINT('',(29.747793639519,0.172242791997));
#7631 = CARTESIAN_POINT('',(29.570905932272,0.174792081587));
#7632 = CARTESIAN_POINT('',(29.228464801369,0.179779828071));
#7633 = CARTESIAN_POINT('',(29.062880547188,0.182215513476));
#7634 = CARTESIAN_POINT('',(28.897528827854,0.184671804815));
#7635 = CARTESIAN_POINT('',(28.732413320659,0.187148733176));
#7636 = CARTESIAN_POINT('',(28.567537758169,0.189646331072));
#7637 = CARTESIAN_POINT('',(28.402905928011,0.192164633178));
#7638 = CARTESIAN_POINT('',(28.23852167508,0.194703673886));
#7639 = CARTESIAN_POINT('',(27.592926516335,0.204772348846));
#7640 = CARTESIAN_POINT('',(27.11362872047,0.212459898605));
#7641 = CARTESIAN_POINT('',(26.636593307127,0.220326895443));
#7642 = CARTESIAN_POINT('',(26.161923093921,0.22837413618));
#7643 = CARTESIAN_POINT('',(25.689725996713,0.236602453652));
#7644 = CARTESIAN_POINT('',(25.220115098773,0.245012720425));
#7645 = CARTESIAN_POINT('',(24.753208719954,0.253605852506));
#7646 = CARTESIAN_POINT('',(24.080712025006,0.266324563556));
#7647 = CARTESIAN_POINT('',(23.872864118263,0.270303388436));
#7648 = CARTESIAN_POINT('',(23.665598021785,0.274319373747));
#7649 = CARTESIAN_POINT('',(23.458925264642,0.278372606518));
#7650 = CARTESIAN_POINT('',(23.252857648811,0.282463174761));
#7651 = CARTESIAN_POINT('',(23.047407249174,0.286591167463));
#7652 = CARTESIAN_POINT('',(22.842586413525,0.290756674595));
#7653 = CARTESIAN_POINT('',(22.540940942875,0.296966186933));
#7654 = CARTESIAN_POINT('',(22.443620463884,0.298981155943));
#7655 = CARTESIAN_POINT('',(22.346447700373,0.301004704004));
#7656 = CARTESIAN_POINT('',(22.249424043126,0.303036841006));
#7657 = CARTESIAN_POINT('',(22.152550898935,0.30507757686));
#7658 = CARTESIAN_POINT('',(22.055829690591,0.307126921499));
#7659 = CARTESIAN_POINT('',(21.959261856894,0.309184884882));
#7660 = CARTESIAN_POINT('',(21.758781529108,0.313482137785));
#7661 = CARTESIAN_POINT('',(21.654894592531,0.315722852404));
#7662 = CARTESIAN_POINT('',(21.55118987353,0.317973629995));
#7663 = CARTESIAN_POINT('',(21.447669235654,0.320234490886));
#7664 = CARTESIAN_POINT('',(21.344334546872,0.322505440084));
#7665 = CARTESIAN_POINT('',(21.24118770045,0.324786486385));
#7666 = CARTESIAN_POINT('',(21.138230631595,0.327077658471));
#7667 = CARTESIAN_POINT('',(21.035465276201,0.329378969372));
#7668 = ( GEOMETRIC_REPRESENTATION_CONTEXT(2) 
PARAMETRIC_REPRESENTATION_CONTEXT() REPRESENTATION_CONTEXT('2D SPACE',''
  ) );
#7669 = PCURVE('',#5935,#7670);
#7670 = DEFINITIONAL_REPRESENTATION('',(#7671),#7877);
#7671 = B_SPLINE_CURVE_WITH_KNOTS('',8,(#7672,#7673,#7674,#7675,#7676,
    #7677,#7678,#7679,#7680,#7681,#7682,#7683,#7684,#7685,#7686,#7687,
    #7688,#7689,#7690,#7691,#7692,#7693,#7694,#7695,#7696,#7697,#7698,
    #7699,#7700,#7701,#7702,#7703,#7704,#7705,#7706,#7707,#7708,#7709,
    #7710,#7711,#7712,#7713,#7714,#7715,#7716,#7717,#7718,#7719,#7720,
    #7721,#7722,#7723,#7724,#7725,#7726,#7727,#7728,#7729,#7730,#7731,
    #7732,#7733,#7734,#7735,#7736,#7737,#7738,#7739,#7740,#7741,#7742,
    #7743,#7744,#7745,#7746,#7747,#7748,#7749,#7750,#7751,#7752,#7753,
    #7754,#7755,#7756,#7757,#7758,#7759,#7760,#7761,#7762,#7763,#7764,
    #7765,#7766,#7767,#7768,#7769,#7770,#7771,#7772,#7773,#7774,#7775,
    #7776,#7777,#7778,#7779,#7780,#7781,#7782,#7783,#7784,#7785,#7786,
    #7787,#7788,#7789,#7790,#7791,#7792,#7793,#7794,#7795,#7796,#7797,
    #7798,#7799,#7800,#7801,#7802,#7803,#7804,#7805,#7806,#7807,#7808,
    #7809,#7810,#7811,#7812,#7813,#7814,#7815,#7816,#7817,#7818,#7819,
    #7820,#7821,#7822,#7823,#7824,#7825,#7826,#7827,#7828,#7829,#7830,
    #7831,#7832,#7833,#7834,#7835,#7836,#7837,#7838,#7839,#7840,#7841,
    #7842,#7843,#7844,#7845,#7846,#7847,#7848,#7849,#7850,#7851,#7852,
    #7853,#7854,#7855,#7856,#7857,#7858,#7859,#7860,#7861,#7862,#7863,
    #7864,#7865,#7866,#7867,#7868,#7869,#7870,#7871,#7872,#7873,#7874,
    #7875,#7876),.UNSPECIFIED.,.F.,.F.,(9,7,7,7,7,7,7,7,7,7,7,7,7,7,7,7,
    7,7,7,7,7,7,7,7,7,7,7,7,7,9),(0.,5.311724024755E-02,0.108971392976,
    0.127005340465,0.145733445441,0.185558321588,0.209789858343,
    0.222527820557,0.235762375766,0.294440246628,0.336203028758,
    0.386327305877,0.419687644028,0.460126496756,0.511281941911,
    0.54907488739,0.605441714758,0.66210686409,0.70806978501,
    0.742668263032,0.795692522537,0.822345864403,0.846726611384,
    0.882852753616,0.899221307928,0.914587628493,0.959662755611,
    0.979906085132,0.989569450715,1.),.UNSPECIFIED.);
#7672 = CARTESIAN_POINT('',(6.28318530718,23.520725847715));
#7673 = CARTESIAN_POINT('',(6.263015978969,23.51414953156));
#7674 = CARTESIAN_POINT('',(6.242843101651,23.506098524916));
#7675 = CARTESIAN_POINT('',(6.222682032367,23.496546175597));
#7676 = CARTESIAN_POINT('',(6.202546862116,23.485506014802));
#7677 = CARTESIAN_POINT('',(6.182450685685,23.473023838399));
#7678 = CARTESIAN_POINT('',(6.162405834087,23.459169154601));
#7679 = CARTESIAN_POINT('',(6.142424069495,23.444025998056));
#7680 = CARTESIAN_POINT('',(6.101583673369,23.410498140974));
#7681 = CARTESIAN_POINT('',(6.080731902287,23.391985930182));
#7682 = CARTESIAN_POINT('',(6.05997380105,23.372249487606));
#7683 = CARTESIAN_POINT('',(6.039319758319,23.351398006124));
#7684 = CARTESIAN_POINT('',(6.018778519934,23.329537244303));
#7685 = CARTESIAN_POINT('',(5.998357436004,23.306765882099));
#7686 = CARTESIAN_POINT('',(5.978062614928,23.283177849796));
#7687 = CARTESIAN_POINT('',(5.951388638465,23.25102242016));
#7688 = CARTESIAN_POINT('',(5.944891931887,23.243099298118));
#7689 = CARTESIAN_POINT('',(5.938409020786,23.235104013532));
#7690 = CARTESIAN_POINT('',(5.931940041725,23.22704064462));
#7691 = CARTESIAN_POINT('',(5.92548512003,23.218912495211));
#7692 = CARTESIAN_POINT('',(5.919044370668,23.21072197181));
#7693 = CARTESIAN_POINT('',(5.912617891662,23.20247244087));
#7694 = CARTESIAN_POINT('',(5.899546794116,23.185552196067));
#7695 = CARTESIAN_POINT('',(5.892903304567,23.176876799153));
#7696 = CARTESIAN_POINT('',(5.88627536577,23.168152019908));
#7697 = CARTESIAN_POINT('',(5.879663048991,23.159383934907));
#7698 = CARTESIAN_POINT('',(5.873066412388,23.150578552929));
#7699 = CARTESIAN_POINT('',(5.866485501005,23.141741814953));
#7700 = CARTESIAN_POINT('',(5.859920346776,23.132879594161));
#7701 = CARTESIAN_POINT('',(5.839443869228,23.105110547607));
#7702 = CARTESIAN_POINT('',(5.825588153562,23.086134295244));
#7703 = CARTESIAN_POINT('',(5.811803958444,23.067124172729));
#7704 = CARTESIAN_POINT('',(5.798091239793,23.048132593237));
#7705 = CARTESIAN_POINT('',(5.78444978223,23.029207977022));
#7706 = CARTESIAN_POINT('',(5.770879208773,23.010393579205));
#7707 = CARTESIAN_POINT('',(5.757378990526,22.991726317556));
#7708 = CARTESIAN_POINT('',(5.735776617233,22.961984881163));
#7709 = CARTESIAN_POINT('',(5.727630589351,22.950799489142));
#7710 = CARTESIAN_POINT('',(5.719510226483,22.939686215259));
#7711 = CARTESIAN_POINT('',(5.711415372331,22.928650727405));
#7712 = CARTESIAN_POINT('',(5.703345860548,22.917697570315));
#7713 = CARTESIAN_POINT('',(5.695301514738,22.90683016557));
#7714 = CARTESIAN_POINT('',(5.687282148456,22.896050811598));
#7715 = CARTESIAN_POINT('',(5.675084996452,22.879741128999));
#7716 = CARTESIAN_POINT('',(5.670889277374,22.874146086011));
#7717 = CARTESIAN_POINT('',(5.666700378372,22.868576081325));
#7718 = CARTESIAN_POINT('',(5.662518271498,22.863031014092));
#7719 = CARTESIAN_POINT('',(5.658342929035,22.857510530252));
#7720 = CARTESIAN_POINT('',(5.654174322061,22.852014396776));
#7721 = CARTESIAN_POINT('',(5.650012419019,22.846542875923));
#7722 = CARTESIAN_POINT('',(5.641539956573,22.835439017953));
#7723 = CARTESIAN_POINT('',(5.637229927875,22.829808611972));
#7724 = CARTESIAN_POINT('',(5.63292706035,22.824206591335));
#7725 = CARTESIAN_POINT('',(5.628631315549,22.818633650863));
#7726 = CARTESIAN_POINT('',(5.624342654414,22.813090470411));
#7727 = CARTESIAN_POINT('',(5.620061037282,22.807577714872));
#7728 = CARTESIAN_POINT('',(5.615786423882,22.802096034173));
#7729 = CARTESIAN_POINT('',(5.592597348039,22.772482600024));
#7730 = CARTESIAN_POINT('',(5.573812951033,22.748942692332));
#7731 = CARTESIAN_POINT('',(5.555161803235,22.726081416766));
#7732 = CARTESIAN_POINT('',(5.5366401456,22.703948760267));
#7733 = CARTESIAN_POINT('',(5.518244194204,22.682590083803));
#7734 = CARTESIAN_POINT('',(5.499970095323,22.662046586037));
#7735 = CARTESIAN_POINT('',(5.481813880511,22.642355766975));
#7736 = CARTESIAN_POINT('',(5.45093006827,22.610168615497));
#7737 = CARTESIAN_POINT('',(5.438146425342,22.597234491817));
#7738 = CARTESIAN_POINT('',(5.42541904003,22.584762296778));
#7739 = CARTESIAN_POINT('',(5.412746493866,22.572764573888));
#7740 = CARTESIAN_POINT('',(5.400127394328,22.561251618762));
#7741 = CARTESIAN_POINT('',(5.387560365642,22.550230735692));
#7742 = CARTESIAN_POINT('',(5.375044038852,22.539706766019));
#7743 = CARTESIAN_POINT('',(5.347613975589,22.517654289798));
#7744 = CARTESIAN_POINT('',(5.332722023674,22.506346303097));
#7745 = CARTESIAN_POINT('',(5.317898812707,22.495766033814));
#7746 = CARTESIAN_POINT('',(5.303142052403,22.485915450973));
#7747 = CARTESIAN_POINT('',(5.288449516095,22.476792566222));
#7748 = CARTESIAN_POINT('',(5.273819021927,22.468391613057));
#7749 = CARTESIAN_POINT('',(5.259248414048,22.46070322605));
#7750 = CARTESIAN_POINT('',(5.235076466678,22.449063335867));
#7751 = CARTESIAN_POINT('',(5.225442981228,22.444721796953));
#7752 = CARTESIAN_POINT('',(5.215834463384,22.440685718792));
#7753 = CARTESIAN_POINT('',(5.206250276205,22.436959970487));
#7754 = CARTESIAN_POINT('',(5.196689806975,22.433543894159));
#7755 = CARTESIAN_POINT('',(5.187152454807,22.43043516731));
#7756 = CARTESIAN_POINT('',(5.177637612712,22.427635803313));
#7757 = CARTESIAN_POINT('',(5.15663752109,22.422123222874));
#7758 = CARTESIAN_POINT('',(5.145162563606,22.419554660597));
#7759 = CARTESIAN_POINT('',(5.13371876227,22.417436779683));
#7760 = CARTESIAN_POINT('',(5.122305079759,22.415767555252));
#7761 = CARTESIAN_POINT('',(5.110920494771,22.414544356136));
#7762 = CARTESIAN_POINT('',(5.099564002027,22.413763944879));
#7763 = CARTESIAN_POINT('',(5.088234612271,22.413422477735));
#7764 = CARTESIAN_POINT('',(5.062632645505,22.413633184432));
#7765 = CARTESIAN_POINT('',(5.048375768763,22.414445634861));
#7766 = CARTESIAN_POINT('',(5.034158725596,22.415948598579));
#7767 = CARTESIAN_POINT('',(5.019979595751,22.418115455364));
#7768 = CARTESIAN_POINT('',(5.005836460845,22.420962270363));
#7769 = CARTESIAN_POINT('',(4.991727473229,22.424463660324));
#7770 = CARTESIAN_POINT('',(4.97765078285,22.428616838474));
#7771 = CARTESIAN_POINT('',(4.953227400912,22.43694875397));
#7772 = CARTESIAN_POINT('',(4.942866878655,22.440837586633));
#7773 = CARTESIAN_POINT('',(4.932522262241,22.445070589131));
#7774 = CARTESIAN_POINT('',(4.922192828046,22.449642934098));
#7775 = CARTESIAN_POINT('',(4.911877859163,22.454549513547));
#7776 = CARTESIAN_POINT('',(4.901576645396,22.459784938869));
#7777 = CARTESIAN_POINT('',(4.891288483261,22.465343540835));
#7778 = CARTESIAN_POINT('',(4.865686676721,22.479982958172));
#7779 = CARTESIAN_POINT('',(4.85038817522,22.489452162458));
#7780 = CARTESIAN_POINT('',(4.835114833298,22.499610118544));
#7781 = CARTESIAN_POINT('',(4.819864372735,22.510417763356));
#7782 = CARTESIAN_POINT('',(4.804634509268,22.521900380372));
#7783 = CARTESIAN_POINT('',(4.789423021583,22.534010259648));
#7784 = CARTESIAN_POINT('',(4.774227663185,22.546748351121));
#7785 = CARTESIAN_POINT('',(4.743784377621,22.573508031411));
#7786 = CARTESIAN_POINT('',(4.72853661116,22.587536831701));
#7787 = CARTESIAN_POINT('',(4.713300644842,22.602162247092));
#7788 = CARTESIAN_POINT('',(4.698074230035,22.617366588876));
#7789 = CARTESIAN_POINT('',(4.682855119678,22.633131511668));
#7790 = CARTESIAN_POINT('',(4.667641068285,22.649438013405));
#7791 = CARTESIAN_POINT('',(4.652429831947,22.666266435344));
#7792 = CARTESIAN_POINT('',(4.624881310979,22.697653402833));
#7793 = CARTESIAN_POINT('',(4.612543829602,22.712040459488));
#7794 = CARTESIAN_POINT('',(4.600205525003,22.726746807977));
#7795 = CARTESIAN_POINT('',(4.587865192184,22.741761503441));
#7796 = CARTESIAN_POINT('',(4.575521620346,22.757073480221));
#7797 = CARTESIAN_POINT('',(4.563173592882,22.772671551853));
#7798 = CARTESIAN_POINT('',(4.550819887384,22.78854441107));
#7799 = CARTESIAN_POINT('',(4.529154854918,22.81682712959));
#7800 = CARTESIAN_POINT('',(4.519846521866,22.829122711932));
#7801 = CARTESIAN_POINT('',(4.510533751261,22.841563429303));
#7802 = CARTESIAN_POINT('',(4.501216012159,22.854142496198));
#7803 = CARTESIAN_POINT('',(4.491892777055,22.86685677766));
#7804 = CARTESIAN_POINT('',(4.482563513248,22.879702062126));
#7805 = CARTESIAN_POINT('',(4.473227676917,22.892670065627));
#7806 = CARTESIAN_POINT('',(4.44956609986,22.925821405678));
#7807 = CARTESIAN_POINT('',(4.435230784577,22.946169720089));
#7808 = CARTESIAN_POINT('',(4.420876835582,22.966800733171));
#7809 = CARTESIAN_POINT('',(4.406502296792,22.987709229144));
#7810 = CARTESIAN_POINT('',(4.392105193367,23.008888965044));
#7811 = CARTESIAN_POINT('',(4.377683520107,23.030332534826));
#7812 = CARTESIAN_POINT('',(4.36323522985,23.052031233469));
#7813 = CARTESIAN_POINT('',(4.341481163279,23.085005204453));
#7814 = CARTESIAN_POINT('',(4.334196851571,23.096097381388));
#7815 = CARTESIAN_POINT('',(4.32690502226,23.107250169774));
#7816 = CARTESIAN_POINT('',(4.319605408208,23.118462187429));
#7817 = CARTESIAN_POINT('',(4.31229773962,23.129731952099));
#7818 = CARTESIAN_POINT('',(4.304981744047,23.141057881464));
#7819 = CARTESIAN_POINT('',(4.297657146384,23.15243829313));
#7820 = CARTESIAN_POINT('',(4.28361547968,23.174329672879));
#7821 = CARTESIAN_POINT('',(4.276899860336,23.184831849567));
#7822 = CARTESIAN_POINT('',(4.270176601071,23.195378264805));
#7823 = CARTESIAN_POINT('',(4.263445479681,23.205963798233));
#7824 = CARTESIAN_POINT('',(4.256706271121,23.216582846618));
#7825 = CARTESIAN_POINT('',(4.249958751665,23.227231552949));
#7826 = CARTESIAN_POINT('',(4.243202697607,23.237907297013));
#7827 = CARTESIAN_POINT('',(4.226414116086,23.264457418911));
#7828 = CARTESIAN_POINT('',(4.216371112199,23.28035916254));
#7829 = CARTESIAN_POINT('',(4.206308125141,23.296298664055));
#7830 = CARTESIAN_POINT('',(4.196224404227,23.312264989658));
#7831 = CARTESIAN_POINT('',(4.186119189819,23.328248286049));
#7832 = CARTESIAN_POINT('',(4.175991713322,23.344239780425));
#7833 = CARTESIAN_POINT('',(4.165841197188,23.360231780484));
#7834 = CARTESIAN_POINT('',(4.151056916961,23.383460794141));
#7835 = CARTESIAN_POINT('',(4.146442087827,23.390702671819));
#7836 = CARTESIAN_POINT('',(4.141822294355,23.397942700868));
#7837 = CARTESIAN_POINT('',(4.137197463002,23.405180326025));
#7838 = CARTESIAN_POINT('',(4.132567519837,23.412415043346));
#7839 = CARTESIAN_POINT('',(4.127932390538,23.41964640021));
#7840 = CARTESIAN_POINT('',(4.123292000395,23.426873995318));
#7841 = CARTESIAN_POINT('',(4.114285002385,23.440878673847));
#7842 = CARTESIAN_POINT('',(4.109919028307,23.447656392198));
#7843 = CARTESIAN_POINT('',(4.105548288643,23.454429763357));
#7844 = CARTESIAN_POINT('',(4.101172722455,23.461199232932));
#7845 = CARTESIAN_POINT('',(4.096792267362,23.467964745736));
#7846 = CARTESIAN_POINT('',(4.092406858775,23.47472540408));
#7847 = CARTESIAN_POINT('',(4.088016432298,23.481480601163));
#7848 = CARTESIAN_POINT('',(4.070727285982,23.50803883733));
#7849 = CARTESIAN_POINT('',(4.057789979243,23.527817887157));
#7850 = CARTESIAN_POINT('',(4.044807474151,23.547612075968));
#7851 = CARTESIAN_POINT('',(4.031778207544,23.567452211615));
#7852 = CARTESIAN_POINT('',(4.018700575371,23.587357356761));
#7853 = CARTESIAN_POINT('',(4.005572920024,23.607334572786));
#7854 = CARTESIAN_POINT('',(3.992393517675,23.627378663685));
#7855 = CARTESIAN_POINT('',(3.973217620434,23.656495841466));
#7856 = CARTESIAN_POINT('',(3.967263878261,23.665529685873));
#7857 = CARTESIAN_POINT('',(3.961299177948,23.674571853027));
#7858 = CARTESIAN_POINT('',(3.955323356178,23.683620247361));
#7859 = CARTESIAN_POINT('',(3.949336247461,23.69267227791));
#7860 = CARTESIAN_POINT('',(3.943337684133,23.701724858312));
#7861 = CARTESIAN_POINT('',(3.937327496355,23.710774406807));
#7862 = CARTESIAN_POINT('',(3.928430854804,23.724133349505));
#7863 = CARTESIAN_POINT('',(3.925553509446,23.728448233853));
#7864 = CARTESIAN_POINT('',(3.922673457342,23.732761056318));
#7865 = CARTESIAN_POINT('',(3.919790679686,23.737071349081));
#7866 = CARTESIAN_POINT('',(3.916905157574,23.741378619468));
#7867 = CARTESIAN_POINT('',(3.914016871997,23.745682349951));
#7868 = CARTESIAN_POINT('',(3.911125803847,23.749981998148));
#7869 = CARTESIAN_POINT('',(3.905108316913,23.75891297949));
#7870 = CARTESIAN_POINT('',(3.901981434939,23.76354329415));
#7871 = CARTESIAN_POINT('',(3.898851267229,23.768168711939));
#7872 = CARTESIAN_POINT('',(3.895717781809,23.772784958744));
#7873 = CARTESIAN_POINT('',(3.892580961731,23.777394676341));
#7874 = CARTESIAN_POINT('',(3.889440786176,23.78199875364));
#7875 = CARTESIAN_POINT('',(3.886297214497,23.78658907209));
#7876 = CARTESIAN_POINT('',(3.883150221281,23.7911647093));
#7877 = ( GEOMETRIC_REPRESENTATION_CONTEXT(2) 
PARAMETRIC_REPRESENTATION_CONTEXT() REPRESENTATION_CONTEXT('2D SPACE',''
  ) );
#7878 = ORIENTED_EDGE('',*,*,#7879,.T.);
#7879 = EDGE_CURVE('',#7251,#7880,#7882,.T.);
#7880 = VERTEX_POINT('',#7881);
#7881 = CARTESIAN_POINT('',(-26.40189089156,31.485945950662,
    13.347615540099));
#7882 = SURFACE_CURVE('',#7883,(#7942,#8004),.PCURVE_S1.);
#7883 = B_SPLINE_CURVE_WITH_KNOTS('',8,(#7884,#7885,#7886,#7887,#7888,
    #7889,#7890,#7891,#7892,#7893,#7894,#7895,#7896,#7897,#7898,#7899,
    #7900,#7901,#7902,#7903,#7904,#7905,#7906,#7907,#7908,#7909,#7910,
    #7911,#7912,#7913,#7914,#7915,#7916,#7917,#7918,#7919,#7920,#7921,
    #7922,#7923,#7924,#7925,#7926,#7927,#7928,#7929,#7930,#7931,#7932,
    #7933,#7934,#7935,#7936,#7937,#7938,#7939,#7940,#7941),
  .UNSPECIFIED.,.F.,.F.,(9,7,7,7,7,7,7,7,9),(0.,8.758667243029E-02,
    0.143022267188,0.314832463544,0.585487954833,0.716482030258,
    0.815634403417,0.911754543672,1.),.UNSPECIFIED.);
#7884 = CARTESIAN_POINT('',(-22.58434126066,34.62579187895,
    13.237232387579));
#7885 = CARTESIAN_POINT('',(-22.58434126066,34.469594873434,
    13.239629781865));
#7886 = CARTESIAN_POINT('',(-22.59305500096,34.313124521165,
    13.242217885759));
#7887 = CARTESIAN_POINT('',(-22.61053419696,34.15762620746,
    13.244979757985));
#7888 = CARTESIAN_POINT('',(-22.63657912189,34.004183524437,
    13.247894140701));
#7889 = CARTESIAN_POINT('',(-22.67080929374,33.85373327356,
    13.250936767061));
#7890 = CARTESIAN_POINT('',(-22.71271622135,33.707077435085,
    13.254081546515));
#7891 = CARTESIAN_POINT('',(-22.76169820946,33.564892104428,
    13.257301627856));
#7892 = CARTESIAN_POINT('',(-22.85212785852,33.340922532561,
    13.262639182177));
#7893 = CARTESIAN_POINT('',(-22.88975872328,33.256082485735,
    13.264728532396));
#7894 = CARTESIAN_POINT('',(-22.92981659533,33.173321800764,
    13.266832496139));
#7895 = CARTESIAN_POINT('',(-22.97214778684,33.092723560021,
    13.268945538378));
#7896 = CARTESIAN_POINT('',(-23.01660105332,33.014348257102,
    13.271062523131));
#7897 = CARTESIAN_POINT('',(-23.0630305032,32.938236671493,
    13.273178753006));
#7898 = CARTESIAN_POINT('',(-23.11129850722,32.864412743234,
    13.275290008754));
#7899 = CARTESIAN_POINT('',(-23.31618072408,32.571206731608,
    13.283909064278));
#7900 = CARTESIAN_POINT('',(-23.48722549352,32.372027264924,
    13.290329483465));
#7901 = CARTESIAN_POINT('',(-23.6709607496,32.19486322377,
    13.296562177524));
#7902 = CARTESIAN_POINT('',(-23.86453702051,32.039202385118,
    13.302533088876));
#7903 = CARTESIAN_POINT('',(-24.06557250043,31.904292876229,
    13.308189160459));
#7904 = CARTESIAN_POINT('',(-24.27221841272,31.789305419664,
    13.313496135072));
#7905 = CARTESIAN_POINT('',(-24.48315883311,31.693395870693,
    13.318434817346));
#7906 = CARTESIAN_POINT('',(-25.03564201668,31.493931635632,
    13.330178976934));
#7907 = CARTESIAN_POINT('',(-25.38082868441,31.418327525524,
    13.336388211467));
#7908 = CARTESIAN_POINT('',(-25.73007357626,31.38600605142,
    13.341593865128));
#7909 = CARTESIAN_POINT('',(-26.08016523517,31.396451437463,
    13.345747163614));
#7910 = CARTESIAN_POINT('',(-26.42776926059,31.449354824787,
    13.34881554707));
#7911 = CARTESIAN_POINT('',(-26.76928562978,31.545554552105,
    13.350767028437));
#7912 = CARTESIAN_POINT('',(-27.10092312226,31.685933592587,
    13.351585843007));
#7913 = CARTESIAN_POINT('',(-27.57174824219,31.965515624281,
    13.351043221711));
#7914 = CARTESIAN_POINT('',(-27.72163449506,32.067767668442,
    13.3505891304));
#7915 = CARTESIAN_POINT('',(-27.86732048149,32.181420572515,
    13.349854010253));
#7916 = CARTESIAN_POINT('',(-28.00803405147,32.306822200093,
    13.348832620759));
#7917 = CARTESIAN_POINT('',(-28.14278873491,32.444279613613,
    13.347520315268));
#7918 = CARTESIAN_POINT('',(-28.27040069201,32.594018765518,
    13.345914220964));
#7919 = CARTESIAN_POINT('',(-28.38949629842,32.756160786083,
    13.344013672558));
#7920 = CARTESIAN_POINT('',(-28.58102557312,33.062838793379,
    13.340159383523));
#7921 = CARTESIAN_POINT('',(-28.65774454478,33.20204228034,
    13.338331249529));
#7922 = CARTESIAN_POINT('',(-28.72792686539,33.348217104188,
    13.336337438384));
#7923 = CARTESIAN_POINT('',(-28.79073678773,33.501099005108,
    13.33418237449));
#7924 = CARTESIAN_POINT('',(-28.84529649353,33.660230644134,
    13.331873832683));
#7925 = CARTESIAN_POINT('',(-28.89073103882,33.824928627435,
    13.3294233352));
#7926 = CARTESIAN_POINT('',(-28.92624313499,33.994233793248,
    13.326846753848));
#7927 = CARTESIAN_POINT('',(-28.97550377103,34.334136044442,
    13.321566818619));
#7928 = CARTESIAN_POINT('',(-28.98991003939,34.504710570812,
    13.318867025958));
#7929 = CARTESIAN_POINT('',(-28.99386874451,34.677038791634,
    13.316090753309));
#7930 = CARTESIAN_POINT('',(-28.98712804392,34.84965535005,
    13.313262356757));
#7931 = CARTESIAN_POINT('',(-28.96973547044,35.021144121952,
    13.3104053035));
#7932 = CARTESIAN_POINT('',(-28.94200769598,35.190144995568,
    13.307541802732));
#7933 = CARTESIAN_POINT('',(-28.90452481949,35.355361584374,
    13.304692973337));
#7934 = CARTESIAN_POINT('',(-28.81557288343,35.662653029175,
    13.29929661453));
#7935 = CARTESIAN_POINT('',(-28.76545518941,35.805671844002,
    13.296740758651));
#7936 = CARTESIAN_POINT('',(-28.7083640412,35.94391638736,
    13.294223698669));
#7937 = CARTESIAN_POINT('',(-28.64493367554,36.07688800663,
    13.291753558843));
#7938 = CARTESIAN_POINT('',(-28.57581175089,36.20425580429,
    13.289335684827));
#7939 = CARTESIAN_POINT('',(-28.50161923443,36.325821795705,
    13.286973259033));
#7940 = CARTESIAN_POINT('',(-28.42292304694,36.441494747453,
    13.284667716304));
#7941 = CARTESIAN_POINT('',(-28.34022146568,36.551272696197,
    13.282418959901));
#7942 = PCURVE('',#5444,#7943);
#7943 = DEFINITIONAL_REPRESENTATION('',(#7944),#8003);
#7944 = B_SPLINE_CURVE_WITH_KNOTS('',8,(#7945,#7946,#7947,#7948,#7949,
    #7950,#7951,#7952,#7953,#7954,#7955,#7956,#7957,#7958,#7959,#7960,
    #7961,#7962,#7963,#7964,#7965,#7966,#7967,#7968,#7969,#7970,#7971,
    #7972,#7973,#7974,#7975,#7976,#7977,#7978,#7979,#7980,#7981,#7982,
    #7983,#7984,#7985,#7986,#7987,#7988,#7989,#7990,#7991,#7992,#7993,
    #7994,#7995,#7996,#7997,#7998,#7999,#8000,#8001,#8002),
  .UNSPECIFIED.,.F.,.F.,(9,7,7,7,7,7,7,7,9),(0.,8.758667243029E-02,
    0.143022267188,0.314832463544,0.585487954833,0.716482030258,
    0.815634403417,0.911754543672,1.),.UNSPECIFIED.);
#7945 = CARTESIAN_POINT('',(81.192242760315,0.246280956749));
#7946 = CARTESIAN_POINT('',(81.19622240063,0.242660676172));
#7947 = CARTESIAN_POINT('',(81.191378215604,0.239034060057));
#7948 = CARTESIAN_POINT('',(81.17763279297,0.235429973519));
#7949 = CARTESIAN_POINT('',(81.155167788564,0.231873531682));
#7950 = CARTESIAN_POINT('',(81.124351086259,0.228386447411));
#7951 = CARTESIAN_POINT('',(81.085682499008,0.224987308728));
#7952 = CARTESIAN_POINT('',(81.039758011018,0.221691785941));
#7953 = CARTESIAN_POINT('',(80.954020668931,0.216500696084));
#7954 = CARTESIAN_POINT('',(80.918135754192,0.214534302601));
#7955 = CARTESIAN_POINT('',(80.879750883874,0.212616103854));
#7956 = CARTESIAN_POINT('',(80.839020038003,0.210748025496));
#7957 = CARTESIAN_POINT('',(80.796095113934,0.208931469628));
#7958 = CARTESIAN_POINT('',(80.751122930713,0.207167381423));
#7959 = CARTESIAN_POINT('',(80.704242233446,0.205456315755));
#7960 = CARTESIAN_POINT('',(80.504765178214,0.198660487463));
#7961 = CARTESIAN_POINT('',(80.337138810672,0.194043974155));
#7962 = CARTESIAN_POINT('',(80.156206467391,0.189937726823));
#7963 = CARTESIAN_POINT('',(79.964853636963,0.186329873337));
#7964 = CARTESIAN_POINT('',(79.765493016429,0.183202987049));
#7965 = CARTESIAN_POINT('',(79.559997801987,0.180537847251));
#7966 = CARTESIAN_POINT('',(79.349702592103,0.178314888647));
#7967 = CARTESIAN_POINT('',(78.797595204592,0.173691775075));
#7968 = CARTESIAN_POINT('',(78.451398231178,0.171939448963));
#7969 = CARTESIAN_POINT('',(78.099948526779,0.171190312931));
#7970 = CARTESIAN_POINT('',(77.7464294043,0.171432412503));
#7971 = CARTESIAN_POINT('',(77.394138900129,0.172658589055));
#7972 = CARTESIAN_POINT('',(77.046609173296,0.174888273313));
#7973 = CARTESIAN_POINT('',(76.707569092143,0.178141930527));
#7974 = CARTESIAN_POINT('',(76.223485646059,0.184621986888));
#7975 = CARTESIAN_POINT('',(76.06892504545,0.186991949668));
#7976 = CARTESIAN_POINT('',(75.91820202369,0.189626157666));
#7977 = CARTESIAN_POINT('',(75.772078549491,0.192532673545));
#7978 = CARTESIAN_POINT('',(75.631535226993,0.195718614292));
#7979 = CARTESIAN_POINT('',(75.497756270084,0.199189216955));
#7980 = CARTESIAN_POINT('',(75.372123683295,0.20294728905));
#7981 = CARTESIAN_POINT('',(75.168491026086,0.210055366633));
#7982 = CARTESIAN_POINT('',(75.08635723109,0.213281777271));
#7983 = CARTESIAN_POINT('',(75.010571842198,0.216669767162));
#7984 = CARTESIAN_POINT('',(74.941990318551,0.220213211383));
#7985 = CARTESIAN_POINT('',(74.881518806639,0.223901509888));
#7986 = CARTESIAN_POINT('',(74.830070259619,0.227718823211));
#7987 = CARTESIAN_POINT('',(74.788490526078,0.231642920228));
#7988 = CARTESIAN_POINT('',(74.727291907935,0.239521057931));
#7989 = CARTESIAN_POINT('',(74.707008782293,0.243474575752));
#7990 = CARTESIAN_POINT('',(74.697238021546,0.2474687401));
#7991 = CARTESIAN_POINT('',(74.698292699047,0.251469587439));
#7992 = CARTESIAN_POINT('',(74.710181598838,0.255444295329));
#7993 = CARTESIAN_POINT('',(74.732638460973,0.259361339566));
#7994 = CARTESIAN_POINT('',(74.7651265008,0.263190672949));
#7995 = CARTESIAN_POINT('',(74.845094293015,0.270312968575));
#7996 = CARTESIAN_POINT('',(74.891169242488,0.273627809572));
#7997 = CARTESIAN_POINT('',(74.944495641783,0.276831994144));
#7998 = CARTESIAN_POINT('',(75.004450472763,0.279913964692));
#7999 = CARTESIAN_POINT('',(75.070390156442,0.282866051786));
#8000 = CARTESIAN_POINT('',(75.141692512246,0.285683666606));
#8001 = CARTESIAN_POINT('',(75.21778562809,0.288364694575));
#8002 = CARTESIAN_POINT('',(75.298163641264,0.290909090189));
#8003 = ( GEOMETRIC_REPRESENTATION_CONTEXT(2) 
PARAMETRIC_REPRESENTATION_CONTEXT() REPRESENTATION_CONTEXT('2D SPACE',''
  ) );
#8004 = PCURVE('',#8005,#8010);
#8005 = CYLINDRICAL_SURFACE('',#8006,3.2);
#8006 = AXIS2_PLACEMENT_3D('',#8007,#8008,#8009);
#8007 = CARTESIAN_POINT('',(-25.78434126066,34.62579187895,10.5));
#8008 = DIRECTION('',(0.,0.,1.));
#8009 = DIRECTION('',(1.,0.,-0.));
#8010 = DEFINITIONAL_REPRESENTATION('',(#8011),#8070);
#8011 = B_SPLINE_CURVE_WITH_KNOTS('',8,(#8012,#8013,#8014,#8015,#8016,
    #8017,#8018,#8019,#8020,#8021,#8022,#8023,#8024,#8025,#8026,#8027,
    #8028,#8029,#8030,#8031,#8032,#8033,#8034,#8035,#8036,#8037,#8038,
    #8039,#8040,#8041,#8042,#8043,#8044,#8045,#8046,#8047,#8048,#8049,
    #8050,#8051,#8052,#8053,#8054,#8055,#8056,#8057,#8058,#8059,#8060,
    #8061,#8062,#8063,#8064,#8065,#8066,#8067,#8068,#8069),
  .UNSPECIFIED.,.F.,.F.,(9,7,7,7,7,7,7,7,9),(0.,8.758667243029E-02,
    0.143022267188,0.314832463544,0.585487954833,0.716482030258,
    0.815634403417,0.911754543672,1.),.UNSPECIFIED.);
#8012 = CARTESIAN_POINT('',(6.28318530718,2.737232387579));
#8013 = CARTESIAN_POINT('',(6.234373742956,2.739629781865));
#8014 = CARTESIAN_POINT('',(6.185476861308,2.742217885759));
#8015 = CARTESIAN_POINT('',(6.136706128563,2.744979757985));
#8016 = CARTESIAN_POINT('',(6.088221280648,2.747894140701));
#8017 = CARTESIAN_POINT('',(6.040149456974,2.750936767061));
#8018 = CARTESIAN_POINT('',(5.99259885367,2.754081546515));
#8019 = CARTESIAN_POINT('',(5.945666896177,2.757301627856));
#8020 = CARTESIAN_POINT('',(5.870186733639,2.762639182177));
#8021 = CARTESIAN_POINT('',(5.841199794089,2.764728532396));
#8022 = CARTESIAN_POINT('',(5.812493161667,2.766832496139));
#8023 = CARTESIAN_POINT('',(5.784073834825,2.768945538378));
#8024 = CARTESIAN_POINT('',(5.755945129793,2.771062523131));
#8025 = CARTESIAN_POINT('',(5.728107049038,2.773178753006));
#8026 = CARTESIAN_POINT('',(5.700556649712,2.775290008754));
#8027 = CARTESIAN_POINT('',(5.588776623668,2.783909064278));
#8028 = CARTESIAN_POINT('',(5.507138965848,2.790329483465));
#8029 = CARTESIAN_POINT('',(5.427949816812,2.796562177524));
#8030 = CARTESIAN_POINT('',(5.350929106513,2.802533088875));
#8031 = CARTESIAN_POINT('',(5.275806956065,2.808189160459));
#8032 = CARTESIAN_POINT('',(5.202313808431,2.813496135072));
#8033 = CARTESIAN_POINT('',(5.13013413769,2.818434817346));
#8034 = CARTESIAN_POINT('',(4.94657565725,2.830178976934));
#8035 = CARTESIAN_POINT('',(4.837090495669,2.836388211467));
#8036 = CARTESIAN_POINT('',(4.728857294378,2.841593865128));
#8037 = CARTESIAN_POINT('',(4.621020458273,2.845747163614));
#8038 = CARTESIAN_POINT('',(4.512793201225,2.84881554707));
#8039 = CARTESIAN_POINT('',(4.403350578035,2.850767028437));
#8040 = CARTESIAN_POINT('',(4.291841001162,2.851585843007));
#8041 = CARTESIAN_POINT('',(4.120722665028,2.851043221711));
#8042 = CARTESIAN_POINT('',(4.064133495117,2.8505891304));
#8043 = CARTESIAN_POINT('',(4.006589805867,2.849854010253));
#8044 = CARTESIAN_POINT('',(3.94794590846,2.848832620759));
#8045 = CARTESIAN_POINT('',(3.888074787051,2.847520315268));
#8046 = CARTESIAN_POINT('',(3.826856605788,2.845914220964));
#8047 = CARTESIAN_POINT('',(3.764165281153,2.844013672558));
#8048 = CARTESIAN_POINT('',(3.651173792593,2.840159383523));
#8049 = CARTESIAN_POINT('',(3.601577423386,2.838331249529));
#8050 = CARTESIAN_POINT('',(3.551039748,2.836337438384));
#8051 = CARTESIAN_POINT('',(3.499564879452,2.83418237449));
#8052 = CARTESIAN_POINT('',(3.447186077108,2.831873832683));
#8053 = CARTESIAN_POINT('',(3.393966876794,2.8294233352));
#8054 = CARTESIAN_POINT('',(3.34001437868,2.826846753848));
#8055 = CARTESIAN_POINT('',(3.232685230916,2.821566818619));
#8056 = CARTESIAN_POINT('',(3.179286273658,2.818867025958));
#8057 = CARTESIAN_POINT('',(3.125587938975,2.816090753309));
#8058 = CARTESIAN_POINT('',(3.071810990839,2.813262356757));
#8059 = CARTESIAN_POINT('',(3.018150376084,2.8104053035));
#8060 = CARTESIAN_POINT('',(2.964794752079,2.807541802732));
#8061 = CARTESIAN_POINT('',(2.911943802377,2.804692973337));
#8062 = CARTESIAN_POINT('',(2.811972869601,2.79929661453));
#8063 = CARTESIAN_POINT('',(2.764687218899,2.796740758651));
#8064 = CARTESIAN_POINT('',(2.718061451611,2.794223698669));
#8065 = CARTESIAN_POINT('',(2.672150809132,2.791753558843));
#8066 = CARTESIAN_POINT('',(2.62698366972,2.789335684827));
#8067 = CARTESIAN_POINT('',(2.582569244348,2.786973259033));
#8068 = CARTESIAN_POINT('',(2.538900009553,2.784667716304));
#8069 = CARTESIAN_POINT('',(2.495948877286,2.782418959901));
#8070 = ( GEOMETRIC_REPRESENTATION_CONTEXT(2) 
PARAMETRIC_REPRESENTATION_CONTEXT() REPRESENTATION_CONTEXT('2D SPACE',''
  ) );
#8071 = ORIENTED_EDGE('',*,*,#8072,.T.);
#8072 = EDGE_CURVE('',#7880,#8073,#8075,.T.);
#8073 = VERTEX_POINT('',#8074);
#8074 = CARTESIAN_POINT('',(-81.58900787332,38.211055633536,11.7));
#8075 = SURFACE_CURVE('',#8076,(#8282,#8491),.PCURVE_S1.);
#8076 = B_SPLINE_CURVE_WITH_KNOTS('',8,(#8077,#8078,#8079,#8080,#8081,
    #8082,#8083,#8084,#8085,#8086,#8087,#8088,#8089,#8090,#8091,#8092,
    #8093,#8094,#8095,#8096,#8097,#8098,#8099,#8100,#8101,#8102,#8103,
    #8104,#8105,#8106,#8107,#8108,#8109,#8110,#8111,#8112,#8113,#8114,
    #8115,#8116,#8117,#8118,#8119,#8120,#8121,#8122,#8123,#8124,#8125,
    #8126,#8127,#8128,#8129,#8130,#8131,#8132,#8133,#8134,#8135,#8136,
    #8137,#8138,#8139,#8140,#8141,#8142,#8143,#8144,#8145,#8146,#8147,
    #8148,#8149,#8150,#8151,#8152,#8153,#8154,#8155,#8156,#8157,#8158,
    #8159,#8160,#8161,#8162,#8163,#8164,#8165,#8166,#8167,#8168,#8169,
    #8170,#8171,#8172,#8173,#8174,#8175,#8176,#8177,#8178,#8179,#8180,
    #8181,#8182,#8183,#8184,#8185,#8186,#8187,#8188,#8189,#8190,#8191,
    #8192,#8193,#8194,#8195,#8196,#8197,#8198,#8199,#8200,#8201,#8202,
    #8203,#8204,#8205,#8206,#8207,#8208,#8209,#8210,#8211,#8212,#8213,
    #8214,#8215,#8216,#8217,#8218,#8219,#8220,#8221,#8222,#8223,#8224,
    #8225,#8226,#8227,#8228,#8229,#8230,#8231,#8232,#8233,#8234,#8235,
    #8236,#8237,#8238,#8239,#8240,#8241,#8242,#8243,#8244,#8245,#8246,
    #8247,#8248,#8249,#8250,#8251,#8252,#8253,#8254,#8255,#8256,#8257,
    #8258,#8259,#8260,#8261,#8262,#8263,#8264,#8265,#8266,#8267,#8268,
    #8269,#8270,#8271,#8272,#8273,#8274,#8275,#8276,#8277,#8278,#8279,
    #8280,#8281),.UNSPECIFIED.,.F.,.F.,(9,7,7,7,7,7,7,7,7,7,7,7,7,7,7,7,
    7,7,7,7,7,7,7,7,7,7,7,7,7,9),(0.,5.311724024755E-02,0.108971392976,
    0.127005340465,0.145733445441,0.185558321588,0.209789858343,
    0.222527820557,0.235762375766,0.294440246628,0.336203028758,
    0.386327305877,0.419687644028,0.460126496756,0.511281941911,
    0.54907488739,0.605441714758,0.66210686409,0.70806978501,
    0.742668263032,0.795692522537,0.822345864403,0.846726611384,
    0.882852753616,0.899221307928,0.914587628493,0.959662755611,
    0.979906085132,0.989569450715,1.),.UNSPECIFIED.);
#8077 = CARTESIAN_POINT('',(-7.174380532465,67.145,12.048779296763));
#8078 = CARTESIAN_POINT('',(-7.174694454408,66.281236025118,
    12.057207076243));
#8079 = CARTESIAN_POINT('',(-7.194990681031,65.417334515927,
    12.067521760329));
#8080 = CARTESIAN_POINT('',(-7.235283316973,64.55449446312,
    12.079755209117));
#8081 = CARTESIAN_POINT('',(-7.295482603166,63.693861517859,
    12.093886930104));
#8082 = CARTESIAN_POINT('',(-7.375405687654,62.836530296833,
    12.109854444695));
#8083 = CARTESIAN_POINT('',(-7.474785631169,61.983546362942,
    12.12756449436));
#8084 = CARTESIAN_POINT('',(-7.593278647506,61.135907881602,
    12.146905086435));
#8085 = CARTESIAN_POINT('',(-7.874729393089,59.409875193043,
    12.189686156973));
#8086 = CARTESIAN_POINT('',(-8.039670625319,58.532104037424,
    12.213287418561));
#8087 = CARTESIAN_POINT('',(-8.224819685852,57.66232618996,
    12.23842531171));
#8088 = CARTESIAN_POINT('',(-8.429631318461,56.801496013629,
    12.264955263803));
#8089 = CARTESIAN_POINT('',(-8.653506857452,55.950459862606,
    12.292737438322));
#8090 = CARTESIAN_POINT('',(-8.895809936156,55.109964381613,
    12.32164153454));
#8091 = CARTESIAN_POINT('',(-9.155879646668,54.280662772231,
    12.351543930834));
#8092 = CARTESIAN_POINT('',(-9.522529859653,53.199154034076,
    12.392253102613));
#8093 = CARTESIAN_POINT('',(-9.613800876975,52.936413275419,
    12.402279740483));
#8094 = CARTESIAN_POINT('',(-9.706831690124,52.674915360228,
    12.412393466107));
#8095 = CARTESIAN_POINT('',(-9.801599698879,52.414677636371,
    12.422588993601));
#8096 = CARTESIAN_POINT('',(-9.89808224188,52.155716574995,
    12.432862021937));
#8097 = CARTESIAN_POINT('',(-9.996256636672,51.89804781787,
    12.443209389933));
#8098 = CARTESIAN_POINT('',(-10.09610023335,51.641685886673,
    12.453626734627));
#8099 = CARTESIAN_POINT('',(-10.30298726354,51.121784206107,
    12.474983845913));
#8100 = CARTESIAN_POINT('',(-10.41015992127,50.858348189294,
    12.485929163228));
#8101 = CARTESIAN_POINT('',(-10.51908312776,50.596350210757,
    12.496931741685));
#8102 = CARTESIAN_POINT('',(-10.62973170815,50.335804008258,
    12.507983822697));
#8103 = CARTESIAN_POINT('',(-10.74208064002,50.076722350341,
    12.519077752365));
#8104 = CARTESIAN_POINT('',(-10.85610505331,49.819117036328,
    12.530205981476));
#8105 = CARTESIAN_POINT('',(-10.97178023038,49.56299889632,
    12.541361065507));
#8106 = CARTESIAN_POINT('',(-11.3385202311,48.766931980806,
    12.576298187642));
#8107 = CARTESIAN_POINT('',(-11.5953117895,48.232257479739,
    12.600149118263));
#8108 = CARTESIAN_POINT('',(-11.85922148861,47.704447739242,
    12.624018598613));
#8109 = CARTESIAN_POINT('',(-12.13001832991,47.183580526116,
    12.647840741616));
#8110 = CARTESIAN_POINT('',(-12.40747605583,46.669719082627,
    12.671555038001));
#8111 = CARTESIAN_POINT('',(-12.69137409654,46.162913286422,
    12.695107763318));
#8112 = CARTESIAN_POINT('',(-12.98149851679,45.663200810447,
    12.718453384953));
#8113 = CARTESIAN_POINT('',(-13.45783272658,44.870889235545,
    12.755612789202));
#8114 = CARTESIAN_POINT('',(-13.64025092017,44.573806638744,
    12.769579663755));
#8115 = CARTESIAN_POINT('',(-13.82485082469,44.279366557938,
    12.783448301804));
#8116 = CARTESIAN_POINT('',(-14.01158659033,43.987574003269,
    12.797211826237));
#8117 = CARTESIAN_POINT('',(-14.20041323632,43.698432929533,
    12.810864773819));
#8118 = CARTESIAN_POINT('',(-14.39128665095,43.411946236183,
    12.824403095202));
#8119 = CARTESIAN_POINT('',(-14.58416359152,43.128115767325,
    12.837824154916));
#8120 = CARTESIAN_POINT('',(-14.88142359391,42.699135885361,
    12.858119590224));
#8121 = CARTESIAN_POINT('',(-14.98438742776,42.552063751844,
    12.865079885387));
#8122 = CARTESIAN_POINT('',(-15.08788704854,42.405725990743,
    12.8720069956));
#8123 = CARTESIAN_POINT('',(-15.19191635735,42.260122714589,
    12.87890107875));
#8124 = CARTESIAN_POINT('',(-15.29646931079,42.115254006465,
    12.885762607042));
#8125 = CARTESIAN_POINT('',(-15.40153993801,41.971119857603,
    12.89259190216));
#8126 = CARTESIAN_POINT('',(-15.50712235775,41.827720104981,
    12.899388670434));
#8127 = CARTESIAN_POINT('',(-15.72343512011,41.536826769517,
    12.913178057854));
#8128 = CARTESIAN_POINT('',(-15.83420567785,41.389391562834,
    12.920168125755));
#8129 = CARTESIAN_POINT('',(-15.94551596941,41.242748414194,
    12.927120897262));
#8130 = CARTESIAN_POINT('',(-16.05735957518,41.096896924717,
    12.934035547519));
#8131 = CARTESIAN_POINT('',(-16.16973015505,40.951836631321,
    12.940911271262));
#8132 = CARTESIAN_POINT('',(-16.28262144846,40.807567006721,
    12.947747282816));
#8133 = CARTESIAN_POINT('',(-16.39602727436,40.664087459428,
    12.954542816102));
#8134 = CARTESIAN_POINT('',(-17.01500165225,39.888754027192,
    12.991243612236));
#8135 = CARTESIAN_POINT('',(-17.53005210839,39.271634032051,
    13.020379445754));
#8136 = CARTESIAN_POINT('',(-18.05456678441,38.669973165133,
    13.048639891279));
#8137 = CARTESIAN_POINT('',(-18.5880446108,38.083693027442,
    13.075966840281));
#8138 = CARTESIAN_POINT('',(-19.13001049805,37.512702156199,
    13.102308133786));
#8139 = CARTESIAN_POINT('',(-19.68001627079,36.956897176861,
    13.127616886566));
#8140 = CARTESIAN_POINT('',(-20.23764160209,36.416163955129,
    13.151850811326));
#8141 = CARTESIAN_POINT('',(-21.20451783728,35.51616181353,
    13.191427253716));
#8142 = CARTESIAN_POINT('',(-21.61019947502,35.149519485277,
    13.207319237353));
#8143 = CARTESIAN_POINT('',(-22.0193974898,34.790408085588,
    13.22263314388));
#8144 = CARTESIAN_POINT('',(-22.43197449863,34.438783610718,
    13.237354911148));
#8145 = CARTESIAN_POINT('',(-22.84779816192,34.094601812808,
    13.251473214685));
#8146 = CARTESIAN_POINT('',(-23.2667412488,33.7578182225,13.264980359205
    ));
#8147 = CARTESIAN_POINT('',(-23.68868171278,33.428388113151,
    13.277871611723));
#8148 = CARTESIAN_POINT('',(-24.62337898,32.719651414553,13.304871240188
    ));
#8149 = CARTESIAN_POINT('',(-25.13740285824,32.343565681468,
    13.318706812378));
#8150 = CARTESIAN_POINT('',(-25.65537255308,31.977931300986,
    13.331644168015));
#8151 = CARTESIAN_POINT('',(-26.17709403941,31.622672045153,
    13.34368268924));
#8152 = CARTESIAN_POINT('',(-26.70238114332,31.277713243194,
    13.354826431592));
#8153 = CARTESIAN_POINT('',(-27.23105555938,30.942981660254,
    13.365083890437));
#8154 = CARTESIAN_POINT('',(-27.76294686795,30.618405376136,
    13.374467767407));
#8155 = CARTESIAN_POINT('',(-28.65392699235,30.094602917538,
    13.38866988268));
#8156 = CARTESIAN_POINT('',(-29.01131382443,29.889759610655,
    13.393965734512));
#8157 = CARTESIAN_POINT('',(-29.37000481455,29.689363122533,
    13.398887837233));
#8158 = CARTESIAN_POINT('',(-29.72995346657,29.493392113736,
    13.403430537946));
#8159 = CARTESIAN_POINT('',(-30.09111415586,29.301826335014,
    13.40759489864));
#8160 = CARTESIAN_POINT('',(-30.45344235508,29.114646123132,
    13.411383982318));
#8161 = CARTESIAN_POINT('',(-30.81689498656,28.931831639052,
    13.414795530582));
#8162 = CARTESIAN_POINT('',(-31.62331320126,28.537028253098,
    13.421512870288));
#8163 = CARTESIAN_POINT('',(-32.06678646235,28.327079758961,
    13.4246422111));
#8164 = CARTESIAN_POINT('',(-32.51177487869,28.123484420642,
    13.427222100636));
#8165 = CARTESIAN_POINT('',(-32.95820555377,27.926209285792,
    13.429255242317));
#8166 = CARTESIAN_POINT('',(-33.40600753541,27.735222450468,
    13.430745015436));
#8167 = CARTESIAN_POINT('',(-33.85511181572,27.550493059137,
    13.431695475157));
#8168 = CARTESIAN_POINT('',(-34.30545133116,27.371991304676,
    13.432111352517));
#8169 = CARTESIAN_POINT('',(-35.32812395607,26.981724026702,
    13.431854731504));
#8170 = CARTESIAN_POINT('',(-35.90115851223,26.773679672986,
    13.430865242213));
#8171 = CARTESIAN_POINT('',(-36.47593303545,26.575496487892,
    13.429034753232));
#8172 = CARTESIAN_POINT('',(-37.05231917645,26.387120550787,
    13.426395518905));
#8173 = CARTESIAN_POINT('',(-37.63019258887,26.20849696832,
    13.422927670291));
#8174 = CARTESIAN_POINT('',(-38.20943194521,26.039577143556,
    13.418661682622));
#8175 = CARTESIAN_POINT('',(-38.78991965866,25.880313054184,
    13.413600393723));
#8176 = CARTESIAN_POINT('',(-39.80123583805,25.620098679545,
    13.403443762528));
#8177 = CARTESIAN_POINT('',(-40.2315487825,25.514783098724,
    13.398702476226));
#8178 = CARTESIAN_POINT('',(-40.66243414862,25.414695488862,
    13.393540579525));
#8179 = CARTESIAN_POINT('',(-41.09384642258,25.319818720282,
    13.387963651942));
#8180 = CARTESIAN_POINT('',(-41.52574079074,25.230136483905,
    13.381977589241));
#8181 = CARTESIAN_POINT('',(-41.95807313964,25.145633291247,
    13.375588603434));
#8182 = CARTESIAN_POINT('',(-42.390800056,25.066294474422,
    13.368803222783));
#8183 = CARTESIAN_POINT('',(-43.46980033397,24.881457005838,
    13.350927138679));
#8184 = CARTESIAN_POINT('',(-44.11650370288,24.78226510935,
    13.33935950751));
#8185 = CARTESIAN_POINT('',(-44.763847736,24.694484121022,
    13.326944604469));
#8186 = CARTESIAN_POINT('',(-45.41169284515,24.618073547636,
    13.313728704262));
#8187 = CARTESIAN_POINT('',(-46.05990247811,24.552991722943,
    13.299679331132));
#8188 = CARTESIAN_POINT('',(-46.70834101293,24.499206621704,
    13.284853123911));
#8189 = CARTESIAN_POINT('',(-47.35687560521,24.456686125706,
    13.269247211502));
#8190 = CARTESIAN_POINT('',(-48.6573067502,24.39395593451,
    13.236439095677));
#8191 = CARTESIAN_POINT('',(-49.30920179705,24.373865471935,
    13.219227955004));
#8192 = CARTESIAN_POINT('',(-49.9609269337,24.365105189868,
    13.201272014896));
#8193 = CARTESIAN_POINT('',(-50.61234942517,24.367651783232,
    13.182591069085));
#8194 = CARTESIAN_POINT('',(-51.26333709125,24.38148587537,
    13.163205716457));
#8195 = CARTESIAN_POINT('',(-51.91375830651,24.406592018035,
    13.143137361051));
#8196 = CARTESIAN_POINT('',(-52.56348200031,24.442958691398,
    13.122408212063));
#8197 = CARTESIAN_POINT('',(-53.73871774576,24.529204099897,
    13.083709882728));
#8198 = CARTESIAN_POINT('',(-54.26451251785,24.575233572991,
    13.065958770786));
#8199 = CARTESIAN_POINT('',(-54.78969222729,24.628662654444,
    13.047800218492));
#8200 = CARTESIAN_POINT('',(-55.31418678128,24.689488953641,
    13.029246674907));
#8201 = CARTESIAN_POINT('',(-55.83792573996,24.757711758226,
    13.010310767679));
#8202 = CARTESIAN_POINT('',(-56.36083831638,24.833332034109,
    12.99100530304));
#8203 = CARTESIAN_POINT('',(-56.88285337655,24.916352425462,
    12.971343265806));
#8204 = CARTESIAN_POINT('',(-57.79611560828,25.074844327154,
    12.936278767764));
#8205 = CARTESIAN_POINT('',(-58.1877825622,25.147106964353,
    12.921025314364));
#8206 = CARTESIAN_POINT('',(-58.57886971952,25.223566942803,
    12.90558192438));
#8207 = CARTESIAN_POINT('',(-58.96934637384,25.304226795861,
    12.889956611976));
#8208 = CARTESIAN_POINT('',(-59.35918137491,25.389089290141,
    12.87415285729));
#8209 = CARTESIAN_POINT('',(-59.74834336065,25.47815781141,
    12.858175497271));
#8210 = CARTESIAN_POINT('',(-60.13680090369,25.571436616338,
    12.842034459329));
#8211 = CARTESIAN_POINT('',(-61.11872786111,25.81834426823,
    12.800742954014));
#8212 = CARTESIAN_POINT('',(-61.71120329675,25.977657165478,
    12.77537188871));
#8213 = CARTESIAN_POINT('',(-62.30183332831,26.146883999198,
    12.749621029805));
#8214 = CARTESIAN_POINT('',(-62.89050063113,26.326042973395,
    12.723495500363));
#8215 = CARTESIAN_POINT('',(-63.4770854644,26.515155210216,
    12.697001714664));
#8216 = CARTESIAN_POINT('',(-64.0614656648,26.714244865121,
    12.670147565266));
#8217 = CARTESIAN_POINT('',(-64.64351664032,26.923339242052,
    12.642942610069));
#8218 = CARTESIAN_POINT('',(-65.5144522795,27.252617319359,
    12.601552728998));
#8219 = CARTESIAN_POINT('',(-65.80517243298,27.365301305949,
    12.587621454385));
#8220 = CARTESIAN_POINT('',(-66.09525562883,27.480524721886,
    12.573605876315));
#8221 = CARTESIAN_POINT('',(-66.38468544813,27.598291615414,
    12.559507566367));
#8222 = CARTESIAN_POINT('',(-66.67344524853,27.718606229515,
    12.545328226917));
#8223 = CARTESIAN_POINT('',(-66.9615181643,27.841473001907,
    12.531069691139));
#8224 = CARTESIAN_POINT('',(-67.24888710628,27.966896565049,
    12.516733923005));
#8225 = CARTESIAN_POINT('',(-67.79774143004,28.211954281848,
    12.489140856188));
#8226 = CARTESIAN_POINT('',(-68.05934454983,28.331170234968,
    12.475896062785));
#8227 = CARTESIAN_POINT('',(-68.32033077775,28.452533154889,
    12.462588100953));
#8228 = CARTESIAN_POINT('',(-68.58068686612,28.57604719874,
    12.449223317504));
#8229 = CARTESIAN_POINT('',(-68.84039939465,28.701716694883,
    12.435808683926));
#8230 = CARTESIAN_POINT('',(-69.09945464975,28.829545948767,
    12.422348987526));
#8231 = CARTESIAN_POINT('',(-69.35783865172,28.959539291166,
    12.40884747194));
#8232 = CARTESIAN_POINT('',(-69.99738203281,29.287532366808,
    12.3752506863));
#8233 = CARTESIAN_POINT('',(-70.37772187023,29.488124887083,
    12.35511160359));
#8234 = CARTESIAN_POINT('',(-70.75651100238,29.693493786007,
    12.334907689536));
#8235 = CARTESIAN_POINT('',(-71.13370232247,29.903654405342,
    12.314652639074));
#8236 = CARTESIAN_POINT('',(-71.50924745647,30.118622572217,
    12.294358831436));
#8237 = CARTESIAN_POINT('',(-71.88309676311,30.338414599129,
    12.274037330156));
#8238 = CARTESIAN_POINT('',(-72.25519933392,30.563047283941,
    12.253697883062));
#8239 = CARTESIAN_POINT('',(-72.7932855236,30.896518837345,
    12.224128921221));
#8240 = CARTESIAN_POINT('',(-72.96069872102,31.001497062727,
    12.214906950215));
#8241 = CARTESIAN_POINT('',(-73.12773771963,31.107474189335,
    12.205683781495));
#8242 = CARTESIAN_POINT('',(-73.2943975899,31.214451837218,
    12.196460123195));
#8243 = CARTESIAN_POINT('',(-73.46067333847,31.322431643163,
    12.18723661935));
#8244 = CARTESIAN_POINT('',(-73.62655990824,31.431415260698,
    12.178013849896));
#8245 = CARTESIAN_POINT('',(-73.7920521783,31.541404360092,
    12.168792330673));
#8246 = CARTESIAN_POINT('',(-74.11212924784,31.756600682133,
    12.150917218348));
#8247 = CARTESIAN_POINT('',(-74.26676146004,31.861688328918,
    12.142263235072));
#8248 = CARTESIAN_POINT('',(-74.42103733632,31.967665018735,
    12.133611680449));
#8249 = CARTESIAN_POINT('',(-74.57495250024,32.074532092898,
    12.124961987784));
#8250 = CARTESIAN_POINT('',(-74.72850254558,32.182290954085,
    12.11631423209));
#8251 = CARTESIAN_POINT('',(-74.88168305164,32.290943098454,
    12.107669567311));
#8252 = CARTESIAN_POINT('',(-75.0344895314,32.400490009814,
    12.099028775532));
#8253 = CARTESIAN_POINT('',(-75.63404462498,32.834902990972,
    12.065045045959));
#8254 = CARTESIAN_POINT('',(-76.077912748,33.166582325307,
    12.039709147385));
#8255 = CARTESIAN_POINT('',(-76.51840521333,33.506003903891,
    12.014327192537));
#8256 = CARTESIAN_POINT('',(-76.95540134802,33.853202105498,
    11.988859514661));
#8257 = CARTESIAN_POINT('',(-77.38877625434,34.208212862834,
    11.963281290781));
#8258 = CARTESIAN_POINT('',(-77.81840078962,34.571073822735,
    11.937583012333));
#8259 = CARTESIAN_POINT('',(-78.24414154611,34.941824506377,
    11.91177095579));
#8260 = CARTESIAN_POINT('',(-78.85525580289,35.490573294643,
    11.874234428461));
#8261 = CARTESIAN_POINT('',(-79.04383954853,35.662239694059,
    11.862582794629));
#8262 = CARTESIAN_POINT('',(-79.23159954051,35.835509380301,
    11.850914782711));
#8263 = CARTESIAN_POINT('',(-79.41852302706,36.01038610824,
    11.839233073283));
#8264 = CARTESIAN_POINT('',(-79.6045970318,36.186873675046,
    11.827540996581));
#8265 = CARTESIAN_POINT('',(-79.78980835376,36.364975920183,
    11.815842532504));
#8266 = CARTESIAN_POINT('',(-79.97414356733,36.544696725416,
    11.804142310608));
#8267 = CARTESIAN_POINT('',(-80.24515863353,36.812606135235,
    11.786862067502));
#8268 = CARTESIAN_POINT('',(-80.33252548927,36.899541973153,
    11.78127932666));
#8269 = CARTESIAN_POINT('',(-80.41968810307,36.986847954251,
    11.77569796162));
#8270 = CARTESIAN_POINT('',(-80.50664497533,37.07452450519,
    11.770118579439));
#8271 = CARTESIAN_POINT('',(-80.59339459325,37.162572053604,
    11.764541820193));
#8272 = CARTESIAN_POINT('',(-80.67993543086,37.250991028092,
    11.758968356981));
#8273 = CARTESIAN_POINT('',(-80.76626594901,37.339781858227,
    11.753398895926));
#8274 = CARTESIAN_POINT('',(-80.94534028227,37.52518683472,
    11.741827668066));
#8275 = CARTESIAN_POINT('',(-81.03804913225,37.62186246698,
    11.735827009718));
#8276 = CARTESIAN_POINT('',(-81.13050913669,37.718972266134,
    11.729831204284));
#8277 = CARTESIAN_POINT('',(-81.22271844594,37.816517109269,
    11.723845803249));
#8278 = CARTESIAN_POINT('',(-81.31467495064,37.914497212417,
    11.717867386078));
#8279 = CARTESIAN_POINT('',(-81.40637658284,38.012912955077,
    11.711894806153));
#8280 = CARTESIAN_POINT('',(-81.49782156977,38.111765574739,
    11.70593860539));
#8281 = CARTESIAN_POINT('',(-81.58900787332,38.211055633536,11.7));
#8282 = PCURVE('',#5444,#8283);
#8283 = DEFINITIONAL_REPRESENTATION('',(#8284),#8490);
#8284 = B_SPLINE_CURVE_WITH_KNOTS('',8,(#8285,#8286,#8287,#8288,#8289,
    #8290,#8291,#8292,#8293,#8294,#8295,#8296,#8297,#8298,#8299,#8300,
    #8301,#8302,#8303,#8304,#8305,#8306,#8307,#8308,#8309,#8310,#8311,
    #8312,#8313,#8314,#8315,#8316,#8317,#8318,#8319,#8320,#8321,#8322,
    #8323,#8324,#8325,#8326,#8327,#8328,#8329,#8330,#8331,#8332,#8333,
    #8334,#8335,#8336,#8337,#8338,#8339,#8340,#8341,#8342,#8343,#8344,
    #8345,#8346,#8347,#8348,#8349,#8350,#8351,#8352,#8353,#8354,#8355,
    #8356,#8357,#8358,#8359,#8360,#8361,#8362,#8363,#8364,#8365,#8366,
    #8367,#8368,#8369,#8370,#8371,#8372,#8373,#8374,#8375,#8376,#8377,
    #8378,#8379,#8380,#8381,#8382,#8383,#8384,#8385,#8386,#8387,#8388,
    #8389,#8390,#8391,#8392,#8393,#8394,#8395,#8396,#8397,#8398,#8399,
    #8400,#8401,#8402,#8403,#8404,#8405,#8406,#8407,#8408,#8409,#8410,
    #8411,#8412,#8413,#8414,#8415,#8416,#8417,#8418,#8419,#8420,#8421,
    #8422,#8423,#8424,#8425,#8426,#8427,#8428,#8429,#8430,#8431,#8432,
    #8433,#8434,#8435,#8436,#8437,#8438,#8439,#8440,#8441,#8442,#8443,
    #8444,#8445,#8446,#8447,#8448,#8449,#8450,#8451,#8452,#8453,#8454,
    #8455,#8456,#8457,#8458,#8459,#8460,#8461,#8462,#8463,#8464,#8465,
    #8466,#8467,#8468,#8469,#8470,#8471,#8472,#8473,#8474,#8475,#8476,
    #8477,#8478,#8479,#8480,#8481,#8482,#8483,#8484,#8485,#8486,#8487,
    #8488,#8489),.UNSPECIFIED.,.F.,.F.,(9,7,7,7,7,7,7,7,7,7,7,7,7,7,7,7,
    7,7,7,7,7,7,7,7,7,7,7,7,7,9),(0.,5.311724024755E-02,0.108971392976,
    0.127005340465,0.145733445441,0.185558321588,0.209789858343,
    0.222527820557,0.235762375766,0.294440246628,0.336203028758,
    0.386327305877,0.419687644028,0.460126496756,0.511281941911,
    0.54907488739,0.605441714758,0.66210686409,0.70806978501,
    0.742668263032,0.795692522537,0.822345864403,0.846726611384,
    0.882852753616,0.899221307928,0.914587628493,0.959662755611,
    0.979906085132,0.989569450715,1.),.UNSPECIFIED.);
#8285 = CARTESIAN_POINT('',(96.604325296762,0.999999999919));
#8286 = CARTESIAN_POINT('',(96.610307058549,0.979979975006));
#8287 = CARTESIAN_POINT('',(96.59509925303,0.959956762586));
#8288 = CARTESIAN_POINT('',(96.558767032467,0.93995815193));
#8289 = CARTESIAN_POINT('',(96.50149139224,0.920010696807));
#8290 = CARTESIAN_POINT('',(96.42355394657,0.900139768101));
#8291 = CARTESIAN_POINT('',(96.325323824997,0.880369599398));
#8292 = CARTESIAN_POINT('',(96.207246689617,0.860723325567));
#8293 = CARTESIAN_POINT('',(95.925344843444,0.820717932392));
#8294 = CARTESIAN_POINT('',(95.759469433519,0.800373253852));
#8295 = CARTESIAN_POINT('',(95.572797447603,0.780213841464));
#8296 = CARTESIAN_POINT('',(95.365983989567,0.760261815126));
#8297 = CARTESIAN_POINT('',(95.139729486387,0.740536791346));
#8298 = CARTESIAN_POINT('',(94.894762161739,0.721056075597));
#8299 = CARTESIAN_POINT('',(94.631824959614,0.701834807561));
#8300 = CARTESIAN_POINT('',(94.261210700068,0.676767969268));
#8301 = CARTESIAN_POINT('',(94.168958743792,0.670678254153));
#8302 = CARTESIAN_POINT('',(94.074935918378,0.664617345236));
#8303 = CARTESIAN_POINT('',(93.979167433262,0.658585644602));
#8304 = CARTESIAN_POINT('',(93.881678268061,0.652583534013));
#8305 = CARTESIAN_POINT('',(93.782493093135,0.646611376008));
#8306 = CARTESIAN_POINT('',(93.681636680744,0.640669507166));
#8307 = CARTESIAN_POINT('',(93.472687460415,0.628619404476));
#8308 = CARTESIAN_POINT('',(93.364465369745,0.622513574905));
#8309 = CARTESIAN_POINT('',(93.254496775646,0.616441075693));
#8310 = CARTESIAN_POINT('',(93.142809662728,0.610402225246));
#8311 = CARTESIAN_POINT('',(93.029431759371,0.604397319512));
#8312 = CARTESIAN_POINT('',(92.91439053772,0.59842663197));
#8313 = CARTESIAN_POINT('',(92.797713213685,0.592490413636));
#8314 = CARTESIAN_POINT('',(92.427893348673,0.574039447927));
#8315 = CARTESIAN_POINT('',(92.169084118825,0.561646945874));
#8316 = CARTESIAN_POINT('',(91.903256809011,0.549413552885));
#8317 = CARTESIAN_POINT('',(91.63066303478,0.537341071413));
#8318 = CARTESIAN_POINT('',(91.35154721451,0.525430967264));
#8319 = CARTESIAN_POINT('',(91.066145508299,0.513684396487));
#8320 = CARTESIAN_POINT('',(90.774684756857,0.50210223225));
#8321 = CARTESIAN_POINT('',(90.296486527002,0.483738306537));
#8322 = CARTESIAN_POINT('',(90.113428896544,0.476852628085));
#8323 = CARTESIAN_POINT('',(89.928257537578,0.470028196962));
#8324 = CARTESIAN_POINT('',(89.741020206319,0.463265129291));
#8325 = CARTESIAN_POINT('',(89.551763406648,0.456563516735));
#8326 = CARTESIAN_POINT('',(89.360532390105,0.449923426496));
#8327 = CARTESIAN_POINT('',(89.167371155894,0.443344901317));
#8328 = CARTESIAN_POINT('',(88.869789827409,0.433402152865));
#8329 = CARTESIAN_POINT('',(88.766735614161,0.429993365438));
#8330 = CARTESIAN_POINT('',(88.6631660747,0.426601599044));
#8331 = CARTESIAN_POINT('',(88.559087303736,0.423226856289));
#8332 = CARTESIAN_POINT('',(88.454505278826,0.4198691391));
#8333 = CARTESIAN_POINT('',(88.349425912078,0.416528447273));
#8334 = CARTESIAN_POINT('',(88.24385510185,0.413204777031));
#8335 = CARTESIAN_POINT('',(88.027607832071,0.406462551153));
#8336 = CARTESIAN_POINT('',(87.916892771409,0.403045348542));
#8337 = CARTESIAN_POINT('',(87.805660188745,0.399646503979));
#8338 = CARTESIAN_POINT('',(87.693916577835,0.396266008222));
#8339 = CARTESIAN_POINT('',(87.581668339915,0.392903850535));
#8340 = CARTESIAN_POINT('',(87.468921783703,0.389560018698));
#8341 = CARTESIAN_POINT('',(87.355683125392,0.386234499002));
#8342 = CARTESIAN_POINT('',(86.737739084002,0.368264086851));
#8343 = CARTESIAN_POINT('',(86.22397073066,0.353960691437));
#8344 = CARTESIAN_POINT('',(85.701181488608,0.34001560239));
#8345 = CARTESIAN_POINT('',(85.16986985679,0.326427002606));
#8346 = CARTESIAN_POINT('',(84.630504453702,0.313192772191));
#8347 = CARTESIAN_POINT('',(84.083523697961,0.300310515167));
#8348 = CARTESIAN_POINT('',(83.529335488889,0.287777586166));
#8349 = CARTESIAN_POINT('',(82.569023298297,0.266917645464));
#8350 = CARTESIAN_POINT('',(82.166272237594,0.258419735433));
#8351 = CARTESIAN_POINT('',(81.760201223922,0.25009637468));
#8352 = CARTESIAN_POINT('',(81.350941641345,0.241946543301));
#8353 = CARTESIAN_POINT('',(80.938618860495,0.233969215733));
#8354 = CARTESIAN_POINT('',(80.523352337301,0.226163361282));
#8355 = CARTESIAN_POINT('',(80.105255688963,0.218527943288));
#8356 = CARTESIAN_POINT('',(79.179363948436,0.202101087369));
#8357 = CARTESIAN_POINT('',(78.670371468609,0.193384301344));
#8358 = CARTESIAN_POINT('',(78.157645565197,0.184909753181));
#8359 = CARTESIAN_POINT('',(77.641363343439,0.176675676096));
#8360 = CARTESIAN_POINT('',(77.121692857828,0.168680339395));
#8361 = CARTESIAN_POINT('',(76.598793213623,0.160922045666));
#8362 = CARTESIAN_POINT('',(76.072814668356,0.153399127967));
#8363 = CARTESIAN_POINT('',(75.191877408345,0.141258614383));
#8364 = CARTESIAN_POINT('',(74.838555468045,0.13651082653));
#8365 = CARTESIAN_POINT('',(74.483974852789,0.131866105517));
#8366 = CARTESIAN_POINT('',(74.128177154172,0.127323956744));
#8367 = CARTESIAN_POINT('',(73.771202164891,0.122883910882));
#8368 = CARTESIAN_POINT('',(73.413088271223,0.118545512183));
#8369 = CARTESIAN_POINT('',(73.053873056915,0.114308300824));
#8370 = CARTESIAN_POINT('',(72.25686631183,0.105157683465));
#8371 = CARTESIAN_POINT('',(71.818575126401,0.100291569335));
#8372 = CARTESIAN_POINT('',(71.378783112343,9.557270646987E-02));
#8373 = CARTESIAN_POINT('',(70.937552356716,9.100033111119E-02));
#8374 = CARTESIAN_POINT('',(70.494942852341,8.657370380039E-02));
#8375 = CARTESIAN_POINT('',(70.051012497802,8.229210937854E-02));
#8376 = CARTESIAN_POINT('',(69.605817097442,7.815485698634E-02));
#8377 = CARTESIAN_POINT('',(68.59470256766,6.910937598104E-02));
#8378 = CARTESIAN_POINT('',(68.028057229607,6.428739536416E-02));
#8379 = CARTESIAN_POINT('',(67.45958318732,5.96939735286E-02));
#8380 = CARTESIAN_POINT('',(66.889384436899,5.532786072053E-02));
#8381 = CARTESIAN_POINT('',(66.317563378601,5.118778464061E-02));
#8382 = CARTESIAN_POINT('',(65.744216628611,4.727261892586E-02));
#8383 = CARTESIAN_POINT('',(65.169438316488,4.358125053155E-02));
#8384 = CARTESIAN_POINT('',(64.167688830822,3.755009107764E-02));
#8385 = CARTESIAN_POINT('',(63.741327417674,3.510912269613E-02));
#8386 = CARTESIAN_POINT('',(63.314270615778,3.278932643092E-02));
#8387 = CARTESIAN_POINT('',(62.886554140966,3.059030525628E-02));
#8388 = CARTESIAN_POINT('',(62.458212952933,2.851168116595E-02));
#8389 = CARTESIAN_POINT('',(62.029281255239,2.655309517318E-02));
#8390 = CARTESIAN_POINT('',(61.599792495307,2.471420731074E-02));
#8391 = CARTESIAN_POINT('',(60.528430149451,2.043010791141E-02));
#8392 = CARTESIAN_POINT('',(59.885915313678,1.813107218334E-02));
#8393 = CARTESIAN_POINT('',(59.242343047749,1.609651456766E-02));
#8394 = CARTESIAN_POINT('',(58.597818088169,1.43254965265E-02));
#8395 = CARTESIAN_POINT('',(57.952446890022,1.281705233384E-02));
#8396 = CARTESIAN_POINT('',(57.306329320925,1.157043971964E-02));
#8397 = CARTESIAN_POINT('',(56.659566056031,1.058491425902E-02));
#8398 = CARTESIAN_POINT('',(55.361516570176,9.130975420326E-03));
#8399 = CARTESIAN_POINT('',(54.710225773104,8.665325575048E-03));
#8400 = CARTESIAN_POINT('',(54.058480924896,8.462282764345E-03));
#8401 = CARTESIAN_POINT('',(53.40638041687,8.521306831205E-03));
#8402 = CARTESIAN_POINT('',(52.754021980526,8.841948670061E-03));
#8403 = CARTESIAN_POINT('',(52.101502687547,9.423850226795E-03));
#8404 = CARTESIAN_POINT('',(51.448918949797,1.026674449873E-02));
#8405 = CARTESIAN_POINT('',(50.267060303579,1.226571097224E-02));
#8406 = CARTESIAN_POINT('',(49.737775293908,1.333256629948E-02));
#8407 = CARTESIAN_POINT('',(49.208562776146,1.457092720928E-02));
#8408 = CARTESIAN_POINT('',(48.679474328757,1.598073829275E-02));
#8409 = CARTESIAN_POINT('',(48.150561822831,1.75619830392E-02));
#8410 = CARTESIAN_POINT('',(47.621877422086,1.931468383612E-02));
#8411 = CARTESIAN_POINT('',(47.093473582866,2.123890196922E-02));
#8412 = CARTESIAN_POINT('',(46.167899235488,2.491237286253E-02));
#8413 = CARTESIAN_POINT('',(45.770584440844,2.658725146259E-02));
#8414 = CARTESIAN_POINT('',(45.373481234459,2.835941459735E-02));
#8415 = CARTESIAN_POINT('',(44.976612380914,3.022892098415E-02));
#8416 = CARTESIAN_POINT('',(44.58000095583,3.219583474658E-02));
#8417 = CARTESIAN_POINT('',(44.183670267174,3.42602343588E-02));
#8418 = CARTESIAN_POINT('',(43.787643805852,3.642221848042E-02));
#8419 = CARTESIAN_POINT('',(42.785513779974,4.214495928219E-02));
#8420 = CARTESIAN_POINT('',(42.179853354099,4.583745892869E-02));
#8421 = CARTESIAN_POINT('',(41.575049634919,4.975974039166E-02));
#8422 = CARTESIAN_POINT('',(40.971190485338,5.39122255973E-02));
#8423 = CARTESIAN_POINT('',(40.368366183489,5.829540410746E-02));
#8424 = CARTESIAN_POINT('',(39.766669443317,6.29098357891E-02));
#8425 = CARTESIAN_POINT('',(39.166195435155,6.775615348365E-02));
#8426 = CARTESIAN_POINT('',(38.265869349613,7.538804773111E-02));
#8427 = CARTESIAN_POINT('',(37.965030658849,7.799979849227E-02));
#8428 = CARTESIAN_POINT('',(37.664538198815,8.067040727515E-02));
#8429 = CARTESIAN_POINT('',(37.364404663935,8.339996790855E-02));
#8430 = CARTESIAN_POINT('',(37.064642978264,8.618857873484E-02));
#8431 = CARTESIAN_POINT('',(36.76526629548,8.903634260997E-02));
#8432 = CARTESIAN_POINT('',(36.466287998891,9.194336690345E-02));
#8433 = CARTESIAN_POINT('',(35.894612633453,9.762323054462E-02));
#8434 = CARTESIAN_POINT('',(35.621848330477,0.100386376984));
#8435 = CARTESIAN_POINT('',(35.349439230425,0.103199285083));
#8436 = CARTESIAN_POINT('',(35.077395919837,0.106062051193));
#8437 = CARTESIAN_POINT('',(34.805729183263,0.108974775638));
#8438 = CARTESIAN_POINT('',(34.534450025936,0.111937558205));
#8439 = CARTESIAN_POINT('',(34.263569669735,0.114950499274));
#8440 = CARTESIAN_POINT('',(33.592330710113,0.122552610194));
#8441 = CARTESIAN_POINT('',(33.19246271423,0.127201874773));
#8442 = CARTESIAN_POINT('',(32.793532558836,0.131961844617));
#8443 = CARTESIAN_POINT('',(32.395578538413,0.136832875312));
#8444 = CARTESIAN_POINT('',(31.998640217865,0.141815333694));
#8445 = CARTESIAN_POINT('',(31.602758432519,0.146909597847));
#8446 = CARTESIAN_POINT('',(31.207975288125,0.152116057108));
#8447 = CARTESIAN_POINT('',(30.635977553334,0.159845146305));
#8448 = CARTESIAN_POINT('',(30.457855424366,0.162278295578));
#8449 = CARTESIAN_POINT('',(30.279971822382,0.164734597041));
#8450 = CARTESIAN_POINT('',(30.102330860939,0.167214088242));
#8451 = CARTESIAN_POINT('',(29.924936718717,0.169716807119));
#8452 = CARTESIAN_POINT('',(29.747793639519,0.172242791997));
#8453 = CARTESIAN_POINT('',(29.570905932272,0.174792081587));
#8454 = CARTESIAN_POINT('',(29.228464801369,0.179779828071));
#8455 = CARTESIAN_POINT('',(29.062880547188,0.182215513476));
#8456 = CARTESIAN_POINT('',(28.897528827854,0.184671804815));
#8457 = CARTESIAN_POINT('',(28.732413320659,0.187148733176));
#8458 = CARTESIAN_POINT('',(28.567537758169,0.189646331072));
#8459 = CARTESIAN_POINT('',(28.402905928011,0.192164633178));
#8460 = CARTESIAN_POINT('',(28.23852167508,0.194703673886));
#8461 = CARTESIAN_POINT('',(27.592926516335,0.204772348846));
#8462 = CARTESIAN_POINT('',(27.11362872047,0.212459898605));
#8463 = CARTESIAN_POINT('',(26.636593307127,0.220326895443));
#8464 = CARTESIAN_POINT('',(26.161923093921,0.22837413618));
#8465 = CARTESIAN_POINT('',(25.689725996713,0.236602453652));
#8466 = CARTESIAN_POINT('',(25.220115098773,0.245012720425));
#8467 = CARTESIAN_POINT('',(24.753208719954,0.253605852506));
#8468 = CARTESIAN_POINT('',(24.080712025006,0.266324563556));
#8469 = CARTESIAN_POINT('',(23.872864118263,0.270303388436));
#8470 = CARTESIAN_POINT('',(23.665598021785,0.274319373747));
#8471 = CARTESIAN_POINT('',(23.458925264642,0.278372606518));
#8472 = CARTESIAN_POINT('',(23.252857648811,0.282463174761));
#8473 = CARTESIAN_POINT('',(23.047407249174,0.286591167463));
#8474 = CARTESIAN_POINT('',(22.842586413525,0.290756674595));
#8475 = CARTESIAN_POINT('',(22.540940942875,0.296966186933));
#8476 = CARTESIAN_POINT('',(22.443620463884,0.298981155943));
#8477 = CARTESIAN_POINT('',(22.346447700373,0.301004704004));
#8478 = CARTESIAN_POINT('',(22.249424043126,0.303036841006));
#8479 = CARTESIAN_POINT('',(22.152550898935,0.30507757686));
#8480 = CARTESIAN_POINT('',(22.055829690591,0.307126921499));
#8481 = CARTESIAN_POINT('',(21.959261856894,0.309184884882));
#8482 = CARTESIAN_POINT('',(21.758781529108,0.313482137785));
#8483 = CARTESIAN_POINT('',(21.654894592531,0.315722852404));
#8484 = CARTESIAN_POINT('',(21.55118987353,0.317973629995));
#8485 = CARTESIAN_POINT('',(21.447669235654,0.320234490886));
#8486 = CARTESIAN_POINT('',(21.344334546872,0.322505440084));
#8487 = CARTESIAN_POINT('',(21.24118770045,0.324786486385));
#8488 = CARTESIAN_POINT('',(21.138230631595,0.327077658471));
#8489 = CARTESIAN_POINT('',(21.035465276201,0.329378969372));
#8490 = ( GEOMETRIC_REPRESENTATION_CONTEXT(2) 
PARAMETRIC_REPRESENTATION_CONTEXT() REPRESENTATION_CONTEXT('2D SPACE',''
  ) );
#8491 = PCURVE('',#5935,#8492);
#8492 = DEFINITIONAL_REPRESENTATION('',(#8493),#8699);
#8493 = B_SPLINE_CURVE_WITH_KNOTS('',8,(#8494,#8495,#8496,#8497,#8498,
    #8499,#8500,#8501,#8502,#8503,#8504,#8505,#8506,#8507,#8508,#8509,
    #8510,#8511,#8512,#8513,#8514,#8515,#8516,#8517,#8518,#8519,#8520,
    #8521,#8522,#8523,#8524,#8525,#8526,#8527,#8528,#8529,#8530,#8531,
    #8532,#8533,#8534,#8535,#8536,#8537,#8538,#8539,#8540,#8541,#8542,
    #8543,#8544,#8545,#8546,#8547,#8548,#8549,#8550,#8551,#8552,#8553,
    #8554,#8555,#8556,#8557,#8558,#8559,#8560,#8561,#8562,#8563,#8564,
    #8565,#8566,#8567,#8568,#8569,#8570,#8571,#8572,#8573,#8574,#8575,
    #8576,#8577,#8578,#8579,#8580,#8581,#8582,#8583,#8584,#8585,#8586,
    #8587,#8588,#8589,#8590,#8591,#8592,#8593,#8594,#8595,#8596,#8597,
    #8598,#8599,#8600,#8601,#8602,#8603,#8604,#8605,#8606,#8607,#8608,
    #8609,#8610,#8611,#8612,#8613,#8614,#8615,#8616,#8617,#8618,#8619,
    #8620,#8621,#8622,#8623,#8624,#8625,#8626,#8627,#8628,#8629,#8630,
    #8631,#8632,#8633,#8634,#8635,#8636,#8637,#8638,#8639,#8640,#8641,
    #8642,#8643,#8644,#8645,#8646,#8647,#8648,#8649,#8650,#8651,#8652,
    #8653,#8654,#8655,#8656,#8657,#8658,#8659,#8660,#8661,#8662,#8663,
    #8664,#8665,#8666,#8667,#8668,#8669,#8670,#8671,#8672,#8673,#8674,
    #8675,#8676,#8677,#8678,#8679,#8680,#8681,#8682,#8683,#8684,#8685,
    #8686,#8687,#8688,#8689,#8690,#8691,#8692,#8693,#8694,#8695,#8696,
    #8697,#8698),.UNSPECIFIED.,.F.,.F.,(9,7,7,7,7,7,7,7,7,7,7,7,7,7,7,7,
    7,7,7,7,7,7,7,7,7,7,7,7,7,9),(0.,5.311724024755E-02,0.108971392976,
    0.127005340465,0.145733445441,0.185558321588,0.209789858343,
    0.222527820557,0.235762375766,0.294440246628,0.336203028758,
    0.386327305877,0.419687644028,0.460126496756,0.511281941911,
    0.54907488739,0.605441714758,0.66210686409,0.70806978501,
    0.742668263032,0.795692522537,0.822345864403,0.846726611384,
    0.882852753616,0.899221307928,0.914587628493,0.959662755611,
    0.979906085132,0.989569450715,1.),.UNSPECIFIED.);
#8494 = CARTESIAN_POINT('',(6.28318530718,23.520725847715));
#8495 = CARTESIAN_POINT('',(6.263015978969,23.51414953156));
#8496 = CARTESIAN_POINT('',(6.242843101651,23.506098524916));
#8497 = CARTESIAN_POINT('',(6.222682032367,23.496546175597));
#8498 = CARTESIAN_POINT('',(6.202546862116,23.485506014802));
#8499 = CARTESIAN_POINT('',(6.182450685685,23.473023838399));
#8500 = CARTESIAN_POINT('',(6.162405834087,23.459169154601));
#8501 = CARTESIAN_POINT('',(6.142424069495,23.444025998056));
#8502 = CARTESIAN_POINT('',(6.101583673369,23.410498140974));
#8503 = CARTESIAN_POINT('',(6.080731902287,23.391985930182));
#8504 = CARTESIAN_POINT('',(6.05997380105,23.372249487606));
#8505 = CARTESIAN_POINT('',(6.039319758319,23.351398006124));
#8506 = CARTESIAN_POINT('',(6.018778519934,23.329537244303));
#8507 = CARTESIAN_POINT('',(5.998357436004,23.306765882099));
#8508 = CARTESIAN_POINT('',(5.978062614928,23.283177849796));
#8509 = CARTESIAN_POINT('',(5.951388638465,23.25102242016));
#8510 = CARTESIAN_POINT('',(5.944891931887,23.243099298118));
#8511 = CARTESIAN_POINT('',(5.938409020786,23.235104013532));
#8512 = CARTESIAN_POINT('',(5.931940041725,23.22704064462));
#8513 = CARTESIAN_POINT('',(5.92548512003,23.218912495211));
#8514 = CARTESIAN_POINT('',(5.919044370668,23.21072197181));
#8515 = CARTESIAN_POINT('',(5.912617891662,23.20247244087));
#8516 = CARTESIAN_POINT('',(5.899546794116,23.185552196067));
#8517 = CARTESIAN_POINT('',(5.892903304567,23.176876799153));
#8518 = CARTESIAN_POINT('',(5.88627536577,23.168152019908));
#8519 = CARTESIAN_POINT('',(5.879663048991,23.159383934907));
#8520 = CARTESIAN_POINT('',(5.873066412388,23.150578552929));
#8521 = CARTESIAN_POINT('',(5.866485501005,23.141741814953));
#8522 = CARTESIAN_POINT('',(5.859920346776,23.132879594161));
#8523 = CARTESIAN_POINT('',(5.839443869228,23.105110547607));
#8524 = CARTESIAN_POINT('',(5.825588153562,23.086134295244));
#8525 = CARTESIAN_POINT('',(5.811803958444,23.067124172729));
#8526 = CARTESIAN_POINT('',(5.798091239793,23.048132593237));
#8527 = CARTESIAN_POINT('',(5.78444978223,23.029207977022));
#8528 = CARTESIAN_POINT('',(5.770879208773,23.010393579205));
#8529 = CARTESIAN_POINT('',(5.757378990526,22.991726317556));
#8530 = CARTESIAN_POINT('',(5.735776617233,22.961984881163));
#8531 = CARTESIAN_POINT('',(5.727630589351,22.950799489142));
#8532 = CARTESIAN_POINT('',(5.719510226483,22.939686215259));
#8533 = CARTESIAN_POINT('',(5.711415372331,22.928650727405));
#8534 = CARTESIAN_POINT('',(5.703345860548,22.917697570315));
#8535 = CARTESIAN_POINT('',(5.695301514738,22.90683016557));
#8536 = CARTESIAN_POINT('',(5.687282148456,22.896050811598));
#8537 = CARTESIAN_POINT('',(5.675084996452,22.879741128999));
#8538 = CARTESIAN_POINT('',(5.670889277374,22.874146086011));
#8539 = CARTESIAN_POINT('',(5.666700378372,22.868576081325));
#8540 = CARTESIAN_POINT('',(5.662518271498,22.863031014092));
#8541 = CARTESIAN_POINT('',(5.658342929035,22.857510530252));
#8542 = CARTESIAN_POINT('',(5.654174322061,22.852014396776));
#8543 = CARTESIAN_POINT('',(5.650012419019,22.846542875923));
#8544 = CARTESIAN_POINT('',(5.641539956573,22.835439017953));
#8545 = CARTESIAN_POINT('',(5.637229927875,22.829808611972));
#8546 = CARTESIAN_POINT('',(5.63292706035,22.824206591335));
#8547 = CARTESIAN_POINT('',(5.628631315549,22.818633650863));
#8548 = CARTESIAN_POINT('',(5.624342654414,22.813090470411));
#8549 = CARTESIAN_POINT('',(5.620061037282,22.807577714872));
#8550 = CARTESIAN_POINT('',(5.615786423882,22.802096034173));
#8551 = CARTESIAN_POINT('',(5.592597348039,22.772482600024));
#8552 = CARTESIAN_POINT('',(5.573812951033,22.748942692332));
#8553 = CARTESIAN_POINT('',(5.555161803235,22.726081416766));
#8554 = CARTESIAN_POINT('',(5.5366401456,22.703948760267));
#8555 = CARTESIAN_POINT('',(5.518244194204,22.682590083803));
#8556 = CARTESIAN_POINT('',(5.499970095323,22.662046586037));
#8557 = CARTESIAN_POINT('',(5.481813880511,22.642355766975));
#8558 = CARTESIAN_POINT('',(5.45093006827,22.610168615497));
#8559 = CARTESIAN_POINT('',(5.438146425342,22.597234491817));
#8560 = CARTESIAN_POINT('',(5.42541904003,22.584762296778));
#8561 = CARTESIAN_POINT('',(5.412746493866,22.572764573888));
#8562 = CARTESIAN_POINT('',(5.400127394328,22.561251618762));
#8563 = CARTESIAN_POINT('',(5.387560365642,22.550230735692));
#8564 = CARTESIAN_POINT('',(5.375044038852,22.539706766019));
#8565 = CARTESIAN_POINT('',(5.347613975589,22.517654289798));
#8566 = CARTESIAN_POINT('',(5.332722023674,22.506346303097));
#8567 = CARTESIAN_POINT('',(5.317898812707,22.495766033814));
#8568 = CARTESIAN_POINT('',(5.303142052403,22.485915450973));
#8569 = CARTESIAN_POINT('',(5.288449516095,22.476792566222));
#8570 = CARTESIAN_POINT('',(5.273819021927,22.468391613057));
#8571 = CARTESIAN_POINT('',(5.259248414048,22.46070322605));
#8572 = CARTESIAN_POINT('',(5.235076466678,22.449063335867));
#8573 = CARTESIAN_POINT('',(5.225442981228,22.444721796953));
#8574 = CARTESIAN_POINT('',(5.215834463384,22.440685718792));
#8575 = CARTESIAN_POINT('',(5.206250276205,22.436959970487));
#8576 = CARTESIAN_POINT('',(5.196689806975,22.433543894159));
#8577 = CARTESIAN_POINT('',(5.187152454807,22.43043516731));
#8578 = CARTESIAN_POINT('',(5.177637612712,22.427635803313));
#8579 = CARTESIAN_POINT('',(5.15663752109,22.422123222874));
#8580 = CARTESIAN_POINT('',(5.145162563606,22.419554660597));
#8581 = CARTESIAN_POINT('',(5.13371876227,22.417436779683));
#8582 = CARTESIAN_POINT('',(5.122305079759,22.415767555252));
#8583 = CARTESIAN_POINT('',(5.110920494771,22.414544356136));
#8584 = CARTESIAN_POINT('',(5.099564002027,22.413763944879));
#8585 = CARTESIAN_POINT('',(5.088234612271,22.413422477735));
#8586 = CARTESIAN_POINT('',(5.062632645505,22.413633184432));
#8587 = CARTESIAN_POINT('',(5.048375768763,22.414445634861));
#8588 = CARTESIAN_POINT('',(5.034158725596,22.415948598579));
#8589 = CARTESIAN_POINT('',(5.019979595751,22.418115455364));
#8590 = CARTESIAN_POINT('',(5.005836460845,22.420962270363));
#8591 = CARTESIAN_POINT('',(4.991727473229,22.424463660324));
#8592 = CARTESIAN_POINT('',(4.97765078285,22.428616838474));
#8593 = CARTESIAN_POINT('',(4.953227400912,22.43694875397));
#8594 = CARTESIAN_POINT('',(4.942866878655,22.440837586633));
#8595 = CARTESIAN_POINT('',(4.932522262241,22.445070589131));
#8596 = CARTESIAN_POINT('',(4.922192828046,22.449642934098));
#8597 = CARTESIAN_POINT('',(4.911877859163,22.454549513547));
#8598 = CARTESIAN_POINT('',(4.901576645396,22.459784938869));
#8599 = CARTESIAN_POINT('',(4.891288483261,22.465343540835));
#8600 = CARTESIAN_POINT('',(4.865686676721,22.479982958172));
#8601 = CARTESIAN_POINT('',(4.85038817522,22.489452162458));
#8602 = CARTESIAN_POINT('',(4.835114833298,22.499610118544));
#8603 = CARTESIAN_POINT('',(4.819864372735,22.510417763356));
#8604 = CARTESIAN_POINT('',(4.804634509268,22.521900380372));
#8605 = CARTESIAN_POINT('',(4.789423021583,22.534010259648));
#8606 = CARTESIAN_POINT('',(4.774227663185,22.546748351121));
#8607 = CARTESIAN_POINT('',(4.743784377621,22.573508031411));
#8608 = CARTESIAN_POINT('',(4.72853661116,22.587536831701));
#8609 = CARTESIAN_POINT('',(4.713300644842,22.602162247092));
#8610 = CARTESIAN_POINT('',(4.698074230035,22.617366588876));
#8611 = CARTESIAN_POINT('',(4.682855119678,22.633131511668));
#8612 = CARTESIAN_POINT('',(4.667641068285,22.649438013405));
#8613 = CARTESIAN_POINT('',(4.652429831947,22.666266435344));
#8614 = CARTESIAN_POINT('',(4.624881310979,22.697653402833));
#8615 = CARTESIAN_POINT('',(4.612543829602,22.712040459488));
#8616 = CARTESIAN_POINT('',(4.600205525003,22.726746807977));
#8617 = CARTESIAN_POINT('',(4.587865192184,22.741761503441));
#8618 = CARTESIAN_POINT('',(4.575521620346,22.757073480221));
#8619 = CARTESIAN_POINT('',(4.563173592882,22.772671551853));
#8620 = CARTESIAN_POINT('',(4.550819887384,22.78854441107));
#8621 = CARTESIAN_POINT('',(4.529154854918,22.81682712959));
#8622 = CARTESIAN_POINT('',(4.519846521866,22.829122711932));
#8623 = CARTESIAN_POINT('',(4.510533751261,22.841563429303));
#8624 = CARTESIAN_POINT('',(4.501216012159,22.854142496198));
#8625 = CARTESIAN_POINT('',(4.491892777055,22.86685677766));
#8626 = CARTESIAN_POINT('',(4.482563513248,22.879702062126));
#8627 = CARTESIAN_POINT('',(4.473227676917,22.892670065627));
#8628 = CARTESIAN_POINT('',(4.44956609986,22.925821405678));
#8629 = CARTESIAN_POINT('',(4.435230784577,22.946169720089));
#8630 = CARTESIAN_POINT('',(4.420876835582,22.966800733171));
#8631 = CARTESIAN_POINT('',(4.406502296792,22.987709229144));
#8632 = CARTESIAN_POINT('',(4.392105193367,23.008888965044));
#8633 = CARTESIAN_POINT('',(4.377683520107,23.030332534826));
#8634 = CARTESIAN_POINT('',(4.36323522985,23.052031233469));
#8635 = CARTESIAN_POINT('',(4.341481163279,23.085005204453));
#8636 = CARTESIAN_POINT('',(4.334196851571,23.096097381388));
#8637 = CARTESIAN_POINT('',(4.32690502226,23.107250169774));
#8638 = CARTESIAN_POINT('',(4.319605408208,23.118462187429));
#8639 = CARTESIAN_POINT('',(4.31229773962,23.129731952099));
#8640 = CARTESIAN_POINT('',(4.304981744047,23.141057881464));
#8641 = CARTESIAN_POINT('',(4.297657146384,23.15243829313));
#8642 = CARTESIAN_POINT('',(4.28361547968,23.174329672879));
#8643 = CARTESIAN_POINT('',(4.276899860336,23.184831849567));
#8644 = CARTESIAN_POINT('',(4.270176601071,23.195378264805));
#8645 = CARTESIAN_POINT('',(4.263445479681,23.205963798233));
#8646 = CARTESIAN_POINT('',(4.256706271121,23.216582846618));
#8647 = CARTESIAN_POINT('',(4.249958751665,23.227231552949));
#8648 = CARTESIAN_POINT('',(4.243202697607,23.237907297013));
#8649 = CARTESIAN_POINT('',(4.226414116086,23.264457418911));
#8650 = CARTESIAN_POINT('',(4.216371112199,23.28035916254));
#8651 = CARTESIAN_POINT('',(4.206308125141,23.296298664055));
#8652 = CARTESIAN_POINT('',(4.196224404227,23.312264989658));
#8653 = CARTESIAN_POINT('',(4.186119189819,23.328248286049));
#8654 = CARTESIAN_POINT('',(4.175991713322,23.344239780425));
#8655 = CARTESIAN_POINT('',(4.165841197188,23.360231780484));
#8656 = CARTESIAN_POINT('',(4.151056916961,23.383460794141));
#8657 = CARTESIAN_POINT('',(4.146442087827,23.390702671819));
#8658 = CARTESIAN_POINT('',(4.141822294355,23.397942700868));
#8659 = CARTESIAN_POINT('',(4.137197463002,23.405180326025));
#8660 = CARTESIAN_POINT('',(4.132567519837,23.412415043346));
#8661 = CARTESIAN_POINT('',(4.127932390538,23.41964640021));
#8662 = CARTESIAN_POINT('',(4.123292000395,23.426873995318));
#8663 = CARTESIAN_POINT('',(4.114285002385,23.440878673847));
#8664 = CARTESIAN_POINT('',(4.109919028307,23.447656392198));
#8665 = CARTESIAN_POINT('',(4.105548288643,23.454429763357));
#8666 = CARTESIAN_POINT('',(4.101172722455,23.461199232932));
#8667 = CARTESIAN_POINT('',(4.096792267362,23.467964745736));
#8668 = CARTESIAN_POINT('',(4.092406858775,23.47472540408));
#8669 = CARTESIAN_POINT('',(4.088016432298,23.481480601163));
#8670 = CARTESIAN_POINT('',(4.070727285982,23.50803883733));
#8671 = CARTESIAN_POINT('',(4.057789979243,23.527817887157));
#8672 = CARTESIAN_POINT('',(4.044807474151,23.547612075968));
#8673 = CARTESIAN_POINT('',(4.031778207544,23.567452211615));
#8674 = CARTESIAN_POINT('',(4.018700575371,23.587357356761));
#8675 = CARTESIAN_POINT('',(4.005572920024,23.607334572786));
#8676 = CARTESIAN_POINT('',(3.992393517675,23.627378663685));
#8677 = CARTESIAN_POINT('',(3.973217620434,23.656495841466));
#8678 = CARTESIAN_POINT('',(3.967263878261,23.665529685873));
#8679 = CARTESIAN_POINT('',(3.961299177948,23.674571853027));
#8680 = CARTESIAN_POINT('',(3.955323356178,23.683620247361));
#8681 = CARTESIAN_POINT('',(3.949336247461,23.69267227791));
#8682 = CARTESIAN_POINT('',(3.943337684133,23.701724858312));
#8683 = CARTESIAN_POINT('',(3.937327496355,23.710774406807));
#8684 = CARTESIAN_POINT('',(3.928430854804,23.724133349505));
#8685 = CARTESIAN_POINT('',(3.925553509446,23.728448233853));
#8686 = CARTESIAN_POINT('',(3.922673457342,23.732761056318));
#8687 = CARTESIAN_POINT('',(3.919790679686,23.737071349081));
#8688 = CARTESIAN_POINT('',(3.916905157574,23.741378619468));
#8689 = CARTESIAN_POINT('',(3.914016871997,23.745682349951));
#8690 = CARTESIAN_POINT('',(3.911125803847,23.749981998148));
#8691 = CARTESIAN_POINT('',(3.905108316913,23.75891297949));
#8692 = CARTESIAN_POINT('',(3.901981434939,23.76354329415));
#8693 = CARTESIAN_POINT('',(3.898851267229,23.768168711939));
#8694 = CARTESIAN_POINT('',(3.895717781809,23.772784958744));
#8695 = CARTESIAN_POINT('',(3.892580961731,23.777394676341));
#8696 = CARTESIAN_POINT('',(3.889440786176,23.78199875364));
#8697 = CARTESIAN_POINT('',(3.886297214497,23.78658907209));
#8698 = CARTESIAN_POINT('',(3.883150221281,23.7911647093));
#8699 = ( GEOMETRIC_REPRESENTATION_CONTEXT(2) 
PARAMETRIC_REPRESENTATION_CONTEXT() REPRESENTATION_CONTEXT('2D SPACE',''
  ) );
#8700 = ORIENTED_EDGE('',*,*,#8701,.F.);
#8701 = EDGE_CURVE('',#6768,#8073,#8702,.T.);
#8702 = SURFACE_CURVE('',#8703,(#8797,#8894),.PCURVE_S1.);
#8703 = B_SPLINE_CURVE_WITH_KNOTS('',8,(#8704,#8705,#8706,#8707,#8708,
    #8709,#8710,#8711,#8712,#8713,#8714,#8715,#8716,#8717,#8718,#8719,
    #8720,#8721,#8722,#8723,#8724,#8725,#8726,#8727,#8728,#8729,#8730,
    #8731,#8732,#8733,#8734,#8735,#8736,#8737,#8738,#8739,#8740,#8741,
    #8742,#8743,#8744,#8745,#8746,#8747,#8748,#8749,#8750,#8751,#8752,
    #8753,#8754,#8755,#8756,#8757,#8758,#8759,#8760,#8761,#8762,#8763,
    #8764,#8765,#8766,#8767,#8768,#8769,#8770,#8771,#8772,#8773,#8774,
    #8775,#8776,#8777,#8778,#8779,#8780,#8781,#8782,#8783,#8784,#8785,
    #8786,#8787,#8788,#8789,#8790,#8791,#8792,#8793,#8794,#8795,#8796),
  .UNSPECIFIED.,.F.,.F.,(9,7,7,7,7,7,7,7,7,7,7,7,7,9),(0.,0.154254007634
    ,0.315767021666,0.405874539922,0.50033006227,0.705738129432,
    0.748609765818,0.878819630185,0.944076862002,0.97300840479,
    0.986841636682,0.993625296339,0.996789435837,1.),.UNSPECIFIED.);
#8704 = CARTESIAN_POINT('',(-92.94424867372,67.145,11.400146572555));
#8705 = CARTESIAN_POINT('',(-92.94424475637,66.46342372268,
    11.400174293993));
#8706 = CARTESIAN_POINT('',(-92.93187736433,65.783385764945,
    11.400206152025));
#8707 = CARTESIAN_POINT('',(-92.90724456723,65.105409108652,
    11.400241888212));
#8708 = CARTESIAN_POINT('',(-92.87047669169,64.429985836899,
    11.400280812118));
#8709 = CARTESIAN_POINT('',(-92.82173251174,63.757578095466,
    11.400321779669));
#8710 = CARTESIAN_POINT('',(-92.76119543928,63.088619054259,
    11.400363171519));
#8711 = CARTESIAN_POINT('',(-92.68906971454,62.423513868748,
    11.40040287141));
#8712 = CARTESIAN_POINT('',(-92.51815439359,61.070667522027,
    11.400475282282));
#8713 = CARTESIAN_POINT('',(-92.41826894264,60.383327771466,
    11.40050758076));
#8714 = CARTESIAN_POINT('',(-92.30617370118,59.701047868695,
    11.40053230425));
#8715 = CARTESIAN_POINT('',(-92.18214062624,59.024213360502,
    11.400546024547));
#8716 = CARTESIAN_POINT('',(-92.04645590474,58.353170942267,
    11.40054512964));
#8717 = CARTESIAN_POINT('',(-91.89941568397,57.688230538749,
    11.400526232397));
#8718 = CARTESIAN_POINT('',(-91.74132180193,57.029667384857,
    11.40048657924));
#8719 = CARTESIAN_POINT('',(-91.47827991087,56.014007342096,
    11.40038980208));
#8720 = CARTESIAN_POINT('',(-91.38073615634,55.652350600676,
    11.400348447095));
#8721 = CARTESIAN_POINT('',(-91.27989909782,55.292795378307,
    11.400298030026));
#8722 = CARTESIAN_POINT('',(-91.17582077792,54.935381111239,
    11.40024534684));
#8723 = CARTESIAN_POINT('',(-91.06855565329,54.580141956307,
    11.400176079593));
#8724 = CARTESIAN_POINT('',(-90.9581541904,54.227112846935,
    11.400110193202));
#8725 = CARTESIAN_POINT('',(-90.84467101541,53.876321831428,
    11.400028559373));
#8726 = CARTESIAN_POINT('',(-90.60601987815,53.162456276317,
    11.399858397456));
#8727 = CARTESIAN_POINT('',(-90.48055242171,52.79960600833,
    11.399769542648));
#8728 = CARTESIAN_POINT('',(-90.35181283308,52.439279520464,
    11.399690048392));
#8729 = CARTESIAN_POINT('',(-90.21985922738,52.081506762546,
    11.399633096604));
#8730 = CARTESIAN_POINT('',(-90.08474904521,51.726315241995,
    11.399614017072));
#8731 = CARTESIAN_POINT('',(-89.94653890305,51.373730148298,
    11.399650383456));
#8732 = CARTESIAN_POINT('',(-89.80528444354,51.023774477481,
    11.399762109275));
#8733 = CARTESIAN_POINT('',(-89.3473588528,49.921200296629,
    11.400426991737));
#8734 = CARTESIAN_POINT('',(-89.01954779379,49.178488977437,
    11.401344546428));
#8735 = CARTESIAN_POINT('',(-88.67816008167,48.448522702388,
    11.402953651712));
#8736 = CARTESIAN_POINT('',(-88.32372805011,47.731476372504,
    11.405538492974));
#8737 = CARTESIAN_POINT('',(-87.95676567545,47.027509160143,
    11.409440535169));
#8738 = CARTESIAN_POINT('',(-87.57775836428,46.336775801017,
    11.415060754898));
#8739 = CARTESIAN_POINT('',(-87.18714014683,45.659452304546,
    11.422861566634));
#8740 = CARTESIAN_POINT('',(-86.70137971373,44.857257249944,
    11.435561380286));
#8741 = CARTESIAN_POINT('',(-86.6170109285,44.719333435966,
    11.437871497137));
#8742 = CARTESIAN_POINT('',(-86.53215476329,44.582007924527,
    11.440308039904));
#8743 = CARTESIAN_POINT('',(-86.44681522789,44.445281586586,
    11.442867114211));
#8744 = CARTESIAN_POINT('',(-86.36099586889,44.309156187281,
    11.445548962198));
#8745 = CARTESIAN_POINT('',(-86.27469994398,44.173633959413,
    11.448355830186));
#8746 = CARTESIAN_POINT('',(-86.18793096576,44.038716462757,
    11.451286072643));
#8747 = CARTESIAN_POINT('',(-85.83573027487,43.496476839677,
    11.463615955437));
#8748 = CARTESIAN_POINT('',(-85.56643445707,43.094145151386,
    11.474033069591));
#8749 = CARTESIAN_POINT('',(-85.29289702744,42.697463493671,
    11.485586912207));
#8750 = CARTESIAN_POINT('',(-85.01520352442,42.306490271214,
    11.498258375445));
#8751 = CARTESIAN_POINT('',(-84.73343426839,41.921287136436,
    11.512013299906));
#8752 = CARTESIAN_POINT('',(-84.44766590606,41.541916642409,
    11.526801962459));
#8753 = CARTESIAN_POINT('',(-84.15797295481,41.168439895752,
    11.542558564054));
#8754 = CARTESIAN_POINT('',(-83.71731420068,40.616721490951,
    11.56754125975));
#8755 = CARTESIAN_POINT('',(-83.5692319585,40.434023528329,
    11.576104231489));
#8756 = CARTESIAN_POINT('',(-83.42019204285,40.252827520197,
    11.584879274148));
#8757 = CARTESIAN_POINT('',(-83.27020384669,40.073140349857,
    11.593854991374));
#8758 = CARTESIAN_POINT('',(-83.11927681717,39.894968440871,
    11.603018945748));
#8759 = CARTESIAN_POINT('',(-82.96742053904,39.718317612558,
    11.612357655462));
#8760 = CARTESIAN_POINT('',(-82.81464481824,39.543192935486,
    11.621856590988));
#8761 = CARTESIAN_POINT('',(-82.59282408809,39.292636200088,
    11.635775616203));
#8762 = CARTESIAN_POINT('',(-82.52450967455,39.215974599207,
    11.64007949202));
#8763 = CARTESIAN_POINT('',(-82.45601740128,39.139614151947,
    11.644410441636));
#8764 = CARTESIAN_POINT('',(-82.38734815844,39.063555181227,
    11.648767067358));
#8765 = CARTESIAN_POINT('',(-82.31850284977,38.987797965261,
    11.653147931366));
#8766 = CARTESIAN_POINT('',(-82.24948239256,38.912342737562,
    11.657551555718));
#8767 = CARTESIAN_POINT('',(-82.18028771768,38.837189686937,
    11.661976422345));
#8768 = CARTESIAN_POINT('',(-82.07775240897,38.72655007802,
    11.668546075785));
#8769 = CARTESIAN_POINT('',(-82.0445454359,38.69083031255,
    11.670675678625));
#8770 = CARTESIAN_POINT('',(-82.01129895382,38.655179676183,
    11.672809611268));
#8771 = CARTESIAN_POINT('',(-81.97801306712,38.619598181024,
    11.674947701339));
#8772 = CARTESIAN_POINT('',(-81.94468788115,38.58408583618,
    11.677089774392));
#8773 = CARTESIAN_POINT('',(-81.91132350217,38.548642647755,
    11.679235653909));
#8774 = CARTESIAN_POINT('',(-81.87792003738,38.513268618857,
    11.6813851613));
#8775 = CARTESIAN_POINT('',(-81.8280778013,38.460650643071,
    11.684593900369));
#8776 = CARTESIAN_POINT('',(-81.81166863431,38.443354168097,
    11.685650513823));
#8777 = CARTESIAN_POINT('',(-81.7952501067,38.426074324659,
    11.686707934964));
#8778 = CARTESIAN_POINT('',(-81.77882223128,38.408811112553,
    11.68776614237));
#8779 = CARTESIAN_POINT('',(-81.76238502093,38.391564531378,
    11.688825114499));
#8780 = CARTESIAN_POINT('',(-81.74593848859,38.374334580542,
    11.689884829691));
#8781 = CARTESIAN_POINT('',(-81.72948264725,38.357121259262,
    11.690945266167));
#8782 = CARTESIAN_POINT('',(-81.70533758591,38.331903419068,
    11.692501353434));
#8783 = CARTESIAN_POINT('',(-81.69765563938,38.323885889318,
    11.692996457001));
#8784 = CARTESIAN_POINT('',(-81.68997167174,38.315871977212,
    11.693491710506));
#8785 = CARTESIAN_POINT('',(-81.68228568431,38.307861682645,
    11.69398711172));
#8786 = CARTESIAN_POINT('',(-81.67459767843,38.299855005498,
    11.694482658411));
#8787 = CARTESIAN_POINT('',(-81.66690765543,38.291851945638,
    11.69497834834));
#8788 = CARTESIAN_POINT('',(-81.65921561665,38.28385250292,
    11.695474179262));
#8789 = CARTESIAN_POINT('',(-81.64371462201,38.267743535659,
    11.696473395526));
#8790 = CARTESIAN_POINT('',(-81.63590565134,38.259634164313,
    11.696976782085));
#8791 = CARTESIAN_POINT('',(-81.62809459619,38.251528504412,
    11.697480309906));
#8792 = CARTESIAN_POINT('',(-81.62028142638,38.243426523114,
    11.697983978665));
#8793 = CARTESIAN_POINT('',(-81.61246613678,38.235328213475,
    11.698487786424));
#8794 = CARTESIAN_POINT('',(-81.60464874728,38.22723359445,
    11.698991729623));
#8795 = CARTESIAN_POINT('',(-81.59682930281,38.219142710888,
    11.699495803081));
#8796 = CARTESIAN_POINT('',(-81.58900787332,38.211055633536,11.7));
#8797 = PCURVE('',#5444,#8798);
#8798 = DEFINITIONAL_REPRESENTATION('',(#8799),#8893);
#8799 = B_SPLINE_CURVE_WITH_KNOTS('',8,(#8800,#8801,#8802,#8803,#8804,
    #8805,#8806,#8807,#8808,#8809,#8810,#8811,#8812,#8813,#8814,#8815,
    #8816,#8817,#8818,#8819,#8820,#8821,#8822,#8823,#8824,#8825,#8826,
    #8827,#8828,#8829,#8830,#8831,#8832,#8833,#8834,#8835,#8836,#8837,
    #8838,#8839,#8840,#8841,#8842,#8843,#8844,#8845,#8846,#8847,#8848,
    #8849,#8850,#8851,#8852,#8853,#8854,#8855,#8856,#8857,#8858,#8859,
    #8860,#8861,#8862,#8863,#8864,#8865,#8866,#8867,#8868,#8869,#8870,
    #8871,#8872,#8873,#8874,#8875,#8876,#8877,#8878,#8879,#8880,#8881,
    #8882,#8883,#8884,#8885,#8886,#8887,#8888,#8889,#8890,#8891,#8892),
  .UNSPECIFIED.,.F.,.F.,(9,7,7,7,7,7,7,7,7,7,7,7,7,9),(0.,0.154254007634
    ,0.315767021666,0.405874539922,0.50033006227,0.705738129432,
    0.748609765818,0.878819630185,0.944076862002,0.97300840479,
    0.986841636682,0.993625296339,0.996789435837,1.),.UNSPECIFIED.);
#8800 = CARTESIAN_POINT('',(6.079880234892,1.));
#8801 = CARTESIAN_POINT('',(6.16281022156,0.984202659003));
#8802 = CARTESIAN_POINT('',(6.25843157903,0.968440972649));
#8803 = CARTESIAN_POINT('',(6.366533751275,0.952727062433));
#8804 = CARTESIAN_POINT('',(6.486877868196,0.937072333686));
#8805 = CARTESIAN_POINT('',(6.619200907063,0.921487497867));
#8806 = CARTESIAN_POINT('',(6.763219853964,0.905982594837));
#8807 = CARTESIAN_POINT('',(6.918635865242,0.890567015152));
#8808 = CARTESIAN_POINT('',(7.259476401225,0.859211206908));
#8809 = CARTESIAN_POINT('',(7.445970510089,0.843280282106));
#8810 = CARTESIAN_POINT('',(7.644265586069,0.82746663272));
#8811 = CARTESIAN_POINT('',(7.853995440531,0.81177919482));
#8812 = CARTESIAN_POINT('',(8.074787018762,0.796226003993));
#8813 = CARTESIAN_POINT('',(8.306264553067,0.780814243568));
#8814 = CARTESIAN_POINT('',(8.548053715852,0.765550292846));
#8815 = CARTESIAN_POINT('',(8.94022616414,0.742009673012));
#8816 = CARTESIAN_POINT('',(9.083761420857,0.733627317202));
#8817 = CARTESIAN_POINT('',(9.230327315252,0.725293669679));
#8818 = CARTESIAN_POINT('',(9.379861293813,0.717009644484));
#8819 = CARTESIAN_POINT('',(9.532298500289,0.70877603329));
#8820 = CARTESIAN_POINT('',(9.687579554548,0.700593645774));
#8821 = CARTESIAN_POINT('',(9.845640504484,0.69246313203));
#8822 = CARTESIAN_POINT('',(10.174963903865,0.675917401236));
#8823 = CARTESIAN_POINT('',(10.346495202168,0.667507382277));
#8824 = CARTESIAN_POINT('',(10.52094910622,0.659155858627));
#8825 = CARTESIAN_POINT('',(10.69825904643,0.650863524453));
#8826 = CARTESIAN_POINT('',(10.878359850576,0.642631017314));
#8827 = CARTESIAN_POINT('',(11.061187878856,0.634458921041));
#8828 = CARTESIAN_POINT('',(11.24668115895,0.626347768629));
#8829 = CARTESIAN_POINT('',(11.843828352119,0.600792682736));
#8830 = CARTESIAN_POINT('',(12.265184561551,0.583578374723));
#8831 = CARTESIAN_POINT('',(12.698240407451,0.566659466969));
#8832 = CARTESIAN_POINT('',(13.142419959729,0.550040013269));
#8833 = CARTESIAN_POINT('',(13.597176820416,0.533723702866));
#8834 = CARTESIAN_POINT('',(14.062003158696,0.51771412217));
#8835 = CARTESIAN_POINT('',(14.536450060662,0.502015350667));
#8836 = CARTESIAN_POINT('',(15.121116290384,0.483422349054));
#8837 = CARTESIAN_POINT('',(15.222476333776,0.480225598238));
#8838 = CARTESIAN_POINT('',(15.324236422489,0.477042714672));
#8839 = CARTESIAN_POINT('',(15.426392265417,0.473873718544));
#8840 = CARTESIAN_POINT('',(15.528940114395,0.470718650766));
#8841 = CARTESIAN_POINT('',(15.631876544582,0.467577563088));
#8842 = CARTESIAN_POINT('',(15.735197803688,0.464450491662));
#8843 = CARTESIAN_POINT('',(16.15386644685,0.451882647808));
#8844 = CARTESIAN_POINT('',(16.472350699063,0.442557542042));
#8845 = CARTESIAN_POINT('',(16.794255216228,0.433363390744));
#8846 = CARTESIAN_POINT('',(17.119488487943,0.4243015476));
#8847 = CARTESIAN_POINT('',(17.447964097627,0.415373441568));
#8848 = CARTESIAN_POINT('',(17.779599335284,0.40658052248));
#8849 = CARTESIAN_POINT('',(18.114313810268,0.397924206646));
#8850 = CARTESIAN_POINT('',(18.621280197555,0.385136666843));
#8851 = CARTESIAN_POINT('',(18.791285707353,0.380902156179));
#8852 = CARTESIAN_POINT('',(18.962034475022,0.3767024573));
#8853 = CARTESIAN_POINT('',(19.133516441632,0.372537729745));
#8854 = CARTESIAN_POINT('',(19.305721535545,0.368408122398));
#8855 = CARTESIAN_POINT('',(19.47863960021,0.364313770137));
#8856 = CARTESIAN_POINT('',(19.65226032196,0.360254790485));
#8857 = CARTESIAN_POINT('',(19.903854083287,0.354447472479));
#8858 = CARTESIAN_POINT('',(19.981271050513,0.352670636208));
#8859 = CARTESIAN_POINT('',(20.05882314501,0.350900779973));
#8860 = CARTESIAN_POINT('',(20.13650944255,0.349137911258));
#8861 = CARTESIAN_POINT('',(20.21432900915,0.347382036511));
#8862 = CARTESIAN_POINT('',(20.292280901081,0.345633161144));
#8863 = CARTESIAN_POINT('',(20.37036416486,0.343891289534));
#8864 = CARTESIAN_POINT('',(20.485974663107,0.341326922657));
#8865 = CARTESIAN_POINT('',(20.523401302051,0.340499022194));
#8866 = CARTESIAN_POINT('',(20.560857648614,0.339672723982));
#8867 = CARTESIAN_POINT('',(20.59834359665,0.3388480283));
#8868 = CARTESIAN_POINT('',(20.635859039336,0.338024935362));
#8869 = CARTESIAN_POINT('',(20.673403869173,0.337203445307));
#8870 = CARTESIAN_POINT('',(20.710977977984,0.336383558207));
#8871 = CARTESIAN_POINT('',(20.767021477414,0.335163996826));
#8872 = CARTESIAN_POINT('',(20.78546871276,0.334763105067));
#8873 = CARTESIAN_POINT('',(20.80392295012,0.334362598787));
#8874 = CARTESIAN_POINT('',(20.82238417661,0.333962477982));
#8875 = CARTESIAN_POINT('',(20.840852379301,0.333562742644));
#8876 = CARTESIAN_POINT('',(20.859327545221,0.333163392758));
#8877 = CARTESIAN_POINT('',(20.877809661348,0.332764428306));
#8878 = CARTESIAN_POINT('',(20.904922664917,0.332179937862));
#8879 = CARTESIAN_POINT('',(20.913548124484,0.33199411031));
#8880 = CARTESIAN_POINT('',(20.922175091986,0.331808366606));
#8881 = CARTESIAN_POINT('',(20.93080356609,0.331622706748));
#8882 = CARTESIAN_POINT('',(20.939433545466,0.331437130734));
#8883 = CARTESIAN_POINT('',(20.948065028784,0.331251638559));
#8884 = CARTESIAN_POINT('',(20.956698014717,0.331066230222));
#8885 = CARTESIAN_POINT('',(20.974093675477,0.330692862108));
#8886 = CARTESIAN_POINT('',(20.982856476814,0.330504900031));
#8887 = CARTESIAN_POINT('',(20.991620800138,0.330317025552));
#8888 = CARTESIAN_POINT('',(21.000386585845,0.33012924205));
#8889 = CARTESIAN_POINT('',(21.009153820537,0.32994155022));
#8890 = CARTESIAN_POINT('',(21.017922537023,0.32975394807));
#8891 = CARTESIAN_POINT('',(21.026692814323,0.329566430925));
#8892 = CARTESIAN_POINT('',(21.035464777659,0.329378991422));
#8893 = ( GEOMETRIC_REPRESENTATION_CONTEXT(2) 
PARAMETRIC_REPRESENTATION_CONTEXT() REPRESENTATION_CONTEXT('2D SPACE',''
  ) );
#8894 = PCURVE('',#7027,#8895);
#8895 = DEFINITIONAL_REPRESENTATION('',(#8896),#8990);
#8896 = B_SPLINE_CURVE_WITH_KNOTS('',8,(#8897,#8898,#8899,#8900,#8901,
    #8902,#8903,#8904,#8905,#8906,#8907,#8908,#8909,#8910,#8911,#8912,
    #8913,#8914,#8915,#8916,#8917,#8918,#8919,#8920,#8921,#8922,#8923,
    #8924,#8925,#8926,#8927,#8928,#8929,#8930,#8931,#8932,#8933,#8934,
    #8935,#8936,#8937,#8938,#8939,#8940,#8941,#8942,#8943,#8944,#8945,
    #8946,#8947,#8948,#8949,#8950,#8951,#8952,#8953,#8954,#8955,#8956,
    #8957,#8958,#8959,#8960,#8961,#8962,#8963,#8964,#8965,#8966,#8967,
    #8968,#8969,#8970,#8971,#8972,#8973,#8974,#8975,#8976,#8977,#8978,
    #8979,#8980,#8981,#8982,#8983,#8984,#8985,#8986,#8987,#8988,#8989),
  .UNSPECIFIED.,.F.,.F.,(9,7,7,7,7,7,7,7,7,7,7,7,7,9),(0.,0.154254007634
    ,0.315767021666,0.405874539922,0.50033006227,0.705738129432,
    0.748609765818,0.878819630185,0.944076862002,0.97300840479,
    0.986841636682,0.993625296339,0.996789435837,1.),.UNSPECIFIED.);
#8897 = CARTESIAN_POINT('',(-3.14159265359,6.142803626431));
#8898 = CARTESIAN_POINT('',(-3.157463842361,6.142768324181));
#8899 = CARTESIAN_POINT('',(-3.173299210573,6.14272775393));
#8900 = CARTESIAN_POINT('',(-3.189092681191,6.142682244681));
#8901 = CARTESIAN_POINT('',(-3.204838766037,6.14263267556));
#8902 = CARTESIAN_POINT('',(-3.220532508737,6.142580503415));
#8903 = CARTESIAN_POINT('',(-3.236169427669,6.142527790428));
#8904 = CARTESIAN_POINT('',(-3.251745458902,6.142477231719));
#8905 = CARTESIAN_POINT('',(-3.283498288947,6.142385014246));
#8906 = CARTESIAN_POINT('',(-3.299669012627,6.142343880805));
#8907 = CARTESIAN_POINT('',(-3.315765014743,6.142312394081));
#8908 = CARTESIAN_POINT('',(-3.331782874198,6.14229492038));
#8909 = CARTESIAN_POINT('',(-3.347719754834,6.142296060104));
#8910 = CARTESIAN_POINT('',(-3.363573356032,6.142320127));
#8911 = CARTESIAN_POINT('',(-3.379341863303,6.142370627397));
#8912 = CARTESIAN_POINT('',(-3.403772849036,6.142493875782));
#8913 = CARTESIAN_POINT('',(-3.41249489575,6.142546542217));
#8914 = CARTESIAN_POINT('',(-3.421189814258,6.142610748706));
#8915 = CARTESIAN_POINT('',(-3.429857406698,6.14267784096));
#8916 = CARTESIAN_POINT('',(-3.438497548147,6.142766051137));
#8917 = CARTESIAN_POINT('',(-3.447110100783,6.142849955338));
#8918 = CARTESIAN_POINT('',(-3.455695021512,6.142953911144));
#8919 = CARTESIAN_POINT('',(-3.473222403176,6.143170598357));
#8920 = CARTESIAN_POINT('',(-3.48216212206,6.143283746683));
#8921 = CARTESIAN_POINT('',(-3.491071359547,6.143384970909));
#8922 = CARTESIAN_POINT('',(-3.499950095385,6.143457488191));
#8923 = CARTESIAN_POINT('',(-3.508798339646,6.143481782645));
#8924 = CARTESIAN_POINT('',(-3.517616132126,6.143435478726));
#8925 = CARTESIAN_POINT('',(-3.526403541727,6.14329321461));
#8926 = CARTESIAN_POINT('',(-3.554204379736,6.14244653749));
#8927 = CARTESIAN_POINT('',(-3.573104282341,6.141277785742));
#8928 = CARTESIAN_POINT('',(-3.591862015462,6.139229032855));
#8929 = CARTESIAN_POINT('',(-3.610479169751,6.135936057276));
#8930 = CARTESIAN_POINT('',(-3.628957278618,6.130962589294));
#8931 = CARTESIAN_POINT('',(-3.647297794969,6.12379486664));
#8932 = CARTESIAN_POINT('',(-3.665502050782,6.113829799787));
#8933 = CARTESIAN_POINT('',(-3.687342492375,6.097544725816));
#8934 = CARTESIAN_POINT('',(-3.691107884279,6.094580774228));
#8935 = CARTESIAN_POINT('',(-3.694867367387,6.091452680551));
#8936 = CARTESIAN_POINT('',(-3.698620968087,6.088165022412));
#8937 = CARTESIAN_POINT('',(-3.702368700107,6.084717031888));
#8938 = CARTESIAN_POINT('',(-3.7061105712,6.08110531808));
#8939 = CARTESIAN_POINT('',(-3.709846599695,6.077331412453));
#8940 = CARTESIAN_POINT('',(-3.724906164629,6.061435692278));
#8941 = CARTESIAN_POINT('',(-3.736181750462,6.047971028331));
#8942 = CARTESIAN_POINT('',(-3.747403951075,6.032988321488));
#8943 = CARTESIAN_POINT('',(-3.758573154928,6.016488480694));
#8944 = CARTESIAN_POINT('',(-3.769689776229,5.998484746474));
#8945 = CARTESIAN_POINT('',(-3.780754288536,5.979002324507));
#8946 = CARTESIAN_POINT('',(-3.791767258363,5.958078019209));
#8947 = CARTESIAN_POINT('',(-3.808223260812,5.924574686986));
#8948 = CARTESIAN_POINT('',(-3.813704368872,5.913039432099));
#8949 = CARTESIAN_POINT('',(-3.819172787566,5.901160213834));
#8950 = CARTESIAN_POINT('',(-3.824628610189,5.888943857504));
#8951 = CARTESIAN_POINT('',(-3.830071939508,5.876397958228));
#8952 = CARTESIAN_POINT('',(-3.835502888543,5.863530936605));
#8953 = CARTESIAN_POINT('',(-3.840921581343,5.850352094401));
#8954 = CARTESIAN_POINT('',(-3.848725136858,5.830895176002));
#8955 = CARTESIAN_POINT('',(-3.851119737771,5.824859407451));
#8956 = CARTESIAN_POINT('',(-3.853511968369,5.818765254077));
#8957 = CARTESIAN_POINT('',(-3.85590184107,5.812613647376));
#8958 = CARTESIAN_POINT('',(-3.858289368845,5.806405560838));
#8959 = CARTESIAN_POINT('',(-3.860674565218,5.800142009943));
#8960 = CARTESIAN_POINT('',(-3.863057444266,5.793824052165));
#8961 = CARTESIAN_POINT('',(-3.866576261499,5.784406451364));
#8962 = CARTESIAN_POINT('',(-3.867713975957,5.781347929547));
#8963 = CARTESIAN_POINT('',(-3.868851165597,5.778277342089));
#8964 = CARTESIAN_POINT('',(-3.869987832055,5.775194812193));
#8965 = CARTESIAN_POINT('',(-3.871123977001,5.772100465701));
#8966 = CARTESIAN_POINT('',(-3.872259602139,5.768994431088));
#8967 = CARTESIAN_POINT('',(-3.873394709205,5.765876839465));
#8968 = CARTESIAN_POINT('',(-3.875085690381,5.761213391248));
#8969 = CARTESIAN_POINT('',(-3.875641956632,5.759676210865));
#8970 = CARTESIAN_POINT('',(-3.876198098932,5.758136299214));
#8971 = CARTESIAN_POINT('',(-3.876754117491,5.756593672252));
#8972 = CARTESIAN_POINT('',(-3.877310012522,5.755048346102));
#8973 = CARTESIAN_POINT('',(-3.877865784241,5.753500337057));
#8974 = CARTESIAN_POINT('',(-3.878421432865,5.751949661578));
#8975 = CARTESIAN_POINT('',(-3.879236075526,5.749671810281));
#8976 = CARTESIAN_POINT('',(-3.879495165707,5.74894670777));
#8977 = CARTESIAN_POINT('',(-3.879754229177,5.748221030452));
#8978 = CARTESIAN_POINT('',(-3.880013265959,5.747494780021));
#8979 = CARTESIAN_POINT('',(-3.880272276074,5.746767958184));
#8980 = CARTESIAN_POINT('',(-3.880531259545,5.746040566652));
#8981 = CARTESIAN_POINT('',(-3.880790216396,5.745312607147));
#8982 = CARTESIAN_POINT('',(-3.88131187596,5.743844866624));
#8983 = CARTESIAN_POINT('',(-3.881574576385,5.743105073115));
#8984 = CARTESIAN_POINT('',(-3.881837249849,5.742364697303));
#8985 = CARTESIAN_POINT('',(-3.882099897436,5.741623738005));
#8986 = CARTESIAN_POINT('',(-3.88236251939,5.740882196425));
#8987 = CARTESIAN_POINT('',(-3.882625115114,5.740140076152));
#8988 = CARTESIAN_POINT('',(-3.88288768317,5.73939738316));
#8989 = CARTESIAN_POINT('',(-3.883150221281,5.738654125811));
#8990 = ( GEOMETRIC_REPRESENTATION_CONTEXT(2) 
PARAMETRIC_REPRESENTATION_CONTEXT() REPRESENTATION_CONTEXT('2D SPACE',''
  ) );
#8991 = ORIENTED_EDGE('',*,*,#6767,.F.);
#8992 = ADVANCED_FACE('',(#8993),#5935,.F.);
#8993 = FACE_BOUND('',#8994,.F.);
#8994 = EDGE_LOOP('',(#8995,#8996,#9019,#9020,#9058,#9092,#9128,#9129,
    #9151,#9152,#9153,#9154,#9155,#9467));
#8995 = ORIENTED_EDGE('',*,*,#6741,.T.);
#8996 = ORIENTED_EDGE('',*,*,#8997,.T.);
#8997 = EDGE_CURVE('',#6718,#7209,#8998,.T.);
#8998 = SEAM_CURVE('',#8999,(#9005,#9012),.PCURVE_S1.);
#8999 = B_SPLINE_CURVE_WITH_KNOTS('',3,(#9000,#9001,#9002,#9003,#9004),
  .UNSPECIFIED.,.F.,.F.,(4,1,4),(0.,8.579627031521,23.7911647093),
  .UNSPECIFIED.);
#9000 = CARTESIAN_POINT('',(-4.655,67.145,34.9));
#9001 = CARTESIAN_POINT('',(-5.703421359978,67.145,31.904510400063));
#9002 = CARTESIAN_POINT('',(-9.685080107206,67.145,24.894221787894));
#9003 = CARTESIAN_POINT('',(-7.360076752788,67.145,18.280891759591));
#9004 = CARTESIAN_POINT('',(-7.16265,67.145,11.7));
#9005 = PCURVE('',#5935,#9006);
#9006 = DEFINITIONAL_REPRESENTATION('',(#9007),#9011);
#9007 = LINE('',#9008,#9009);
#9008 = CARTESIAN_POINT('',(0.,0.));
#9009 = VECTOR('',#9010,1.);
#9010 = DIRECTION('',(0.,1.));
#9011 = ( GEOMETRIC_REPRESENTATION_CONTEXT(2) 
PARAMETRIC_REPRESENTATION_CONTEXT() REPRESENTATION_CONTEXT('2D SPACE',''
  ) );
#9012 = PCURVE('',#5935,#9013);
#9013 = DEFINITIONAL_REPRESENTATION('',(#9014),#9018);
#9014 = LINE('',#9015,#9016);
#9015 = CARTESIAN_POINT('',(6.28318530718,0.));
#9016 = VECTOR('',#9017,1.);
#9017 = DIRECTION('',(0.,1.));
#9018 = ( GEOMETRIC_REPRESENTATION_CONTEXT(2) 
PARAMETRIC_REPRESENTATION_CONTEXT() REPRESENTATION_CONTEXT('2D SPACE',''
  ) );
#9019 = ORIENTED_EDGE('',*,*,#7250,.T.);
#9020 = ORIENTED_EDGE('',*,*,#9021,.T.);
#9021 = EDGE_CURVE('',#7251,#9022,#9024,.T.);
#9022 = VERTEX_POINT('',#9023);
#9023 = CARTESIAN_POINT('',(-22.58502829454,34.559485432727,15.5));
#9024 = SURFACE_CURVE('',#9025,(#9034,#9046),.PCURVE_S1.);
#9025 = B_SPLINE_CURVE_WITH_KNOTS('',7,(#9026,#9027,#9028,#9029,#9030,
    #9031,#9032,#9033),.UNSPECIFIED.,.F.,.F.,(8,8),(0.,1.),
  .PIECEWISE_BEZIER_KNOTS.);
#9026 = CARTESIAN_POINT('',(-22.61190139824,34.206715132648,11.7));
#9027 = CARTESIAN_POINT('',(-22.60869872226,34.230959610633,
    12.253143706587));
#9028 = CARTESIAN_POINT('',(-22.60431787549,34.265788811245,
    12.803128254708));
#9029 = CARTESIAN_POINT('',(-22.59921607204,34.310344089982,
    13.349736118711));
#9030 = CARTESIAN_POINT('',(-22.59407437588,34.363438413858,
    13.892807306257));
#9031 = CARTESIAN_POINT('',(-22.58962820091,34.423668585895,
    14.432235625897));
#9032 = CARTESIAN_POINT('',(-22.58647796958,34.489537690094,
    14.967966922667));
#9033 = CARTESIAN_POINT('',(-22.585028288,34.559485748261,15.5000024));
#9034 = PCURVE('',#5935,#9035);
#9035 = DEFINITIONAL_REPRESENTATION('',(#9036),#9045);
#9036 = B_SPLINE_CURVE_WITH_KNOTS('',7,(#9037,#9038,#9039,#9040,#9041,
    #9042,#9043,#9044),.UNSPECIFIED.,.F.,.F.,(8,8),(0.,1.),
  .PIECEWISE_BEZIER_KNOTS.);
#9037 = CARTESIAN_POINT('',(5.406042782885,23.7911647093));
#9038 = CARTESIAN_POINT('',(5.406462120563,23.364972908282));
#9039 = CARTESIAN_POINT('',(5.407060962987,22.931255322323));
#9040 = CARTESIAN_POINT('',(5.407818882512,22.489964015848));
#9041 = CARTESIAN_POINT('',(5.408706844903,22.041049671675));
#9042 = CARTESIAN_POINT('',(5.409691680949,21.584470319146));
#9043 = CARTESIAN_POINT('',(5.41074097671,21.120203920328));
#9044 = CARTESIAN_POINT('',(5.411824502982,20.648260768108));
#9045 = ( GEOMETRIC_REPRESENTATION_CONTEXT(2) 
PARAMETRIC_REPRESENTATION_CONTEXT() REPRESENTATION_CONTEXT('2D SPACE',''
  ) );
#9046 = PCURVE('',#8005,#9047);
#9047 = DEFINITIONAL_REPRESENTATION('',(#9048),#9057);
#9048 = B_SPLINE_CURVE_WITH_KNOTS('',7,(#9049,#9050,#9051,#9052,#9053,
    #9054,#9055,#9056),.UNSPECIFIED.,.F.,.F.,(8,8),(0.,1.),
  .PIECEWISE_BEZIER_KNOTS.);
#9049 = CARTESIAN_POINT('',(6.151846553468,1.2));
#9050 = CARTESIAN_POINT('',(6.159488771772,1.753143706587));
#9051 = CARTESIAN_POINT('',(6.170458429745,2.303128254708));
#9052 = CARTESIAN_POINT('',(6.184471643489,2.849736118711));
#9053 = CARTESIAN_POINT('',(6.201135954678,3.392807306257));
#9054 = CARTESIAN_POINT('',(6.219999603552,3.932235625897));
#9055 = CARTESIAN_POINT('',(6.240599696154,4.467966922667));
#9056 = CARTESIAN_POINT('',(6.26246315833,5.0000024));
#9057 = ( GEOMETRIC_REPRESENTATION_CONTEXT(2) 
PARAMETRIC_REPRESENTATION_CONTEXT() REPRESENTATION_CONTEXT('2D SPACE',''
  ) );
#9058 = ORIENTED_EDGE('',*,*,#9059,.T.);
#9059 = EDGE_CURVE('',#9022,#9060,#9062,.T.);
#9060 = VERTEX_POINT('',#9061);
#9061 = CARTESIAN_POINT('',(-26.63766088173,31.541663862103,15.5));
#9062 = SURFACE_CURVE('',#9063,(#9069,#9078),.PCURVE_S1.);
#9063 = B_SPLINE_CURVE_WITH_KNOTS('',4,(#9064,#9065,#9066,#9067,#9068),
  .UNSPECIFIED.,.F.,.F.,(5,5),(0.,1.),.PIECEWISE_BEZIER_KNOTS.);
#9064 = CARTESIAN_POINT('',(-22.58434126066,34.560063463109,15.5));
#9065 = CARTESIAN_POINT('',(-23.59223436096,33.712062631429,15.5));
#9066 = CARTESIAN_POINT('',(-24.63510176005,32.905627939673,15.5));
#9067 = CARTESIAN_POINT('',(-25.71036744928,32.142926667648,15.5));
#9068 = CARTESIAN_POINT('',(-26.81520747494,31.42579187895,15.5));
#9069 = PCURVE('',#5935,#9070);
#9070 = DEFINITIONAL_REPRESENTATION('',(#9071),#9077);
#9071 = B_SPLINE_CURVE_WITH_KNOTS('',4,(#9072,#9073,#9074,#9075,#9076),
  .UNSPECIFIED.,.F.,.F.,(5,5),(0.,1.),.PIECEWISE_BEZIER_KNOTS.);
#9072 = CARTESIAN_POINT('',(5.411845582309,20.648262897033));
#9073 = CARTESIAN_POINT('',(5.380914323653,20.648262897033));
#9074 = CARTESIAN_POINT('',(5.349983045348,20.648262897033));
#9075 = CARTESIAN_POINT('',(5.31905176518,20.648262897033));
#9076 = CARTESIAN_POINT('',(5.288120507636,20.648262897033));
#9077 = ( GEOMETRIC_REPRESENTATION_CONTEXT(2) 
PARAMETRIC_REPRESENTATION_CONTEXT() REPRESENTATION_CONTEXT('2D SPACE',''
  ) );
#9078 = PCURVE('',#9079,#9084);
#9079 = PLANE('',#9080);
#9080 = AXIS2_PLACEMENT_3D('',#9081,#9082,#9083);
#9081 = CARTESIAN_POINT('',(-25.78434126066,34.62579187895,15.5));
#9082 = DIRECTION('',(0.,0.,1.));
#9083 = DIRECTION('',(1.,0.,-0.));
#9084 = DEFINITIONAL_REPRESENTATION('',(#9085),#9091);
#9085 = B_SPLINE_CURVE_WITH_KNOTS('',4,(#9086,#9087,#9088,#9089,#9090),
  .UNSPECIFIED.,.F.,.F.,(5,5),(0.,1.),.PIECEWISE_BEZIER_KNOTS.);
#9086 = CARTESIAN_POINT('',(3.2,-6.572841584092E-02));
#9087 = CARTESIAN_POINT('',(2.192106899701,-0.913729247521));
#9088 = CARTESIAN_POINT('',(1.14923950061,-1.720163939277));
#9089 = CARTESIAN_POINT('',(7.397381138442E-02,-2.482865211302));
#9090 = CARTESIAN_POINT('',(-1.030866214277,-3.2));
#9091 = ( GEOMETRIC_REPRESENTATION_CONTEXT(2) 
PARAMETRIC_REPRESENTATION_CONTEXT() REPRESENTATION_CONTEXT('2D SPACE',''
  ) );
#9092 = ORIENTED_EDGE('',*,*,#9093,.T.);
#9093 = EDGE_CURVE('',#9060,#7880,#9094,.T.);
#9094 = SURFACE_CURVE('',#9095,(#9104,#9116),.PCURVE_S1.);
#9095 = B_SPLINE_CURVE_WITH_KNOTS('',7,(#9096,#9097,#9098,#9099,#9100,
    #9101,#9102,#9103),.UNSPECIFIED.,.F.,.F.,(8,8),(0.,1.),
  .PIECEWISE_BEZIER_KNOTS.);
#9096 = CARTESIAN_POINT('',(-26.63766118591,31.541663946263,15.5000024)
  );
#9097 = CARTESIAN_POINT('',(-26.57023147152,31.523007418357,
    14.967966922783));
#9098 = CARTESIAN_POINT('',(-26.50622229405,31.507149043779,
    14.432235626049));
#9099 = CARTESIAN_POINT('',(-26.44724415274,31.494148238226,
    13.892807306331));
#9100 = CARTESIAN_POINT('',(-26.39490324582,31.483858742002,
    13.349736118606));
#9101 = CARTESIAN_POINT('',(-26.35075466857,31.475978108211,
    12.80312825442));
#9102 = CARTESIAN_POINT('',(-26.31613084331,31.470194012993,
    12.253143706265));
#9103 = CARTESIAN_POINT('',(-26.29198542736,31.466314485452,11.7));
#9104 = PCURVE('',#5935,#9105);
#9105 = DEFINITIONAL_REPRESENTATION('',(#9106),#9115);
#9106 = B_SPLINE_CURVE_WITH_KNOTS('',7,(#9107,#9108,#9109,#9110,#9111,
    #9112,#9113,#9114),.UNSPECIFIED.,.F.,.F.,(8,8),(0.,1.),
  .PIECEWISE_BEZIER_KNOTS.);
#9107 = CARTESIAN_POINT('',(5.293099187351,20.648260768108));
#9108 = CARTESIAN_POINT('',(5.294182713623,21.120203920225));
#9109 = CARTESIAN_POINT('',(5.295232009384,21.584470319016));
#9110 = CARTESIAN_POINT('',(5.296216845431,22.041049671617));
#9111 = CARTESIAN_POINT('',(5.297104807822,22.489964015941));
#9112 = CARTESIAN_POINT('',(5.297862727347,22.931255322556));
#9113 = CARTESIAN_POINT('',(5.298461569771,23.36497290853));
#9114 = CARTESIAN_POINT('',(5.298880907449,23.7911647093));
#9115 = ( GEOMETRIC_REPRESENTATION_CONTEXT(2) 
PARAMETRIC_REPRESENTATION_CONTEXT() REPRESENTATION_CONTEXT('2D SPACE',''
  ) );
#9116 = PCURVE('',#8005,#9117);
#9117 = DEFINITIONAL_REPRESENTATION('',(#9118),#9127);
#9118 = B_SPLINE_CURVE_WITH_KNOTS('',7,(#9119,#9120,#9121,#9122,#9123,
    #9124,#9125,#9126),.UNSPECIFIED.,.F.,.F.,(8,8),(0.,1.),
  .PIECEWISE_BEZIER_KNOTS.);
#9119 = CARTESIAN_POINT('',(4.442460532003,5.0000024));
#9120 = CARTESIAN_POINT('',(4.464323994175,4.467966922783));
#9121 = CARTESIAN_POINT('',(4.484924086776,3.932235626049));
#9122 = CARTESIAN_POINT('',(4.503787735653,3.392807306331));
#9123 = CARTESIAN_POINT('',(4.52045204685,2.849736118606));
#9124 = CARTESIAN_POINT('',(4.534465260596,2.30312825442));
#9125 = CARTESIAN_POINT('',(4.545434918566,1.753143706265));
#9126 = CARTESIAN_POINT('',(4.553077136865,1.2));
#9127 = ( GEOMETRIC_REPRESENTATION_CONTEXT(2) 
PARAMETRIC_REPRESENTATION_CONTEXT() REPRESENTATION_CONTEXT('2D SPACE',''
  ) );
#9128 = ORIENTED_EDGE('',*,*,#8072,.T.);
#9129 = ORIENTED_EDGE('',*,*,#9130,.F.);
#9130 = EDGE_CURVE('',#6810,#8073,#9131,.T.);
#9131 = SURFACE_CURVE('',#9132,(#9137,#9144),.PCURVE_S1.);
#9132 = CIRCLE('',#9133,42.83735);
#9133 = AXIS2_PLACEMENT_3D('',#9134,#9135,#9136);
#9134 = CARTESIAN_POINT('',(-50.,67.145,11.7));
#9135 = DIRECTION('',(0.,0.,1.));
#9136 = DIRECTION('',(1.,0.,-0.));
#9137 = PCURVE('',#5935,#9138);
#9138 = DEFINITIONAL_REPRESENTATION('',(#9139),#9143);
#9139 = LINE('',#9140,#9141);
#9140 = CARTESIAN_POINT('',(0.,23.7911647093));
#9141 = VECTOR('',#9142,1.);
#9142 = DIRECTION('',(1.,0.));
#9143 = ( GEOMETRIC_REPRESENTATION_CONTEXT(2) 
PARAMETRIC_REPRESENTATION_CONTEXT() REPRESENTATION_CONTEXT('2D SPACE',''
  ) );
#9144 = PCURVE('',#7027,#9145);
#9145 = DEFINITIONAL_REPRESENTATION('',(#9146),#9150);
#9146 = LINE('',#9147,#9148);
#9147 = CARTESIAN_POINT('',(-0.,5.738654125811));
#9148 = VECTOR('',#9149,1.);
#9149 = DIRECTION('',(-1.,0.));
#9150 = ( GEOMETRIC_REPRESENTATION_CONTEXT(2) 
PARAMETRIC_REPRESENTATION_CONTEXT() REPRESENTATION_CONTEXT('2D SPACE',''
  ) );
#9151 = ORIENTED_EDGE('',*,*,#7140,.T.);
#9152 = ORIENTED_EDGE('',*,*,#5917,.F.);
#9153 = ORIENTED_EDGE('',*,*,#6360,.F.);
#9154 = ORIENTED_EDGE('',*,*,#6583,.F.);
#9155 = ORIENTED_EDGE('',*,*,#9156,.T.);
#9156 = EDGE_CURVE('',#6435,#7209,#9157,.T.);
#9157 = SURFACE_CURVE('',#9158,(#9259,#9363),.PCURVE_S1.);
#9158 = B_SPLINE_CURVE_WITH_KNOTS('',8,(#9159,#9160,#9161,#9162,#9163,
    #9164,#9165,#9166,#9167,#9168,#9169,#9170,#9171,#9172,#9173,#9174,
    #9175,#9176,#9177,#9178,#9179,#9180,#9181,#9182,#9183,#9184,#9185,
    #9186,#9187,#9188,#9189,#9190,#9191,#9192,#9193,#9194,#9195,#9196,
    #9197,#9198,#9199,#9200,#9201,#9202,#9203,#9204,#9205,#9206,#9207,
    #9208,#9209,#9210,#9211,#9212,#9213,#9214,#9215,#9216,#9217,#9218,
    #9219,#9220,#9221,#9222,#9223,#9224,#9225,#9226,#9227,#9228,#9229,
    #9230,#9231,#9232,#9233,#9234,#9235,#9236,#9237,#9238,#9239,#9240,
    #9241,#9242,#9243,#9244,#9245,#9246,#9247,#9248,#9249,#9250,#9251,
    #9252,#9253,#9254,#9255,#9256,#9257,#9258),.UNSPECIFIED.,.F.,.F.,(9,
    7,7,7,7,7,7,7,7,7,7,7,7,7,9),(0.,7.78071962405E-02,0.19977070365,
    0.261259731316,0.31476911392,0.375544829069,0.452863162847,
    0.519390954288,0.646144355174,0.681549799332,0.715514131875,
    0.786459347232,0.852803275167,0.952493289115,1.),.UNSPECIFIED.);
#9159 = CARTESIAN_POINT('',(-42.39566768514,109.29,12.050905639591));
#9160 = CARTESIAN_POINT('',(-41.94498542442,109.20844450375,
    12.057178845632));
#9161 = CARTESIAN_POINT('',(-41.49429784018,109.12120522497,
    12.063280589124));
#9162 = CARTESIAN_POINT('',(-41.04362032559,109.02824125139,
    12.069204379741));
#9163 = CARTESIAN_POINT('',(-40.59296986791,108.92950803121,
    12.074943940095));
#9164 = CARTESIAN_POINT('',(-40.1423650485,108.82495737317,
    12.080493205726));
#9165 = CARTESIAN_POINT('',(-39.69182604279,108.71453744647,
    12.085846325107));
#9166 = CARTESIAN_POINT('',(-39.24137462033,108.59819278081,
    12.090997659644));
#9167 = CARTESIAN_POINT('',(-38.08512123974,108.28411317662,
    12.103691744305));
#9168 = CARTESIAN_POINT('',(-37.37948592847,108.07766028988,
    12.110933056431));
#9169 = CARTESIAN_POINT('',(-36.6742140046,107.85627612865,
    12.117645555638));
#9170 = CARTESIAN_POINT('',(-35.96940920065,107.61970992713,
    12.123795550933));
#9171 = CARTESIAN_POINT('',(-35.26519259013,107.36768818503,
    12.129358990482));
#9172 = CARTESIAN_POINT('',(-34.56170295923,107.09991405743,
    12.134315784851));
#9173 = CARTESIAN_POINT('',(-33.85909740673,106.81606608723,
    12.138640875424));
#9174 = CARTESIAN_POINT('',(-32.80386055213,106.36441023961,
    12.144171308329));
#9175 = CARTESIAN_POINT('',(-32.45044029024,106.20885179697,
    12.145860730889));
#9176 = CARTESIAN_POINT('',(-32.09731382116,106.04907517874,
    12.14738022748));
#9177 = CARTESIAN_POINT('',(-31.74450581826,105.88503405698,
    12.1487338165));
#9178 = CARTESIAN_POINT('',(-31.39204318778,105.71668112539,
    12.149917282792));
#9179 = CARTESIAN_POINT('',(-31.03995491375,105.54396783446,
    12.150922411057));
#9180 = CARTESIAN_POINT('',(-30.68827172931,105.36684383227,
    12.151745605682));
#9181 = CARTESIAN_POINT('',(-30.03136327235,105.02723560509,
    12.152937905848));
#9182 = CARTESIAN_POINT('',(-29.72603205479,104.86583464637,
    12.153352007498));
#9183 = CARTESIAN_POINT('',(-29.42105422173,104.70102007549,
    12.153622752695));
#9184 = CARTESIAN_POINT('',(-29.11645279338,104.53275692002,
    12.153747773056));
#9185 = CARTESIAN_POINT('',(-28.81225226789,104.3610094345,
    12.153725006198));
#9186 = CARTESIAN_POINT('',(-28.50847862138,104.18574110036,
    12.153552695739));
#9187 = CARTESIAN_POINT('',(-28.20515930793,104.00691462597,
    12.153229391293));
#9188 = CARTESIAN_POINT('',(-27.55836344325,103.61729709112,
    12.152213942677));
#9189 = CARTESIAN_POINT('',(-27.21502755858,103.40546329311,
    12.151477749386));
#9190 = CARTESIAN_POINT('',(-26.87235788007,103.1889346954,
    12.150543331661));
#9191 = CARTESIAN_POINT('',(-26.53039987839,102.96765440094,
    12.149411119022));
#9192 = CARTESIAN_POINT('',(-26.18920235067,102.74156489427,
    12.14807830656));
#9193 = CARTESIAN_POINT('',(-25.84881730213,102.51060762361,
    12.146545822813));
#9194 = CARTESIAN_POINT('',(-25.50929995639,102.27472292803,
    12.144819832174));
#9195 = CARTESIAN_POINT('',(-24.73995716271,101.72741696087,
    12.140434060772));
#9196 = CARTESIAN_POINT('',(-24.3107065955,101.41291271584,
    12.137649711674));
#9197 = CARTESIAN_POINT('',(-23.88307779219,101.09021530965,
    12.134527601449));
#9198 = CARTESIAN_POINT('',(-23.45720268114,100.75920127727,
    12.131060379134));
#9199 = CARTESIAN_POINT('',(-23.03322492969,100.41974763878,
    12.127242634781));
#9200 = CARTESIAN_POINT('',(-22.61129997607,100.0717324001,
    12.123071202653));
#9201 = CARTESIAN_POINT('',(-22.1915950614,99.715035053642,
    12.118545464419));
#9202 = CARTESIAN_POINT('',(-21.41522263601,99.035047981255,
    12.109470587458));
#9203 = CARTESIAN_POINT('',(-21.05793386451,98.714044695235,
    12.105013337831));
#9204 = CARTESIAN_POINT('',(-20.70253738313,98.386452357874,
    12.100294099288));
#9205 = CARTESIAN_POINT('',(-20.34915556467,98.052197665226,
    12.095326645246));
#9206 = CARTESIAN_POINT('',(-19.99792024508,97.711213555355,
    12.09009464779));
#9207 = CARTESIAN_POINT('',(-19.64896982818,97.363432594427,
    12.08463146913));
#9208 = CARTESIAN_POINT('',(-19.30245240105,97.008795923807,
    12.078926577809));
#9209 = CARTESIAN_POINT('',(-18.30324549776,95.958401698879,
    12.061687886714));
#9210 = CARTESIAN_POINT('',(-17.65737121673,95.244475676928,
    12.049551790068));
#9211 = CARTESIAN_POINT('',(-17.02196741505,94.505080001998,
    12.036652382662));
#9212 = CARTESIAN_POINT('',(-16.39823627854,93.73992306971,
    12.023120409201));
#9213 = CARTESIAN_POINT('',(-15.7875075387,92.948833806644,
    12.009147835187));
#9214 = CARTESIAN_POINT('',(-15.19122626977,92.131791285182,
    11.994980700723));
#9215 = CARTESIAN_POINT('',(-14.6109361558,91.288961780388,
    11.980906663643));
#9216 = CARTESIAN_POINT('',(-13.89108799163,90.178227787601,
    11.96341901252));
#9217 = CARTESIAN_POINT('',(-13.73529316345,89.933733294918,
    11.959633230562));
#9218 = CARTESIAN_POINT('',(-13.58090948914,89.687269475866,
    11.955883137418));
#9219 = CARTESIAN_POINT('',(-13.42797324267,89.438848042785,
    11.952165926068));
#9220 = CARTESIAN_POINT('',(-13.27652101804,89.188481863612,
    11.948483341001));
#9221 = CARTESIAN_POINT('',(-13.1265897235,88.936185299828,
    11.944838734946));
#9222 = CARTESIAN_POINT('',(-12.97821658814,88.681974667613,
    11.941232672262));
#9223 = CARTESIAN_POINT('',(-12.69063569814,88.180185151991,
    11.934250730464));
#9224 = CARTESIAN_POINT('',(-12.55130060295,87.932757487128,
    11.9308712887));
#9225 = CARTESIAN_POINT('',(-12.41346685638,87.68360044139,
    11.927533654304));
#9226 = CARTESIAN_POINT('',(-12.27716761912,87.432731182768,
    11.924241196686));
#9227 = CARTESIAN_POINT('',(-12.14243606152,87.180168347019,
    11.920997853807));
#9228 = CARTESIAN_POINT('',(-12.00930536363,86.925932037661,
    11.91780813218));
#9229 = CARTESIAN_POINT('',(-11.87780871516,86.670043825979,
    11.914677106866));
#9230 = CARTESIAN_POINT('',(-11.47678968722,85.874621160851,
    11.905204682305));
#9231 = CARTESIAN_POINT('',(-11.2128719647,85.329604088643,
    11.899079708671));
#9232 = CARTESIAN_POINT('',(-10.95653036716,84.777691754636,
    11.893286030444));
#9233 = CARTESIAN_POINT('',(-10.70806410414,84.219124738144,
    11.887885062596));
#9234 = CARTESIAN_POINT('',(-10.46776504399,83.65416967591,
    11.882946522576));
#9235 = CARTESIAN_POINT('',(-10.23591538245,83.083120960449,
    11.878545847676));
#9236 = CARTESIAN_POINT('',(-10.01278531113,82.506302438398,
    11.874761612403));
#9237 = CARTESIAN_POINT('',(-9.598365468256,81.379597633786,
    11.86878460066));
#9238 = CARTESIAN_POINT('',(-9.405946055202,80.830382476779,
    11.866504309986));
#9239 = CARTESIAN_POINT('',(-9.22158259701,80.276715985648,
    11.864896454477));
#9240 = CARTESIAN_POINT('',(-9.045469763014,79.71890311344,
    11.864025019863));
#9241 = CARTESIAN_POINT('',(-8.877785822435,79.157261775087,
    11.863951138272));
#9242 = CARTESIAN_POINT('',(-8.718691724997,78.592123204047,
    11.864730629546));
#9243 = CARTESIAN_POINT('',(-8.568330181538,78.023832308937,
    11.866411542556));
#9244 = CARTESIAN_POINT('',(-8.2141952031,76.594622780629,
    11.872968804168));
#9245 = CARTESIAN_POINT('',(-8.021550049954,75.730143735015,
    11.879026957882));
#9246 = CARTESIAN_POINT('',(-7.849319240033,74.860557378163,
    11.887335061086));
#9247 = CARTESIAN_POINT('',(-7.697807085133,73.987089693246,
    11.897972202425));
#9248 = CARTESIAN_POINT('',(-7.567202482109,73.110944544625,
    11.910952875479));
#9249 = CARTESIAN_POINT('',(-7.457587541203,72.23330253383,
    11.926222142211));
#9250 = CARTESIAN_POINT('',(-7.368944614557,71.355320328686,
    11.943660740189));
#9251 = CARTESIAN_POINT('',(-7.268860173256,70.060110610161,
    11.972363866237));
#9252 = CARTESIAN_POINT('',(-7.24129506207,69.642260757843,
    11.982082175387));
#9253 = CARTESIAN_POINT('',(-7.218454228104,69.2246980373,
    11.992237037816));
#9254 = CARTESIAN_POINT('',(-7.200320798085,68.807535355268,
    12.002807889337));
#9255 = CARTESIAN_POINT('',(-7.186873576787,68.39088147906,
    12.013772130641));
#9256 = CARTESIAN_POINT('',(-7.17808743507,67.974841119084,
    12.025105633174));
#9257 = CARTESIAN_POINT('',(-7.173933697918,67.559515011353,
    12.036783245017));
#9258 = CARTESIAN_POINT('',(-7.174380532465,67.145,12.048779296763));
#9259 = PCURVE('',#5935,#9260);
#9260 = DEFINITIONAL_REPRESENTATION('',(#9261),#9362);
#9261 = B_SPLINE_CURVE_WITH_KNOTS('',8,(#9262,#9263,#9264,#9265,#9266,
    #9267,#9268,#9269,#9270,#9271,#9272,#9273,#9274,#9275,#9276,#9277,
    #9278,#9279,#9280,#9281,#9282,#9283,#9284,#9285,#9286,#9287,#9288,
    #9289,#9290,#9291,#9292,#9293,#9294,#9295,#9296,#9297,#9298,#9299,
    #9300,#9301,#9302,#9303,#9304,#9305,#9306,#9307,#9308,#9309,#9310,
    #9311,#9312,#9313,#9314,#9315,#9316,#9317,#9318,#9319,#9320,#9321,
    #9322,#9323,#9324,#9325,#9326,#9327,#9328,#9329,#9330,#9331,#9332,
    #9333,#9334,#9335,#9336,#9337,#9338,#9339,#9340,#9341,#9342,#9343,
    #9344,#9345,#9346,#9347,#9348,#9349,#9350,#9351,#9352,#9353,#9354,
    #9355,#9356,#9357,#9358,#9359,#9360,#9361),.UNSPECIFIED.,.F.,.F.,(9,
    7,7,7,7,7,7,7,7,7,7,7,7,7,9),(0.,7.78071962405E-02,0.19977070365,
    0.261259731316,0.31476911392,0.375544829069,0.452863162847,
    0.519390954288,0.646144355174,0.681549799332,0.715514131875,
    0.786459347232,0.852803275167,0.952493289115,1.),.UNSPECIFIED.);
#9262 = CARTESIAN_POINT('',(1.392284387643,23.519066567896));
#9263 = CARTESIAN_POINT('',(1.381589790401,23.514171116754));
#9264 = CARTESIAN_POINT('',(1.370871364672,23.50940819052));
#9265 = CARTESIAN_POINT('',(1.360127447965,23.504782978362));
#9266 = CARTESIAN_POINT('',(1.349356352855,23.500300503621));
#9267 = CARTESIAN_POINT('',(1.338556366982,23.495965623806));
#9268 = CARTESIAN_POINT('',(1.327725753051,23.491783030594));
#9269 = CARTESIAN_POINT('',(1.316862748834,23.487757249834));
#9270 = CARTESIAN_POINT('',(1.288884133039,23.477834831917));
#9271 = CARTESIAN_POINT('',(1.271718825468,23.472172654703));
#9272 = CARTESIAN_POINT('',(1.254462607059,23.466922317346));
#9273 = CARTESIAN_POINT('',(1.23710840542,23.462110598799));
#9274 = CARTESIAN_POINT('',(1.219649025107,23.457756729862));
#9275 = CARTESIAN_POINT('',(1.202077082834,23.453876814368));
#9276 = CARTESIAN_POINT('',(1.184384932973,23.450490794507));
#9277 = CARTESIAN_POINT('',(1.157580240052,23.446160574318));
#9278 = CARTESIAN_POINT('',(1.148563368648,23.44483767736));
#9279 = CARTESIAN_POINT('',(1.139512927233,23.443647752239));
#9280 = CARTESIAN_POINT('',(1.13042788659,23.442587683173));
#9281 = CARTESIAN_POINT('',(1.121307220142,23.441660797787));
#9282 = CARTESIAN_POINT('',(1.112149895449,23.440873552844));
#9283 = CARTESIAN_POINT('',(1.102954858851,23.440228784148));
#9284 = CARTESIAN_POINT('',(1.085685521939,23.43929489356));
#9285 = CARTESIAN_POINT('',(1.077620640992,23.438970530675));
#9286 = CARTESIAN_POINT('',(1.069525692268,23.438758453455));
#9287 = CARTESIAN_POINT('',(1.061399967738,23.438660522961));
#9288 = CARTESIAN_POINT('',(1.053242754097,23.438678357113));
#9289 = CARTESIAN_POINT('',(1.045053332758,23.43881333069));
#9290 = CARTESIAN_POINT('',(1.036830979856,23.439066575327));
#9291 = CARTESIAN_POINT('',(1.019197823269,23.439861954518));
#9292 = CARTESIAN_POINT('',(1.009777267962,23.440438589524));
#9293 = CARTESIAN_POINT('',(1.000312223309,23.441170467496));
#9294 = CARTESIAN_POINT('',(0.990801614695,23.442057234607));
#9295 = CARTESIAN_POINT('',(0.981244374655,23.443101061738));
#9296 = CARTESIAN_POINT('',(0.971639430856,23.44430119019));
#9297 = CARTESIAN_POINT('',(0.961985701097,23.445652756681));
#9298 = CARTESIAN_POINT('',(0.939937307027,23.449086801109));
#9299 = CARTESIAN_POINT('',(0.927511860247,23.45126673983));
#9300 = CARTESIAN_POINT('',(0.915003543251,23.453710856189));
#9301 = CARTESIAN_POINT('',(0.902410186632,23.456424791433));
#9302 = CARTESIAN_POINT('',(0.889729680187,23.459412644693));
#9303 = CARTESIAN_POINT('',(0.876959965951,23.462676736971));
#9304 = CARTESIAN_POINT('',(0.86409903123,23.466217375134));
#9305 = CARTESIAN_POINT('',(0.839998649649,23.473315401888));
#9306 = CARTESIAN_POINT('',(0.828783450976,23.476801120666));
#9307 = CARTESIAN_POINT('',(0.817498064177,23.480491055413));
#9308 = CARTESIAN_POINT('',(0.806141300371,23.484374309472));
#9309 = CARTESIAN_POINT('',(0.794712118324,23.488463491769));
#9310 = CARTESIAN_POINT('',(0.783209459153,23.492732386008));
#9311 = CARTESIAN_POINT('',(0.771632439028,23.497189069668));
#9312 = CARTESIAN_POINT('',(0.73777958725,23.510652540925));
#9313 = CARTESIAN_POINT('',(0.715306239197,23.520126705687));
#9314 = CARTESIAN_POINT('',(0.692554121605,23.530191815617));
#9315 = CARTESIAN_POINT('',(0.669519320381,23.540744677846));
#9316 = CARTESIAN_POINT('',(0.646200085626,23.551634631239));
#9317 = CARTESIAN_POINT('',(0.622597053338,23.562669412106));
#9318 = CARTESIAN_POINT('',(0.598713661312,23.573625064361));
#9319 = CARTESIAN_POINT('',(0.567809122904,23.587230472197));
#9320 = CARTESIAN_POINT('',(0.561040200113,23.590175342127));
#9321 = CARTESIAN_POINT('',(0.554250165388,23.593091989113));
#9322 = CARTESIAN_POINT('',(0.547439227306,23.595982611515));
#9323 = CARTESIAN_POINT('',(0.540607608878,23.598845866847));
#9324 = CARTESIAN_POINT('',(0.533755554308,23.601679162425));
#9325 = CARTESIAN_POINT('',(0.52688333844,23.604482076726));
#9326 = CARTESIAN_POINT('',(0.513379701177,23.609908194199));
#9327 = CARTESIAN_POINT('',(0.506749863242,23.612534199362));
#9328 = CARTESIAN_POINT('',(0.500102002152,23.615127350637));
#9329 = CARTESIAN_POINT('',(0.493436398878,23.617685046127));
#9330 = CARTESIAN_POINT('',(0.48675335461,23.62020424437));
#9331 = CARTESIAN_POINT('',(0.480053190757,23.622681464335));
#9332 = CARTESIAN_POINT('',(0.473336248946,23.625112785427));
#9333 = CARTESIAN_POINT('',(0.452538150395,23.632467446188));
#9334 = CARTESIAN_POINT('',(0.438401662618,23.637221731312));
#9335 = CARTESIAN_POINT('',(0.424196885448,23.641717659816));
#9336 = CARTESIAN_POINT('',(0.409927536122,23.645907807405));
#9337 = CARTESIAN_POINT('',(0.395597633154,23.649738354109));
#9338 = CARTESIAN_POINT('',(0.381211538134,23.65315106986));
#9339 = CARTESIAN_POINT('',(0.366773997524,23.65608530007));
#9340 = CARTESIAN_POINT('',(0.338745746745,23.660719292672));
#9341 = CARTESIAN_POINT('',(0.325160633879,23.662486939143));
#9342 = CARTESIAN_POINT('',(0.311539135243,23.663733174314));
#9343 = CARTESIAN_POINT('',(0.297885588068,23.664408564202));
#9344 = CARTESIAN_POINT('',(0.284204408153,23.664465827645));
#9345 = CARTESIAN_POINT('',(0.270500120588,23.663861706796));
#9346 = CARTESIAN_POINT('',(0.256777390471,23.662558837618));
#9347 = CARTESIAN_POINT('',(0.222400496865,23.657475463524));
#9348 = CARTESIAN_POINT('',(0.201728096455,23.652778511208));
#9349 = CARTESIAN_POINT('',(0.181040975448,23.646335900213));
#9350 = CARTESIAN_POINT('',(0.160354900707,23.638084571239));
#9351 = CARTESIAN_POINT('',(0.139684553972,23.628010567715));
#9352 = CARTESIAN_POINT('',(0.119043777567,23.616152890246));
#9353 = CARTESIAN_POINT('',(9.844579475298E-02,23.602599906723));
#9354 = CARTESIAN_POINT('',(6.811404522468E-02,23.580272210746));
#9355 = CARTESIAN_POINT('',(5.833707816636E-02,23.572709720452));
#9356 = CARTESIAN_POINT('',(4.85737616828E-02,23.564804387296));
#9357 = CARTESIAN_POINT('',(3.882526384306E-02,23.556571726785));
#9358 = CARTESIAN_POINT('',(2.909266857679E-02,23.548028847455));
#9359 = CARTESIAN_POINT('',(1.93769816064E-02,23.53919406851));
#9360 = CARTESIAN_POINT('',(9.67913637928E-03,23.530086537453));
#9361 = CARTESIAN_POINT('',(0.,23.520725847715));
#9362 = ( GEOMETRIC_REPRESENTATION_CONTEXT(2) 
PARAMETRIC_REPRESENTATION_CONTEXT() REPRESENTATION_CONTEXT('2D SPACE',''
  ) );
#9363 = PCURVE('',#6492,#9364);
#9364 = DEFINITIONAL_REPRESENTATION('',(#9365),#9466);
#9365 = B_SPLINE_CURVE_WITH_KNOTS('',8,(#9366,#9367,#9368,#9369,#9370,
    #9371,#9372,#9373,#9374,#9375,#9376,#9377,#9378,#9379,#9380,#9381,
    #9382,#9383,#9384,#9385,#9386,#9387,#9388,#9389,#9390,#9391,#9392,
    #9393,#9394,#9395,#9396,#9397,#9398,#9399,#9400,#9401,#9402,#9403,
    #9404,#9405,#9406,#9407,#9408,#9409,#9410,#9411,#9412,#9413,#9414,
    #9415,#9416,#9417,#9418,#9419,#9420,#9421,#9422,#9423,#9424,#9425,
    #9426,#9427,#9428,#9429,#9430,#9431,#9432,#9433,#9434,#9435,#9436,
    #9437,#9438,#9439,#9440,#9441,#9442,#9443,#9444,#9445,#9446,#9447,
    #9448,#9449,#9450,#9451,#9452,#9453,#9454,#9455,#9456,#9457,#9458,
    #9459,#9460,#9461,#9462,#9463,#9464,#9465),.UNSPECIFIED.,.F.,.F.,(9,
    7,7,7,7,7,7,7,7,7,7,7,7,7,9),(0.,7.78071962405E-02,0.19977070365,
    0.261259731316,0.31476911392,0.375544829069,0.452863162847,
    0.519390954288,0.646144355174,0.681549799332,0.715514131875,
    0.786459347232,0.852803275167,0.952493289115,1.),.UNSPECIFIED.);
#9366 = CARTESIAN_POINT('',(59.640970113335,1.));
#9367 = CARTESIAN_POINT('',(60.15903518986,0.998064883231));
#9368 = CARTESIAN_POINT('',(60.676202557497,0.995994903903));
#9369 = CARTESIAN_POINT('',(61.192405459647,0.993789091266));
#9370 = CARTESIAN_POINT('',(61.707574741227,0.991446388213));
#9371 = CARTESIAN_POINT('',(62.221638848672,0.988965651279));
#9372 = CARTESIAN_POINT('',(62.734523829927,0.986345650646));
#9373 = CARTESIAN_POINT('',(63.246153334455,0.983585070134));
#9374 = CARTESIAN_POINT('',(64.5563412327,0.976132712697));
#9375 = CARTESIAN_POINT('',(65.35294979738,0.971234079722));
#9376 = CARTESIAN_POINT('',(66.145975602544,0.965981163333));
#9377 = CARTESIAN_POINT('',(66.935097002141,0.960368013457));
#9378 = CARTESIAN_POINT('',(67.719968128532,0.954388140587));
#9379 = CARTESIAN_POINT('',(68.500219085395,0.948034501303));
#9380 = CARTESIAN_POINT('',(69.27545617585,0.941299468199));
#9381 = CARTESIAN_POINT('',(70.433364796034,0.930582755715));
#9382 = CARTESIAN_POINT('',(70.820086552683,0.926891726112));
#9383 = CARTESIAN_POINT('',(71.205372005169,0.923100609295));
#9384 = CARTESIAN_POINT('',(71.58916416167,0.919208306015));
#9385 = CARTESIAN_POINT('',(71.971404299925,0.915213693805));
#9386 = CARTESIAN_POINT('',(72.352031669061,0.911115620701));
#9387 = CARTESIAN_POINT('',(72.730982881701,0.906912891975));
#9388 = CARTESIAN_POINT('',(73.43644985283,0.898854801402));
#9389 = CARTESIAN_POINT('',(73.763388066583,0.895025142873));
#9390 = CARTESIAN_POINT('',(74.088963593844,0.891114487495));
#9391 = CARTESIAN_POINT('',(74.413131440706,0.887122005458));
#9392 = CARTESIAN_POINT('',(74.735844920353,0.883046848606));
#9393 = CARTESIAN_POINT('',(75.057055653061,0.878888150442));
#9394 = CARTESIAN_POINT('',(75.376713566197,0.874645026123));
#9395 = CARTESIAN_POINT('',(76.056010428069,0.865400334349));
#9396 = CARTESIAN_POINT('',(76.415183492439,0.860374025225));
#9397 = CARTESIAN_POINT('',(76.77221045851,0.855236319739));
#9398 = CARTESIAN_POINT('',(77.127012050727,0.84998586786));
#9399 = CARTESIAN_POINT('',(77.479505687632,0.844621304883));
#9400 = CARTESIAN_POINT('',(77.829605150265,0.839141241514));
#9401 = CARTESIAN_POINT('',(78.177220565688,0.833544262143));
#9402 = CARTESIAN_POINT('',(78.961215456331,0.820558001207));
#9403 = CARTESIAN_POINT('',(79.395999633176,0.813095568059));
#9404 = CARTESIAN_POINT('',(79.826422579727,0.805438730802));
#9405 = CARTESIAN_POINT('',(80.25228299956,0.797584559907));
#9406 = CARTESIAN_POINT('',(80.673368377637,0.789530137354));
#9407 = CARTESIAN_POINT('',(81.089455414154,0.781272568516));
#9408 = CARTESIAN_POINT('',(81.50031045837,0.772808994036));
#9409 = CARTESIAN_POINT('',(82.254494688416,0.756674527969));
#9410 = CARTESIAN_POINT('',(82.599243892197,0.74905788813));
#9411 = CARTESIAN_POINT('',(82.93978260582,0.741284905869));
#9412 = CARTESIAN_POINT('',(83.275946899867,0.733353841862));
#9413 = CARTESIAN_POINT('',(83.607569755508,0.725263104884));
#9414 = CARTESIAN_POINT('',(83.934472275923,0.717011094897));
#9415 = CARTESIAN_POINT('',(84.25647489211,0.708596415323));
#9416 = CARTESIAN_POINT('',(85.177199316546,0.683673073885));
#9417 = CARTESIAN_POINT('',(85.762534052903,0.666733317758));
#9418 = CARTESIAN_POINT('',(86.32810812636,0.649189227714));
#9419 = CARTESIAN_POINT('',(86.872529240414,0.631033884677));
#9420 = CARTESIAN_POINT('',(87.394322662793,0.612263229485));
#9421 = CARTESIAN_POINT('',(87.891960763233,0.592876765576));
#9422 = CARTESIAN_POINT('',(88.363898479467,0.572878438258));
#9423 = CARTESIAN_POINT('',(88.932835249972,0.546523378517));
#9424 = CARTESIAN_POINT('',(89.054930748643,0.540722109264));
#9425 = CARTESIAN_POINT('',(89.174868465576,0.534874112608));
#9426 = CARTESIAN_POINT('',(89.292616625163,0.528979666456));
#9427 = CARTESIAN_POINT('',(89.408143180228,0.523039076133));
#9428 = CARTESIAN_POINT('',(89.521416255375,0.517052682402));
#9429 = CARTESIAN_POINT('',(89.632404770144,0.511020872407));
#9430 = CARTESIAN_POINT('',(89.84532738335,0.499114607949));
#9431 = CARTESIAN_POINT('',(89.947446264202,0.493243741538));
#9432 = CARTESIAN_POINT('',(90.04740697319,0.487331841058));
#9433 = CARTESIAN_POINT('',(90.145182643282,0.481379313863));
#9434 = CARTESIAN_POINT('',(90.240746950342,0.475386602136));
#9435 = CARTESIAN_POINT('',(90.334074113143,0.469354182884));
#9436 = CARTESIAN_POINT('',(90.425138893353,0.463282567944));
#9437 = CARTESIAN_POINT('',(90.699356812673,0.44440909149));
#9438 = CARTESIAN_POINT('',(90.874820011753,0.431477140554));
#9439 = CARTESIAN_POINT('',(91.040080483415,0.418381581555));
#9440 = CARTESIAN_POINT('',(91.194927680784,0.405128122865));
#9441 = CARTESIAN_POINT('',(91.339168814933,0.391723091136));
#9442 = CARTESIAN_POINT('',(91.472631450335,0.378173471597));
#9443 = CARTESIAN_POINT('',(91.595166100318,0.364486948354));
#9444 = CARTESIAN_POINT('',(91.810901119866,0.337752939466));
#9445 = CARTESIAN_POINT('',(91.905490260586,0.324721378023));
#9446 = CARTESIAN_POINT('',(91.990314223098,0.311584197073));
#9447 = CARTESIAN_POINT('',(92.065293126306,0.298348632422));
#9448 = CARTESIAN_POINT('',(92.130369898777,0.285022227431));
#9449 = CARTESIAN_POINT('',(92.185510947941,0.271612841477));
#9450 = CARTESIAN_POINT('',(92.230706829283,0.258128658416));
#9451 = CARTESIAN_POINT('',(92.318964602033,0.224216936306));
#9452 = CARTESIAN_POINT('',(92.349538910498,0.203704917191));
#9453 = CARTESIAN_POINT('',(92.357742172307,0.183071713801));
#9454 = CARTESIAN_POINT('',(92.343757756513,0.162346415785));
#9455 = CARTESIAN_POINT('',(92.307890933612,0.141557587961));
#9456 = CARTESIAN_POINT('',(92.250554725046,0.12073324318));
#9457 = CARTESIAN_POINT('',(92.172256738437,9.990082640136E-02));
#9458 = CARTESIAN_POINT('',(92.026566478709,6.91685991259E-02));
#9459 = CARTESIAN_POINT('',(91.97491852571,5.925402203441E-02));
#9460 = CARTESIAN_POINT('',(91.918706002975,4.934625786676E-02));
#9461 = CARTESIAN_POINT('',(91.85799531796,3.944798563652E-02));
#9462 = CARTESIAN_POINT('',(91.792855893564,2.956178616194E-02));
#9463 = CARTESIAN_POINT('',(91.72335964955,1.969014399509E-02));
#9464 = CARTESIAN_POINT('',(91.649580483957,9.835449350955E-03));
#9465 = CARTESIAN_POINT('',(91.57159375452,3.660148183088E-11));
#9466 = ( GEOMETRIC_REPRESENTATION_CONTEXT(2) 
PARAMETRIC_REPRESENTATION_CONTEXT() REPRESENTATION_CONTEXT('2D SPACE',''
  ) );
#9467 = ORIENTED_EDGE('',*,*,#8997,.F.);
#9468 = ADVANCED_FACE('',(#9469),#6492,.T.);
#9469 = FACE_BOUND('',#9470,.T.);
#9470 = EDGE_LOOP('',(#9471,#9472,#9473,#9474));
#9471 = ORIENTED_EDGE('',*,*,#9156,.T.);
#9472 = ORIENTED_EDGE('',*,*,#7208,.T.);
#9473 = ORIENTED_EDGE('',*,*,#6639,.T.);
#9474 = ORIENTED_EDGE('',*,*,#6434,.F.);
#9475 = ADVANCED_FACE('',(#9476),#6699,.F.);
#9476 = FACE_BOUND('',#9477,.F.);
#9477 = EDGE_LOOP('',(#9478));
#9478 = ORIENTED_EDGE('',*,*,#6684,.T.);
#9479 = ADVANCED_FACE('',(#9480),#7027,.T.);
#9480 = FACE_BOUND('',#9481,.F.);
#9481 = EDGE_LOOP('',(#9482,#9483,#9484));
#9482 = ORIENTED_EDGE('',*,*,#9130,.T.);
#9483 = ORIENTED_EDGE('',*,*,#8701,.F.);
#9484 = ORIENTED_EDGE('',*,*,#6809,.F.);
#9485 = ADVANCED_FACE('',(#9486),#8005,.T.);
#9486 = FACE_BOUND('',#9487,.T.);
#9487 = EDGE_LOOP('',(#9488,#9489,#9511,#9512));
#9488 = ORIENTED_EDGE('',*,*,#9021,.T.);
#9489 = ORIENTED_EDGE('',*,*,#9490,.F.);
#9490 = EDGE_CURVE('',#9060,#9022,#9491,.T.);
#9491 = SURFACE_CURVE('',#9492,(#9497,#9504),.PCURVE_S1.);
#9492 = CIRCLE('',#9493,3.2);
#9493 = AXIS2_PLACEMENT_3D('',#9494,#9495,#9496);
#9494 = CARTESIAN_POINT('',(-25.78434126066,34.62579187895,15.5));
#9495 = DIRECTION('',(0.,0.,1.));
#9496 = DIRECTION('',(1.,0.,-0.));
#9497 = PCURVE('',#8005,#9498);
#9498 = DEFINITIONAL_REPRESENTATION('',(#9499),#9503);
#9499 = LINE('',#9500,#9501);
#9500 = CARTESIAN_POINT('',(0.,5.));
#9501 = VECTOR('',#9502,1.);
#9502 = DIRECTION('',(1.,0.));
#9503 = ( GEOMETRIC_REPRESENTATION_CONTEXT(2) 
PARAMETRIC_REPRESENTATION_CONTEXT() REPRESENTATION_CONTEXT('2D SPACE',''
  ) );
#9504 = PCURVE('',#9079,#9505);
#9505 = DEFINITIONAL_REPRESENTATION('',(#9506),#9510);
#9506 = CIRCLE('',#9507,3.2);
#9507 = AXIS2_PLACEMENT_2D('',#9508,#9509);
#9508 = CARTESIAN_POINT('',(0.,0.));
#9509 = DIRECTION('',(1.,0.));
#9510 = ( GEOMETRIC_REPRESENTATION_CONTEXT(2) 
PARAMETRIC_REPRESENTATION_CONTEXT() REPRESENTATION_CONTEXT('2D SPACE',''
  ) );
#9511 = ORIENTED_EDGE('',*,*,#9093,.T.);
#9512 = ORIENTED_EDGE('',*,*,#7879,.F.);
#9513 = ADVANCED_FACE('',(#9514),#9079,.T.);
#9514 = FACE_BOUND('',#9515,.T.);
#9515 = EDGE_LOOP('',(#9516,#9517));
#9516 = ORIENTED_EDGE('',*,*,#9490,.T.);
#9517 = ORIENTED_EDGE('',*,*,#9059,.T.);
#9518 = ( GEOMETRIC_REPRESENTATION_CONTEXT(3) 
GLOBAL_UNCERTAINTY_ASSIGNED_CONTEXT((#9522)) 
GLOBAL_UNIT_ASSIGNED_CONTEXT((#9519,#9520,#9521)) REPRESENTATION_CONTEXT
('Context #1','3D Context with UNIT and UNCERTAINTY') );
#9519 = ( LENGTH_UNIT() NAMED_UNIT(*) SI_UNIT(.MILLI.,.METRE.) );
#9520 = ( NAMED_UNIT(*) PLANE_ANGLE_UNIT() SI_UNIT($,.RADIAN.) );
#9521 = ( NAMED_UNIT(*) SI_UNIT($,.STERADIAN.) SOLID_ANGLE_UNIT() );
#9522 = UNCERTAINTY_MEASURE_WITH_UNIT(LENGTH_MEASURE(2.E-06),#9519,
  'distance_accuracy_value','confusion accuracy');
#9523 = PRODUCT_RELATED_PRODUCT_CATEGORY('part',$,(#7));
ENDSEC;
END-ISO-10303-21;
