ISO-10303-21;
HEADER;
FILE_DESCRIPTION(('Open CASCADE Model'),'2;1');
FILE_NAME('pod_front_left','2026-09-28T16:40:31',('Author'),(
    'Open CASCADE'),'Open CASCADE STEP processor 8.0','build123d',
  'Unknown');
FILE_SCHEMA(('AUTOMOTIVE_DESIGN { 1 0 10303 214 1 1 1 1 }'));
ENDSEC;
DATA;
#1 = APPLICATION_PROTOCOL_DEFINITION('international standard',
  'automotive_design',2000,#2);
#2 = APPLICATION_CONTEXT(
  'core data for automotive mechanical design processes');
#3 = SHAPE_DEFINITION_REPRESENTATION(#4,#10);
#4 = PRODUCT_DEFINITION_SHAPE('','',#5);
#5 = PRODUCT_DEFINITION('design','',#6,#9);
#6 = PRODUCT_DEFINITION_FORMATION('','',#7);
#7 = PRODUCT('pod_front_left','pod_front_left','',(#8));
#8 = PRODUCT_CONTEXT('',#2,'mechanical');
#9 = PRODUCT_DEFINITION_CONTEXT('part definition',#2,'design');
#10 = ADVANCED_BREP_SHAPE_REPRESENTATION('',(#11,#15),#8308);
#11 = AXIS2_PLACEMENT_3D('',#12,#13,#14);
#12 = CARTESIAN_POINT('',(0.,0.,0.));
#13 = DIRECTION('',(0.,0.,1.));
#14 = DIRECTION('',(1.,0.,-0.));
#15 = MANIFOLD_SOLID_BREP('',#16);
#16 = CLOSED_SHELL('',(#17,#2011,#3394,#4397,#5007,#5082,#5143,#5198,
    #5203,#5379,#5435,#5589,#5721,#5809,#5898,#5944,#5999,#6060,#6991,
    #8069,#8073,#8235,#8274,#8303));
#17 = ADVANCED_FACE('',(#18),#52,.T.);
#18 = FACE_BOUND('',#19,.T.);
#19 = EDGE_LOOP('',(#20,#234,#1015,#1142));
#20 = ORIENTED_EDGE('',*,*,#21,.T.);
#21 = EDGE_CURVE('',#22,#24,#26,.T.);
#22 = VERTEX_POINT('',#23);
#23 = CARTESIAN_POINT('',(9.500558960176,67.145,11.400936484322));
#24 = VERTEX_POINT('',#25);
#25 = CARTESIAN_POINT('',(10.255,67.145,11.400292351743));
#26 = SURFACE_CURVE('',#27,(#51,#143),.PCURVE_S1.);
#27 = B_SPLINE_CURVE_WITH_KNOTS('',3,(#28,#29,#30,#31,#32,#33,#34,#35,
    #36,#37,#38,#39,#40,#41,#42,#43,#44,#45,#46,#47,#48,#49,#50),
  .UNSPECIFIED.,.F.,.F.,(4,1,1,1,1,1,1,1,1,1,1,1,1,1,1,1,1,1,1,1,4),(0.,
    0.642419760525,2.553860535528,5.68725630942,9.965452479102,
    15.28310565636,21.51045316265,28.497392636784,36.067025397521,
    44.032783944922,52.19839242075,60.362760963019,68.325047704316,
    75.889742269119,82.871609377383,89.10035382164,94.424957833637,
    98.717862008289,101.87985565561,103.8018591086,104.44427886912),
  .UNSPECIFIED.);
#28 = CARTESIAN_POINT('',(0.5,67.145,11.4));
#29 = CARTESIAN_POINT('',(0.714139920175,67.145,11.4));
#30 = CARTESIAN_POINT('',(1.565426779701,67.145,11.399992813284));
#31 = CARTESIAN_POINT('',(3.461178660727,67.145,11.400104055074));
#32 = CARTESIAN_POINT('',(6.568857929702,67.145,11.399254584943));
#33 = CARTESIAN_POINT('',(10.811929651991,67.145,11.404255225002));
#34 = CARTESIAN_POINT('',(16.086379911024,67.145,11.37855853137));
#35 = CARTESIAN_POINT('',(22.263451787167,67.145,11.499514472095));
#36 = CARTESIAN_POINT('',(29.184165570171,67.145,11.822422106912));
#37 = CARTESIAN_POINT('',(36.687242849439,67.145,12.080035590757));
#38 = CARTESIAN_POINT('',(44.583418687699,67.145,12.336484620782));
#39 = CARTESIAN_POINT('',(52.679171529681,67.145,12.55245640633));
#40 = CARTESIAN_POINT('',(60.774968761962,67.145,12.718093844215));
#41 = CARTESIAN_POINT('',(68.671577719277,67.145,12.81515253376));
#42 = CARTESIAN_POINT('',(76.174747775775,67.145,12.830843236149));
#43 = CARTESIAN_POINT('',(83.099444493907,67.145,12.753677699485));
#44 = CARTESIAN_POINT('',(89.276608779254,67.145,12.587795357161));
#45 = CARTESIAN_POINT('',(94.550738692273,67.145,12.317908344669));
#46 = CARTESIAN_POINT('',(98.80415764554,67.145,12.014624000305));
#47 = CARTESIAN_POINT('',(101.89381673282,67.145,11.555947685487));
#48 = CARTESIAN_POINT('',(103.79032923017,67.145,11.293109713424));
#49 = CARTESIAN_POINT('',(104.64504945742,67.145,11.292225909757));
#50 = CARTESIAN_POINT('',(104.85957321424,67.145,11.3));
#51 = PCURVE('',#52,#137);
#52 = B_SPLINE_SURFACE_WITH_KNOTS('',3,1,(
    (#53,#54)
    ,(#55,#56)
    ,(#57,#58)
    ,(#59,#60)
    ,(#61,#62)
    ,(#63,#64)
    ,(#65,#66)
    ,(#67,#68)
    ,(#69,#70)
    ,(#71,#72)
    ,(#73,#74)
    ,(#75,#76)
    ,(#77,#78)
    ,(#79,#80)
    ,(#81,#82)
    ,(#83,#84)
    ,(#85,#86)
    ,(#87,#88)
    ,(#89,#90)
    ,(#91,#92)
    ,(#93,#94)
    ,(#95,#96)
    ,(#97,#98)
    ,(#99,#100)
    ,(#101,#102)
    ,(#103,#104)
    ,(#105,#106)
    ,(#107,#108)
    ,(#109,#110)
    ,(#111,#112)
    ,(#113,#114)
    ,(#115,#116)
    ,(#117,#118)
    ,(#119,#120)
    ,(#121,#122)
    ,(#123,#124)
    ,(#125,#126)
    ,(#127,#128)
    ,(#129,#130)
    ,(#131,#132)
    ,(#133,#134)
    ,(#135,#136
    )),.UNSPECIFIED.,.F.,.F.,.F.,(4,1,1,1,1,1,1,1,1,1,1,1,1,1,1,1,1,1,1,
    1,1,1,1,1,1,1,1,1,1,1,1,1,1,1,1,1,1,1,1,4),(2,2),(0.,0.642419760525,
    0.642618768407,2.553860535528,2.554651666821,5.68725630942,
    5.68901809961,9.965452479102,9.968539562832,15.28310565636,
    15.287840035145,21.51045316265,21.515940685176,28.497392636784,
    28.499485005039,36.067025397521,36.071458184773,44.032783944922,
    44.039906469631,52.19839242075,52.208203667536,60.362760963019,
    60.375192289884,68.325047704316,68.339976573587,75.889742269119,
    75.907014958781,82.871609377383,82.891071631792,89.10035382164,
    89.121887235157,94.424957833637,94.448523185119,98.717862008289,
    98.743565654019,101.87985565561,101.8896272023,103.80166010072,
    103.8018591086,104.44427886912),(0.,1.),.UNSPECIFIED.);
#53 = CARTESIAN_POINT('',(0.5,67.145,11.4));
#54 = CARTESIAN_POINT('',(10.146900381607,113.29,11.4));
#55 = CARTESIAN_POINT('',(0.714139920175,67.145,11.4));
#56 = CARTESIAN_POINT('',(10.290416486369,113.29,11.4));
#57 = CARTESIAN_POINT('',(0.928346179922,67.145,11.399998191633));
#58 = CARTESIAN_POINT('',(10.43397705313,113.29,11.39999979401));
#59 = CARTESIAN_POINT('',(1.779633010739,67.145,11.400005382801));
#60 = CARTESIAN_POINT('',(11.004507614344,113.29,11.400000612389));
#61 = CARTESIAN_POINT('',(2.417043571506,67.145,11.400042777391));
#62 = CARTESIAN_POINT('',(11.431698745722,113.29,11.400004872735));
#63 = CARTESIAN_POINT('',(4.098589644046,67.145,11.399929821652));
#64 = CARTESIAN_POINT('',(12.558667319785,113.29,11.399992022011));
#65 = CARTESIAN_POINT('',(5.143642735455,67.145,11.399644323057));
#66 = CARTESIAN_POINT('',(13.259059824809,113.29,11.399959486396));
#67 = CARTESIAN_POINT('',(7.613907991886,67.145,11.400486220783));
#68 = CARTESIAN_POINT('',(14.914625548917,113.29,11.400055221665));
#69 = CARTESIAN_POINT('',(9.040999054672,67.145,11.402166522835));
#70 = CARTESIAN_POINT('',(15.871057578792,113.29,11.400246764994));
#71 = CARTESIAN_POINT('',(12.239037952191,67.145,11.397302469175));
#72 = CARTESIAN_POINT('',(18.014379878344,113.29,11.399693951739));
#73 = CARTESIAN_POINT('',(14.013184372636,67.145,11.388670571875));
#74 = CARTESIAN_POINT('',(19.203415446714,113.29,11.398709676936));
#75 = CARTESIAN_POINT('',(17.860439734584,67.145,11.41329717116));
#76 = CARTESIAN_POINT('',(21.781819122469,113.29,11.40150694948));
#77 = CARTESIAN_POINT('',(19.937969433168,67.145,11.453998320763));
#78 = CARTESIAN_POINT('',(23.17414482481,113.29,11.406138984754));
#79 = CARTESIAN_POINT('',(24.338886441858,67.145,11.596350393443));
#80 = CARTESIAN_POINT('',(26.125388179963,113.29,11.393129923312));
#81 = CARTESIAN_POINT('',(26.666122984071,67.145,11.704924105672));
#82 = CARTESIAN_POINT('',(27.687108369539,113.29,11.372683116742));
#83 = CARTESIAN_POINT('',(31.512487915121,67.145,11.902363604043));
#84 = CARTESIAN_POINT('',(30.936764841469,113.29,11.42958418929));
#85 = CARTESIAN_POINT('',(34.035708095935,67.145,11.988996165916));
#86 = CARTESIAN_POINT('',(32.627230206874,113.29,11.515345201965));
#87 = CARTESIAN_POINT('',(39.21060278879,67.145,12.16198832612));
#88 = CARTESIAN_POINT('',(36.094909519819,113.29,11.654749288946));
#89 = CARTESIAN_POINT('',(41.866831408933,67.145,12.248252085963));
#90 = CARTESIAN_POINT('',(37.875212091695,113.29,11.70655652868));
#91 = CARTESIAN_POINT('',(47.24011843751,67.145,12.40735785516));
#92 = CARTESIAN_POINT('',(41.476407730124,113.29,11.810382800173));
#93 = CARTESIAN_POINT('',(49.964307691191,67.145,12.480024129944));
#94 = CARTESIAN_POINT('',(43.302075088747,113.29,11.86253327615));
#95 = CARTESIAN_POINT('',(55.403764882471,67.145,12.608200720236));
#96 = CARTESIAN_POINT('',(46.947498208667,113.29,11.952340706926));
#97 = CARTESIAN_POINT('',(58.12881841781,67.145,12.663940905042));
#98 = CARTESIAN_POINT('',(48.773812215567,113.29,11.990153427269));
#99 = CARTESIAN_POINT('',(63.500393505678,67.145,12.751592546697));
#100 = CARTESIAN_POINT('',(52.373817023106,113.29,12.050156233035));
#101 = CARTESIAN_POINT('',(66.159294639347,67.145,12.784251879482));
#102 = CARTESIAN_POINT('',(54.155804349634,113.29,12.072844565283));
#103 = CARTESIAN_POINT('',(71.330727765587,67.145,12.820713374267));
#104 = CARTESIAN_POINT('',(57.621662163166,113.29,12.098036496525));
#105 = CARTESIAN_POINT('',(73.858124258393,67.145,12.825964364944));
#106 = CARTESIAN_POINT('',(59.315495990372,113.29,12.101555101037));
#107 = CARTESIAN_POINT('',(78.701922271664,67.145,12.802681601906));
#108 = CARTESIAN_POINT('',(62.561863532756,113.29,12.085878837362));
#109 = CARTESIAN_POINT('',(81.03556169746,67.145,12.776628701333));
#110 = CARTESIAN_POINT('',(64.125942018698,113.29,12.068353744593));
#111 = CARTESIAN_POINT('',(85.432752220409,67.145,12.69101876196));
#112 = CARTESIAN_POINT('',(67.072692345358,113.29,12.008682352607));
#113 = CARTESIAN_POINT('',(87.51575514668,67.145,12.634996322741));
#114 = CARTESIAN_POINT('',(68.468443453445,113.29,11.969145420359));
#115 = CARTESIAN_POINT('',(91.356897298072,67.145,12.481343134192));
#116 = CARTESIAN_POINT('',(71.043321932997,113.29,11.866342361487));
#117 = CARTESIAN_POINT('',(93.136935814136,67.145,12.390175026166));
#118 = CARTESIAN_POINT('',(72.23697201003,113.29,11.80683523885));
#119 = CARTESIAN_POINT('',(96.330777165716,67.145,12.190985084277));
#120 = CARTESIAN_POINT('',(74.375374258032,113.29,11.662084486792));
#121 = CARTESIAN_POINT('',(97.768099751276,67.145,12.088151687131));
#122 = CARTESIAN_POINT('',(75.336543920455,113.29,11.583137898187));
#123 = CARTESIAN_POINT('',(100.22712515958,67.145,11.803376908956));
#124 = CARTESIAN_POINT('',(76.989063368045,113.29,11.408562782798));
#125 = CARTESIAN_POINT('',(101.27223878004,67.145,11.648276628879));
#126 = CARTESIAN_POINT('',(77.693925778837,113.29,11.321855745257));
#127 = CARTESIAN_POINT('',(102.94419706291,67.145,11.410375549897));
#128 = CARTESIAN_POINT('',(78.822402212682,113.29,11.286824878475));
#129 = CARTESIAN_POINT('',(103.58075418459,67.145,11.322490488035));
#130 = CARTESIAN_POINT('',(79.252235480895,113.29,11.29756690219));
#131 = CARTESIAN_POINT('',(104.43086513056,67.145,11.292447382102));
#132 = CARTESIAN_POINT('',(79.823082242986,113.29,11.300818082973));
#133 = CARTESIAN_POINT('',(104.64504945742,67.145,11.292225909757));
#134 = CARTESIAN_POINT('',(79.966638091584,113.29,11.300703881045));
#135 = CARTESIAN_POINT('',(104.85957321424,67.145,11.3));
#136 = CARTESIAN_POINT('',(80.110123822002,113.29,11.3));
#137 = DEFINITIONAL_REPRESENTATION('',(#138),#142);
#138 = LINE('',#139,#140);
#139 = CARTESIAN_POINT('',(0.,0.));
#140 = VECTOR('',#141,1.);
#141 = DIRECTION('',(1.,0.));
#142 = ( GEOMETRIC_REPRESENTATION_CONTEXT(2) 
PARAMETRIC_REPRESENTATION_CONTEXT() REPRESENTATION_CONTEXT('2D SPACE',''
  ) );
#143 = PCURVE('',#144,#229);
#144 = B_SPLINE_SURFACE_WITH_KNOTS('',3,1,(
    (#145,#146)
    ,(#147,#148)
    ,(#149,#150)
    ,(#151,#152)
    ,(#153,#154)
    ,(#155,#156)
    ,(#157,#158)
    ,(#159,#160)
    ,(#161,#162)
    ,(#163,#164)
    ,(#165,#166)
    ,(#167,#168)
    ,(#169,#170)
    ,(#171,#172)
    ,(#173,#174)
    ,(#175,#176)
    ,(#177,#178)
    ,(#179,#180)
    ,(#181,#182)
    ,(#183,#184)
    ,(#185,#186)
    ,(#187,#188)
    ,(#189,#190)
    ,(#191,#192)
    ,(#193,#194)
    ,(#195,#196)
    ,(#197,#198)
    ,(#199,#200)
    ,(#201,#202)
    ,(#203,#204)
    ,(#205,#206)
    ,(#207,#208)
    ,(#209,#210)
    ,(#211,#212)
    ,(#213,#214)
    ,(#215,#216)
    ,(#217,#218)
    ,(#219,#220)
    ,(#221,#222)
    ,(#223,#224)
    ,(#225,#226)
    ,(#227,#228
    )),.UNSPECIFIED.,.F.,.F.,.F.,(4,1,1,1,1,1,1,1,1,1,1,1,1,1,1,1,1,1,1,
    1,1,1,1,1,1,1,1,1,1,1,1,1,1,1,1,1,1,1,1,4),(2,2),(0.,0.78486828706,
    0.785211459001,3.120147086184,3.121511323917,6.948334082992,
    6.951372138339,12.175166608597,12.180490018436,18.672324858893,
    18.680106727552,26.28701873464,26.291617022821,34.82401750254,
    34.831555043956,44.07282726358,44.08370254842,53.805468713547,
    53.820023370715,63.782111179751,63.800615094257,73.757061816779,
    73.779691282165,83.484966161552,83.511768614294,92.727038032492,
    92.757880301879,101.25711592806,101.29161851402,108.86737351534,
    108.90483624696,115.37363326783,115.41294876431,120.62053078922,
    120.66004382187,124.48771886738,124.52485900615,126.8740693329,
    126.87441250484,127.6592807919),(0.,1.),.UNSPECIFIED.);
#145 = CARTESIAN_POINT('',(0.5,24.,11.4));
#146 = CARTESIAN_POINT('',(0.5,67.145,11.4));
#147 = CARTESIAN_POINT('',(0.761622762353,24.,11.4));
#148 = CARTESIAN_POINT('',(0.714046331612,67.145,11.4));
#149 = CARTESIAN_POINT('',(1.023360037429,24.,11.400001314753));
#150 = CARTESIAN_POINT('',(0.928186255395,67.145,11.399998192983));
#151 = CARTESIAN_POINT('',(2.063408580649,24.,11.399996085831));
#152 = CARTESIAN_POINT('',(1.779101036449,67.145,11.400005370278));
#153 = CARTESIAN_POINT('',(2.842287068703,24.,11.39996889986));
#154 = CARTESIAN_POINT('',(2.416341475389,67.145,11.400042744541));
#155 = CARTESIAN_POINT('',(4.896668903215,24.,11.400051037418));
#156 = CARTESIAN_POINT('',(4.097125356322,67.145,11.399930050986));
#157 = CARTESIAN_POINT('',(6.173763190942,24.,11.400258578965));
#158 = CARTESIAN_POINT('',(5.141963233989,67.145,11.399644620181));
#159 = CARTESIAN_POINT('',(9.19159143883,24.,11.399646336818));
#160 = CARTESIAN_POINT('',(7.611040425423,67.145,11.400484058641));
#161 = CARTESIAN_POINT('',(10.935530011846,24.,11.398424960155));
#162 = CARTESIAN_POINT('',(9.037930987081,67.145,11.402164492304));
#163 = CARTESIAN_POINT('',(14.842842721303,24.,11.401962573633));
#164 = CARTESIAN_POINT('',(12.23443487139,67.145,11.397317773462));
#165 = CARTESIAN_POINT('',(17.011738325199,24.,11.408294382667));
#166 = CARTESIAN_POINT('',(14.008454953625,67.145,11.388682013135));
#167 = CARTESIAN_POINT('',(21.711420021892,24.,11.543557694079));
#168 = CARTESIAN_POINT('',(17.855485499082,67.145,11.413216717918));
#169 = CARTESIAN_POINT('',(24.247462506933,24.,11.693417237174));
#170 = CARTESIAN_POINT('',(19.933309037963,67.145,11.453886929806));
#171 = CARTESIAN_POINT('',(29.62265682157,24.,11.958517020775));
#172 = CARTESIAN_POINT('',(24.333751917518,67.145,11.596140270069));
#173 = CARTESIAN_POINT('',(32.468655868302,24.,12.067723341312));
#174 = CARTESIAN_POINT('',(26.661545135836,67.145,11.704721328707));
#175 = CARTESIAN_POINT('',(38.391197233777,24.,12.297748425016));
#176 = CARTESIAN_POINT('',(31.506773028011,67.145,11.902148384529));
#177 = CARTESIAN_POINT('',(41.475404921533,24.,12.419087261776));
#178 = CARTESIAN_POINT('',(34.030570148383,67.145,11.988820388716));
#179 = CARTESIAN_POINT('',(47.795854974657,24.,12.649673196875));
#180 = CARTESIAN_POINT('',(39.202194574641,67.145,12.161711466324));
#181 = CARTESIAN_POINT('',(51.043112419094,24.,12.758377567239));
#182 = CARTESIAN_POINT('',(41.859014333047,67.145,12.248002440489));
#183 = CARTESIAN_POINT('',(57.60610990902,24.,12.961692780645));
#184 = CARTESIAN_POINT('',(47.228733080728,67.145,12.407039295466));
#185 = CARTESIAN_POINT('',(60.936500538492,24.,13.056341760218));
#186 = CARTESIAN_POINT('',(49.953620336463,67.145,12.479746410201));
#187 = CARTESIAN_POINT('',(67.580117853525,24.,13.222306314104));
#188 = CARTESIAN_POINT('',(55.38928009032,67.145,12.607885153206));
#189 = CARTESIAN_POINT('',(70.911901313559,24.,13.294083740273));
#190 = CARTESIAN_POINT('',(58.115235302538,67.145,12.66367654311));
#191 = CARTESIAN_POINT('',(77.472407287297,24.,13.407133611406));
#192 = CARTESIAN_POINT('',(63.48277046893,67.145,12.751346396482));
#193 = CARTESIAN_POINT('',(80.723758670929,24.,13.449487010623));
#194 = CARTESIAN_POINT('',(66.142865966426,67.145,12.784071667239));
#195 = CARTESIAN_POINT('',(87.039378911141,24.,13.496258486454));
#196 = CARTESIAN_POINT('',(71.310030600235,67.145,12.820628175167));
#197 = CARTESIAN_POINT('',(90.130391705763,24.,13.502637192452));
#198 = CARTESIAN_POINT('',(73.838978882744,67.145,12.825958653462));
#199 = CARTESIAN_POINT('',(96.045559521411,24.,13.473535778417));
#200 = CARTESIAN_POINT('',(78.678345086372,67.145,12.802884346283));
#201 = CARTESIAN_POINT('',(98.900430138828,24.,13.441062592395));
#202 = CARTESIAN_POINT('',(81.013909002113,67.145,12.776917918083));
#203 = CARTESIAN_POINT('',(104.26893287503,24.,13.327272090267));
#204 = CARTESIAN_POINT('',(85.406643247249,67.145,12.691643877122));
#205 = CARTESIAN_POINT('',(106.81697199615,24.,13.250920374762));
#206 = CARTESIAN_POINT('',(87.491882605418,67.145,12.635722617057));
#207 = CARTESIAN_POINT('',(111.50784085759,24.,13.062689580405));
#208 = CARTESIAN_POINT('',(91.328816678194,67.145,12.48265923938));
#209 = CARTESIAN_POINT('',(113.68785083138,24.,12.95607376504));
#210 = CARTESIAN_POINT('',(93.111219702351,67.145,12.391571202054));
#211 = CARTESIAN_POINT('',(117.58182528455,24.,12.669847199259));
#212 = CARTESIAN_POINT('',(96.301468431353,67.145,12.192977492852));
#213 = CARTESIAN_POINT('',(119.33601833503,24.,12.506207084908));
#214 = CARTESIAN_POINT('',(97.740987386845,67.145,12.090431932323));
#215 = CARTESIAN_POINT('',(122.3485762226,24.,12.215353231694));
#216 = CARTESIAN_POINT('',(100.1979485116,67.145,11.807374002202));
#217 = CARTESIAN_POINT('',(123.64485039863,24.,12.085342750348));
#218 = CARTESIAN_POINT('',(101.25051057815,67.145,11.65144990369));
#219 = CARTESIAN_POINT('',(125.66945934374,24.,11.605667123352));
#220 = CARTESIAN_POINT('',(102.93096315188,67.145,11.412209396444));
#221 = CARTESIAN_POINT('',(126.43840017735,24.,11.360653822696));
#222 = CARTESIAN_POINT('',(103.57766140344,67.145,11.322583381738));
#223 = CARTESIAN_POINT('',(127.47444753889,24.,11.279750403538));
#224 = CARTESIAN_POINT('',(104.43102503871,67.145,11.292447216753));
#225 = CARTESIAN_POINT('',(127.73618455534,24.,11.279652713445));
#226 = CARTESIAN_POINT('',(104.64514321374,67.145,11.292229307376));
#227 = CARTESIAN_POINT('',(128.,24.,11.3));
#228 = CARTESIAN_POINT('',(104.85957321424,67.145,11.3));
#229 = DEFINITIONAL_REPRESENTATION('',(#230),#233);
#230 = B_SPLINE_CURVE_WITH_KNOTS('',1,(#231,#232),.UNSPECIFIED.,.F.,.F.,
  (2,2),(0.,104.44427886912),.PIECEWISE_BEZIER_KNOTS.);
#231 = CARTESIAN_POINT('',(0.,1.));
#232 = CARTESIAN_POINT('',(127.6592807919,1.));
#233 = ( GEOMETRIC_REPRESENTATION_CONTEXT(2) 
PARAMETRIC_REPRESENTATION_CONTEXT() REPRESENTATION_CONTEXT('2D SPACE',''
  ) );
#234 = ORIENTED_EDGE('',*,*,#235,.T.);
#235 = EDGE_CURVE('',#24,#236,#238,.T.);
#236 = VERTEX_POINT('',#237);
#237 = CARTESIAN_POINT('',(89.745,67.145,12.545769646584));
#238 = SURFACE_CURVE('',#239,(#494,#752),.PCURVE_S1.);
#239 = B_SPLINE_CURVE_WITH_KNOTS('',8,(#240,#241,#242,#243,#244,#245,
    #246,#247,#248,#249,#250,#251,#252,#253,#254,#255,#256,#257,#258,
    #259,#260,#261,#262,#263,#264,#265,#266,#267,#268,#269,#270,#271,
    #272,#273,#274,#275,#276,#277,#278,#279,#280,#281,#282,#283,#284,
    #285,#286,#287,#288,#289,#290,#291,#292,#293,#294,#295,#296,#297,
    #298,#299,#300,#301,#302,#303,#304,#305,#306,#307,#308,#309,#310,
    #311,#312,#313,#314,#315,#316,#317,#318,#319,#320,#321,#322,#323,
    #324,#325,#326,#327,#328,#329,#330,#331,#332,#333,#334,#335,#336,
    #337,#338,#339,#340,#341,#342,#343,#344,#345,#346,#347,#348,#349,
    #350,#351,#352,#353,#354,#355,#356,#357,#358,#359,#360,#361,#362,
    #363,#364,#365,#366,#367,#368,#369,#370,#371,#372,#373,#374,#375,
    #376,#377,#378,#379,#380,#381,#382,#383,#384,#385,#386,#387,#388,
    #389,#390,#391,#392,#393,#394,#395,#396,#397,#398,#399,#400,#401,
    #402,#403,#404,#405,#406,#407,#408,#409,#410,#411,#412,#413,#414,
    #415,#416,#417,#418,#419,#420,#421,#422,#423,#424,#425,#426,#427,
    #428,#429,#430,#431,#432,#433,#434,#435,#436,#437,#438,#439,#440,
    #441,#442,#443,#444,#445,#446,#447,#448,#449,#450,#451,#452,#453,
    #454,#455,#456,#457,#458,#459,#460,#461,#462,#463,#464,#465,#466,
    #467,#468,#469,#470,#471,#472,#473,#474,#475,#476,#477,#478,#479,
    #480,#481,#482,#483,#484,#485,#486,#487,#488,#489,#490,#491,#492,
    #493),.UNSPECIFIED.,.F.,.F.,(9,7,7,7,7,7,7,7,7,7,7,7,7,7,7,7,7,7,7,7
    ,7,7,7,7,7,7,7,7,7,7,7,7,7,7,7,7,9),(0.,2.250698252706E-02,
    6.663598154545E-02,9.295785972642E-02,0.121407058253,0.148163488907,
    0.159709670998,0.178065136883,0.198738825868,0.213136257854,
    0.22470046528,0.234019934598,0.266669547644,0.278532098539,
    0.290451043629,0.33747211092,0.345729371809,0.353986632269,
    0.38429661327,0.40697967161,0.423891317039,0.449551280118,
    0.475940388867,0.514343107259,0.542276586463,0.586996598983,
    0.633701806308,0.659539988923,0.686274254222,0.720613438655,
    0.748890821625,0.794508028801,0.818084309715,0.865279109891,
    0.91391197773,0.94031801506,1.),.UNSPECIFIED.);
#240 = CARTESIAN_POINT('',(10.255,67.145,11.400292351743));
#241 = CARTESIAN_POINT('',(10.255,67.596074507166,11.400369152431));
#242 = CARTESIAN_POINT('',(10.260850688007,68.047885378629,
    11.400432382314));
#243 = CARTESIAN_POINT('',(10.272585453101,68.500286407464,
    11.400484011938));
#244 = CARTESIAN_POINT('',(10.290232032951,68.953125079903,
    11.400525705111));
#245 = CARTESIAN_POINT('',(10.313811782815,69.406242518999,
    11.400558842909));
#246 = CARTESIAN_POINT('',(10.343338944561,69.859473428295,
    11.400584547678));
#247 = CARTESIAN_POINT('',(10.378819915668,70.312646035488,
    11.400603707044));
#248 = CARTESIAN_POINT('',(10.501488609129,71.653644765171,
    11.400643057055));
#249 = CARTESIAN_POINT('',(10.605609972847,72.540859793374,
    11.400646557689));
#250 = CARTESIAN_POINT('',(10.732599085882,73.425813266089,
    11.400632553367));
#251 = CARTESIAN_POINT('',(10.882307372444,74.307069672038,
    11.400602940299));
#252 = CARTESIAN_POINT('',(11.054448472187,75.18317416977,
    11.400556859236));
#253 = CARTESIAN_POINT('',(11.248589655276,76.052655492056,
    11.400490789748));
#254 = CARTESIAN_POINT('',(11.464141384787,76.914029428206,
    11.400398336888));
#255 = CARTESIAN_POINT('',(11.841234772878,78.273865102968,
    11.400192987576));
#256 = CARTESIAN_POINT('',(11.989477897012,78.778532440994,
    11.400103536982));
#257 = CARTESIAN_POINT('',(12.14491687096,79.279496263412,
    11.399999063613));
#258 = CARTESIAN_POINT('',(12.307378111798,79.776463281855,
    11.399876283557));
#259 = CARTESIAN_POINT('',(12.476673217574,80.269155158189,
    11.399733140249));
#260 = CARTESIAN_POINT('',(12.652600093455,80.757308142573,
    11.399569646395));
#261 = CARTESIAN_POINT('',(12.834943968026,81.24067274594,
    11.399387351389));
#262 = CARTESIAN_POINT('',(13.227249876961,82.236013391654,
    11.39897135988));
#263 = CARTESIAN_POINT('',(13.438256879027,82.747154244093,
    11.398735001521));
#264 = CARTESIAN_POINT('',(13.656214192435,83.252140145871,
    11.398480859871));
#265 = CARTESIAN_POINT('',(13.880827336955,83.750709415708,
    11.398213504188));
#266 = CARTESIAN_POINT('',(14.111794979706,84.242632471401,
    11.397939731102));
#267 = CARTESIAN_POINT('',(14.34881144921,84.727709751848,
    11.397668723448));
#268 = CARTESIAN_POINT('',(14.591569249462,85.205769639058,
    11.397412209094));
#269 = CARTESIAN_POINT('',(15.073186101347,86.119544093814,
    11.396970572338));
#270 = CARTESIAN_POINT('',(15.311420162706,86.556090468161,
    11.396782093981));
#271 = CARTESIAN_POINT('',(15.554210324238,86.986188098873,
    11.396631051326));
#272 = CARTESIAN_POINT('',(15.801306851449,87.40974493727,
    11.396531371619));
#273 = CARTESIAN_POINT('',(16.052465075922,87.826692212252,
    11.396498888224));
#274 = CARTESIAN_POINT('',(16.307446762057,88.236982352217,
    11.396551186121));
#275 = CARTESIAN_POINT('',(16.566021473811,88.640586906981,
    11.396707447399));
#276 = CARTESIAN_POINT('',(16.941005500609,89.208771687186,
    11.397109491469));
#277 = CARTESIAN_POINT('',(17.054671075814,89.378801991843,
    11.39725388069));
#278 = CARTESIAN_POINT('',(17.168946917793,89.54758463458,
    11.397423125578));
#279 = CARTESIAN_POINT('',(17.283815622958,89.715119420593,
    11.397618927937));
#280 = CARTESIAN_POINT('',(17.399260133393,89.881406709359,
    11.397843030227));
#281 = CARTESIAN_POINT('',(17.515263736852,90.046447414639,
    11.398097215561));
#282 = CARTESIAN_POINT('',(17.631810066758,90.210243004472,
    11.398383307701));
#283 = CARTESIAN_POINT('',(17.934999178601,90.631212247452,
    11.399211671718));
#284 = CARTESIAN_POINT('',(18.122446338063,90.886487161344,
    11.399806253338));
#285 = CARTESIAN_POINT('',(18.311160381059,91.138628258277,
    11.400487010716));
#286 = CARTESIAN_POINT('',(18.501079417453,91.387646669812,
    11.40129267745));
#287 = CARTESIAN_POINT('',(18.692143788304,91.633556156469,
    11.40216921396));
#288 = CARTESIAN_POINT('',(18.884296332655,91.876373134746,
    11.403154852313));
#289 = CARTESIAN_POINT('',(19.077482281128,92.116116233535,
    11.404227208974));
#290 = CARTESIAN_POINT('',(19.490339068746,92.619389227769,
    11.406696992163));
#291 = CARTESIAN_POINT('',(19.710273115915,92.88209888265,
    11.408117369516));
#292 = CARTESIAN_POINT('',(19.931377041412,93.140965066545,
    11.409645147557));
#293 = CARTESIAN_POINT('',(20.153579967399,93.396020458367,
    11.411274558498));
#294 = CARTESIAN_POINT('',(20.376814665698,93.647300254999,
    11.41299882931));
#295 = CARTESIAN_POINT('',(20.601017581929,93.894841888716,
    11.41481020832));
#296 = CARTESIAN_POINT('',(20.826128859664,94.138684744601,
    11.416699991805));
#297 = CARTESIAN_POINT('',(21.209456354861,94.546137999494,
    11.42002251697));
#298 = CARTESIAN_POINT('',(21.367233539416,94.711631999117,
    11.421419844821));
#299 = CARTESIAN_POINT('',(21.525404918343,94.87536576732,
    11.422847270596));
#300 = CARTESIAN_POINT('',(21.683952247986,95.037353422759,
    11.424301326404));
#301 = CARTESIAN_POINT('',(21.842858040922,95.197609312271,
    11.425778340005));
#302 = CARTESIAN_POINT('',(22.002105565956,95.356148010871,
    11.427274434812));
#303 = CARTESIAN_POINT('',(22.161678848124,95.512984321753,
    11.428785529887));
#304 = CARTESIAN_POINT('',(22.44998346394,95.792750964635,
    11.431529677875));
#305 = CARTESIAN_POINT('',(22.5786045681,95.916279998258,11.432758934872
    ));
#306 = CARTESIAN_POINT('',(22.707418087007,96.038728142839,
    11.433992892346));
#307 = CARTESIAN_POINT('',(22.836416401311,96.160103192493,
    11.435229256568));
#308 = CARTESIAN_POINT('',(22.965592166475,96.280412969768,
    11.436465658675));
#309 = CARTESIAN_POINT('',(23.094938312778,96.399665325645,
    11.437699654666));
#310 = CARTESIAN_POINT('',(23.224448045314,96.517868139537,
    11.438928725404));
#311 = CARTESIAN_POINT('',(23.45861191043,96.729448243104,
    11.441134711491));
#312 = CARTESIAN_POINT('',(23.563210973206,96.82319065696,
    11.442114517916));
#313 = CARTESIAN_POINT('',(23.667908613916,96.916260690622,
    11.44308768927));
#314 = CARTESIAN_POINT('',(23.772701523151,97.008662475857,
    11.444052496996));
#315 = CARTESIAN_POINT('',(23.87758648721,97.100400134511,
    11.445008772126));
#316 = CARTESIAN_POINT('',(23.982560384003,97.191477774579,
    11.445957945777));
#317 = CARTESIAN_POINT('',(24.087620188139,97.281899494283,
    11.446901848615));
#318 = CARTESIAN_POINT('',(24.561117826272,97.686167182989,
    11.451127910599));
#319 = CARTESIAN_POINT('',(24.930489602999,97.992663338732,
    11.454352065017));
#320 = CARTESIAN_POINT('',(25.300754934619,98.291335902783,
    11.457551675125));
#321 = CARTESIAN_POINT('',(25.671802394015,98.582358951103,
    11.460783300398));
#322 = CARTESIAN_POINT('',(26.043532159553,98.865902546415,
    11.464120665319));
#323 = CARTESIAN_POINT('',(26.415855666917,99.1421326904,11.46765420748)
  );
#324 = CARTESIAN_POINT('',(26.78869526093,99.411211275914,
    11.471490625695));
#325 = CARTESIAN_POINT('',(27.297610412074,99.768519031234,
    11.477300864457));
#326 = CARTESIAN_POINT('',(27.433296021799,99.862818625744,
    11.478905438242));
#327 = CARTESIAN_POINT('',(27.569037365455,99.956202319348,
    11.480572025958));
#328 = CARTESIAN_POINT('',(27.704831263033,100.04867750789,
    11.482306761741));
#329 = CARTESIAN_POINT('',(27.840674665632,100.14025148646,
    11.484116037359));
#330 = CARTESIAN_POINT('',(27.976564655455,100.23093144934,
    11.486006502211));
#331 = CARTESIAN_POINT('',(28.112498445811,100.32072449005,
    11.487985063327));
#332 = CARTESIAN_POINT('',(28.385094736977,100.49897340274,
    11.492142566298));
#333 = CARTESIAN_POINT('',(28.521757607486,100.58742087747,
    11.494322884925));
#334 = CARTESIAN_POINT('',(28.658459351612,100.67498715573,
    11.496604361727));
#335 = CARTESIAN_POINT('',(28.795197225994,100.76167912789,
    11.49900093316));
#336 = CARTESIAN_POINT('',(28.93196887902,100.84750374535,
    11.501513628645));
#337 = CARTESIAN_POINT('',(29.068771945789,100.93246778096,
    11.504149255246));
#338 = CARTESIAN_POINT('',(29.205603842562,101.01657770916,
    11.506929787409));
#339 = CARTESIAN_POINT('',(29.882381198327,101.4283173378,
    11.521331668256));
#340 = CARTESIAN_POINT('',(30.422716134605,101.74360457213,
    11.534891842046));
#341 = CARTESIAN_POINT('',(30.963355512143,102.04611714579,
    11.550323877917));
#342 = CARTESIAN_POINT('',(31.504212618428,102.33624366468,
    11.567358080834));
#343 = CARTESIAN_POINT('',(32.045225294014,102.6143474953,
    11.585660651462));
#344 = CARTESIAN_POINT('',(32.586355042123,102.88076799618,
    11.604840474272));
#345 = CARTESIAN_POINT('',(33.127586138236,103.13582174938,
    11.62445590567));
#346 = CARTESIAN_POINT('',(33.763987959621,103.42264891424,
    11.647457441781));
#347 = CARTESIAN_POINT('',(33.858974269901,103.46511644635,
    11.650888888655));
#348 = CARTESIAN_POINT('',(33.953885003945,103.50720957795,
    11.654313324619));
#349 = CARTESIAN_POINT('',(34.048721480706,103.54893142706,
    11.657728149014));
#350 = CARTESIAN_POINT('',(34.143485004671,103.59028504004,
    11.661130738619));
#351 = CARTESIAN_POINT('',(34.238176865857,103.63127339162,
    11.664518447659));
#352 = CARTESIAN_POINT('',(34.332798339813,103.67189938488,11.6678886078
    ));
#353 = CARTESIAN_POINT('',(34.521903030518,103.75243231554,
    11.674588448327));
#354 = CARTESIAN_POINT('',(34.616386274764,103.79233926644,
    11.677917901388));
#355 = CARTESIAN_POINT('',(34.710801603097,103.83188950742,
    11.681225565529));
#356 = CARTESIAN_POINT('',(34.805150347276,103.87108584125,
    11.684506131286));
#357 = CARTESIAN_POINT('',(34.899433766116,103.90993098107,
    11.687756777812));
#358 = CARTESIAN_POINT('',(34.993652978346,103.94842752512,
    11.690979108502));
#359 = CARTESIAN_POINT('',(35.087809050313,103.98657799499,
    11.69417654597));
#360 = CARTESIAN_POINT('',(35.527295402213,104.16316313324,
    11.708985677223));
#361 = CARTESIAN_POINT('',(35.872733509236,104.29766610601,
    11.720300392157));
#362 = CARTESIAN_POINT('',(36.218218010977,104.42795663764,
    11.73131062939));
#363 = CARTESIAN_POINT('',(36.563750768277,104.55409381468,
    11.742037946133));
#364 = CARTESIAN_POINT('',(36.909335055133,104.6761331773,
    11.752505973015));
#365 = CARTESIAN_POINT('',(37.254975562393,104.79412686827,
    11.762740228497));
#366 = CARTESIAN_POINT('',(37.600678401465,104.9081237819,
    11.772767933291));
#367 = CARTESIAN_POINT('',(38.205216775844,105.10052470604,
    11.78998918088));
#368 = CARTESIAN_POINT('',(38.464021412423,105.18066689469,
    11.797260904681));
#369 = CARTESIAN_POINT('',(38.722868099672,105.25861538975,
    11.804445123961));
#370 = CARTESIAN_POINT('',(38.981760230526,105.33438833051,
    11.811554354147));
#371 = CARTESIAN_POINT('',(39.240701508935,105.40800288478,
    11.818601498321));
#372 = CARTESIAN_POINT('',(39.499695949871,105.47947524885,
    11.825599847213));
#373 = CARTESIAN_POINT('',(39.758747879323,105.54882064753,
    11.832563079207));
#374 = CARTESIAN_POINT('',(40.211047745383,105.66617952697,
    11.844681092627));
#375 = CARTESIAN_POINT('',(40.404268037864,105.71513133929,
    11.849845985272));
#376 = CARTESIAN_POINT('',(40.597524928629,105.76291474342,
    11.854998473556));
#377 = CARTESIAN_POINT('',(40.790819590482,105.80953517334,
    11.860173252429));
#378 = CARTESIAN_POINT('',(40.984155617397,105.85499835464,
    11.865321430413));
#379 = CARTESIAN_POINT('',(41.177534371239,105.89930913805,
    11.870476440093));
#380 = CARTESIAN_POINT('',(41.370958751874,105.94247246162,
    11.875619639519));
#381 = CARTESIAN_POINT('',(41.85798589618,106.04825013064,
    11.888544516483));
#382 = CARTESIAN_POINT('',(42.15165114356,106.1093761464,11.896313298083
    ));
#383 = CARTESIAN_POINT('',(42.445435646731,106.16788667312,
    11.904054019187));
#384 = CARTESIAN_POINT('',(42.739348499825,106.22379603718,
    11.911760185825));
#385 = CARTESIAN_POINT('',(43.033399117456,106.27711708999,
    11.919425205015));
#386 = CARTESIAN_POINT('',(43.327597234721,106.32786120787,
    11.927042384763));
#387 = CARTESIAN_POINT('',(43.621952907202,106.37603829215,
    11.934604934064));
#388 = CARTESIAN_POINT('',(44.219369207447,106.46857152676,
    11.949820138678));
#389 = CARTESIAN_POINT('',(44.522439412459,106.51278020309,
    11.957469092042));
#390 = CARTESIAN_POINT('',(44.825698417951,106.55429200272,
    11.965046310263));
#391 = CARTESIAN_POINT('',(45.129157825235,106.59311449511,
    11.972542293895));
#392 = CARTESIAN_POINT('',(45.432829376109,106.62925361929,
    11.979951172896));
#393 = CARTESIAN_POINT('',(45.736725107304,106.66271370647,
    11.987266104643));
#394 = CARTESIAN_POINT('',(46.040857462054,106.69349748817,
    11.994476171874));
#395 = CARTESIAN_POINT('',(46.788189844444,106.76251101719,
    12.011911695651));
#396 = CARTESIAN_POINT('',(47.231667787778,106.79775051713,
    12.022017384425));
#397 = CARTESIAN_POINT('',(47.675711509044,106.82732787642,
    12.031893028408));
#398 = CARTESIAN_POINT('',(48.120360200179,106.85123922507,
    12.041537390404));
#399 = CARTESIAN_POINT('',(48.565653729263,106.86947337716,
    12.05094951096));
#400 = CARTESIAN_POINT('',(49.011632811185,106.8820117046,
    12.060128686818));
#401 = CARTESIAN_POINT('',(49.458339178321,106.88882801092,
    12.069074449351));
#402 = CARTESIAN_POINT('',(50.231302541351,106.8906597175,12.08412357063
    ));
#403 = CARTESIAN_POINT('',(50.557196524818,106.88838564442,
    12.090336682912));
#404 = CARTESIAN_POINT('',(50.883514126609,106.88305312342,
    12.096426943968));
#405 = CARTESIAN_POINT('',(51.210271838482,106.87464690031,
    12.102392797356));
#406 = CARTESIAN_POINT('',(51.537486228799,106.86314949639,
    12.108234065277));
#407 = CARTESIAN_POINT('',(51.865173977767,106.84854115477,
    12.113952535076));
#408 = CARTESIAN_POINT('',(52.193351938054,106.83079976589,
    12.119549133043));
#409 = CARTESIAN_POINT('',(53.048244853266,106.77644259595,
    12.133772546775));
#410 = CARTESIAN_POINT('',(53.575750929344,106.73489159405,
    12.142200094597));
#411 = CARTESIAN_POINT('',(54.104627122907,106.68514669852,
    12.150285501829));
#412 = CARTESIAN_POINT('',(54.634943604333,106.62709134875,
    12.158014489945));
#413 = CARTESIAN_POINT('',(55.166769498544,106.56059229664,
    12.165373486308));
#414 = CARTESIAN_POINT('',(55.700173343047,106.48549841188,
    12.17234978143));
#415 = CARTESIAN_POINT('',(56.235223545984,106.40163948732,
    12.178931686232));
#416 = CARTESIAN_POINT('',(57.332582035556,106.21189041554,
    12.191559899701));
#417 = CARTESIAN_POINT('',(57.895040741009,106.10518831229,
    12.197569696249));
#418 = CARTESIAN_POINT('',(58.459445203284,105.98850136313,
    12.203122222743));
#419 = CARTESIAN_POINT('',(59.025870337192,105.86158808962,
    12.208226983071));
#420 = CARTESIAN_POINT('',(59.594381891097,105.72418250088,
    12.212829261675));
#421 = CARTESIAN_POINT('',(60.16504341672,105.57599077238,
    12.216946482936));
#422 = CARTESIAN_POINT('',(60.737911116231,105.41668956587,
    12.220551353521));
#423 = CARTESIAN_POINT('',(61.631208308819,105.15144913451,
    12.225348436035));
#424 = CARTESIAN_POINT('',(61.950068810791,105.05346791035,
    12.226898788041));
#425 = CARTESIAN_POINT('',(62.269627545567,104.95191726795,
    12.228289400337));
#426 = CARTESIAN_POINT('',(62.589891523904,104.84673401254,
    12.229519032306));
#427 = CARTESIAN_POINT('',(62.910866410056,104.73785194181,
    12.230586719359));
#428 = CARTESIAN_POINT('',(63.232556524153,104.62520167956,
    12.23149180142));
#429 = CARTESIAN_POINT('',(63.554964844559,104.50871050943,
    12.232233951411));
#430 = CARTESIAN_POINT('',(64.212427442183,104.26371808021,
    12.233412544861));
#431 = CARTESIAN_POINT('',(64.547531637271,104.13494074199,
    12.233838007551));
#432 = CARTESIAN_POINT('',(64.883407477892,104.00188571037,
    12.234086994516));
#433 = CARTESIAN_POINT('',(65.220054083214,103.86446494076,
    12.23415729988));
#434 = CARTESIAN_POINT('',(65.557467771087,103.72258663696,
    12.234047242777));
#435 = CARTESIAN_POINT('',(65.895642019926,103.57615506054,
    12.233755800934));
#436 = CARTESIAN_POINT('',(66.234567430598,103.42507034029,
    12.233282744258));
#437 = CARTESIAN_POINT('',(67.010517984599,103.06905486612,
    12.231788760421));
#438 = CARTESIAN_POINT('',(67.448019248322,102.86103442895,
    12.230650210509));
#439 = CARTESIAN_POINT('',(67.886711682733,102.64494516711,
    12.229214395936));
#440 = CARTESIAN_POINT('',(68.326557550331,102.4205560401,
    12.227484805339));
#441 = CARTESIAN_POINT('',(68.76750468294,102.1876266573,12.225467405673
    ));
#442 = CARTESIAN_POINT('',(69.209485991792,101.94590716534,
    12.223170909139));
#443 = CARTESIAN_POINT('',(69.652418977605,101.69513813546,
    12.220607040104));
#444 = CARTESIAN_POINT('',(70.461651139413,101.22087532753,
    12.215471706699));
#445 = CARTESIAN_POINT('',(70.827671849688,101.00038336096,
    12.21298238734));
#446 = CARTESIAN_POINT('',(71.19421178109,100.77342480367,
    12.210327601355));
#447 = CARTESIAN_POINT('',(71.561203329389,100.53984819746,
    12.207506864929));
#448 = CARTESIAN_POINT('',(71.928567103203,100.29950062712,
    12.20452573112));
#449 = CARTESIAN_POINT('',(72.296211472498,100.05222841216,
    12.201392867722));
#450 = CARTESIAN_POINT('',(72.664032012085,99.797877945452,
    12.198115595961));
#451 = CARTESIAN_POINT('',(73.625376193271,99.114311787617,
    12.189207063893));
#452 = CARTESIAN_POINT('',(74.218979122083,98.673519459568,
    12.183364548019));
#453 = CARTESIAN_POINT('',(74.812237875794,98.213272215776,
    12.177227016257));
#454 = CARTESIAN_POINT('',(75.404541316972,97.732955659534,
    12.170862834161));
#455 = CARTESIAN_POINT('',(75.995147450363,97.232007715312,
    12.164354307169));
#456 = CARTESIAN_POINT('',(76.583181763197,96.709941246548,
    12.157804580682));
#457 = CARTESIAN_POINT('',(77.167636775793,96.166374780356,
    12.151340751258));
#458 = CARTESIAN_POINT('',(78.046998259537,95.308913922579,
    12.141868665438));
#459 = CARTESIAN_POINT('',(78.345357463366,95.010951571381,
    12.138699901937));
#460 = CARTESIAN_POINT('',(78.642290123766,94.707161754134,
    12.135608645028));
#461 = CARTESIAN_POINT('',(78.937625072618,94.397528409421,
    12.132615411448));
#462 = CARTESIAN_POINT('',(79.231181635827,94.082048790123,
    12.129742050502));
#463 = CARTESIAN_POINT('',(79.522770179611,93.760735288018,
    12.127011408413));
#464 = CARTESIAN_POINT('',(79.812192656794,93.433617258369,
    12.124446992677));
#465 = CARTESIAN_POINT('',(80.673858414241,92.434397651923,
    12.117319670071));
#466 = CARTESIAN_POINT('',(81.239058982571,91.744881449871,
    12.113327591891));
#467 = CARTESIAN_POINT('',(81.793081926285,91.032692440019,
    12.110288129937));
#468 = CARTESIAN_POINT('',(82.334149927367,90.298543353887,
    12.108396764862));
#469 = CARTESIAN_POINT('',(82.860491316082,89.543388791423,
    12.107837413503));
#470 = CARTESIAN_POINT('',(83.370367486519,88.768457057708,
    12.108769153753));
#471 = CARTESIAN_POINT('',(83.862107693143,87.975286497785,
    12.111314990704));
#472 = CARTESIAN_POINT('',(84.820578351264,86.331579359802,
    12.119919463117));
#473 = CARTESIAN_POINT('',(85.286203283569,85.479837344432,
    12.126083754784));
#474 = CARTESIAN_POINT('',(85.729308728504,84.61258126331,
    12.134133017073));
#475 = CARTESIAN_POINT('',(86.148517582799,83.731872549176,
    12.144105588767));
#476 = CARTESIAN_POINT('',(86.542759323439,82.83977690204,
    12.155991504863));
#477 = CARTESIAN_POINT('',(86.911240451753,81.938350007364,
    12.169736508395));
#478 = CARTESIAN_POINT('',(87.253418994885,81.029625158082,
    12.185249238635));
#479 = CARTESIAN_POINT('',(87.740323908313,79.619318886564,
    12.211730187405));
#480 = CARTESIAN_POINT('',(87.903832474911,79.121432433454,
    12.221535857173));
#481 = CARTESIAN_POINT('',(88.059465830621,78.622236890839,
    12.231810218114));
#482 = CARTESIAN_POINT('',(88.207202456722,78.12201064817,
    12.242532869134));
#483 = CARTESIAN_POINT('',(88.347039822155,77.621016877165,
    12.253681770008));
#484 = CARTESIAN_POINT('',(88.478991956091,77.119503394314,
    12.265233616483));
#485 = CARTESIAN_POINT('',(88.603087020507,76.617702523388,
    12.277164215387));
#486 = CARTESIAN_POINT('',(88.982171964976,74.981518723329,
    12.317214175278));
#487 = CARTESIAN_POINT('',(89.20502175262,73.846951449373,
    12.346785415555));
#488 = CARTESIAN_POINT('',(89.388422846258,72.714488109106,
    12.37787973853));
#489 = CARTESIAN_POINT('',(89.533145785625,71.58617080336,
    12.410198184576));
#490 = CARTESIAN_POINT('',(89.640124939103,70.46374574243,
    12.443439933525));
#491 = CARTESIAN_POINT('',(89.710388312506,69.348672329806,
    12.477308660799));
#492 = CARTESIAN_POINT('',(89.745,68.242125942192,12.511513815909));
#493 = CARTESIAN_POINT('',(89.745,67.145,12.545769646584));
#494 = PCURVE('',#52,#495);
#495 = DEFINITIONAL_REPRESENTATION('',(#496),#751);
#496 = B_SPLINE_CURVE_WITH_KNOTS('',8,(#497,#498,#499,#500,#501,#502,
    #503,#504,#505,#506,#507,#508,#509,#510,#511,#512,#513,#514,#515,
    #516,#517,#518,#519,#520,#521,#522,#523,#524,#525,#526,#527,#528,
    #529,#530,#531,#532,#533,#534,#535,#536,#537,#538,#539,#540,#541,
    #542,#543,#544,#545,#546,#547,#548,#549,#550,#551,#552,#553,#554,
    #555,#556,#557,#558,#559,#560,#561,#562,#563,#564,#565,#566,#567,
    #568,#569,#570,#571,#572,#573,#574,#575,#576,#577,#578,#579,#580,
    #581,#582,#583,#584,#585,#586,#587,#588,#589,#590,#591,#592,#593,
    #594,#595,#596,#597,#598,#599,#600,#601,#602,#603,#604,#605,#606,
    #607,#608,#609,#610,#611,#612,#613,#614,#615,#616,#617,#618,#619,
    #620,#621,#622,#623,#624,#625,#626,#627,#628,#629,#630,#631,#632,
    #633,#634,#635,#636,#637,#638,#639,#640,#641,#642,#643,#644,#645,
    #646,#647,#648,#649,#650,#651,#652,#653,#654,#655,#656,#657,#658,
    #659,#660,#661,#662,#663,#664,#665,#666,#667,#668,#669,#670,#671,
    #672,#673,#674,#675,#676,#677,#678,#679,#680,#681,#682,#683,#684,
    #685,#686,#687,#688,#689,#690,#691,#692,#693,#694,#695,#696,#697,
    #698,#699,#700,#701,#702,#703,#704,#705,#706,#707,#708,#709,#710,
    #711,#712,#713,#714,#715,#716,#717,#718,#719,#720,#721,#722,#723,
    #724,#725,#726,#727,#728,#729,#730,#731,#732,#733,#734,#735,#736,
    #737,#738,#739,#740,#741,#742,#743,#744,#745,#746,#747,#748,#749,
    #750),.UNSPECIFIED.,.F.,.F.,(9,7,7,7,7,7,7,7,7,7,7,7,7,7,7,7,7,7,7,7
    ,7,7,7,7,7,7,7,7,7,7,7,7,7,7,7,7,9),(0.,2.250698252706E-02,
    6.663598154545E-02,9.295785972642E-02,0.121407058253,0.148163488907,
    0.159709670998,0.178065136883,0.198738825868,0.213136257854,
    0.22470046528,0.234019934598,0.266669547644,0.278532098539,
    0.290451043629,0.33747211092,0.345729371809,0.353986632269,
    0.38429661327,0.40697967161,0.423891317039,0.449551280118,
    0.475940388867,0.514343107259,0.542276586463,0.586996598983,
    0.633701806308,0.659539988923,0.686274254222,0.720613438655,
    0.748890821625,0.794508028801,0.818084309715,0.865279109891,
    0.91391197773,0.94031801506,1.),.UNSPECIFIED.);
#497 = CARTESIAN_POINT('',(9.755000583732,0.));
#498 = CARTESIAN_POINT('',(9.692149628758,9.775154559883E-03));
#499 = CARTESIAN_POINT('',(9.634583616359,1.956626673809E-02));
#500 = CARTESIAN_POINT('',(9.582423077568,2.937016811061E-02));
#501 = CARTESIAN_POINT('',(9.535787098401,3.918355357899E-02));
#502 = CARTESIAN_POINT('',(9.494792315265,4.90029801495E-02));
#503 = CARTESIAN_POINT('',(9.45955191036,5.882486571231E-02));
#504 = CARTESIAN_POINT('',(9.430174607083,6.864548782073E-02));
#505 = CARTESIAN_POINT('',(9.360862291505,9.770603023451E-02));
#506 = CARTESIAN_POINT('',(9.337893881849,0.116932707625));
#507 = CARTESIAN_POINT('',(9.338645136092,0.136110375254));
#508 = CARTESIAN_POINT('',(9.363805616244,0.155207924413));
#509 = CARTESIAN_POINT('',(9.413947490737,0.174193827495));
#510 = CARTESIAN_POINT('',(9.489499866444,0.193036200933));
#511 = CARTESIAN_POINT('',(9.590717708699,0.211702880663));
#512 = CARTESIAN_POINT('',(9.79335461007,0.241171635128));
#513 = CARTESIAN_POINT('',(9.878214093009,0.252108190291));
#514 = CARTESIAN_POINT('',(9.97223581513,0.262964487234));
#515 = CARTESIAN_POINT('',(10.075408558588,0.273734170156));
#516 = CARTESIAN_POINT('',(10.187697818099,0.284411207242));
#517 = CARTESIAN_POINT('',(10.309045749319,0.294989882817));
#518 = CARTESIAN_POINT('',(10.439371118215,0.305464790247));
#519 = CARTESIAN_POINT('',(10.729017304498,0.327034638458));
#520 = CARTESIAN_POINT('',(10.889833098516,0.338111479989));
#521 = CARTESIAN_POINT('',(11.060885662491,0.34905493869));
#522 = CARTESIAN_POINT('',(11.24201679948,0.359859343715));
#523 = CARTESIAN_POINT('',(11.43304360678,0.370519719827));
#524 = CARTESIAN_POINT('',(11.633760996135,0.381031742374));
#525 = CARTESIAN_POINT('',(11.843944213948,0.391391692254));
#526 = CARTESIAN_POINT('',(12.269703470938,0.411193934203));
#527 = CARTESIAN_POINT('',(12.48421673248,0.420654252208));
#528 = CARTESIAN_POINT('',(12.706691890509,0.42997482065));
#529 = CARTESIAN_POINT('',(12.936919409369,0.439153644756));
#530 = CARTESIAN_POINT('',(13.174681799953,0.448189234202));
#531 = CARTESIAN_POINT('',(13.419755946303,0.457080558072));
#532 = CARTESIAN_POINT('',(13.671915432212,0.465826999826));
#533 = CARTESIAN_POINT('',(14.042706464038,0.478140030061));
#534 = CARTESIAN_POINT('',(14.155757287277,0.481824726229));
#535 = CARTESIAN_POINT('',(14.270067070234,0.48548238454));
#536 = CARTESIAN_POINT('',(14.385617581162,0.489113000771));
#537 = CARTESIAN_POINT('',(14.50239062386,0.492716582714));
#538 = CARTESIAN_POINT('',(14.620368037678,0.496293150171));
#539 = CARTESIAN_POINT('',(14.739531697515,0.499842734954));
#540 = CARTESIAN_POINT('',(15.051160215325,0.508965483746));
#541 = CARTESIAN_POINT('',(15.245409164849,0.514497500517));
#542 = CARTESIAN_POINT('',(15.442538053318,0.519961604904));
#543 = CARTESIAN_POINT('',(15.642474792451,0.525358038136));
#544 = CARTESIAN_POINT('',(15.845148789567,0.530687098417));
#545 = CARTESIAN_POINT('',(16.050489649168,0.535949141505));
#546 = CARTESIAN_POINT('',(16.258428691551,0.541144571103));
#547 = CARTESIAN_POINT('',(16.705949682834,0.552050909693));
#548 = CARTESIAN_POINT('',(16.946210943266,0.557744043399));
#549 = CARTESIAN_POINT('',(17.189586004897,0.563353885937));
#550 = CARTESIAN_POINT('',(17.435980508256,0.568881145484));
#551 = CARTESIAN_POINT('',(17.685302216765,0.574326584787));
#552 = CARTESIAN_POINT('',(17.937461285766,0.579691015033));
#553 = CARTESIAN_POINT('',(18.192370531554,0.58497528973));
#554 = CARTESIAN_POINT('',(18.629324473939,0.593805135973));
#555 = CARTESIAN_POINT('',(18.809996080574,0.59739152669));
#556 = CARTESIAN_POINT('',(18.991931950973,0.600939771748));
#557 = CARTESIAN_POINT('',(19.175104127672,0.60445017711));
#558 = CARTESIAN_POINT('',(19.359485265078,0.607923053685));
#559 = CARTESIAN_POINT('',(19.545048629474,0.611358717323));
#560 = CARTESIAN_POINT('',(19.731768099013,0.614757488823));
#561 = CARTESIAN_POINT('',(20.070501815435,0.620820261451));
#562 = CARTESIAN_POINT('',(20.222114858568,0.623497236933));
#563 = CARTESIAN_POINT('',(20.374444079277,0.626150788663));
#564 = CARTESIAN_POINT('',(20.527476512883,0.628781085545));
#565 = CARTESIAN_POINT('',(20.681199443872,0.631388297102));
#566 = CARTESIAN_POINT('',(20.835600405893,0.633972593469));
#567 = CARTESIAN_POINT('',(20.990667181758,0.636534145401));
#568 = CARTESIAN_POINT('',(21.271881363221,0.641119259792));
#569 = CARTESIAN_POINT('',(21.397799557081,0.643150734792));
#570 = CARTESIAN_POINT('',(21.524136131141,0.645167638761));
#571 = CARTESIAN_POINT('',(21.650884920894,0.647170061239));
#572 = CARTESIAN_POINT('',(21.778039846986,0.649158091549));
#573 = CARTESIAN_POINT('',(21.905594919257,0.651131818714));
#574 = CARTESIAN_POINT('',(22.033544249063,0.653091331548));
#575 = CARTESIAN_POINT('',(22.611497820052,0.661852143959));
#576 = CARTESIAN_POINT('',(23.0658797229,0.668494167055));
#577 = CARTESIAN_POINT('',(23.524781947369,0.674966646501));
#578 = CARTESIAN_POINT('',(23.987971005796,0.681273354667));
#579 = CARTESIAN_POINT('',(24.455226066953,0.687417976951));
#580 = CARTESIAN_POINT('',(24.926339269106,0.693404110747));
#581 = CARTESIAN_POINT('',(25.401116033074,0.699235264404));
#582 = CARTESIAN_POINT('',(26.053140858524,0.70697841654));
#583 = CARTESIAN_POINT('',(26.227365779945,0.709021966101));
#584 = CARTESIAN_POINT('',(26.402041328929,0.711045667339));
#585 = CARTESIAN_POINT('',(26.577158864993,0.713049680527));
#586 = CARTESIAN_POINT('',(26.752709917799,0.715034163755));
#587 = CARTESIAN_POINT('',(26.92868618715,0.71699927293));
#588 = CARTESIAN_POINT('',(27.105079542994,0.718945161774));
#589 = CARTESIAN_POINT('',(27.45952502128,0.722807961919));
#590 = CARTESIAN_POINT('',(27.637581025311,0.724724691244));
#591 = CARTESIAN_POINT('',(27.816041984116,0.72662232432));
#592 = CARTESIAN_POINT('',(27.994899891534,0.728501010465));
#593 = CARTESIAN_POINT('',(28.174147004802,0.730360900322));
#594 = CARTESIAN_POINT('',(28.353775676972,0.732202140665));
#595 = CARTESIAN_POINT('',(28.53377827186,0.734024871799));
#596 = CARTESIAN_POINT('',(29.425717280886,0.742947607277));
#597 = CARTESIAN_POINT('',(30.142988255813,0.749780140256));
#598 = CARTESIAN_POINT('',(30.865522606458,0.756335835861));
#599 = CARTESIAN_POINT('',(31.592915913474,0.762623115499));
#600 = CARTESIAN_POINT('',(32.324797100726,0.76864985362));
#601 = CARTESIAN_POINT('',(33.060828251737,0.774423404403));
#602 = CARTESIAN_POINT('',(33.800704426138,0.77995062844));
#603 = CARTESIAN_POINT('',(34.674708844529,0.78616640837));
#604 = CARTESIAN_POINT('',(34.805264213085,0.787086714625));
#605 = CARTESIAN_POINT('',(34.935819581584,0.787998907313));
#606 = CARTESIAN_POINT('',(35.066374949865,0.788903054005));
#607 = CARTESIAN_POINT('',(35.196930317794,0.789799220718));
#608 = CARTESIAN_POINT('',(35.327485685272,0.790687471917));
#609 = CARTESIAN_POINT('',(35.458041052229,0.791567870514));
#610 = CARTESIAN_POINT('',(35.71915177824,0.793313085178));
#611 = CARTESIAN_POINT('',(35.849707168923,0.794177901537));
#612 = CARTESIAN_POINT('',(35.980262514346,0.7950349877));
#613 = CARTESIAN_POINT('',(36.110817865789,0.795884404405));
#614 = CARTESIAN_POINT('',(36.241373252645,0.796726210447));
#615 = CARTESIAN_POINT('',(36.371928636257,0.797560462133));
#616 = CARTESIAN_POINT('',(36.502483967073,0.798387214108));
#617 = CARTESIAN_POINT('',(37.112269841437,0.802213958896));
#618 = CARTESIAN_POINT('',(37.592721841885,0.80512874864));
#619 = CARTESIAN_POINT('',(38.07432792069,0.807952251331));
#620 = CARTESIAN_POINT('',(38.557023085928,0.81068574742));
#621 = CARTESIAN_POINT('',(39.040744745695,0.813330440509));
#622 = CARTESIAN_POINT('',(39.525432674277,0.815887460576));
#623 = CARTESIAN_POINT('',(40.011028978314,0.818357867199));
#624 = CARTESIAN_POINT('',(40.86152160911,0.82252735304));
#625 = CARTESIAN_POINT('',(41.226042519237,0.824264100004));
#626 = CARTESIAN_POINT('',(41.591017409666,0.825953307829));
#627 = CARTESIAN_POINT('',(41.956423395986,0.827595369607));
#628 = CARTESIAN_POINT('',(42.322238093055,0.82919065738));
#629 = CARTESIAN_POINT('',(42.688439615004,0.830739522134));
#630 = CARTESIAN_POINT('',(43.055006575232,0.832242293803));
#631 = CARTESIAN_POINT('',(43.695473675246,0.834785556983));
#632 = CARTESIAN_POINT('',(43.96922072408,0.835846382908));
#633 = CARTESIAN_POINT('',(44.243150673131,0.83688188847));
#634 = CARTESIAN_POINT('',(44.517254466118,0.837892191426));
#635 = CARTESIAN_POINT('',(44.791524554209,0.838877415855));
#636 = CARTESIAN_POINT('',(45.06595212061,0.839837666877));
#637 = CARTESIAN_POINT('',(45.340529324629,0.840773051503));
#638 = CARTESIAN_POINT('',(46.032077571636,0.843065340354));
#639 = CARTESIAN_POINT('',(46.449232827258,0.844389991254));
#640 = CARTESIAN_POINT('',(46.866685914581,0.84565796236));
#641 = CARTESIAN_POINT('',(47.284409249736,0.846869564139));
#642 = CARTESIAN_POINT('',(47.702375584285,0.848025075089));
#643 = CARTESIAN_POINT('',(48.120558005216,0.849124741746));
#644 = CARTESIAN_POINT('',(48.538929934949,0.850168778679));
#645 = CARTESIAN_POINT('',(49.387893295957,0.852174049773));
#646 = CARTESIAN_POINT('',(49.818493949566,0.853132088051));
#647 = CARTESIAN_POINT('',(50.249238508004,0.854031682798));
#648 = CARTESIAN_POINT('',(50.680098521689,0.854872998052));
#649 = CARTESIAN_POINT('',(51.111045594128,0.855656162516));
#650 = CARTESIAN_POINT('',(51.542051414513,0.85638127005));
#651 = CARTESIAN_POINT('',(51.973087772947,0.85704837985));
#652 = CARTESIAN_POINT('',(53.031394903363,0.858543959632));
#653 = CARTESIAN_POINT('',(53.658667452538,0.8593076285));
#654 = CARTESIAN_POINT('',(54.285857336245,0.859948594136));
#655 = CARTESIAN_POINT('',(54.912876782268,0.860466772675));
#656 = CARTESIAN_POINT('',(55.539636864863,0.860861921707));
#657 = CARTESIAN_POINT('',(56.166047385325,0.861133637547));
#658 = CARTESIAN_POINT('',(56.792016752557,0.861281352496));
#659 = CARTESIAN_POINT('',(57.872382644592,0.86132104708));
#660 = CARTESIAN_POINT('',(58.327030321147,0.861271766051));
#661 = CARTESIAN_POINT('',(58.781358914815,0.861156205947));
#662 = CARTESIAN_POINT('',(59.23533166635,0.860974036197));
#663 = CARTESIAN_POINT('',(59.688910933198,0.860724878024));
#664 = CARTESIAN_POINT('',(60.142058149314,0.860408303278));
#665 = CARTESIAN_POINT('',(60.594733847352,0.860023832829));
#666 = CARTESIAN_POINT('',(61.770788059132,0.85884586837));
#667 = CARTESIAN_POINT('',(62.493364105405,0.857945424077));
#668 = CARTESIAN_POINT('',(63.21446241809,0.856867411389));
#669 = CARTESIAN_POINT('',(63.933909419623,0.85560930434));
#670 = CARTESIAN_POINT('',(64.651520956514,0.854168215335));
#671 = CARTESIAN_POINT('',(65.367101837023,0.852540869257));
#672 = CARTESIAN_POINT('',(66.08044536883,0.850723577578));
#673 = CARTESIAN_POINT('',(67.533777889538,0.846611559552));
#674 = CARTESIAN_POINT('',(68.273536977885,0.844299237454));
#675 = CARTESIAN_POINT('',(69.010364142031,0.841770535553));
#676 = CARTESIAN_POINT('',(69.743988288597,0.839020220818));
#677 = CARTESIAN_POINT('',(70.474117795863,0.836042529003));
#678 = CARTESIAN_POINT('',(71.20043213644,0.832831092695));
#679 = CARTESIAN_POINT('',(71.922587557294,0.829378904884));
#680 = CARTESIAN_POINT('',(73.037215125411,0.823630927176));
#681 = CARTESIAN_POINT('',(73.432829734718,0.82150759368));
#682 = CARTESIAN_POINT('',(73.826992288183,0.819306907963));
#683 = CARTESIAN_POINT('',(74.219635551538,0.817027500543));
#684 = CARTESIAN_POINT('',(74.610688573214,0.814667936761));
#685 = CARTESIAN_POINT('',(75.000076635652,0.812226713177));
#686 = CARTESIAN_POINT('',(75.387721206601,0.80970225397));
#687 = CARTESIAN_POINT('',(76.172738982878,0.804393067076));
#688 = CARTESIAN_POINT('',(76.569982224805,0.801602356528));
#689 = CARTESIAN_POINT('',(76.965178812302,0.798718944856));
#690 = CARTESIAN_POINT('',(77.358232022877,0.79574092406));
#691 = CARTESIAN_POINT('',(77.749039178425,0.792666304843));
#692 = CARTESIAN_POINT('',(78.137491608219,0.789493012473));
#693 = CARTESIAN_POINT('',(78.523474611891,0.786218882659));
#694 = CARTESIAN_POINT('',(79.399321442893,0.778503735315));
#695 = CARTESIAN_POINT('',(79.887497482469,0.773995761815));
#696 = CARTESIAN_POINT('',(80.371142539167,0.769312930266));
#697 = CARTESIAN_POINT('',(80.849980005073,0.76445023383));
#698 = CARTESIAN_POINT('',(81.323710063978,0.759402463047));
#699 = CARTESIAN_POINT('',(81.792010089026,0.754164203388));
#700 = CARTESIAN_POINT('',(82.254535040356,0.74872983282));
#701 = CARTESIAN_POINT('',(83.086736684971,0.738452168762));
#702 = CARTESIAN_POINT('',(83.458386505784,0.73367392699));
#703 = CARTESIAN_POINT('',(83.82566232648,0.728755548893));
#704 = CARTESIAN_POINT('',(84.188345008276,0.723693752248));
#705 = CARTESIAN_POINT('',(84.546201416332,0.718485223256));
#706 = CARTESIAN_POINT('',(84.898985284458,0.713126631535));
#707 = CARTESIAN_POINT('',(85.246438258165,0.707614648292));
#708 = CARTESIAN_POINT('',(86.139768336699,0.692801208963));
#709 = CARTESIAN_POINT('',(86.676656809027,0.683248877659));
#710 = CARTESIAN_POINT('',(87.197834761258,0.673274942372));
#711 = CARTESIAN_POINT('',(87.702064780978,0.662866088624));
#712 = CARTESIAN_POINT('',(88.188016054284,0.652010135774));
#713 = CARTESIAN_POINT('',(88.654289333328,0.640696527176));
#714 = CARTESIAN_POINT('',(89.099448641437,0.628916995999));
#715 = CARTESIAN_POINT('',(89.740484142829,0.610335115886));
#716 = CARTESIAN_POINT('',(89.952878554409,0.603878027335));
#717 = CARTESIAN_POINT('',(90.159047552046,0.597294652815));
#718 = CARTESIAN_POINT('',(90.358791204915,0.590584644261));
#719 = CARTESIAN_POINT('',(90.551911720078,0.583747942142));
#720 = CARTESIAN_POINT('',(90.738215561196,0.576784814997));
#721 = CARTESIAN_POINT('',(90.917515567256,0.569695898979));
#722 = CARTESIAN_POINT('',(91.43417643839,0.548041990507));
#723 = CARTESIAN_POINT('',(91.749992462939,0.533099608839));
#724 = CARTESIAN_POINT('',(92.035569206395,0.517665888829));
#725 = CARTESIAN_POINT('',(92.289622959775,0.501756275954));
#726 = CARTESIAN_POINT('',(92.511139229431,0.485391457177));
#727 = CARTESIAN_POINT('',(92.699411737229,0.468598050877));
#728 = CARTESIAN_POINT('',(92.854079435116,0.451409394253));
#729 = CARTESIAN_POINT('',(93.099933112621,0.415788912337));
#730 = CARTESIAN_POINT('',(93.189070231322,0.397330964231));
#731 = CARTESIAN_POINT('',(93.242566566765,0.378536813594));
#732 = CARTESIAN_POINT('',(93.260899531931,0.359451133366));
#733 = CARTESIAN_POINT('',(93.244929729452,0.34011868896));
#734 = CARTESIAN_POINT('',(93.195814894259,0.320584028765));
#735 = CARTESIAN_POINT('',(93.114938325648,0.300891215908));
#736 = CARTESIAN_POINT('',(92.94353550741,0.270328722214));
#737 = CARTESIAN_POINT('',(92.874307832971,0.259539114388));
#738 = CARTESIAN_POINT('',(92.796411899515,0.24872113752));
#739 = CARTESIAN_POINT('',(92.710100740652,0.237880824535));
#740 = CARTESIAN_POINT('',(92.615634081431,0.227023878582));
#741 = CARTESIAN_POINT('',(92.513275110235,0.216155670047));
#742 = CARTESIAN_POINT('',(92.403287250678,0.205281233577));
#743 = CARTESIAN_POINT('',(92.020686365891,0.169823788565));
#744 = CARTESIAN_POINT('',(91.717826611506,0.14523678512));
#745 = CARTESIAN_POINT('',(91.380342509609,0.120695375644));
#746 = CARTESIAN_POINT('',(91.011157010258,9.624381413719E-02));
#747 = CARTESIAN_POINT('',(90.613025635684,7.191994240828E-02));
#748 = CARTESIAN_POINT('',(90.188484079513,4.775538692829E-02));
#749 = CARTESIAN_POINT('',(89.7398194936,2.377561907447E-02));
#750 = CARTESIAN_POINT('',(89.269042012262,0.));
#751 = ( GEOMETRIC_REPRESENTATION_CONTEXT(2) 
PARAMETRIC_REPRESENTATION_CONTEXT() REPRESENTATION_CONTEXT('2D SPACE',''
  ) );
#752 = PCURVE('',#753,#758);
#753 = CYLINDRICAL_SURFACE('',#754,39.745);
#754 = AXIS2_PLACEMENT_3D('',#755,#756,#757);
#755 = CARTESIAN_POINT('',(50.,67.145,9.5));
#756 = DIRECTION('',(0.,0.,1.));
#757 = DIRECTION('',(1.,0.,-0.));
#758 = DEFINITIONAL_REPRESENTATION('',(#759),#1014);
#759 = B_SPLINE_CURVE_WITH_KNOTS('',8,(#760,#761,#762,#763,#764,#765,
    #766,#767,#768,#769,#770,#771,#772,#773,#774,#775,#776,#777,#778,
    #779,#780,#781,#782,#783,#784,#785,#786,#787,#788,#789,#790,#791,
    #792,#793,#794,#795,#796,#797,#798,#799,#800,#801,#802,#803,#804,
    #805,#806,#807,#808,#809,#810,#811,#812,#813,#814,#815,#816,#817,
    #818,#819,#820,#821,#822,#823,#824,#825,#826,#827,#828,#829,#830,
    #831,#832,#833,#834,#835,#836,#837,#838,#839,#840,#841,#842,#843,
    #844,#845,#846,#847,#848,#849,#850,#851,#852,#853,#854,#855,#856,
    #857,#858,#859,#860,#861,#862,#863,#864,#865,#866,#867,#868,#869,
    #870,#871,#872,#873,#874,#875,#876,#877,#878,#879,#880,#881,#882,
    #883,#884,#885,#886,#887,#888,#889,#890,#891,#892,#893,#894,#895,
    #896,#897,#898,#899,#900,#901,#902,#903,#904,#905,#906,#907,#908,
    #909,#910,#911,#912,#913,#914,#915,#916,#917,#918,#919,#920,#921,
    #922,#923,#924,#925,#926,#927,#928,#929,#930,#931,#932,#933,#934,
    #935,#936,#937,#938,#939,#940,#941,#942,#943,#944,#945,#946,#947,
    #948,#949,#950,#951,#952,#953,#954,#955,#956,#957,#958,#959,#960,
    #961,#962,#963,#964,#965,#966,#967,#968,#969,#970,#971,#972,#973,
    #974,#975,#976,#977,#978,#979,#980,#981,#982,#983,#984,#985,#986,
    #987,#988,#989,#990,#991,#992,#993,#994,#995,#996,#997,#998,#999,
    #1000,#1001,#1002,#1003,#1004,#1005,#1006,#1007,#1008,#1009,#1010,
    #1011,#1012,#1013),.UNSPECIFIED.,.F.,.F.,(9,7,7,7,7,7,7,7,7,7,7,7,7,
    7,7,7,7,7,7,7,7,7,7,7,7,7,7,7,7,7,7,7,7,7,7,7,9),(0.,
    2.250698252706E-02,6.663598154545E-02,9.295785972642E-02,
    0.121407058253,0.148163488907,0.159709670998,0.178065136883,
    0.198738825868,0.213136257854,0.22470046528,0.234019934598,
    0.266669547644,0.278532098539,0.290451043629,0.33747211092,
    0.345729371809,0.353986632269,0.38429661327,0.40697967161,
    0.423891317039,0.449551280118,0.475940388867,0.514343107259,
    0.542276586463,0.586996598983,0.633701806308,0.659539988923,
    0.686274254222,0.720613438655,0.748890821625,0.794508028801,
    0.818084309715,0.865279109891,0.91391197773,0.94031801506,1.),
  .UNSPECIFIED.);
#760 = CARTESIAN_POINT('',(9.424777960769,1.900292351743));
#761 = CARTESIAN_POINT('',(9.413428746852,1.900369152431));
#762 = CARTESIAN_POINT('',(9.402061005323,1.900432382314));
#763 = CARTESIAN_POINT('',(9.3906761885,1.900484011938));
#764 = CARTESIAN_POINT('',(9.379275874657,1.900525705111));
#765 = CARTESIAN_POINT('',(9.367861778585,1.900558842909));
#766 = CARTESIAN_POINT('',(9.356435762159,1.900584547678));
#767 = CARTESIAN_POINT('',(9.344999844896,1.900603707044));
#768 = CARTESIAN_POINT('',(9.31111891298,1.900643057055));
#769 = CARTESIAN_POINT('',(9.288650398738,1.900646557689));
#770 = CARTESIAN_POINT('',(9.266168922979,1.900632553367));
#771 = CARTESIAN_POINT('',(9.243693383557,1.900602940299));
#772 = CARTESIAN_POINT('',(9.221243593122,1.900556859236));
#773 = CARTESIAN_POINT('',(9.198840584457,1.900490789748));
#774 = CARTESIAN_POINT('',(9.176506953051,1.900398336888));
#775 = CARTESIAN_POINT('',(9.141001785297,1.900192987576));
#776 = CARTESIAN_POINT('',(9.127769203978,1.900103536982));
#777 = CARTESIAN_POINT('',(9.114574477865,1.899999063613));
#778 = CARTESIAN_POINT('',(9.101422401991,1.899876283557));
#779 = CARTESIAN_POINT('',(9.088317611665,1.899733140249));
#780 = CARTESIAN_POINT('',(9.07526460934,1.899569646395));
#781 = CARTESIAN_POINT('',(9.062267788195,1.899387351389));
#782 = CARTESIAN_POINT('',(9.035349608768,1.89897135988));
#783 = CARTESIAN_POINT('',(9.021438161612,1.898735001521));
#784 = CARTESIAN_POINT('',(9.007602495147,1.898480859871));
#785 = CARTESIAN_POINT('',(8.993847468101,1.898213504188));
#786 = CARTESIAN_POINT('',(8.980177457005,1.897939731102));
#787 = CARTESIAN_POINT('',(8.966596399476,1.897668723448));
#788 = CARTESIAN_POINT('',(8.953107837499,1.897412209094));
#789 = CARTESIAN_POINT('',(8.927118979185,1.896970572338));
#790 = CARTESIAN_POINT('',(8.914607499498,1.896782093981));
#791 = CARTESIAN_POINT('',(8.902183058804,1.896631051326));
#792 = CARTESIAN_POINT('',(8.889847765239,1.896531371619));
#793 = CARTESIAN_POINT('',(8.877603328706,1.896498888224));
#794 = CARTESIAN_POINT('',(8.865451091662,1.896551186121));
#795 = CARTESIAN_POINT('',(8.853392059893,1.896707447399));
#796 = CARTESIAN_POINT('',(8.836263631366,1.897109491469));
#797 = CARTESIAN_POINT('',(8.831117810159,1.89725388069));
#798 = CARTESIAN_POINT('',(8.825989521757,1.897423125578));
#799 = CARTESIAN_POINT('',(8.820878807667,1.897618927937));
#800 = CARTESIAN_POINT('',(8.815785698841,1.897843030227));
#801 = CARTESIAN_POINT('',(8.810710215668,1.898097215561));
#802 = CARTESIAN_POINT('',(8.805652367977,1.898383307701));
#803 = CARTESIAN_POINT('',(8.79259951017,1.899211671718));
#804 = CARTESIAN_POINT('',(8.784631437713,1.899806253338));
#805 = CARTESIAN_POINT('',(8.776707934131,1.900487010716));
#806 = CARTESIAN_POINT('',(8.76882893494,1.90129267745));
#807 = CARTESIAN_POINT('',(8.760994325059,1.90216921396));
#808 = CARTESIAN_POINT('',(8.753203933293,1.903154852313));
#809 = CARTESIAN_POINT('',(8.74545754165,1.904227208974));
#810 = CARTESIAN_POINT('',(8.729079409259,1.906696992163));
#811 = CARTESIAN_POINT('',(8.720459424053,1.908117369516));
#812 = CARTESIAN_POINT('',(8.711894540125,1.909645147557));
#813 = CARTESIAN_POINT('',(8.703384311458,1.911274558498));
#814 = CARTESIAN_POINT('',(8.694928236006,1.91299882931));
#815 = CARTESIAN_POINT('',(8.68652575825,1.91481020832));
#816 = CARTESIAN_POINT('',(8.678176271749,1.916699991805));
#817 = CARTESIAN_POINT('',(8.664100876041,1.92002251697));
#818 = CARTESIAN_POINT('',(8.658348017779,1.921419844821));
#819 = CARTESIAN_POINT('',(8.652620326782,1.922847270596));
#820 = CARTESIAN_POINT('',(8.646917575718,1.924301326404));
#821 = CARTESIAN_POINT('',(8.641239530053,1.925778340005));
#822 = CARTESIAN_POINT('',(8.635585948043,1.927274434812));
#823 = CARTESIAN_POINT('',(8.629956580743,1.928785529887));
#824 = CARTESIAN_POINT('',(8.619848833708,1.931529677875));
#825 = CARTESIAN_POINT('',(8.615361953506,1.932758934872));
#826 = CARTESIAN_POINT('',(8.610890399069,1.933992892346));
#827 = CARTESIAN_POINT('',(8.606434036344,1.935229256568));
#828 = CARTESIAN_POINT('',(8.601992729558,1.936465658675));
#829 = CARTESIAN_POINT('',(8.597566341216,1.937699654666));
#830 = CARTESIAN_POINT('',(8.5931547321,1.938928725404));
#831 = CARTESIAN_POINT('',(8.585214290177,1.941134711491));
#832 = CARTESIAN_POINT('',(8.581680326372,1.942114517916));
#833 = CARTESIAN_POINT('',(8.578155796214,1.94308768927));
#834 = CARTESIAN_POINT('',(8.574640625518,1.944052496996));
#835 = CARTESIAN_POINT('',(8.571134739967,1.945008772126));
#836 = CARTESIAN_POINT('',(8.567638065202,1.945957945777));
#837 = CARTESIAN_POINT('',(8.564150526622,1.946901848615));
#838 = CARTESIAN_POINT('',(8.548485630435,1.951127910599));
#839 = CARTESIAN_POINT('',(8.536410476631,1.954352065017));
#840 = CARTESIAN_POINT('',(8.524443283152,1.957551675125));
#841 = CARTESIAN_POINT('',(8.512580790884,1.960783300398));
#842 = CARTESIAN_POINT('',(8.500819773434,1.964120665319));
#843 = CARTESIAN_POINT('',(8.489157024653,1.96765420748));
#844 = CARTESIAN_POINT('',(8.477589346164,1.971490625695));
#845 = CARTESIAN_POINT('',(8.461944039981,1.977300864457));
#846 = CARTESIAN_POINT('',(8.457786679144,1.978905438242));
#847 = CARTESIAN_POINT('',(8.453641301935,1.980572025958));
#848 = CARTESIAN_POINT('',(8.449507759156,1.982306761741));
#849 = CARTESIAN_POINT('',(8.445385902847,1.984116037359));
#850 = CARTESIAN_POINT('',(8.441275586293,1.986006502211));
#851 = CARTESIAN_POINT('',(8.437176664018,1.987985063327));
#852 = CARTESIAN_POINT('',(8.428981886897,1.992142566298));
#853 = CARTESIAN_POINT('',(8.424886139787,1.994322884925));
#854 = CARTESIAN_POINT('',(8.420801602322,1.996604361727));
#855 = CARTESIAN_POINT('',(8.416728134281,1.99900093316));
#856 = CARTESIAN_POINT('',(8.412665588693,2.001513628645));
#857 = CARTESIAN_POINT('',(8.408613823583,2.004149255246));
#858 = CARTESIAN_POINT('',(8.404572707855,2.006929787409));
#859 = CARTESIAN_POINT('',(8.384641017749,2.021331668256));
#860 = CARTESIAN_POINT('',(8.368903473719,2.034891842046));
#861 = CARTESIAN_POINT('',(8.353320320867,2.050323877917));
#862 = CARTESIAN_POINT('',(8.337882737413,2.067358080834));
#863 = CARTESIAN_POINT('',(8.322582144367,2.085660651462));
#864 = CARTESIAN_POINT('',(8.307410133948,2.104840474272));
#865 = CARTESIAN_POINT('',(8.292358398025,2.12445590567));
#866 = CARTESIAN_POINT('',(8.274795123085,2.147457441781));
#867 = CARTESIAN_POINT('',(8.272177257431,2.150888888655));
#868 = CARTESIAN_POINT('',(8.269564968543,2.154313324619));
#869 = CARTESIAN_POINT('',(8.266958166913,2.157728149014));
#870 = CARTESIAN_POINT('',(8.264356764561,2.161130738619));
#871 = CARTESIAN_POINT('',(8.261760675031,2.164518447659));
#872 = CARTESIAN_POINT('',(8.259169813394,2.1678886078));
#873 = CARTESIAN_POINT('',(8.253998379231,2.174588448327));
#874 = CARTESIAN_POINT('',(8.251417805914,2.177917901388));
#875 = CARTESIAN_POINT('',(8.248842294934,2.181225565529));
#876 = CARTESIAN_POINT('',(8.246271761929,2.184506131286));
#877 = CARTESIAN_POINT('',(8.243706125528,2.187756777812));
#878 = CARTESIAN_POINT('',(8.241145309136,2.190979108502));
#879 = CARTESIAN_POINT('',(8.238589238505,2.19417654597));
#880 = CARTESIAN_POINT('',(8.226672381631,2.208985677223));
#881 = CARTESIAN_POINT('',(8.217345959319,2.220300392157));
#882 = CARTESIAN_POINT('',(8.20805671726,2.23131062939));
#883 = CARTESIAN_POINT('',(8.198802849561,2.242037946133));
#884 = CARTESIAN_POINT('',(8.189582588921,2.252505973015));
#885 = CARTESIAN_POINT('',(8.180394200217,2.262740228497));
#886 = CARTESIAN_POINT('',(8.171235974087,2.272767933291));
#887 = CARTESIAN_POINT('',(8.155273793499,2.28998918088));
#888 = CARTESIAN_POINT('',(8.14845731587,2.297260904681));
#889 = CARTESIAN_POINT('',(8.141656083918,2.304445123961));
#890 = CARTESIAN_POINT('',(8.134869401364,2.311554354147));
#891 = CARTESIAN_POINT('',(8.128096579355,2.318601498321));
#892 = CARTESIAN_POINT('',(8.121336936468,2.325599847213));
#893 = CARTESIAN_POINT('',(8.114589798706,2.332563079207));
#894 = CARTESIAN_POINT('',(8.102832910686,2.344681092627));
#895 = CARTESIAN_POINT('',(8.0978179032,2.349845985272));
#896 = CARTESIAN_POINT('',(8.092809194792,2.354998473556));
#897 = CARTESIAN_POINT('',(8.087806531733,2.360173252429));
#898 = CARTESIAN_POINT('',(8.082809601389,2.365321430413));
#899 = CARTESIAN_POINT('',(8.077818152702,2.370476440093));
#900 = CARTESIAN_POINT('',(8.07283189808,2.375619639519));
#901 = CARTESIAN_POINT('',(8.060292415484,2.388544516483));
#902 = CARTESIAN_POINT('',(8.052745597424,2.396313298083));
#903 = CARTESIAN_POINT('',(8.045209157878,2.404054019187));
#904 = CARTESIAN_POINT('',(8.037682147075,2.411760185825));
#905 = CARTESIAN_POINT('',(8.030163620255,2.419425205015));
#906 = CARTESIAN_POINT('',(8.022652637669,2.427042384763));
#907 = CARTESIAN_POINT('',(8.01514826458,2.434604934064));
#908 = CARTESIAN_POINT('',(7.999937797362,2.449820138678));
#909 = CARTESIAN_POINT('',(7.992232031425,2.457469092042));
#910 = CARTESIAN_POINT('',(7.984531258376,2.465046310263));
#911 = CARTESIAN_POINT('',(7.976834466315,2.472542293895));
#912 = CARTESIAN_POINT('',(7.969140648891,2.479951172896));
#913 = CARTESIAN_POINT('',(7.961448799594,2.487266104643));
#914 = CARTESIAN_POINT('',(7.95375790718,2.494476171874));
#915 = CARTESIAN_POINT('',(7.934874721964,2.511911695651));
#916 = CARTESIAN_POINT('',(7.92368238475,2.522017384425));
#917 = CARTESIAN_POINT('',(7.91248683615,2.531893028408));
#918 = CARTESIAN_POINT('',(7.901284966833,2.541537390404));
#919 = CARTESIAN_POINT('',(7.890073655748,2.55094951096));
#920 = CARTESIAN_POINT('',(7.878849754115,2.560128686818));
#921 = CARTESIAN_POINT('',(7.867610069407,2.569074449351));
#922 = CARTESIAN_POINT('',(7.848161949307,2.58412357063));
#923 = CARTESIAN_POINT('',(7.839962485737,2.590336682912));
#924 = CARTESIAN_POINT('',(7.831751709226,2.596426943968));
#925 = CARTESIAN_POINT('',(7.823528360166,2.602392797356));
#926 = CARTESIAN_POINT('',(7.815291165988,2.608234065277));
#927 = CARTESIAN_POINT('',(7.807038837622,2.613952535076));
#928 = CARTESIAN_POINT('',(7.798770065149,2.619549133043));
#929 = CARTESIAN_POINT('',(7.777217183418,2.633772546775));
#930 = CARTESIAN_POINT('',(7.763905331041,2.642200094597));
#931 = CARTESIAN_POINT('',(7.750542433255,2.650285501829));
#932 = CARTESIAN_POINT('',(7.737122883943,2.658014489945));
#933 = CARTESIAN_POINT('',(7.723640943231,2.665373486308));
#934 = CARTESIAN_POINT('',(7.710090687583,2.67234978143));
#935 = CARTESIAN_POINT('',(7.696465959901,2.678931686232));
#936 = CARTESIAN_POINT('',(7.66844626345,2.691559899701));
#937 = CARTESIAN_POINT('',(7.654044083602,2.697569696249));
#938 = CARTESIAN_POINT('',(7.639546389711,2.703122222743));
#939 = CARTESIAN_POINT('',(7.624945589014,2.708226983071));
#940 = CARTESIAN_POINT('',(7.610233928069,2.712829261675));
#941 = CARTESIAN_POINT('',(7.595403247407,2.716946482936));
#942 = CARTESIAN_POINT('',(7.58044503329,2.720551353521));
#943 = CARTESIAN_POINT('',(7.556999479685,2.725348436035));
#944 = CARTESIAN_POINT('',(7.548606976344,2.726898788041));
#945 = CARTESIAN_POINT('',(7.5401711813,2.728289400337));
#946 = CARTESIAN_POINT('',(7.53169054847,2.729519032306));
#947 = CARTESIAN_POINT('',(7.523163501353,2.730586719359));
#948 = CARTESIAN_POINT('',(7.514588427133,2.73149180142));
#949 = CARTESIAN_POINT('',(7.505963670774,2.732233951411));
#950 = CARTESIAN_POINT('',(7.488310493998,2.733412544861));
#951 = CARTESIAN_POINT('',(7.479278471255,2.733838007551));
#952 = CARTESIAN_POINT('',(7.470189571399,2.734086994516));
#953 = CARTESIAN_POINT('',(7.461041882957,2.73415729988));
#954 = CARTESIAN_POINT('',(7.451833464632,2.734047242777));
#955 = CARTESIAN_POINT('',(7.442562337459,2.733755800934));
#956 = CARTESIAN_POINT('',(7.433226476958,2.733282744258));
#957 = CARTESIAN_POINT('',(7.41174641798,2.731788760421));
#958 = CARTESIAN_POINT('',(7.399558914307,2.730650210509));
#959 = CARTESIAN_POINT('',(7.387256824564,2.729214395936));
#960 = CARTESIAN_POINT('',(7.374835699213,2.727484805339));
#961 = CARTESIAN_POINT('',(7.362291086902,2.725467405673));
#962 = CARTESIAN_POINT('',(7.349618512479,2.723170909139));
#963 = CARTESIAN_POINT('',(7.336813455014,2.720607040104));
#964 = CARTESIAN_POINT('',(7.313213834974,2.715471706699));
#965 = CARTESIAN_POINT('',(7.302463504893,2.71298238734));
#966 = CARTESIAN_POINT('',(7.291617792657,2.710327601355));
#967 = CARTESIAN_POINT('',(7.280674259382,2.707506864929));
#968 = CARTESIAN_POINT('',(7.269630554858,2.70452573112));
#969 = CARTESIAN_POINT('',(7.258484422245,2.701392867722));
#970 = CARTESIAN_POINT('',(7.247233706904,2.698115595961));
#971 = CARTESIAN_POINT('',(7.217554617507,2.689207063893));
#972 = CARTESIAN_POINT('',(7.198955827249,2.683364548019));
#973 = CARTESIAN_POINT('',(7.180071065564,2.677227016257));
#974 = CARTESIAN_POINT('',(7.160893341237,2.670862834161));
#975 = CARTESIAN_POINT('',(7.141417759699,2.664354307169));
#976 = CARTESIAN_POINT('',(7.121641745406,2.657804580682));
#977 = CARTESIAN_POINT('',(7.1015654396,2.651340751258));
#978 = CARTESIAN_POINT('',(7.070663024501,2.641868665438));
#979 = CARTESIAN_POINT('',(7.060054568874,2.638699901937));
#980 = CARTESIAN_POINT('',(7.049367672473,2.635608645028));
#981 = CARTESIAN_POINT('',(7.038603243598,2.632615411448));
#982 = CARTESIAN_POINT('',(7.027762483067,2.629742050502));
#983 = CARTESIAN_POINT('',(7.016846910663,2.627011408413));
#984 = CARTESIAN_POINT('',(7.005858391583,2.624446992677));
#985 = CARTESIAN_POINT('',(6.972660892185,2.617319670071));
#986 = CARTESIAN_POINT('',(6.950235813441,2.613327591891));
#987 = CARTESIAN_POINT('',(6.927545842058,2.610288129937));
#988 = CARTESIAN_POINT('',(6.904615447565,2.608396764862));
#989 = CARTESIAN_POINT('',(6.881472057039,2.607837413503));
#990 = CARTESIAN_POINT('',(6.858146672512,2.608769153753));
#991 = CARTESIAN_POINT('',(6.834674702369,2.611314990704));
#992 = CARTESIAN_POINT('',(6.786800877644,2.619919463117));
#993 = CARTESIAN_POINT('',(6.762386837155,2.626083754784));
#994 = CARTESIAN_POINT('',(6.737899153106,2.634133017073));
#995 = CARTESIAN_POINT('',(6.713377344697,2.644105588767));
#996 = CARTESIAN_POINT('',(6.688857097953,2.655991504863));
#997 = CARTESIAN_POINT('',(6.664371032143,2.669736508395));
#998 = CARTESIAN_POINT('',(6.639949317151,2.685249238635));
#999 = CARTESIAN_POINT('',(6.602410204924,2.711730187405));
#1000 = CARTESIAN_POINT('',(6.589226466703,2.721535857173));
#1001 = CARTESIAN_POINT('',(6.576072742004,2.731810218114));
#1002 = CARTESIAN_POINT('',(6.562952377981,2.742532869134));
#1003 = CARTESIAN_POINT('',(6.549868283565,2.753681770008));
#1004 = CARTESIAN_POINT('',(6.536822958969,2.765233616483));
#1005 = CARTESIAN_POINT('',(6.523818525199,2.777164215387));
#1006 = CARTESIAN_POINT('',(6.481561019039,2.817214175278));
#1007 = CARTESIAN_POINT('',(6.452485948993,2.846785415555));
#1008 = CARTESIAN_POINT('',(6.423648160236,2.87787973853));
#1009 = CARTESIAN_POINT('',(6.395057451478,2.910198184576));
#1010 = CARTESIAN_POINT('',(6.366718319354,2.943439933525));
#1011 = CARTESIAN_POINT('',(6.338630579629,2.977308660799));
#1012 = CARTESIAN_POINT('',(6.31078943203,3.011513815909));
#1013 = CARTESIAN_POINT('',(6.28318530718,3.045769646584));
#1014 = ( GEOMETRIC_REPRESENTATION_CONTEXT(2) 
PARAMETRIC_REPRESENTATION_CONTEXT() REPRESENTATION_CONTEXT('2D SPACE',''
  ) );
#1015 = ORIENTED_EDGE('',*,*,#1016,.T.);
#1016 = EDGE_CURVE('',#236,#1017,#1019,.T.);
#1017 = VERTEX_POINT('',#1018);
#1018 = CARTESIAN_POINT('',(89.946258279483,67.145,12.53749979106));
#1019 = SURFACE_CURVE('',#1020,(#1044,#1051),.PCURVE_S1.);
#1020 = B_SPLINE_CURVE_WITH_KNOTS('',3,(#1021,#1022,#1023,#1024,#1025,
    #1026,#1027,#1028,#1029,#1030,#1031,#1032,#1033,#1034,#1035,#1036,
    #1037,#1038,#1039,#1040,#1041,#1042,#1043),.UNSPECIFIED.,.F.,.F.,(4,
    1,1,1,1,1,1,1,1,1,1,1,1,1,1,1,1,1,1,1,4),(0.,0.642419760525,
    2.553860535528,5.68725630942,9.965452479102,15.28310565636,
    21.51045316265,28.497392636784,36.067025397521,44.032783944922,
    52.19839242075,60.362760963019,68.325047704316,75.889742269119,
    82.871609377383,89.10035382164,94.424957833637,98.717862008289,
    101.87985565561,103.8018591086,104.44427886912),.UNSPECIFIED.);
#1021 = CARTESIAN_POINT('',(0.5,67.145,11.4));
#1022 = CARTESIAN_POINT('',(0.714139920175,67.145,11.4));
#1023 = CARTESIAN_POINT('',(1.565426779701,67.145,11.399992813284));
#1024 = CARTESIAN_POINT('',(3.461178660727,67.145,11.400104055074));
#1025 = CARTESIAN_POINT('',(6.568857929702,67.145,11.399254584943));
#1026 = CARTESIAN_POINT('',(10.811929651991,67.145,11.404255225002));
#1027 = CARTESIAN_POINT('',(16.086379911024,67.145,11.37855853137));
#1028 = CARTESIAN_POINT('',(22.263451787167,67.145,11.499514472095));
#1029 = CARTESIAN_POINT('',(29.184165570171,67.145,11.822422106912));
#1030 = CARTESIAN_POINT('',(36.687242849439,67.145,12.080035590757));
#1031 = CARTESIAN_POINT('',(44.583418687699,67.145,12.336484620782));
#1032 = CARTESIAN_POINT('',(52.679171529681,67.145,12.55245640633));
#1033 = CARTESIAN_POINT('',(60.774968761962,67.145,12.718093844215));
#1034 = CARTESIAN_POINT('',(68.671577719277,67.145,12.81515253376));
#1035 = CARTESIAN_POINT('',(76.174747775775,67.145,12.830843236149));
#1036 = CARTESIAN_POINT('',(83.099444493907,67.145,12.753677699485));
#1037 = CARTESIAN_POINT('',(89.276608779254,67.145,12.587795357161));
#1038 = CARTESIAN_POINT('',(94.550738692273,67.145,12.317908344669));
#1039 = CARTESIAN_POINT('',(98.80415764554,67.145,12.014624000305));
#1040 = CARTESIAN_POINT('',(101.89381673282,67.145,11.555947685487));
#1041 = CARTESIAN_POINT('',(103.79032923017,67.145,11.293109713424));
#1042 = CARTESIAN_POINT('',(104.64504945742,67.145,11.292225909757));
#1043 = CARTESIAN_POINT('',(104.85957321424,67.145,11.3));
#1044 = PCURVE('',#52,#1045);
#1045 = DEFINITIONAL_REPRESENTATION('',(#1046),#1050);
#1046 = LINE('',#1047,#1048);
#1047 = CARTESIAN_POINT('',(0.,0.));
#1048 = VECTOR('',#1049,1.);
#1049 = DIRECTION('',(1.,0.));
#1050 = ( GEOMETRIC_REPRESENTATION_CONTEXT(2) 
PARAMETRIC_REPRESENTATION_CONTEXT() REPRESENTATION_CONTEXT('2D SPACE',''
  ) );
#1051 = PCURVE('',#1052,#1137);
#1052 = B_SPLINE_SURFACE_WITH_KNOTS('',3,1,(
    (#1053,#1054)
    ,(#1055,#1056)
    ,(#1057,#1058)
    ,(#1059,#1060)
    ,(#1061,#1062)
    ,(#1063,#1064)
    ,(#1065,#1066)
    ,(#1067,#1068)
    ,(#1069,#1070)
    ,(#1071,#1072)
    ,(#1073,#1074)
    ,(#1075,#1076)
    ,(#1077,#1078)
    ,(#1079,#1080)
    ,(#1081,#1082)
    ,(#1083,#1084)
    ,(#1085,#1086)
    ,(#1087,#1088)
    ,(#1089,#1090)
    ,(#1091,#1092)
    ,(#1093,#1094)
    ,(#1095,#1096)
    ,(#1097,#1098)
    ,(#1099,#1100)
    ,(#1101,#1102)
    ,(#1103,#1104)
    ,(#1105,#1106)
    ,(#1107,#1108)
    ,(#1109,#1110)
    ,(#1111,#1112)
    ,(#1113,#1114)
    ,(#1115,#1116)
    ,(#1117,#1118)
    ,(#1119,#1120)
    ,(#1121,#1122)
    ,(#1123,#1124)
    ,(#1125,#1126)
    ,(#1127,#1128)
    ,(#1129,#1130)
    ,(#1131,#1132)
    ,(#1133,#1134)
    ,(#1135,#1136
    )),.UNSPECIFIED.,.F.,.F.,.F.,(4,1,1,1,1,1,1,1,1,1,1,1,1,1,1,1,1,1,1,
    1,1,1,1,1,1,1,1,1,1,1,1,1,1,1,1,1,1,1,1,4),(2,2),(0.,0.78486828706,
    0.785211459001,3.120147086184,3.121511323917,6.948334082992,
    6.951372138339,12.175166608597,12.180490018436,18.672324858893,
    18.680106727552,26.28701873464,26.291617022821,34.82401750254,
    34.831555043956,44.07282726358,44.08370254842,53.805468713547,
    53.820023370715,63.782111179751,63.800615094257,73.757061816779,
    73.779691282165,83.484966161552,83.511768614294,92.727038032492,
    92.757880301879,101.25711592806,101.29161851402,108.86737351534,
    108.90483624696,115.37363326783,115.41294876431,120.62053078922,
    120.66004382187,124.48771886738,124.52485900615,126.8740693329,
    126.87441250484,127.6592807919),(0.,1.),.UNSPECIFIED.);
#1053 = CARTESIAN_POINT('',(0.5,24.,11.4));
#1054 = CARTESIAN_POINT('',(0.5,67.145,11.4));
#1055 = CARTESIAN_POINT('',(0.761622762353,24.,11.4));
#1056 = CARTESIAN_POINT('',(0.714046331612,67.145,11.4));
#1057 = CARTESIAN_POINT('',(1.023360037429,24.,11.400001314753));
#1058 = CARTESIAN_POINT('',(0.928186255395,67.145,11.399998192983));
#1059 = CARTESIAN_POINT('',(2.063408580649,24.,11.399996085831));
#1060 = CARTESIAN_POINT('',(1.779101036449,67.145,11.400005370278));
#1061 = CARTESIAN_POINT('',(2.842287068703,24.,11.39996889986));
#1062 = CARTESIAN_POINT('',(2.416341475389,67.145,11.400042744541));
#1063 = CARTESIAN_POINT('',(4.896668903215,24.,11.400051037418));
#1064 = CARTESIAN_POINT('',(4.097125356322,67.145,11.399930050986));
#1065 = CARTESIAN_POINT('',(6.173763190942,24.,11.400258578965));
#1066 = CARTESIAN_POINT('',(5.141963233989,67.145,11.399644620181));
#1067 = CARTESIAN_POINT('',(9.19159143883,24.,11.399646336818));
#1068 = CARTESIAN_POINT('',(7.611040425423,67.145,11.400484058641));
#1069 = CARTESIAN_POINT('',(10.935530011846,24.,11.398424960155));
#1070 = CARTESIAN_POINT('',(9.037930987081,67.145,11.402164492304));
#1071 = CARTESIAN_POINT('',(14.842842721303,24.,11.401962573633));
#1072 = CARTESIAN_POINT('',(12.23443487139,67.145,11.397317773462));
#1073 = CARTESIAN_POINT('',(17.011738325199,24.,11.408294382667));
#1074 = CARTESIAN_POINT('',(14.008454953625,67.145,11.388682013135));
#1075 = CARTESIAN_POINT('',(21.711420021892,24.,11.543557694079));
#1076 = CARTESIAN_POINT('',(17.855485499082,67.145,11.413216717918));
#1077 = CARTESIAN_POINT('',(24.247462506933,24.,11.693417237174));
#1078 = CARTESIAN_POINT('',(19.933309037963,67.145,11.453886929806));
#1079 = CARTESIAN_POINT('',(29.62265682157,24.,11.958517020775));
#1080 = CARTESIAN_POINT('',(24.333751917518,67.145,11.596140270069));
#1081 = CARTESIAN_POINT('',(32.468655868302,24.,12.067723341312));
#1082 = CARTESIAN_POINT('',(26.661545135836,67.145,11.704721328707));
#1083 = CARTESIAN_POINT('',(38.391197233777,24.,12.297748425016));
#1084 = CARTESIAN_POINT('',(31.506773028011,67.145,11.902148384529));
#1085 = CARTESIAN_POINT('',(41.475404921533,24.,12.419087261776));
#1086 = CARTESIAN_POINT('',(34.030570148383,67.145,11.988820388716));
#1087 = CARTESIAN_POINT('',(47.795854974657,24.,12.649673196875));
#1088 = CARTESIAN_POINT('',(39.202194574641,67.145,12.161711466324));
#1089 = CARTESIAN_POINT('',(51.043112419094,24.,12.758377567239));
#1090 = CARTESIAN_POINT('',(41.859014333047,67.145,12.248002440489));
#1091 = CARTESIAN_POINT('',(57.60610990902,24.,12.961692780645));
#1092 = CARTESIAN_POINT('',(47.228733080728,67.145,12.407039295466));
#1093 = CARTESIAN_POINT('',(60.936500538492,24.,13.056341760218));
#1094 = CARTESIAN_POINT('',(49.953620336463,67.145,12.479746410201));
#1095 = CARTESIAN_POINT('',(67.580117853525,24.,13.222306314104));
#1096 = CARTESIAN_POINT('',(55.38928009032,67.145,12.607885153206));
#1097 = CARTESIAN_POINT('',(70.911901313559,24.,13.294083740273));
#1098 = CARTESIAN_POINT('',(58.115235302538,67.145,12.66367654311));
#1099 = CARTESIAN_POINT('',(77.472407287297,24.,13.407133611406));
#1100 = CARTESIAN_POINT('',(63.48277046893,67.145,12.751346396482));
#1101 = CARTESIAN_POINT('',(80.723758670929,24.,13.449487010623));
#1102 = CARTESIAN_POINT('',(66.142865966426,67.145,12.784071667239));
#1103 = CARTESIAN_POINT('',(87.039378911141,24.,13.496258486454));
#1104 = CARTESIAN_POINT('',(71.310030600235,67.145,12.820628175167));
#1105 = CARTESIAN_POINT('',(90.130391705763,24.,13.502637192452));
#1106 = CARTESIAN_POINT('',(73.838978882744,67.145,12.825958653462));
#1107 = CARTESIAN_POINT('',(96.045559521411,24.,13.473535778417));
#1108 = CARTESIAN_POINT('',(78.678345086372,67.145,12.802884346283));
#1109 = CARTESIAN_POINT('',(98.900430138828,24.,13.441062592395));
#1110 = CARTESIAN_POINT('',(81.013909002113,67.145,12.776917918083));
#1111 = CARTESIAN_POINT('',(104.26893287503,24.,13.327272090267));
#1112 = CARTESIAN_POINT('',(85.406643247249,67.145,12.691643877122));
#1113 = CARTESIAN_POINT('',(106.81697199615,24.,13.250920374762));
#1114 = CARTESIAN_POINT('',(87.491882605418,67.145,12.635722617057));
#1115 = CARTESIAN_POINT('',(111.50784085759,24.,13.062689580405));
#1116 = CARTESIAN_POINT('',(91.328816678194,67.145,12.48265923938));
#1117 = CARTESIAN_POINT('',(113.68785083138,24.,12.95607376504));
#1118 = CARTESIAN_POINT('',(93.111219702351,67.145,12.391571202054));
#1119 = CARTESIAN_POINT('',(117.58182528455,24.,12.669847199259));
#1120 = CARTESIAN_POINT('',(96.301468431353,67.145,12.192977492852));
#1121 = CARTESIAN_POINT('',(119.33601833503,24.,12.506207084908));
#1122 = CARTESIAN_POINT('',(97.740987386845,67.145,12.090431932323));
#1123 = CARTESIAN_POINT('',(122.3485762226,24.,12.215353231694));
#1124 = CARTESIAN_POINT('',(100.1979485116,67.145,11.807374002202));
#1125 = CARTESIAN_POINT('',(123.64485039863,24.,12.085342750348));
#1126 = CARTESIAN_POINT('',(101.25051057815,67.145,11.65144990369));
#1127 = CARTESIAN_POINT('',(125.66945934374,24.,11.605667123352));
#1128 = CARTESIAN_POINT('',(102.93096315188,67.145,11.412209396444));
#1129 = CARTESIAN_POINT('',(126.43840017735,24.,11.360653822696));
#1130 = CARTESIAN_POINT('',(103.57766140344,67.145,11.322583381738));
#1131 = CARTESIAN_POINT('',(127.47444753889,24.,11.279750403538));
#1132 = CARTESIAN_POINT('',(104.43102503871,67.145,11.292447216753));
#1133 = CARTESIAN_POINT('',(127.73618455534,24.,11.279652713445));
#1134 = CARTESIAN_POINT('',(104.64514321374,67.145,11.292229307376));
#1135 = CARTESIAN_POINT('',(128.,24.,11.3));
#1136 = CARTESIAN_POINT('',(104.85957321424,67.145,11.3));
#1137 = DEFINITIONAL_REPRESENTATION('',(#1138),#1141);
#1138 = B_SPLINE_CURVE_WITH_KNOTS('',1,(#1139,#1140),.UNSPECIFIED.,.F.,
  .F.,(2,2),(0.,104.44427886912),.PIECEWISE_BEZIER_KNOTS.);
#1139 = CARTESIAN_POINT('',(0.,1.));
#1140 = CARTESIAN_POINT('',(127.6592807919,1.));
#1141 = ( GEOMETRIC_REPRESENTATION_CONTEXT(2) 
PARAMETRIC_REPRESENTATION_CONTEXT() REPRESENTATION_CONTEXT('2D SPACE',''
  ) );
#1142 = ORIENTED_EDGE('',*,*,#1143,.T.);
#1143 = EDGE_CURVE('',#1017,#22,#1144,.T.);
#1144 = SURFACE_CURVE('',#1145,(#1428,#1714),.PCURVE_S1.);
#1145 = B_SPLINE_CURVE_WITH_KNOTS('',8,(#1146,#1147,#1148,#1149,#1150,
    #1151,#1152,#1153,#1154,#1155,#1156,#1157,#1158,#1159,#1160,#1161,
    #1162,#1163,#1164,#1165,#1166,#1167,#1168,#1169,#1170,#1171,#1172,
    #1173,#1174,#1175,#1176,#1177,#1178,#1179,#1180,#1181,#1182,#1183,
    #1184,#1185,#1186,#1187,#1188,#1189,#1190,#1191,#1192,#1193,#1194,
    #1195,#1196,#1197,#1198,#1199,#1200,#1201,#1202,#1203,#1204,#1205,
    #1206,#1207,#1208,#1209,#1210,#1211,#1212,#1213,#1214,#1215,#1216,
    #1217,#1218,#1219,#1220,#1221,#1222,#1223,#1224,#1225,#1226,#1227,
    #1228,#1229,#1230,#1231,#1232,#1233,#1234,#1235,#1236,#1237,#1238,
    #1239,#1240,#1241,#1242,#1243,#1244,#1245,#1246,#1247,#1248,#1249,
    #1250,#1251,#1252,#1253,#1254,#1255,#1256,#1257,#1258,#1259,#1260,
    #1261,#1262,#1263,#1264,#1265,#1266,#1267,#1268,#1269,#1270,#1271,
    #1272,#1273,#1274,#1275,#1276,#1277,#1278,#1279,#1280,#1281,#1282,
    #1283,#1284,#1285,#1286,#1287,#1288,#1289,#1290,#1291,#1292,#1293,
    #1294,#1295,#1296,#1297,#1298,#1299,#1300,#1301,#1302,#1303,#1304,
    #1305,#1306,#1307,#1308,#1309,#1310,#1311,#1312,#1313,#1314,#1315,
    #1316,#1317,#1318,#1319,#1320,#1321,#1322,#1323,#1324,#1325,#1326,
    #1327,#1328,#1329,#1330,#1331,#1332,#1333,#1334,#1335,#1336,#1337,
    #1338,#1339,#1340,#1341,#1342,#1343,#1344,#1345,#1346,#1347,#1348,
    #1349,#1350,#1351,#1352,#1353,#1354,#1355,#1356,#1357,#1358,#1359,
    #1360,#1361,#1362,#1363,#1364,#1365,#1366,#1367,#1368,#1369,#1370,
    #1371,#1372,#1373,#1374,#1375,#1376,#1377,#1378,#1379,#1380,#1381,
    #1382,#1383,#1384,#1385,#1386,#1387,#1388,#1389,#1390,#1391,#1392,
    #1393,#1394,#1395,#1396,#1397,#1398,#1399,#1400,#1401,#1402,#1403,
    #1404,#1405,#1406,#1407,#1408,#1409,#1410,#1411,#1412,#1413,#1414,
    #1415,#1416,#1417,#1418,#1419,#1420,#1421,#1422,#1423,#1424,#1425,
    #1426,#1427),.UNSPECIFIED.,.F.,.F.,(9,7,7,7,7,7,7,7,7,7,7,7,7,7,7,7,
    7,7,7,7,7,7,7,7,7,7,7,7,7,7,7,7,7,7,7,7,7,7,7,7,9),(0.,
    3.088684088098E-02,6.118368880848E-02,8.709819533636E-02,
    0.133455264933,0.177620879162,0.200157986811,0.244771042858,
    0.26809372524,0.288549560276,0.324369080698,0.341931829845,
    0.359468136576,0.389093661647,0.43280325999,0.454492820361,
    0.476644269188,0.52150960716,0.557685584461,0.576020591994,
    0.585024208414,0.594397543277,0.631199719741,0.640388083116,
    0.64731697872,0.66897463937,0.687952253719,0.702385429065,
    0.713152064043,0.74205102443,0.756771535564,0.767080449555,
    0.795628455428,0.822610201597,0.834943694974,0.846580728703,
    0.87539030159,0.904373596278,0.931302775137,0.976583531979,1.),
  .UNSPECIFIED.);
#1146 = CARTESIAN_POINT('',(89.946258279381,67.145,12.537499791093));
#1147 = CARTESIAN_POINT('',(89.951706691153,67.720568926927,
    12.519093200172));
#1148 = CARTESIAN_POINT('',(89.947782264641,68.298789991344,
    12.500684755428));
#1149 = CARTESIAN_POINT('',(89.934326520261,68.879540282447,
    12.482315631602));
#1150 = CARTESIAN_POINT('',(89.911177642476,69.462679485282,
    12.464027501533));
#1151 = CARTESIAN_POINT('',(89.878172155892,70.048049759773,
    12.445862539074));
#1152 = CARTESIAN_POINT('',(89.835146601339,70.635475619749,
    12.427863422007));
#1153 = CARTESIAN_POINT('',(89.781939211967,71.224763811971,
    12.410073334963));
#1154 = CARTESIAN_POINT('',(89.656057837987,72.395354597383,
    12.375333604157));
#1155 = CARTESIAN_POINT('',(89.583775775176,72.976587788532,
    12.358374623074));
#1156 = CARTESIAN_POINT('',(89.501396848477,73.559202259058,
    12.341700129304));
#1157 = CARTESIAN_POINT('',(89.408776420838,74.142970765617,
    12.325352094086));
#1158 = CARTESIAN_POINT('',(89.305777594153,74.727639049478,
    12.309372993878));
#1159 = CARTESIAN_POINT('',(89.192275032837,75.312925554915,
    12.29380544455));
#1160 = CARTESIAN_POINT('',(89.06815878741,75.898521147613,
    12.278691835583));
#1161 = CARTESIAN_POINT('',(88.818018823991,76.984956040223,
    12.251570520929));
#1162 = CARTESIAN_POINT('',(88.694868450593,77.485800319708,
    12.239429825864));
#1163 = CARTESIAN_POINT('',(88.563831750216,77.98640671929,
    12.227678000293));
#1164 = CARTESIAN_POINT('',(88.424864759464,78.486542471943,
    12.21634088389));
#1165 = CARTESIAN_POINT('',(88.277937731661,78.985957165997,
    12.205443601873));
#1166 = CARTESIAN_POINT('',(88.123038069311,79.484382915286,
    12.195010132097));
#1167 = CARTESIAN_POINT('',(87.960173256555,79.981534529296,
    12.185062872139));
#1168 = CARTESIAN_POINT('',(87.483839797623,81.363617473085,
    12.158734306225));
#1169 = CARTESIAN_POINT('',(87.152867115844,82.245220550727,
    12.143464886502));
#1170 = CARTESIAN_POINT('',(86.796676002432,83.120017221969,
    12.129933936211));
#1171 = CARTESIAN_POINT('',(86.415708502571,83.986064354592,
    12.118237198194));
#1172 = CARTESIAN_POINT('',(86.010657010361,84.841390755955,
    12.108435306139));
#1173 = CARTESIAN_POINT('',(85.582495088879,85.684011293691,
    12.100545959264));
#1174 = CARTESIAN_POINT('',(85.13251055045,86.5119417596,12.094539134702
    ));
#1175 = CARTESIAN_POINT('',(84.214397557216,88.096135590384,
    12.086330268163));
#1176 = CARTESIAN_POINT('',(83.748034164331,88.854106146738,
    12.083960945252));
#1177 = CARTESIAN_POINT('',(83.26465371646,89.595410347427,
    12.083160664276));
#1178 = CARTESIAN_POINT('',(82.765767978678,90.318656623679,
    12.083820567582));
#1179 = CARTESIAN_POINT('',(82.25295793046,91.022738953357,
    12.085797606418));
#1180 = CARTESIAN_POINT('',(81.727840124818,91.706801538085,
    12.088924334612));
#1181 = CARTESIAN_POINT('',(81.192038859259,92.370206840469,
    12.093020533929));
#1182 = CARTESIAN_POINT('',(80.369122066316,93.340263940551,
    12.100399999975));
#1183 = CARTESIAN_POINT('',(80.088696159521,93.662550140409,
    12.103099204788));
#1184 = CARTESIAN_POINT('',(79.806087068653,93.979319860911,
    12.105980510612));
#1185 = CARTESIAN_POINT('',(79.52148789849,94.290545421847,
    12.109020285705));
#1186 = CARTESIAN_POINT('',(79.23508362784,94.596215348805,
    12.112195372746));
#1187 = CARTESIAN_POINT('',(78.947050509271,94.89633253913,
    12.115483420021));
#1188 = CARTESIAN_POINT('',(78.657555468846,95.190912427884,
    12.11886321263));
#1189 = CARTESIAN_POINT('',(77.791105992648,96.052203617818,
    12.129147954463));
#1190 = CARTESIAN_POINT('',(77.210365120454,96.60280778511,
    12.136264184609));
#1191 = CARTESIAN_POINT('',(76.625719669301,97.132038971015,
    12.143499776847));
#1192 = CARTESIAN_POINT('',(76.038220859952,97.640263685892,
    12.150755477276));
#1193 = CARTESIAN_POINT('',(75.448779095448,98.127992895469,
    12.157886112766));
#1194 = CARTESIAN_POINT('',(74.858169787131,98.595779509772,
    12.164814356511));
#1195 = CARTESIAN_POINT('',(74.267028110891,99.044244263294,
    12.171459867817));
#1196 = CARTESIAN_POINT('',(73.366805217137,99.698718637937,
    12.181063726975));
#1197 = CARTESIAN_POINT('',(73.057750078667,99.918296253322,
    12.184268146437));
#1198 = CARTESIAN_POINT('',(72.74876481222,100.13285837202,
    12.187371754954));
#1199 = CARTESIAN_POINT('',(72.439916429534,100.34249653617,
    12.190367670997));
#1200 = CARTESIAN_POINT('',(72.131265156558,100.5473022995,
    12.193250238077));
#1201 = CARTESIAN_POINT('',(71.82286457684,100.74736694561,
    12.196014954296));
#1202 = CARTESIAN_POINT('',(71.514761774911,100.94278120618,
    12.1986584019));
#1203 = CARTESIAN_POINT('',(70.937063878102,101.30102881651,
    12.203388218522));
#1204 = CARTESIAN_POINT('',(70.667391548522,101.46491366576,
    12.205503608815));
#1205 = CARTESIAN_POINT('',(70.39800817595,101.62535105855,
    12.207520572411));
#1206 = CARTESIAN_POINT('',(70.128938888419,101.782399126,
    12.209440857403));
#1207 = CARTESIAN_POINT('',(69.860206029422,101.93611579839,
    12.211264926634));
#1208 = CARTESIAN_POINT('',(69.591829126721,102.08655990627,
    12.212989509968));
#1209 = CARTESIAN_POINT('',(69.323825057491,102.23379018306,
    12.214609517477));
#1210 = CARTESIAN_POINT('',(68.587593955369,102.63014174792,
    12.218776821659));
#1211 = CARTESIAN_POINT('',(68.120171821475,102.87273541123,
    12.221105821079));
#1212 = CARTESIAN_POINT('',(67.654016349063,103.10594736705,
    12.223099809034));
#1213 = CARTESIAN_POINT('',(67.189187271452,103.3300659983,
    12.224750940879));
#1214 = CARTESIAN_POINT('',(66.72573010999,103.54536472192,
    12.226054689275));
#1215 = CARTESIAN_POINT('',(66.263676569674,103.75210284814,
    12.227009503379));
#1216 = CARTESIAN_POINT('',(65.803044934771,103.95052643966,
    12.227616468031));
#1217 = CARTESIAN_POINT('',(65.118686893861,104.23419654096,
    12.228007667407));
#1218 = CARTESIAN_POINT('',(64.893877304444,104.32558079595,
    12.228053668876));
#1219 = CARTESIAN_POINT('',(64.669412734045,104.41504941618,
    12.228017079567));
#1220 = CARTESIAN_POINT('',(64.445293825396,104.50262886799,
    12.227898521485));
#1221 = CARTESIAN_POINT('',(64.221520803587,104.58834474081,
    12.227698878404));
#1222 = CARTESIAN_POINT('',(63.998093453556,104.67222188429,
    12.227419047866));
#1223 = CARTESIAN_POINT('',(63.775011097581,104.75428454539,
    12.227059693167));
#1224 = CARTESIAN_POINT('',(63.329869402324,104.9147076085,
    12.226182958042));
#1225 = CARTESIAN_POINT('',(63.107809133081,104.99307343801,
    12.225665687677));
#1226 = CARTESIAN_POINT('',(62.886090625928,105.06967763103,
    12.225069298663));
#1227 = CARTESIAN_POINT('',(62.664712459386,105.14454310929,
    12.22439397291));
#1228 = CARTESIAN_POINT('',(62.443672929604,105.21769207933,
    12.223639959826));
#1229 = CARTESIAN_POINT('',(62.222970050362,105.28914603248,
    12.222807576327));
#1230 = CARTESIAN_POINT('',(62.002601553068,105.35892574488,
    12.221897206829));
#1231 = CARTESIAN_POINT('',(61.410838851508,105.54214134193,
    12.219240356494));
#1232 = CARTESIAN_POINT('',(61.040060465173,105.652510263,
    12.217350115904));
#1233 = CARTESIAN_POINT('',(60.670217049097,105.7582551,12.215240721916)
  );
#1234 = CARTESIAN_POINT('',(60.301294781762,105.85946720474,
    12.212914794265));
#1235 = CARTESIAN_POINT('',(59.933278652419,105.95623253506,
    12.210375389497));
#1236 = CARTESIAN_POINT('',(59.566152414709,106.04863196858,
    12.20762595846));
#1237 = CARTESIAN_POINT('',(59.199898540286,106.13674161633,
    12.204670303812));
#1238 = CARTESIAN_POINT('',(58.295385252899,106.34440696459,
    12.196853558617));
#1239 = CARTESIAN_POINT('',(57.75813309793,106.45899814252,
    12.19175435221));
#1240 = CARTESIAN_POINT('',(57.222680451617,106.56463682498,
    12.186228490448));
#1241 = CARTESIAN_POINT('',(56.688965385236,106.66152746216,
    12.180298158391));
#1242 = CARTESIAN_POINT('',(56.156921946906,106.74986955722,
    12.173949533884));
#1243 = CARTESIAN_POINT('',(55.626485971673,106.82982475347,
    12.167215106257));
#1244 = CARTESIAN_POINT('',(55.097588596106,106.90155076413,
    12.160095711965));
#1245 = CARTESIAN_POINT('',(54.308438877678,106.99675734,12.148892351757
    ));
#1246 = CARTESIAN_POINT('',(54.04708023971,107.02633935859,
    12.145085937926));
#1247 = CARTESIAN_POINT('',(53.786075276851,107.05394478832,
    12.141190293012));
#1248 = CARTESIAN_POINT('',(53.525415653355,107.07958921271,
    12.137207059239));
#1249 = CARTESIAN_POINT('',(53.265093036659,107.10328724809,
    12.133137920628));
#1250 = CARTESIAN_POINT('',(53.005099097385,107.12505254368,
    12.128984602992));
#1251 = CARTESIAN_POINT('',(52.745425509336,107.14489778155,
    12.124748873939));
#1252 = CARTESIAN_POINT('',(52.221179174433,107.18115354553,
    12.116024293686));
#1253 = CARTESIAN_POINT('',(51.956619896921,107.19748214095,
    12.111531527928));
#1254 = CARTESIAN_POINT('',(51.692377330537,107.21183217441,
    12.106958097706));
#1255 = CARTESIAN_POINT('',(51.428442570161,107.22421597303,
    12.102304089275));
#1256 = CARTESIAN_POINT('',(51.164806730945,107.23464529272,
    12.097568707921));
#1257 = CARTESIAN_POINT('',(50.901461010162,107.24313072038,
    12.092751753291));
#1258 = CARTESIAN_POINT('',(50.638396671936,107.24968166503,
    12.087853685148));
#1259 = CARTESIAN_POINT('',(49.843349060639,107.26367492302,
    12.072789037862));
#1260 = CARTESIAN_POINT('',(49.312212552719,107.26514339187,
    12.062370298362));
#1261 = CARTESIAN_POINT('',(48.782121865959,107.25878463499,
    12.051618062456));
#1262 = CARTESIAN_POINT('',(48.253005718351,107.244656207,
    12.040532698756));
#1263 = CARTESIAN_POINT('',(47.724794718941,107.22280126022,
    12.029114990519));
#1264 = CARTESIAN_POINT('',(47.197420975762,107.19324887801,
    12.017366183083));
#1265 = CARTESIAN_POINT('',(46.670817703762,107.15601440819,
    12.005288031311));
#1266 = CARTESIAN_POINT('',(45.72087420318,107.07488408848,
    11.982880255147));
#1267 = CARTESIAN_POINT('',(45.297288442137,107.03367518256,
    11.972664941646));
#1268 = CARTESIAN_POINT('',(44.874127769089,106.98746489054,
    11.962257699916));
#1269 = CARTESIAN_POINT('',(44.451359622124,106.93623897725,
    11.951679428287));
#1270 = CARTESIAN_POINT('',(44.028952544882,106.87997711209,
    11.940951006368));
#1271 = CARTESIAN_POINT('',(43.606876073501,106.81865282058,
    11.930093171394));
#1272 = CARTESIAN_POINT('',(43.185100623572,106.75223343598,
    11.919126394569));
#1273 = CARTESIAN_POINT('',(42.54996762119,106.64441477345,
    11.902467448092));
#1274 = CARTESIAN_POINT('',(42.33640787712,106.60683070852,
    11.896841311099));
#1275 = CARTESIAN_POINT('',(42.122914442785,106.56792280116,
    11.891194970338));
#1276 = CARTESIAN_POINT('',(41.909483704341,106.52768558162,
    11.885531016925));
#1277 = CARTESIAN_POINT('',(41.696112136186,106.48611316538,
    11.879852009178));
#1278 = CARTESIAN_POINT('',(41.482796300959,106.44319925313,
    11.874160472619));
#1279 = CARTESIAN_POINT('',(41.269532849539,106.3989371308,
    11.868458899975));
#1280 = CARTESIAN_POINT('',(40.951617171702,106.33091869024,
    11.859946207963));
#1281 = CARTESIAN_POINT('',(40.846927665201,106.30819091671,
    11.857140771778));
#1282 = CARTESIAN_POINT('',(40.742249630711,106.28513534749,
    11.854334026168));
#1283 = CARTESIAN_POINT('',(40.637582671096,106.26175134468,
    11.851525826346));
#1284 = CARTESIAN_POINT('',(40.53292641447,106.23803801105,
    11.848716466167));
#1285 = CARTESIAN_POINT('',(40.428280518065,106.21399413572,
    11.845906777891));
#1286 = CARTESIAN_POINT('',(40.323644624408,106.18961870863,
    11.843097164724));
#1287 = CARTESIAN_POINT('',(40.110095609045,106.13919075869,
    11.837358513963));
#1288 = CARTESIAN_POINT('',(40.001183299626,106.11311034802,
    11.834429544632));
#1289 = CARTESIAN_POINT('',(39.89228087472,106.0866704298,
    11.831497571264));
#1290 = CARTESIAN_POINT('',(39.783387874126,106.05987063927,
    11.828561516163));
#1291 = CARTESIAN_POINT('',(39.674503844287,106.03271058854,
    11.82562031081));
#1292 = CARTESIAN_POINT('',(39.565628338296,106.00518986659,
    11.822672895871));
#1293 = CARTESIAN_POINT('',(39.456760915893,105.97730803925,
    11.819718221191));
#1294 = CARTESIAN_POINT('',(38.920489063032,105.83817367612,
    11.805121825581));
#1295 = CARTESIAN_POINT('',(38.493195336713,105.72170913688,
    11.793360467288));
#1296 = CARTESIAN_POINT('',(38.065993153878,105.5996431463,
    11.781408208199));
#1297 = CARTESIAN_POINT('',(37.638857921487,105.47194234919,
    11.769204547812));
#1298 = CARTESIAN_POINT('',(37.21176721581,105.33856760357,
    11.756691925754));
#1299 = CARTESIAN_POINT('',(36.784700734149,105.19947366389,
    11.743816199703));
#1300 = CARTESIAN_POINT('',(36.357640246563,105.05460886426,
    11.730527123307));
#1301 = CARTESIAN_POINT('',(35.823943224192,104.86629116249,
    11.713346299692));
#1302 = CARTESIAN_POINT('',(35.717316290223,104.82830416627,
    11.709885150952));
#1303 = CARTESIAN_POINT('',(35.610688502334,104.78995290738,
    11.706394663249));
#1304 = CARTESIAN_POINT('',(35.50405962785,104.7512364541,11.70287413991
    ));
#1305 = CARTESIAN_POINT('',(35.397429444755,104.7121538486,
    11.699322902219));
#1306 = CARTESIAN_POINT('',(35.290797741699,104.67270410687,
    11.695740289417));
#1307 = CARTESIAN_POINT('',(35.184164317996,104.63288621879,
    11.6921256587));
#1308 = CARTESIAN_POINT('',(34.997115849169,104.56239429332,
    11.685727995829));
#1309 = CARTESIAN_POINT('',(34.916701613357,104.53187969843,
    11.682958726549));
#1310 = CARTESIAN_POINT('',(34.836286276913,104.50115403514,
    11.680171732707));
#1311 = CARTESIAN_POINT('',(34.755869642255,104.47021803975,
    11.677364824592));
#1312 = CARTESIAN_POINT('',(34.675451601723,104.43907160913,
    11.674537176374));
#1313 = CARTESIAN_POINT('',(34.595032235432,104.40771279568,
    11.67169094097));
#1314 = CARTESIAN_POINT('',(34.514611718746,104.37613870113,
    11.668829770848));
#1315 = CARTESIAN_POINT('',(34.182815860778,104.2449808631,
    11.656966208145));
#1316 = CARTESIAN_POINT('',(33.931430707215,104.14349847967,
    11.647840298247));
#1317 = CARTESIAN_POINT('',(33.680036380178,104.03984669776,
    11.638630756768));
#1318 = CARTESIAN_POINT('',(33.428635521895,103.93396945826,
    11.629390195069));
#1319 = CARTESIAN_POINT('',(33.177231608982,103.82580914059,
    11.62016943077));
#1320 = CARTESIAN_POINT('',(32.925828946096,103.71530663906,
    11.611017324322));
#1321 = CARTESIAN_POINT('',(32.674432659592,103.60240143921,
    11.601980615582));
#1322 = CARTESIAN_POINT('',(32.202772453448,103.38593847984,
    11.585325379452));
#1323 = CARTESIAN_POINT('',(31.982505890071,103.28295304262,
    11.577669743562));
#1324 = CARTESIAN_POINT('',(31.762253067313,103.17803387162,
    11.570166756274));
#1325 = CARTESIAN_POINT('',(31.542018779936,103.07113881197,
    11.562844978113));
#1326 = CARTESIAN_POINT('',(31.321808538729,102.96222522925,
    11.555731525158));
#1327 = CARTESIAN_POINT('',(31.101628558032,102.85125017392,
    11.548851967613));
#1328 = CARTESIAN_POINT('',(30.881485743268,102.73817054586,
    11.542230228393));
#1329 = CARTESIAN_POINT('',(30.493994985991,102.53530865891,
    11.53106534955));
#1330 = CARTESIAN_POINT('',(30.32662822453,102.44643190367,
    11.526404144828));
#1331 = CARTESIAN_POINT('',(30.15929077215,102.35629395565,
    11.521914674441));
#1332 = CARTESIAN_POINT('',(29.991986270146,102.26487592717,
    11.517606108042));
#1333 = CARTESIAN_POINT('',(29.824718623038,102.17215908025,
    11.513486978036));
#1334 = CARTESIAN_POINT('',(29.657491998574,102.07812482666,
    11.509565179576));
#1335 = CARTESIAN_POINT('',(29.490310827726,101.98275472784,
    11.505847970568));
#1336 = CARTESIAN_POINT('',(29.198506011486,101.81387766069,
    11.4997266213));
#1337 = CARTESIAN_POINT('',(29.07386009258,101.74097192945,
    11.497228013711));
#1338 = CARTESIAN_POINT('',(28.949244829932,101.66730059153,
    11.494856045714));
#1339 = CARTESIAN_POINT('',(28.824659759514,101.59287073233,
    11.492592830536));
#1340 = CARTESIAN_POINT('',(28.700105963709,101.51768044681,
    11.490433199512));
#1341 = CARTESIAN_POINT('',(28.575585103469,101.44172468252,
    11.488376451975));
#1342 = CARTESIAN_POINT('',(28.45109759048,101.36500615733,
    11.486410957064));
#1343 = CARTESIAN_POINT('',(27.992598341869,101.07954433374,
    11.479493112385));
#1344 = CARTESIAN_POINT('',(27.658802707156,100.86605215152,
    11.475082180379));
#1345 = CARTESIAN_POINT('',(27.325277456089,100.64701825096,
    11.471185893051));
#1346 = CARTESIAN_POINT('',(26.992046751196,100.42240938922,
    11.46769900131));
#1347 = CARTESIAN_POINT('',(26.659139615706,100.19218484494,
    11.464525987726));
#1348 = CARTESIAN_POINT('',(26.326590192395,99.956295182445,
    11.461581525157));
#1349 = CARTESIAN_POINT('',(25.994438002428,99.714681015868,
    11.458790935382));
#1350 = CARTESIAN_POINT('',(25.493762341349,99.341246807105,
    11.454715179074));
#1351 = CARTESIAN_POINT('',(25.324911565762,99.213718428849,
    11.453363140275));
#1352 = CARTESIAN_POINT('',(25.156181962059,99.084677481867,
    11.45202610568));
#1353 = CARTESIAN_POINT('',(24.98758015725,98.95411415627,
    11.450696398976));
#1354 = CARTESIAN_POINT('',(24.819113320751,98.822017989026,
    11.449367093199));
#1355 = CARTESIAN_POINT('',(24.650789164384,98.688377863972,
    11.448032010735));
#1356 = CARTESIAN_POINT('',(24.48261594238,98.553182011805,
    11.446685723316));
#1357 = CARTESIAN_POINT('',(24.19694100523,98.32064087858,
    11.444369610506));
#1358 = CARTESIAN_POINT('',(24.079358032679,98.224094460895,
    11.443408219011));
#1359 = CARTESIAN_POINT('',(23.961856115965,98.126775953589,
    11.442435785216));
#1360 = CARTESIAN_POINT('',(23.844439437455,98.028677403838,
    11.441455592108));
#1361 = CARTESIAN_POINT('',(23.727110375139,97.929797616172,
    11.440461872448));
#1362 = CARTESIAN_POINT('',(23.609871968195,97.830133615287,
    11.439451276625));
#1363 = CARTESIAN_POINT('',(23.492729978401,97.729673413535,
    11.43843252175));
#1364 = CARTESIAN_POINT('',(23.051570010954,97.347992745959,
    11.434559567758));
#1365 = CARTESIAN_POINT('',(22.728222659129,97.061426937667,
    11.431649894565));
#1366 = CARTESIAN_POINT('',(22.405739812133,96.768564155982,
    11.428717883188));
#1367 = CARTESIAN_POINT('',(22.08422577342,96.46925569835,
    11.425802797487));
#1368 = CARTESIAN_POINT('',(21.763795660262,96.163355343649,
    11.422941046151));
#1369 = CARTESIAN_POINT('',(21.444575508546,95.850720285405,
    11.420165956642));
#1370 = CARTESIAN_POINT('',(21.126702377564,95.53121206502,
    11.417507549141));
#1371 = CARTESIAN_POINT('',(20.511304311568,94.896096861622,
    11.412615068054));
#1372 = CARTESIAN_POINT('',(20.213621330562,94.581239136336,
    11.410365720931));
#1373 = CARTESIAN_POINT('',(19.917400993061,94.260012666321,
    11.408266672042));
#1374 = CARTESIAN_POINT('',(19.622779716121,93.932312109378,
    11.406337487379));
#1375 = CARTESIAN_POINT('',(19.329904677337,93.598039841636,
    11.404594795318));
#1376 = CARTESIAN_POINT('',(19.038933639599,93.257107355269,
    11.403052185927));
#1377 = CARTESIAN_POINT('',(18.750034775845,92.909436656204,
    11.401720110277));
#1378 = CARTESIAN_POINT('',(18.332358106482,92.3929293394,
    11.400096413607));
#1379 = CARTESIAN_POINT('',(18.201800157208,92.229475556158,
    11.39963253759));
#1380 = CARTESIAN_POINT('',(18.071730120632,92.064593239176,
    11.399215968446));
#1381 = CARTESIAN_POINT('',(17.94216424336,91.898279494195,
    11.398843482027));
#1382 = CARTESIAN_POINT('',(17.813119076115,91.730532258724,
    11.398511396912));
#1383 = CARTESIAN_POINT('',(17.684612145894,91.561348853981,
    11.398217588175));
#1384 = CARTESIAN_POINT('',(17.556661768129,91.390726435692,
    11.397960931347));
#1385 = CARTESIAN_POINT('',(17.309103007874,91.056318420633,
    11.397528000439));
#1386 = CARTESIAN_POINT('',(17.189431602064,90.892690657482,
    11.397348226563));
#1387 = CARTESIAN_POINT('',(17.070287218093,90.727779813993,
    11.397196941526));
#1388 = CARTESIAN_POINT('',(16.951685642308,90.56158514965,
    11.39707227763));
#1389 = CARTESIAN_POINT('',(16.833643010737,90.394106423706,
    11.39697241286));
#1390 = CARTESIAN_POINT('',(16.716175809082,90.225343895186,
    11.396895570874));
#1391 = CARTESIAN_POINT('',(16.599300872721,90.055298322888,
    11.396840021012));
#1392 = CARTESIAN_POINT('',(16.195199236059,89.459819234895,
    11.396715095607));
#1393 = CARTESIAN_POINT('',(15.91109760262,89.02781029793,11.39674632939
    ));
#1394 = CARTESIAN_POINT('',(15.630991656177,88.587965534352,
    11.396872261127));
#1395 = CARTESIAN_POINT('',(15.355155166254,88.140326343204,
    11.397069476417));
#1396 = CARTESIAN_POINT('',(15.083872844908,87.684956775142,
    11.397316889587));
#1397 = CARTESIAN_POINT('',(14.817438689521,87.221946164878,
    11.397595968295));
#1398 = CARTESIAN_POINT('',(14.556154325596,86.751411763624,
    11.39789095815));
#1399 = CARTESIAN_POINT('',(14.042957736153,85.792709178505,
    11.398489054325));
#1400 = CARTESIAN_POINT('',(13.791108601914,85.304447030437,
    11.398791883242));
#1401 = CARTESIAN_POINT('',(13.545096492961,84.808869337573,
    11.399086146316));
#1402 = CARTESIAN_POINT('',(13.305236390885,84.306158075532,
    11.399358121226));
#1403 = CARTESIAN_POINT('',(13.071847355003,83.796520007373,
    11.399603985043));
#1404 = CARTESIAN_POINT('',(12.845244417667,83.280192746741,
    11.399820465723));
#1405 = CARTESIAN_POINT('',(12.625732252385,82.757449368172,
    11.399999060556));
#1406 = CARTESIAN_POINT('',(12.21653319618,81.737214618995,
    11.400288141197));
#1407 = CARTESIAN_POINT('',(12.025831437773,81.240550441231,
    11.400402353942));
#1408 = CARTESIAN_POINT('',(11.841755090738,80.738843741763,
    11.400495819314));
#1409 = CARTESIAN_POINT('',(11.664535842756,80.232354958395,
    11.400572244948));
#1410 = CARTESIAN_POINT('',(11.4943916695,79.721360336886,
    11.400634814793));
#1411 = CARTESIAN_POINT('',(11.33152566643,79.206152305463,
    11.40068622787));
#1412 = CARTESIAN_POINT('',(11.176124880596,78.687039849347,
    11.40072873702));
#1413 = CARTESIAN_POINT('',(10.779894661074,77.285456789405,
    11.400823797047));
#1414 = CARTESIAN_POINT('',(10.552998723755,76.396381887347,
    11.400863452853));
#1415 = CARTESIAN_POINT('',(10.34849677408,75.498716584219,
    11.400891988388));
#1416 = CARTESIAN_POINT('',(10.167027084591,74.594042887386,
    11.400914973153));
#1417 = CARTESIAN_POINT('',(10.009055460445,73.683927625952,
    11.400935535158));
#1418 = CARTESIAN_POINT('',(9.874887512896,72.769918396946,
    11.400954738509));
#1419 = CARTESIAN_POINT('',(9.764678502561,71.85354023819,
    11.400971516284));
#1420 = CARTESIAN_POINT('',(9.633843805428,70.461948262734,
    11.400987662286));
#1421 = CARTESIAN_POINT('',(9.595655866296,69.9873527756,11.400991525605
    ));
#1422 = CARTESIAN_POINT('',(9.563878448983,69.512703335492,
    11.400993228154));
#1423 = CARTESIAN_POINT('',(9.538503194413,69.038189032127,
    11.400992066277));
#1424 = CARTESIAN_POINT('',(9.519512725762,68.563991343682,
    11.400987120895));
#1425 = CARTESIAN_POINT('',(9.506881503665,68.09028420458,
    11.400977225257));
#1426 = CARTESIAN_POINT('',(9.500576681416,67.617234073268,
    11.400960932684));
#1427 = CARTESIAN_POINT('',(9.500558960176,67.145,11.400936484322));
#1428 = PCURVE('',#52,#1429);
#1429 = DEFINITIONAL_REPRESENTATION('',(#1430),#1713);
#1430 = B_SPLINE_CURVE_WITH_KNOTS('',8,(#1431,#1432,#1433,#1434,#1435,
    #1436,#1437,#1438,#1439,#1440,#1441,#1442,#1443,#1444,#1445,#1446,
    #1447,#1448,#1449,#1450,#1451,#1452,#1453,#1454,#1455,#1456,#1457,
    #1458,#1459,#1460,#1461,#1462,#1463,#1464,#1465,#1466,#1467,#1468,
    #1469,#1470,#1471,#1472,#1473,#1474,#1475,#1476,#1477,#1478,#1479,
    #1480,#1481,#1482,#1483,#1484,#1485,#1486,#1487,#1488,#1489,#1490,
    #1491,#1492,#1493,#1494,#1495,#1496,#1497,#1498,#1499,#1500,#1501,
    #1502,#1503,#1504,#1505,#1506,#1507,#1508,#1509,#1510,#1511,#1512,
    #1513,#1514,#1515,#1516,#1517,#1518,#1519,#1520,#1521,#1522,#1523,
    #1524,#1525,#1526,#1527,#1528,#1529,#1530,#1531,#1532,#1533,#1534,
    #1535,#1536,#1537,#1538,#1539,#1540,#1541,#1542,#1543,#1544,#1545,
    #1546,#1547,#1548,#1549,#1550,#1551,#1552,#1553,#1554,#1555,#1556,
    #1557,#1558,#1559,#1560,#1561,#1562,#1563,#1564,#1565,#1566,#1567,
    #1568,#1569,#1570,#1571,#1572,#1573,#1574,#1575,#1576,#1577,#1578,
    #1579,#1580,#1581,#1582,#1583,#1584,#1585,#1586,#1587,#1588,#1589,
    #1590,#1591,#1592,#1593,#1594,#1595,#1596,#1597,#1598,#1599,#1600,
    #1601,#1602,#1603,#1604,#1605,#1606,#1607,#1608,#1609,#1610,#1611,
    #1612,#1613,#1614,#1615,#1616,#1617,#1618,#1619,#1620,#1621,#1622,
    #1623,#1624,#1625,#1626,#1627,#1628,#1629,#1630,#1631,#1632,#1633,
    #1634,#1635,#1636,#1637,#1638,#1639,#1640,#1641,#1642,#1643,#1644,
    #1645,#1646,#1647,#1648,#1649,#1650,#1651,#1652,#1653,#1654,#1655,
    #1656,#1657,#1658,#1659,#1660,#1661,#1662,#1663,#1664,#1665,#1666,
    #1667,#1668,#1669,#1670,#1671,#1672,#1673,#1674,#1675,#1676,#1677,
    #1678,#1679,#1680,#1681,#1682,#1683,#1684,#1685,#1686,#1687,#1688,
    #1689,#1690,#1691,#1692,#1693,#1694,#1695,#1696,#1697,#1698,#1699,
    #1700,#1701,#1702,#1703,#1704,#1705,#1706,#1707,#1708,#1709,#1710,
    #1711,#1712),.UNSPECIFIED.,.F.,.F.,(9,7,7,7,7,7,7,7,7,7,7,7,7,7,7,7,
    7,7,7,7,7,7,7,7,7,7,7,7,7,7,7,7,7,7,7,7,7,7,7,7,9),(0.,
    3.088684088098E-02,6.118368880848E-02,8.709819533636E-02,
    0.133455264933,0.177620879162,0.200157986811,0.244771042858,
    0.26809372524,0.288549560276,0.324369080698,0.341931829845,
    0.359468136576,0.389093661647,0.43280325999,0.454492820361,
    0.476644269188,0.52150960716,0.557685584461,0.576020591994,
    0.585024208414,0.594397543277,0.631199719741,0.640388083116,
    0.64731697872,0.66897463937,0.687952253719,0.702385429065,
    0.713152064043,0.74205102443,0.756771535564,0.767080449555,
    0.795628455428,0.822610201597,0.834943694974,0.846580728703,
    0.87539030159,0.904373596278,0.931302775137,0.976583531979,1.),
  .UNSPECIFIED.);
#1431 = CARTESIAN_POINT('',(89.47049442991,1.623314719005E-12));
#1432 = CARTESIAN_POINT('',(89.723764219896,1.247305075309E-02));
#1433 = CARTESIAN_POINT('',(89.971189396878,2.500357549733E-02));
#1434 = CARTESIAN_POINT('',(90.21247879786,3.758891065957E-02));
#1435 = CARTESIAN_POINT('',(90.447320371404,5.02260155001E-02));
#1436 = CARTESIAN_POINT('',(90.675381717199,6.291146949392E-02));
#1437 = CARTESIAN_POINT('',(90.89631062563,7.564146971042E-02));
#1438 = CARTESIAN_POINT('',(91.109735617351,8.841182819311E-02));
#1439 = CARTESIAN_POINT('',(91.516871347535,0.113779490679));
#1440 = CARTESIAN_POINT('',(91.710878223695,0.126375290682));
#1441 = CARTESIAN_POINT('',(91.89691955424,0.139001024143));
#1442 = CARTESIAN_POINT('',(92.074606220254,0.15165176651));
#1443 = CARTESIAN_POINT('',(92.243530799108,0.16432200779));
#1444 = CARTESIAN_POINT('',(92.403270822576,0.177005646439));
#1445 = CARTESIAN_POINT('',(92.553392034947,0.189695983262));
#1446 = CARTESIAN_POINT('',(92.81325209529,0.213239918523));
#1447 = CARTESIAN_POINT('',(92.925690584317,0.224093624872));
#1448 = CARTESIAN_POINT('',(93.030490165185,0.234942176168));
#1449 = CARTESIAN_POINT('',(93.127368804262,0.24578052816));
#1450 = CARTESIAN_POINT('',(93.21604314449,0.25660325422));
#1451 = CARTESIAN_POINT('',(93.296232262557,0.267404549036));
#1452 = CARTESIAN_POINT('',(93.367661426074,0.278178232296));
#1453 = CARTESIAN_POINT('',(93.541697776062,0.308129103328));
#1454 = CARTESIAN_POINT('',(93.624468849368,0.327234165147));
#1455 = CARTESIAN_POINT('',(93.676830018471,0.346191726557));
#1456 = CARTESIAN_POINT('',(93.697388421512,0.364959678288));
#1457 = CARTESIAN_POINT('',(93.684971638885,0.383495302979));
#1458 = CARTESIAN_POINT('',(93.638704166616,0.401755581183));
#1459 = CARTESIAN_POINT('',(93.558096111198,0.419697513481));
#1460 = CARTESIAN_POINT('',(93.333626270384,0.454028293215));
#1461 = CARTESIAN_POINT('',(93.192910740501,0.470454136889));
#1462 = CARTESIAN_POINT('',(93.02097009083,0.486518806966));
#1463 = CARTESIAN_POINT('',(92.81813273123,0.502192147008));
#1464 = CARTESIAN_POINT('',(92.585047741818,0.517450188609));
#1465 = CARTESIAN_POINT('',(92.322646808803,0.532274385916));
#1466 = CARTESIAN_POINT('',(92.032103261163,0.54665092297));
#1467 = CARTESIAN_POINT('',(91.552866685426,0.567672856009));
#1468 = CARTESIAN_POINT('',(91.383961743931,0.574657062312));
#1469 = CARTESIAN_POINT('',(91.208246458917,0.581521721983));
#1470 = CARTESIAN_POINT('',(91.025902021015,0.588266235168));
#1471 = CARTESIAN_POINT('',(90.837115573044,0.594890353208));
#1472 = CARTESIAN_POINT('',(90.642078046813,0.601394138891));
#1473 = CARTESIAN_POINT('',(90.440981999927,0.607777926707));
#1474 = CARTESIAN_POINT('',(89.824329271057,0.626442813259));
#1475 = CARTESIAN_POINT('',(89.391665812217,0.638374857191));
#1476 = CARTESIAN_POINT('',(88.937505321757,0.649843731088));
#1477 = CARTESIAN_POINT('',(88.463300131701,0.660857377524));
#1478 = CARTESIAN_POINT('',(87.970495109713,0.671426869552));
#1479 = CARTESIAN_POINT('',(87.460438204791,0.681564189181));
#1480 = CARTESIAN_POINT('',(86.934386447295,0.691282788239));
#1481 = CARTESIAN_POINT('',(86.110695468279,0.705465784764));
#1482 = CARTESIAN_POINT('',(85.823860304874,0.710224211796));
#1483 = CARTESIAN_POINT('',(85.533131444983,0.714873948901));
#1484 = CARTESIAN_POINT('',(85.238666939026,0.719416979872));
#1485 = CARTESIAN_POINT('',(84.94061834574,0.723855288753));
#1486 = CARTESIAN_POINT('',(84.639130380575,0.728190853735));
#1487 = CARTESIAN_POINT('',(84.334340564088,0.732425641049));
#1488 = CARTESIAN_POINT('',(83.756272134694,0.740189160614));
#1489 = CARTESIAN_POINT('',(83.483726097912,0.743740679722));
#1490 = CARTESIAN_POINT('',(83.208829405403,0.747217489621));
#1491 = CARTESIAN_POINT('',(82.931665905329,0.75062085006));
#1492 = CARTESIAN_POINT('',(82.652316484652,0.753952016435));
#1493 = CARTESIAN_POINT('',(82.370859679708,0.757212263653));
#1494 = CARTESIAN_POINT('',(82.087371061327,0.760402864515));
#1495 = CARTESIAN_POINT('',(81.302080143697,0.76899212803));
#1496 = CARTESIAN_POINT('',(80.796230846392,0.774249331699));
#1497 = CARTESIAN_POINT('',(80.284752257969,0.779303226071));
#1498 = CARTESIAN_POINT('',(79.76799793905,0.784160060642));
#1499 = CARTESIAN_POINT('',(79.246296280664,0.788825760579));
#1500 = CARTESIAN_POINT('',(78.719950529428,0.793305945349));
#1501 = CARTESIAN_POINT('',(78.189238812727,0.797605947333));
#1502 = CARTESIAN_POINT('',(77.392183094503,0.803753311106));
#1503 = CARTESIAN_POINT('',(77.128964246823,0.805733682868));
#1504 = CARTESIAN_POINT('',(76.864788049542,0.807672541254));
#1505 = CARTESIAN_POINT('',(76.599683797713,0.809570459811));
#1506 = CARTESIAN_POINT('',(76.333679709435,0.811427993083));
#1507 = CARTESIAN_POINT('',(76.066802982541,0.813245679582));
#1508 = CARTESIAN_POINT('',(75.799079851283,0.815024044759));
#1509 = CARTESIAN_POINT('',(75.262395754018,0.818500544122));
#1510 = CARTESIAN_POINT('',(74.99343743336,0.820198795926));
#1511 = CARTESIAN_POINT('',(74.723685917362,0.821858871623));
#1512 = CARTESIAN_POINT('',(74.45316561437,0.823481267944));
#1513 = CARTESIAN_POINT('',(74.181900104757,0.825066466125));
#1514 = CARTESIAN_POINT('',(73.909912140929,0.826614931899));
#1515 = CARTESIAN_POINT('',(73.637223647321,0.828127115503));
#1516 = CARTESIAN_POINT('',(72.902032800853,0.832097547772));
#1517 = CARTESIAN_POINT('',(72.43827154704,0.83448933282));
#1518 = CARTESIAN_POINT('',(71.972673294687,0.836780910175));
#1519 = CARTESIAN_POINT('',(71.505334235619,0.838974259502));
#1520 = CARTESIAN_POINT('',(71.036345523493,0.841071243581));
#1521 = CARTESIAN_POINT('',(70.565793379535,0.843073615095));
#1522 = CARTESIAN_POINT('',(70.093759198278,0.844983023433));
#1523 = CARTESIAN_POINT('',(68.921805372047,0.849483301866));
#1524 = CARTESIAN_POINT('',(68.220235628115,0.851966586684));
#1525 = CARTESIAN_POINT('',(67.515855684811,0.854255863582));
#1526 = CARTESIAN_POINT('',(66.808893777846,0.856355563162));
#1527 = CARTESIAN_POINT('',(66.099569933005,0.858270008825));
#1528 = CARTESIAN_POINT('',(65.388082277395,0.86000270351));
#1529 = CARTESIAN_POINT('',(64.674620913256,0.861557064994));
#1530 = CARTESIAN_POINT('',(63.604433491096,0.863620269585));
#1531 = CARTESIAN_POINT('',(63.249064574657,0.864261336192));
#1532 = CARTESIAN_POINT('',(62.893274930657,0.864859568498));
#1533 = CARTESIAN_POINT('',(62.537085720287,0.865415304209));
#1534 = CARTESIAN_POINT('',(62.180517580048,0.865928860074));
#1535 = CARTESIAN_POINT('',(61.823590621748,0.866400531882));
#1536 = CARTESIAN_POINT('',(61.466324432499,0.866830594464));
#1537 = CARTESIAN_POINT('',(60.743536762667,0.867616286608));
#1538 = CARTESIAN_POINT('',(60.378001646465,0.867970140664));
#1539 = CARTESIAN_POINT('',(60.012152930355,0.86828111766));
#1540 = CARTESIAN_POINT('',(59.646010688725,0.868549484734));
#1541 = CARTESIAN_POINT('',(59.279594659981,0.868775496646));
#1542 = CARTESIAN_POINT('',(58.912924143283,0.868959382823));
#1543 = CARTESIAN_POINT('',(58.546017998112,0.869101347167));
#1544 = CARTESIAN_POINT('',(57.435326735347,0.869404592546));
#1545 = CARTESIAN_POINT('',(56.690869555701,0.86943641547));
#1546 = CARTESIAN_POINT('',(55.945675670836,0.869298615993));
#1547 = CARTESIAN_POINT('',(55.199893924792,0.86899244137));
#1548 = CARTESIAN_POINT('',(54.453669820279,0.868518826747));
#1549 = CARTESIAN_POINT('',(53.707145796398,0.867878402384));
#1550 = CARTESIAN_POINT('',(52.960461506344,0.867071500882));
#1551 = CARTESIAN_POINT('',(51.6116663459,0.865313340307));
#1552 = CARTESIAN_POINT('',(51.009564837975,0.864420309515));
#1553 = CARTESIAN_POINT('',(50.407521135315,0.863418894583));
#1554 = CARTESIAN_POINT('',(49.805607278752,0.862308787025));
#1555 = CARTESIAN_POINT('',(49.203895876181,0.861089546258));
#1556 = CARTESIAN_POINT('',(48.602460192753,0.859760598561));
#1557 = CARTESIAN_POINT('',(48.001374241077,0.858321236017));
#1558 = CARTESIAN_POINT('',(47.096280716171,0.855984717162));
#1559 = CARTESIAN_POINT('',(46.791957759706,0.855170239647));
#1560 = CARTESIAN_POINT('',(46.487753801634,0.854327073381));
#1561 = CARTESIAN_POINT('',(46.183678764485,0.853455099829));
#1562 = CARTESIAN_POINT('',(45.879742693705,0.85255419147));
#1563 = CARTESIAN_POINT('',(45.575955757657,0.851624211792));
#1564 = CARTESIAN_POINT('',(45.272328247621,0.850665015295));
#1565 = CARTESIAN_POINT('',(44.81985419731,0.849190999897));
#1566 = CARTESIAN_POINT('',(44.670878773594,0.848698470402));
#1567 = CARTESIAN_POINT('',(44.521945548021,0.848198837306));
#1568 = CARTESIAN_POINT('',(44.373055763425,0.847692086785));
#1569 = CARTESIAN_POINT('',(44.224210675903,0.847178199394));
#1570 = CARTESIAN_POINT('',(44.075411555494,0.846657148894));
#1571 = CARTESIAN_POINT('',(43.926659675734,0.846128913395));
#1572 = CARTESIAN_POINT('',(43.623146652765,0.845036098357));
#1573 = CARTESIAN_POINT('',(43.468389579244,0.844470914466));
#1574 = CARTESIAN_POINT('',(43.313686498412,0.843897939751));
#1575 = CARTESIAN_POINT('',(43.159038842625,0.843317166308));
#1576 = CARTESIAN_POINT('',(43.004448049696,0.842728585731));
#1577 = CARTESIAN_POINT('',(42.849915562896,0.842132189112));
#1578 = CARTESIAN_POINT('',(42.695442830951,0.841527967044));
#1579 = CARTESIAN_POINT('',(41.934771081944,0.838512811272));
#1580 = CARTESIAN_POINT('',(41.329455031897,0.835988929177));
#1581 = CARTESIAN_POINT('',(40.725170388794,0.833343659038));
#1582 = CARTESIAN_POINT('',(40.122006662869,0.830576278019));
#1583 = CARTESIAN_POINT('',(39.520055726668,0.827685937882));
#1584 = CARTESIAN_POINT('',(38.919411898021,0.824671658119));
#1585 = CARTESIAN_POINT('',(38.320172023008,0.821532319087));
#1586 = CARTESIAN_POINT('',(37.573199281009,0.817451320024));
#1587 = CARTESIAN_POINT('',(37.424056754112,0.816628110657));
#1588 = CARTESIAN_POINT('',(37.275009538199,0.81579700742));
#1589 = CARTESIAN_POINT('',(37.126059207506,0.81495799012));
#1590 = CARTESIAN_POINT('',(36.977207350543,0.814111038002));
#1591 = CARTESIAN_POINT('',(36.828455570097,0.81325612974));
#1592 = CARTESIAN_POINT('',(36.679805483223,0.812393243445));
#1593 = CARTESIAN_POINT('',(36.41924040375,0.8108656256));
#1594 = CARTESIAN_POINT('',(36.307280827403,0.8102043493));
#1595 = CARTESIAN_POINT('',(36.195380782792,0.809538498974));
#1596 = CARTESIAN_POINT('',(36.083540840976,0.808868090579));
#1597 = CARTESIAN_POINT('',(35.971761673008,0.80819312188));
#1598 = CARTESIAN_POINT('',(35.860044160716,0.80751355067));
#1599 = CARTESIAN_POINT('',(35.748389298744,0.806829314143));
#1600 = CARTESIAN_POINT('',(35.287996427051,0.803987016212));
#1601 = CARTESIAN_POINT('',(34.939815369868,0.801787809723));
#1602 = CARTESIAN_POINT('',(34.592281458062,0.79954159059));
#1603 = CARTESIAN_POINT('',(34.24542331721,0.797247143965));
#1604 = CARTESIAN_POINT('',(33.899271447157,0.794903221164));
#1605 = CARTESIAN_POINT('',(33.553858212452,0.792508541317));
#1606 = CARTESIAN_POINT('',(33.209217832787,0.790061793027));
#1607 = CARTESIAN_POINT('',(32.56410264098,0.785370863145));
#1608 = CARTESIAN_POINT('',(32.263440311459,0.783139084248));
#1609 = CARTESIAN_POINT('',(31.963423731433,0.780865399753));
#1610 = CARTESIAN_POINT('',(31.664078678667,0.778548896131));
#1611 = CARTESIAN_POINT('',(31.365432318451,0.776188649458));
#1612 = CARTESIAN_POINT('',(31.067513159925,0.773783728983));
#1613 = CARTESIAN_POINT('',(30.770351012403,0.771333200691));
#1614 = CARTESIAN_POINT('',(30.24857353473,0.766937017205));
#1615 = CARTESIAN_POINT('',(30.023626011542,0.765010985019));
#1616 = CARTESIAN_POINT('',(29.79914811949,0.76305762175));
#1617 = CARTESIAN_POINT('',(29.575154042891,0.761076518088));
#1618 = CARTESIAN_POINT('',(29.351658403031,0.759067267965));
#1619 = CARTESIAN_POINT('',(29.12867625816,0.757029468559));
#1620 = CARTESIAN_POINT('',(28.906223103494,0.754962720291));
#1621 = CARTESIAN_POINT('',(28.518779230015,0.751303015726));
#1622 = CARTESIAN_POINT('',(28.353546746207,0.74972308873));
#1623 = CARTESIAN_POINT('',(28.188625316098,0.748126570409));
#1624 = CARTESIAN_POINT('',(28.024017842246,0.74651361431));
#1625 = CARTESIAN_POINT('',(27.859729537734,0.744884179149));
#1626 = CARTESIAN_POINT('',(27.695766452202,0.743238155435));
#1627 = CARTESIAN_POINT('',(27.532132688901,0.741575602066));
#1628 = CARTESIAN_POINT('',(26.930519614921,0.735389410201));
#1629 = CARTESIAN_POINT('',(26.494618721166,0.730762859498));
#1630 = CARTESIAN_POINT('',(26.061227741004,0.726016215212));
#1631 = CARTESIAN_POINT('',(25.6304478385,0.721148756945));
#1632 = CARTESIAN_POINT('',(25.202385133855,0.716159602231));
#1633 = CARTESIAN_POINT('',(24.777151135758,0.711047679758));
#1634 = CARTESIAN_POINT('',(24.354863173736,0.705811702587));
#1635 = CARTESIAN_POINT('',(23.72210399006,0.697719076977));
#1636 = CARTESIAN_POINT('',(23.509359991165,0.694955432416));
#1637 = CARTESIAN_POINT('',(23.297429316001,0.692159009251));
#1638 = CARTESIAN_POINT('',(23.08632906533,0.689329594892));
#1639 = CARTESIAN_POINT('',(22.876076958494,0.686466962597));
#1640 = CARTESIAN_POINT('',(22.666691333413,0.68357087147));
#1641 = CARTESIAN_POINT('',(22.458191146586,0.68064106646));
#1642 = CARTESIAN_POINT('',(22.105215098143,0.675601709364));
#1643 = CARTESIAN_POINT('',(21.960278259566,0.673509469301));
#1644 = CARTESIAN_POINT('',(21.815791512046,0.671400497423));
#1645 = CARTESIAN_POINT('',(21.671763289563,0.669274621386));
#1646 = CARTESIAN_POINT('',(21.528199205582,0.667131815282));
#1647 = CARTESIAN_POINT('',(21.385105813129,0.664972014634));
#1648 = CARTESIAN_POINT('',(21.242493754392,0.662794959661));
#1649 = CARTESIAN_POINT('',(20.706795911311,0.654523626524));
#1650 = CARTESIAN_POINT('',(20.316973846041,0.648313510406));
#1651 = CARTESIAN_POINT('',(19.93108552977,0.641966933709));
#1652 = CARTESIAN_POINT('',(19.549323662599,0.635480673927));
#1653 = CARTESIAN_POINT('',(19.171891807816,0.628851562329));
#1654 = CARTESIAN_POINT('',(18.799003551056,0.62207650418));
#1655 = CARTESIAN_POINT('',(18.430881659483,0.615152498971));
#1656 = CARTESIAN_POINT('',(17.724555304792,0.601389031566));
#1657 = CARTESIAN_POINT('',(17.385819257727,0.5945658064));
#1658 = CARTESIAN_POINT('',(17.051744504436,0.587604565312));
#1659 = CARTESIAN_POINT('',(16.722535410685,0.58050302545));
#1660 = CARTESIAN_POINT('',(16.398404029237,0.573259071224));
#1661 = CARTESIAN_POINT('',(16.079568825763,0.565870784598));
#1662 = CARTESIAN_POINT('',(15.766253404755,0.558336475376));
#1663 = CARTESIAN_POINT('',(15.318094261241,0.54714333816));
#1664 = CARTESIAN_POINT('',(15.178704347164,0.543601160606));
#1665 = CARTESIAN_POINT('',(15.040537828824,0.540028025554));
#1666 = CARTESIAN_POINT('',(14.903614760908,0.536423870283));
#1667 = CARTESIAN_POINT('',(14.76795513808,0.532788650097));
#1668 = CARTESIAN_POINT('',(14.633579857532,0.529122306945));
#1669 = CARTESIAN_POINT('',(14.500510423166,0.525424779189));
#1670 = CARTESIAN_POINT('',(14.244463752788,0.518177883208));
#1671 = CARTESIAN_POINT('',(14.121341001258,0.514631935366));
#1672 = CARTESIAN_POINT('',(13.999416833455,0.511058182121));
#1673 = CARTESIAN_POINT('',(13.878708985188,0.507456607426));
#1674 = CARTESIAN_POINT('',(13.759235231449,0.503827206061));
#1675 = CARTESIAN_POINT('',(13.641013386411,0.500169983643));
#1676 = CARTESIAN_POINT('',(13.524061303434,0.496484956613));
#1677 = CARTESIAN_POINT('',(13.122048750828,0.48358043634));
#1678 = CARTESIAN_POINT('',(12.843591726853,0.474218448324));
#1679 = CARTESIAN_POINT('',(12.573297354218,0.464686651519));
#1680 = CARTESIAN_POINT('',(12.311436677647,0.454985943075));
#1681 = CARTESIAN_POINT('',(12.058277296197,0.445117711023));
#1682 = CARTESIAN_POINT('',(11.814080423943,0.435083891318));
#1683 = CARTESIAN_POINT('',(11.57909795067,0.424887024892));
#1684 = CARTESIAN_POINT('',(11.126681117316,0.404111153505));
#1685 = CARTESIAN_POINT('',(10.909358500762,0.393530112264));
#1686 = CARTESIAN_POINT('',(10.701849189539,0.382790537167));
#1687 = CARTESIAN_POINT('',(10.5043801753,0.371896371774));
#1688 = CARTESIAN_POINT('',(10.317164715763,0.360852096812));
#1689 = CARTESIAN_POINT('',(10.140392659501,0.349662861561));
#1690 = CARTESIAN_POINT('',(9.974223403985,0.338334583772));
#1691 = CARTESIAN_POINT('',(9.674392996381,0.31622525992));
#1692 = CARTESIAN_POINT('',(9.539259792332,0.305462139803));
#1693 = CARTESIAN_POINT('',(9.413515171415,0.294589744106));
#1694 = CARTESIAN_POINT('',(9.297247552156,0.283613716728));
#1695 = CARTESIAN_POINT('',(9.190519678014,0.272540044141));
#1696 = CARTESIAN_POINT('',(9.093368700994,0.261375063506));
#1697 = CARTESIAN_POINT('',(9.005806265242,0.250125470784));
#1698 = CARTESIAN_POINT('',(8.796684219718,0.21975201624));
#1699 = CARTESIAN_POINT('',(8.692611431307,0.200485033857));
#1700 = CARTESIAN_POINT('',(8.615548573821,0.181031890437));
#1701 = CARTESIAN_POINT('',(8.565210328605,0.161426869377));
#1702 = CARTESIAN_POINT('',(8.541120124085,0.141703925148));
#1703 = CARTESIAN_POINT('',(8.542645865854,0.121896595448));
#1704 = CARTESIAN_POINT('',(8.569028982726,0.102037929097));
#1705 = CARTESIAN_POINT('',(8.645459142244,7.18809895489E-02));
#1706 = CARTESIAN_POINT('',(8.677929521657,6.159611606025E-02));
#1707 = CARTESIAN_POINT('',(8.716699932345,5.13100733664E-02));
#1708 = CARTESIAN_POINT('',(8.761646274907,4.10269591966E-02));
#1709 = CARTESIAN_POINT('',(8.812639515195,3.075070633183E-02));
#1710 = CARTESIAN_POINT('',(8.869546854329,2.048508407368E-02));
#1711 = CARTESIAN_POINT('',(8.932232898711,1.023369971325E-02));
#1712 = CARTESIAN_POINT('',(9.000560830031,-3.079608779977E-16));
#1713 = ( GEOMETRIC_REPRESENTATION_CONTEXT(2) 
PARAMETRIC_REPRESENTATION_CONTEXT() REPRESENTATION_CONTEXT('2D SPACE',''
  ) );
#1714 = PCURVE('',#1715,#1726);
#1715 = SURFACE_OF_REVOLUTION('',#1716,#1723);
#1716 = B_SPLINE_CURVE_WITH_KNOTS('',3,(#1717,#1718,#1719,#1720,#1721,
    #1722),.UNSPECIFIED.,.F.,.F.,(4,1,1,4),(0.,1.619322518495,
    3.641414543517,12.641414543517),.UNSPECIFIED.);
#1717 = CARTESIAN_POINT('',(90.93735,67.145,10.9));
#1718 = CARTESIAN_POINT('',(90.517465303561,67.145,11.302205463392));
#1719 = CARTESIAN_POINT('',(89.871771635004,67.145,12.324627476274));
#1720 = CARTESIAN_POINT('',(89.383887451843,67.145,16.549206352881));
#1721 = CARTESIAN_POINT('',(91.686215186386,67.145,21.204500948954));
#1722 = CARTESIAN_POINT('',(89.745,67.145,23.25));
#1723 = AXIS1_PLACEMENT('',#1724,#1725);
#1724 = CARTESIAN_POINT('',(50.,67.145,0.));
#1725 = DIRECTION('',(0.,0.,1.));
#1726 = DEFINITIONAL_REPRESENTATION('',(#1727),#2010);
#1727 = B_SPLINE_CURVE_WITH_KNOTS('',8,(#1728,#1729,#1730,#1731,#1732,
    #1733,#1734,#1735,#1736,#1737,#1738,#1739,#1740,#1741,#1742,#1743,
    #1744,#1745,#1746,#1747,#1748,#1749,#1750,#1751,#1752,#1753,#1754,
    #1755,#1756,#1757,#1758,#1759,#1760,#1761,#1762,#1763,#1764,#1765,
    #1766,#1767,#1768,#1769,#1770,#1771,#1772,#1773,#1774,#1775,#1776,
    #1777,#1778,#1779,#1780,#1781,#1782,#1783,#1784,#1785,#1786,#1787,
    #1788,#1789,#1790,#1791,#1792,#1793,#1794,#1795,#1796,#1797,#1798,
    #1799,#1800,#1801,#1802,#1803,#1804,#1805,#1806,#1807,#1808,#1809,
    #1810,#1811,#1812,#1813,#1814,#1815,#1816,#1817,#1818,#1819,#1820,
    #1821,#1822,#1823,#1824,#1825,#1826,#1827,#1828,#1829,#1830,#1831,
    #1832,#1833,#1834,#1835,#1836,#1837,#1838,#1839,#1840,#1841,#1842,
    #1843,#1844,#1845,#1846,#1847,#1848,#1849,#1850,#1851,#1852,#1853,
    #1854,#1855,#1856,#1857,#1858,#1859,#1860,#1861,#1862,#1863,#1864,
    #1865,#1866,#1867,#1868,#1869,#1870,#1871,#1872,#1873,#1874,#1875,
    #1876,#1877,#1878,#1879,#1880,#1881,#1882,#1883,#1884,#1885,#1886,
    #1887,#1888,#1889,#1890,#1891,#1892,#1893,#1894,#1895,#1896,#1897,
    #1898,#1899,#1900,#1901,#1902,#1903,#1904,#1905,#1906,#1907,#1908,
    #1909,#1910,#1911,#1912,#1913,#1914,#1915,#1916,#1917,#1918,#1919,
    #1920,#1921,#1922,#1923,#1924,#1925,#1926,#1927,#1928,#1929,#1930,
    #1931,#1932,#1933,#1934,#1935,#1936,#1937,#1938,#1939,#1940,#1941,
    #1942,#1943,#1944,#1945,#1946,#1947,#1948,#1949,#1950,#1951,#1952,
    #1953,#1954,#1955,#1956,#1957,#1958,#1959,#1960,#1961,#1962,#1963,
    #1964,#1965,#1966,#1967,#1968,#1969,#1970,#1971,#1972,#1973,#1974,
    #1975,#1976,#1977,#1978,#1979,#1980,#1981,#1982,#1983,#1984,#1985,
    #1986,#1987,#1988,#1989,#1990,#1991,#1992,#1993,#1994,#1995,#1996,
    #1997,#1998,#1999,#2000,#2001,#2002,#2003,#2004,#2005,#2006,#2007,
    #2008,#2009),.UNSPECIFIED.,.F.,.F.,(9,7,7,7,7,7,7,7,7,7,7,7,7,7,7,7,
    7,7,7,7,7,7,7,7,7,7,7,7,7,7,7,7,7,7,7,7,7,7,7,7,9),(0.,
    3.088684088098E-02,6.118368880848E-02,8.709819533636E-02,
    0.133455264933,0.177620879162,0.200157986811,0.244771042858,
    0.26809372524,0.288549560276,0.324369080698,0.341931829845,
    0.359468136576,0.389093661647,0.43280325999,0.454492820361,
    0.476644269188,0.52150960716,0.557685584461,0.576020591994,
    0.585024208414,0.594397543277,0.631199719741,0.640388083116,
    0.64731697872,0.66897463937,0.687952253719,0.702385429065,
    0.713152064043,0.74205102443,0.756771535564,0.767080449555,
    0.795628455428,0.822610201597,0.834943694974,0.846580728703,
    0.87539030159,0.904373596278,0.931302775137,0.976583531979,1.),
  .UNSPECIFIED.);
#1728 = CARTESIAN_POINT('',(0.,1.929491972666));
#1729 = CARTESIAN_POINT('',(1.44085817225E-02,1.909908942507));
#1730 = CARTESIAN_POINT('',(2.887906496457E-02,1.890285768325));
#1731 = CARTESIAN_POINT('',(4.341274300634E-02,1.870665734425));
#1732 = CARTESIAN_POINT('',(5.80106687086E-02,1.851093135175));
#1733 = CARTESIAN_POINT('',(7.26736612223E-02,1.831613297064));
#1734 = CARTESIAN_POINT('',(8.740231269799E-02,1.812272600762));
#1735 = CARTESIAN_POINT('',(0.102196994995,1.793118503182));
#1736 = CARTESIAN_POINT('',(0.131634869024,1.755642000968));
#1737 = CARTESIAN_POINT('',(0.146275384153,1.737310945394));
#1738 = CARTESIAN_POINT('',(0.160979517243,1.719252043927));
#1739 = CARTESIAN_POINT('',(0.175746930001,1.701512413926));
#1740 = CARTESIAN_POINT('',(0.190576815311,1.684140212437));
#1741 = CARTESIAN_POINT('',(0.20546787216,1.667184209627));
#1742 = CARTESIAN_POINT('',(0.220418280577,1.650693362233));
#1743 = CARTESIAN_POINT('',(0.248262301091,1.621050429724));
#1744 = CARTESIAN_POINT('',(0.261140555136,1.60776049176));
#1745 = CARTESIAN_POINT('',(0.274058840664,1.594876999353));
#1746 = CARTESIAN_POINT('',(0.287015194923,1.582430287512));
#1747 = CARTESIAN_POINT('',(0.300007258826,1.570450074441));
#1748 = CARTESIAN_POINT('',(0.313032245323,1.558964935967));
#1749 = CARTESIAN_POINT('',(0.326086907784,1.548001779978));
#1750 = CARTESIAN_POINT('',(0.36256669259,1.518951876301));
#1751 = CARTESIAN_POINT('',(0.386052563779,1.502064979597));
#1752 = CARTESIAN_POINT('',(0.409599279059,1.487069594733));
#1753 = CARTESIAN_POINT('',(0.433179160654,1.47408435783));
#1754 = CARTESIAN_POINT('',(0.456762232304,1.463187887253));
#1755 = CARTESIAN_POINT('',(0.48031555612,1.454408972207));
#1756 = CARTESIAN_POINT('',(0.503802369877,1.447720639811));
#1757 = CARTESIAN_POINT('',(0.54945449161,1.438576920968));
#1758 = CARTESIAN_POINT('',(0.571634667413,1.435935437327));
#1759 = CARTESIAN_POINT('',(0.593685398082,1.435042731718));
#1760 = CARTESIAN_POINT('',(0.615575467616,1.435778638536));
#1761 = CARTESIAN_POINT('',(0.637277545395,1.437983147163));
#1762 = CARTESIAN_POINT('',(0.658767365942,1.441467951212));
#1763 = CARTESIAN_POINT('',(0.680023141175,1.446030144433));
#1764 = CARTESIAN_POINT('',(0.711742270541,1.454242958764));
#1765 = CARTESIAN_POINT('',(0.722394084274,1.457246086462));
#1766 = CARTESIAN_POINT('',(0.73297851181,1.460450724942));
#1767 = CARTESIAN_POINT('',(0.743493761495,1.463830339871));
#1768 = CARTESIAN_POINT('',(0.753938360213,1.467358959556));
#1769 = CARTESIAN_POINT('',(0.764311129049,1.471011550468));
#1770 = CARTESIAN_POINT('',(0.774611158952,1.474764392771));
#1771 = CARTESIAN_POINT('',(0.805081781808,1.486179189931));
#1772 = CARTESIAN_POINT('',(0.825037364189,1.494070703166));
#1773 = CARTESIAN_POINT('',(0.844700702293,1.502087164236));
#1774 = CARTESIAN_POINT('',(0.864070760454,1.510118248115));
#1775 = CARTESIAN_POINT('',(0.88314988517,1.518003403999));
#1776 = CARTESIAN_POINT('',(0.901942088181,1.525657965928));
#1777 = CARTESIAN_POINT('',(0.92045385838,1.532994110693));
#1778 = CARTESIAN_POINT('',(0.948228802192,1.543588153241));
#1779 = CARTESIAN_POINT('',(0.957689587374,1.547121462821));
#1780 = CARTESIAN_POINT('',(0.967077007551,1.550542225158));
#1781 = CARTESIAN_POINT('',(0.976392244969,1.553843013176));
#1782 = CARTESIAN_POINT('',(0.98563653576,1.557017757671));
#1783 = CARTESIAN_POINT('',(0.994811169991,1.560061663798));
#1784 = CARTESIAN_POINT('',(1.003917491718,1.562971127546));
#1785 = CARTESIAN_POINT('',(1.020885173402,1.568175375409));
#1786 = CARTESIAN_POINT('',(1.02876194455,1.570502289935));
#1787 = CARTESIAN_POINT('',(1.036588161879,1.572720346133));
#1788 = CARTESIAN_POINT('',(1.044364744895,1.574831560859));
#1789 = CARTESIAN_POINT('',(1.05209263106,1.576836532721));
#1790 = CARTESIAN_POINT('',(1.059772792739,1.578731751799));
#1791 = CARTESIAN_POINT('',(1.067406223235,1.580511703854));
#1792 = CARTESIAN_POINT('',(1.088280401735,1.585089657208));
#1793 = CARTESIAN_POINT('',(1.101426478553,1.587647209879));
#1794 = CARTESIAN_POINT('',(1.114437487355,1.589836203257));
#1795 = CARTESIAN_POINT('',(1.127318614441,1.591648371941));
#1796 = CARTESIAN_POINT('',(1.140074906753,1.593079026509));
#1797 = CARTESIAN_POINT('',(1.15271131123,1.594126671125));
#1798 = CARTESIAN_POINT('',(1.165232714143,1.594792621143));
#1799 = CARTESIAN_POINT('',(1.183729376174,1.59522183042));
#1800 = CARTESIAN_POINT('',(1.189788269719,1.595272299298));
#1801 = CARTESIAN_POINT('',(1.195821223606,1.595232155447));
#1802 = CARTESIAN_POINT('',(1.201828787889,1.595102081732));
#1803 = CARTESIAN_POINT('',(1.207811502675,1.594883043838));
#1804 = CARTESIAN_POINT('',(1.21376990065,1.594576018324));
#1805 = CARTESIAN_POINT('',(1.219704509598,1.594181720681));
#1806 = CARTESIAN_POINT('',(1.231518300165,1.593219670864));
#1807 = CARTESIAN_POINT('',(1.237397550278,1.592652039618));
#1808 = CARTESIAN_POINT('',(1.243254125975,1.591997548743));
#1809 = CARTESIAN_POINT('',(1.249088539797,1.591256377494));
#1810 = CARTESIAN_POINT('',(1.254901296126,1.590428775291));
#1811 = CARTESIAN_POINT('',(1.260692891181,1.589515061709));
#1812 = CARTESIAN_POINT('',(1.266463813023,1.588515626488));
#1813 = CARTESIAN_POINT('',(1.281929720168,1.58559846175));
#1814 = CARTESIAN_POINT('',(1.291587253981,1.583522644513));
#1815 = CARTESIAN_POINT('',(1.301189474229,1.581205654496));
#1816 = CARTESIAN_POINT('',(1.310738630912,1.578650164028));
#1817 = CARTESIAN_POINT('',(1.320236903339,1.575859297388));
#1818 = CARTESIAN_POINT('',(1.329686410681,1.572836587107));
#1819 = CARTESIAN_POINT('',(1.339089222512,1.569585930271));
#1820 = CARTESIAN_POINT('',(1.362254410402,1.560985424961));
#1821 = CARTESIAN_POINT('',(1.375964151565,1.555371995744));
#1822 = CARTESIAN_POINT('',(1.389583127184,1.549285198123));
#1823 = CARTESIAN_POINT('',(1.403117529225,1.542748405108));
#1824 = CARTESIAN_POINT('',(1.416573415375,1.535745211748));
#1825 = CARTESIAN_POINT('',(1.429956456192,1.528310154708));
#1826 = CARTESIAN_POINT('',(1.44327228856,1.520442859057));
#1827 = CARTESIAN_POINT('',(1.463103309459,1.508050268228));
#1828 = CARTESIAN_POINT('',(1.469665031144,1.503837881732));
#1829 = CARTESIAN_POINT('',(1.476212197727,1.499524697021));
#1830 = CARTESIAN_POINT('',(1.482745459983,1.495112358351));
#1831 = CARTESIAN_POINT('',(1.489265459576,1.490602555318));
#1832 = CARTESIAN_POINT('',(1.495772829061,1.48599702286));
#1833 = CARTESIAN_POINT('',(1.502268191884,1.481297541253));
#1834 = CARTESIAN_POINT('',(1.515374211803,1.471612291698));
#1835 = CARTESIAN_POINT('',(1.521984378754,1.466622064298));
#1836 = CARTESIAN_POINT('',(1.528583316628,1.461539338403));
#1837 = CARTESIAN_POINT('',(1.535171676339,1.456364017773));
#1838 = CARTESIAN_POINT('',(1.541750101171,1.451095022011));
#1839 = CARTESIAN_POINT('',(1.548319224845,1.445731921818));
#1840 = CARTESIAN_POINT('',(1.554879672828,1.440275012921));
#1841 = CARTESIAN_POINT('',(1.574703224658,1.423480511862));
#1842 = CARTESIAN_POINT('',(1.587941317592,1.411850639541));
#1843 = CARTESIAN_POINT('',(1.60115152693,1.399832390657));
#1844 = CARTESIAN_POINT('',(1.614338891013,1.38742423822));
#1845 = CARTESIAN_POINT('',(1.627508339983,1.374625004209));
#1846 = CARTESIAN_POINT('',(1.640664730513,1.361433914469));
#1847 = CARTESIAN_POINT('',(1.653812880543,1.347850653619));
#1848 = CARTESIAN_POINT('',(1.677556503719,1.322606860319));
#1849 = CARTESIAN_POINT('',(1.688153152883,1.311083346582));
#1850 = CARTESIAN_POINT('',(1.698750075462,1.299327039188));
#1851 = CARTESIAN_POINT('',(1.709349786493,1.287360344084));
#1852 = CARTESIAN_POINT('',(1.719954804438,1.275205787029));
#1853 = CARTESIAN_POINT('',(1.730567663528,1.262885887908));
#1854 = CARTESIAN_POINT('',(1.741190926118,1.250423035055));
#1855 = CARTESIAN_POINT('',(1.757217956664,1.231461597247));
#1856 = CARTESIAN_POINT('',(1.7626120574,1.225052796507));
#1857 = CARTESIAN_POINT('',(1.768009834192,1.218615848667));
#1858 = CARTESIAN_POINT('',(1.773411626419,1.212153619865));
#1859 = CARTESIAN_POINT('',(1.778817775885,1.205668951058));
#1860 = CARTESIAN_POINT('',(1.784228626819,1.199164658016));
#1861 = CARTESIAN_POINT('',(1.789644525874,1.192643531329));
#1862 = CARTESIAN_POINT('',(1.797728012027,1.182899153736));
#1863 = CARTESIAN_POINT('',(1.800391503345,1.179686502705));
#1864 = CARTESIAN_POINT('',(1.803056338115,1.176471046804));
#1865 = CARTESIAN_POINT('',(1.805722556877,1.173252613079));
#1866 = CARTESIAN_POINT('',(1.80839020133,1.170031533252));
#1867 = CARTESIAN_POINT('',(1.811059314605,1.166808758564));
#1868 = CARTESIAN_POINT('',(1.813729939152,1.163584748368));
#1869 = CARTESIAN_POINT('',(1.819184013658,1.156996979862));
#1870 = CARTESIAN_POINT('',(1.821967593815,1.153633188366));
#1871 = CARTESIAN_POINT('',(1.824752897222,1.150264503501));
#1872 = CARTESIAN_POINT('',(1.827539968281,1.146889678321));
#1873 = CARTESIAN_POINT('',(1.830328851287,1.143507473386));
#1874 = CARTESIAN_POINT('',(1.833119590435,1.140116656759));
#1875 = CARTESIAN_POINT('',(1.835912229812,1.136716004007));
#1876 = CARTESIAN_POINT('',(1.849679083141,1.119909044439));
#1877 = CARTESIAN_POINT('',(1.860681312922,1.106343429159));
#1878 = CARTESIAN_POINT('',(1.871716181475,1.092533837026));
#1879 = CARTESIAN_POINT('',(1.882786329804,1.078408766426));
#1880 = CARTESIAN_POINT('',(1.893894373297,1.063899341044));
#1881 = CARTESIAN_POINT('',(1.905042913822,1.048939821456));
#1882 = CARTESIAN_POINT('',(1.916234551831,1.033468116712));
#1883 = CARTESIAN_POINT('',(1.930277515794,1.013421150233));
#1884 = CARTESIAN_POINT('',(1.933085981708,1.009380467774));
#1885 = CARTESIAN_POINT('',(1.935897336596,1.00530334616));
#1886 = CARTESIAN_POINT('',(1.938711620849,1.001188900179));
#1887 = CARTESIAN_POINT('',(1.94152887486,0.997036261795));
#1888 = CARTESIAN_POINT('',(1.944349139023,0.99284458015));
#1889 = CARTESIAN_POINT('',(1.94717245373,0.988613021565));
#1890 = CARTESIAN_POINT('',(1.952130236728,0.981119087167));
#1891 = CARTESIAN_POINT('',(1.954263370218,0.977873891324));
#1892 = CARTESIAN_POINT('',(1.956398283701,0.974606503439));
#1893 = CARTESIAN_POINT('',(1.958534986011,0.971314316136));
#1894 = CARTESIAN_POINT('',(1.960673491757,0.96799632015));
#1895 = CARTESIAN_POINT('',(1.962813828716,0.964655002011));
#1896 = CARTESIAN_POINT('',(1.964956031838,0.961294612471));
#1897 = CARTESIAN_POINT('',(1.973801915811,0.947354663677));
#1898 = CARTESIAN_POINT('',(1.980522165695,0.936616382717));
#1899 = CARTESIAN_POINT('',(1.98726172014,0.925763746583));
#1900 = CARTESIAN_POINT('',(1.994021463852,0.914858138132));
#1901 = CARTESIAN_POINT('',(2.000802321019,0.903959326903));
#1902 = CARTESIAN_POINT('',(2.007605256744,0.893125256722));
#1903 = CARTESIAN_POINT('',(2.014431278469,0.882411833302));
#1904 = CARTESIAN_POINT('',(2.027283917387,0.862637763249));
#1905 = CARTESIAN_POINT('',(2.033304924503,0.853536651637));
#1906 = CARTESIAN_POINT('',(2.039345163082,0.844605449535));
#1907 = CARTESIAN_POINT('',(2.045405356464,0.835878897211));
#1908 = CARTESIAN_POINT('',(2.051486245943,0.8273902392));
#1909 = CARTESIAN_POINT('',(2.057588589721,0.819171060827));
#1910 = CARTESIAN_POINT('',(2.063713161857,0.811251124738));
#1911 = CARTESIAN_POINT('',(2.074536219559,0.797883513883));
#1912 = CARTESIAN_POINT('',(2.079224999273,0.792297929567));
#1913 = CARTESIAN_POINT('',(2.083927437511,0.786913760299));
#1914 = CARTESIAN_POINT('',(2.088643883619,0.781742555961));
#1915 = CARTESIAN_POINT('',(2.093374689138,0.776795110502));
#1916 = CARTESIAN_POINT('',(2.098120207799,0.772081461928));
#1917 = CARTESIAN_POINT('',(2.102880795528,0.767610892312));
#1918 = CARTESIAN_POINT('',(2.111219547536,0.760244730443));
#1919 = CARTESIAN_POINT('',(2.114790861765,0.757236585231));
#1920 = CARTESIAN_POINT('',(2.118370949753,0.754379631585));
#1921 = CARTESIAN_POINT('',(2.1219598277,0.751652553038));
#1922 = CARTESIAN_POINT('',(2.125557591116,0.749049298866));
#1923 = CARTESIAN_POINT('',(2.129164362301,0.746569166511));
#1924 = CARTESIAN_POINT('',(2.132780192245,0.744198284514));
#1925 = CARTESIAN_POINT('',(2.146135102454,0.735850989754));
#1926 = CARTESIAN_POINT('',(2.155930975639,0.730523271596));
#1927 = CARTESIAN_POINT('',(2.165794536566,0.72581342469));
#1928 = CARTESIAN_POINT('',(2.175727475502,0.721595786294));
#1929 = CARTESIAN_POINT('',(2.185731470788,0.717755757323));
#1930 = CARTESIAN_POINT('',(2.195808219997,0.714190572208));
#1931 = CARTESIAN_POINT('',(2.205959471075,0.710810068753));
#1932 = CARTESIAN_POINT('',(2.221396764809,0.705870460215));
#1933 = CARTESIAN_POINT('',(2.22662627357,0.704231452109));
#1934 = CARTESIAN_POINT('',(2.231875815404,0.702610241804));
#1935 = CARTESIAN_POINT('',(2.237145628881,0.700997535661));
#1936 = CARTESIAN_POINT('',(2.242435955514,0.699384938284));
#1937 = CARTESIAN_POINT('',(2.247747039759,0.697764952518));
#1938 = CARTESIAN_POINT('',(2.253079129016,0.696130979451));
#1939 = CARTESIAN_POINT('',(2.262181471788,0.693319243856));
#1940 = CARTESIAN_POINT('',(2.265940895652,0.692151927825));
#1941 = CARTESIAN_POINT('',(2.269710816249,0.690971000582));
#1942 = CARTESIAN_POINT('',(2.273491359239,0.689780446179));
#1943 = CARTESIAN_POINT('',(2.277282576043,0.68857324865));
#1944 = CARTESIAN_POINT('',(2.281084535278,0.687345326644));
#1945 = CARTESIAN_POINT('',(2.284897401802,0.686107261179));
#1946 = CARTESIAN_POINT('',(2.299310536526,0.681399688653));
#1947 = CARTESIAN_POINT('',(2.309984159659,0.677861216966));
#1948 = CARTESIAN_POINT('',(2.320744579875,0.674293671462));
#1949 = CARTESIAN_POINT('',(2.331594182366,0.67074478304));
#1950 = CARTESIAN_POINT('',(2.342535289566,0.667258948275));
#1951 = CARTESIAN_POINT('',(2.353570153013,0.663876929503));
#1952 = CARTESIAN_POINT('',(2.364700945207,0.6606355549));
#1953 = CARTESIAN_POINT('',(2.386542499747,0.654667612678));
#1954 = CARTESIAN_POINT('',(2.397242748871,0.651922560438));
#1955 = CARTESIAN_POINT('',(2.408032236979,0.649359825204));
#1956 = CARTESIAN_POINT('',(2.418912561698,0.647003555936));
#1957 = CARTESIAN_POINT('',(2.429885161443,0.644874338394));
#1958 = CARTESIAN_POINT('',(2.440951296723,0.642989046332));
#1959 = CARTESIAN_POINT('',(2.452112031446,0.641360692691));
#1960 = CARTESIAN_POINT('',(2.46851347261,0.639375515386));
#1961 = CARTESIAN_POINT('',(2.473678666133,0.63880830913));
#1962 = CARTESIAN_POINT('',(2.478863884342,0.638298902261));
#1963 = CARTESIAN_POINT('',(2.484069161428,0.637843368204));
#1964 = CARTESIAN_POINT('',(2.489294516582,0.63743721786));
#1965 = CARTESIAN_POINT('',(2.49453997137,0.637077862126));
#1966 = CARTESIAN_POINT('',(2.499805544152,0.636763932657));
#1967 = CARTESIAN_POINT('',(2.510078422138,0.636234375248));
#1968 = CARTESIAN_POINT('',(2.515083523544,0.636014467712));
#1969 = CARTESIAN_POINT('',(2.520106523302,0.635829402294));
#1970 = CARTESIAN_POINT('',(2.525147408794,0.635676897979));
#1971 = CARTESIAN_POINT('',(2.530206157221,0.63555472868));
#1972 = CARTESIAN_POINT('',(2.5352827356,0.635460723244));
#1973 = CARTESIAN_POINT('',(2.540377100766,0.635392765452));
#1974 = CARTESIAN_POINT('',(2.558145120187,0.635239934804));
#1975 = CARTESIAN_POINT('',(2.570909765782,0.635278145218));
#1976 = CARTESIAN_POINT('',(2.583782271922,0.635432209825));
#1977 = CARTESIAN_POINT('',(2.596761387266,0.635673478131));
#1978 = CARTESIAN_POINT('',(2.609845439287,0.6359761443));
#1979 = CARTESIAN_POINT('',(2.623032300179,0.636317526871));
#1980 = CARTESIAN_POINT('',(2.636319352779,0.636678348479));
#1981 = CARTESIAN_POINT('',(2.663168266354,0.637409881613));
#1982 = CARTESIAN_POINT('',(2.676731436537,0.63778025244));
#1983 = CARTESIAN_POINT('',(2.690389643921,0.638140124821));
#1984 = CARTESIAN_POINT('',(2.704139180018,0.638472720714));
#1985 = CARTESIAN_POINT('',(2.717975964771,0.638773370326));
#1986 = CARTESIAN_POINT('',(2.731895474161,0.639038078808));
#1987 = CARTESIAN_POINT('',(2.745892676155,0.639256454882));
#1988 = CARTESIAN_POINT('',(2.773034331203,0.639609918943));
#1989 = CARTESIAN_POINT('',(2.786169151231,0.639749564607));
#1990 = CARTESIAN_POINT('',(2.799362047899,0.639863840355));
#1991 = CARTESIAN_POINT('',(2.812608448615,0.639957281032));
#1992 = CARTESIAN_POINT('',(2.825903662278,0.640033780363));
#1993 = CARTESIAN_POINT('',(2.839242851601,0.640096638647));
#1994 = CARTESIAN_POINT('',(2.85262100544,0.64014861045));
#1995 = CARTESIAN_POINT('',(2.88858470312,0.640264830562));
#1996 = CARTESIAN_POINT('',(2.91123359134,0.640313312861));
#1997 = CARTESIAN_POINT('',(2.933953642537,0.640348199598));
#1998 = CARTESIAN_POINT('',(2.956721075619,0.640376300086));
#1999 = CARTESIAN_POINT('',(2.979513838116,0.640401438471));
#2000 = CARTESIAN_POINT('',(3.002311226458,0.640424915688));
#2001 = CARTESIAN_POINT('',(3.025093550055,0.640445427467));
#2002 = CARTESIAN_POINT('',(3.059605878097,0.640465166831));
#2003 = CARTESIAN_POINT('',(3.0713612685,0.640469889947));
#2004 = CARTESIAN_POINT('',(3.083105650532,0.640471971394));
#2005 = CARTESIAN_POINT('',(3.094836857388,0.640470550931));
#2006 = CARTESIAN_POINT('',(3.106552902817,0.640464504952));
#2007 = CARTESIAN_POINT('',(3.118251968609,0.64045240703));
#2008 = CARTESIAN_POINT('',(3.129932392086,0.640432488456));
#2009 = CARTESIAN_POINT('',(3.14159265359,0.640402598785));
#2010 = ( GEOMETRIC_REPRESENTATION_CONTEXT(2) 
PARAMETRIC_REPRESENTATION_CONTEXT() REPRESENTATION_CONTEXT('2D SPACE',''
  ) );
#2011 = ADVANCED_FACE('',(#2012),#144,.T.);
#2012 = FACE_BOUND('',#2013,.T.);
#2013 = EDGE_LOOP('',(#2014,#2015,#2707,#2921));
#2014 = ORIENTED_EDGE('',*,*,#21,.F.);
#2015 = ORIENTED_EDGE('',*,*,#2016,.T.);
#2016 = EDGE_CURVE('',#22,#2017,#2019,.T.);
#2017 = VERTEX_POINT('',#2018);
#2018 = CARTESIAN_POINT('',(23.429809391822,36.792858947268,
    11.642461074489));
#2019 = SURFACE_CURVE('',#2020,(#2247,#2477),.PCURVE_S1.);
#2020 = B_SPLINE_CURVE_WITH_KNOTS('',8,(#2021,#2022,#2023,#2024,#2025,
    #2026,#2027,#2028,#2029,#2030,#2031,#2032,#2033,#2034,#2035,#2036,
    #2037,#2038,#2039,#2040,#2041,#2042,#2043,#2044,#2045,#2046,#2047,
    #2048,#2049,#2050,#2051,#2052,#2053,#2054,#2055,#2056,#2057,#2058,
    #2059,#2060,#2061,#2062,#2063,#2064,#2065,#2066,#2067,#2068,#2069,
    #2070,#2071,#2072,#2073,#2074,#2075,#2076,#2077,#2078,#2079,#2080,
    #2081,#2082,#2083,#2084,#2085,#2086,#2087,#2088,#2089,#2090,#2091,
    #2092,#2093,#2094,#2095,#2096,#2097,#2098,#2099,#2100,#2101,#2102,
    #2103,#2104,#2105,#2106,#2107,#2108,#2109,#2110,#2111,#2112,#2113,
    #2114,#2115,#2116,#2117,#2118,#2119,#2120,#2121,#2122,#2123,#2124,
    #2125,#2126,#2127,#2128,#2129,#2130,#2131,#2132,#2133,#2134,#2135,
    #2136,#2137,#2138,#2139,#2140,#2141,#2142,#2143,#2144,#2145,#2146,
    #2147,#2148,#2149,#2150,#2151,#2152,#2153,#2154,#2155,#2156,#2157,
    #2158,#2159,#2160,#2161,#2162,#2163,#2164,#2165,#2166,#2167,#2168,
    #2169,#2170,#2171,#2172,#2173,#2174,#2175,#2176,#2177,#2178,#2179,
    #2180,#2181,#2182,#2183,#2184,#2185,#2186,#2187,#2188,#2189,#2190,
    #2191,#2192,#2193,#2194,#2195,#2196,#2197,#2198,#2199,#2200,#2201,
    #2202,#2203,#2204,#2205,#2206,#2207,#2208,#2209,#2210,#2211,#2212,
    #2213,#2214,#2215,#2216,#2217,#2218,#2219,#2220,#2221,#2222,#2223,
    #2224,#2225,#2226,#2227,#2228,#2229,#2230,#2231,#2232,#2233,#2234,
    #2235,#2236,#2237,#2238,#2239,#2240,#2241,#2242,#2243,#2244,#2245,
    #2246),.UNSPECIFIED.,.F.,.F.,(9,7,7,7,7,7,7,7,7,7,7,7,7,7,7,7,7,7,7,
    7,7,7,7,7,7,7,7,7,7,7,7,7,9),(0.,3.515433032614E-02,
    7.168445155682E-02,0.10337758064,0.138148842716,0.157323812655,
    0.167470862807,0.178035746484,0.226035299015,0.239934468489,
    0.250916397291,0.259621136351,0.288782827131,0.323889482659,
    0.333882300115,0.37080716116,0.400974306858,0.416094052206,
    0.431161543199,0.474514194635,0.506968775423,0.603585458549,
    0.65263559735,0.691796758238,0.755456596002,0.807031088841,
    0.83854013489,0.867882525031,0.901735270484,0.917824929791,
    0.93356529071,0.967695709707,1.),.UNSPECIFIED.);
#2021 = CARTESIAN_POINT('',(9.500558960176,67.145,11.400936484322));
#2022 = CARTESIAN_POINT('',(9.500551141141,66.430388494316,
    11.40092569712));
#2023 = CARTESIAN_POINT('',(9.514947246407,65.714746212486,
    11.400905655574));
#2024 = CARTESIAN_POINT('',(9.543821993779,64.998971657542,
    11.400879110405));
#2025 = CARTESIAN_POINT('',(9.58717648227,64.283925092168,
    11.400847389012));
#2026 = CARTESIAN_POINT('',(9.644945269637,63.570429359162,
    11.40081082177));
#2027 = CARTESIAN_POINT('',(9.71700262041,62.859270600447,
    11.400769075881));
#2028 = CARTESIAN_POINT('',(9.803167924416,62.151198874655,
    11.40072139676));
#2029 = CARTESIAN_POINT('',(10.007167879502,60.715096332944,
    11.400609978826));
#2030 = CARTESIAN_POINT('',(10.126113779842,59.987343249039,
    11.400545931683));
#2031 = CARTESIAN_POINT('',(10.259793269906,59.264445678594,
    11.40047171447));
#2032 = CARTESIAN_POINT('',(10.407905767075,58.547106010386,
    11.400391671373));
#2033 = CARTESIAN_POINT('',(10.570101701748,57.835944341486,
    11.40029279281));
#2034 = CARTESIAN_POINT('',(10.746019589456,57.13152643078,
    11.400189198827));
#2035 = CARTESIAN_POINT('',(10.935259872104,56.434339418704,
    11.400065716466));
#2036 = CARTESIAN_POINT('',(11.312822845679,55.146602713388,
    11.399815196146));
#2037 = CARTESIAN_POINT('',(11.497950282578,54.554154069552,
    11.399691203608));
#2038 = CARTESIAN_POINT('',(11.692552040225,53.96775156883,
    11.399565960106));
#2039 = CARTESIAN_POINT('',(11.896368076825,53.3876412744,
    11.399449638119));
#2040 = CARTESIAN_POINT('',(12.109137531083,52.814041080557,
    11.399356867535));
#2041 = CARTESIAN_POINT('',(12.330601808171,52.247142838559,
    11.399307382879));
#2042 = CARTESIAN_POINT('',(12.560507665691,51.687114482468,
    11.399326670535));
#2043 = CARTESIAN_POINT('',(13.059838184832,50.527379590029,
    11.399578210877));
#2044 = CARTESIAN_POINT('',(13.330929064745,49.929109646531,
    11.399830969545));
#2045 = CARTESIAN_POINT('',(13.611560063403,49.339481282478,
    11.40024677316));
#2046 = CARTESIAN_POINT('',(13.901415382482,48.758664203613,
    11.400876783945));
#2047 = CARTESIAN_POINT('',(14.200188063483,48.186810218241,
    11.401781941595));
#2048 = CARTESIAN_POINT('',(14.507581749906,47.62405459203,
    11.403033459713));
#2049 = CARTESIAN_POINT('',(14.823312449423,47.070517402808,
    11.404713322239));
#2050 = CARTESIAN_POINT('',(15.325671947404,46.226193313331,
    11.408128796346));
#2051 = CARTESIAN_POINT('',(15.506686018221,45.928918820869,
    11.40950142515));
#2052 = CARTESIAN_POINT('',(15.690106724966,45.634499956875,
    11.411048268027));
#2053 = CARTESIAN_POINT('',(15.875889054626,45.342954651954,
    11.412785963401));
#2054 = CARTESIAN_POINT('',(16.063988764717,45.054300228415,
    11.414732186396));
#2055 = CARTESIAN_POINT('',(16.254362383286,44.768553400273,
    11.416905648837));
#2056 = CARTESIAN_POINT('',(16.446967208908,44.485730273247,
    11.419326099247));
#2057 = CARTESIAN_POINT('',(16.744842855345,44.05773679007,
    11.423436882563));
#2058 = CARTESIAN_POINT('',(16.848537428892,43.910450353329,
    11.424934428311));
#2059 = CARTESIAN_POINT('',(16.952838798214,43.76398935656,
    11.426510041613));
#2060 = CARTESIAN_POINT('',(17.057740767577,43.618356085683,
    11.428166885001));
#2061 = CARTESIAN_POINT('',(17.16323717863,43.473552790525,
    11.429908202015));
#2062 = CARTESIAN_POINT('',(17.269321910401,43.329581684815,
    11.431737317209));
#2063 = CARTESIAN_POINT('',(17.375988879302,43.18644494619,
    11.433657636148));
#2064 = CARTESIAN_POINT('',(17.594891239763,42.895984871233,
    11.437770628383));
#2065 = CARTESIAN_POINT('',(17.707174856804,42.7487314168,
    11.439970672586));
#2066 = CARTESIAN_POINT('',(17.820076937184,42.602388787906,
    11.442279409344));
#2067 = CARTESIAN_POINT('',(17.93358986107,42.456957382956,
    11.444698335173));
#2068 = CARTESIAN_POINT('',(18.04770491803,42.312435924664,
    11.447226237356));
#2069 = CARTESIAN_POINT('',(18.162413817471,42.16882375154,
    11.44986288566));
#2070 = CARTESIAN_POINT('',(18.277709284859,42.026121339223,
    11.452610226641));
#2071 = CARTESIAN_POINT('',(18.920032747334,41.240113160167,
    11.468447966831));
#2072 = CARTESIAN_POINT('',(19.458416539184,40.614654785732,
    11.483698199007));
#2073 = CARTESIAN_POINT('',(20.007990533107,40.007875883763,
    11.501223974859));
#2074 = CARTESIAN_POINT('',(20.568026154952,39.419605820218,
    11.520964422685));
#2075 = CARTESIAN_POINT('',(21.137818812136,38.849593798624,
    11.542788854984));
#2076 = CARTESIAN_POINT('',(21.716697291636,38.297524882732,
    11.566496944918));
#2077 = CARTESIAN_POINT('',(22.304033737955,37.763037914121,
    11.591822061939));
#2078 = CARTESIAN_POINT('',(23.071611447645,37.095953566522,
    11.626144842376));
#2079 = CARTESIAN_POINT('',(23.244629790272,36.947603552149,
    11.633960141643));
#2080 = CARTESIAN_POINT('',(23.418295241525,36.800685825121,
    11.641875709754));
#2081 = CARTESIAN_POINT('',(23.592594140006,36.655190839868,
    11.649883185386));
#2082 = CARTESIAN_POINT('',(23.767513160359,36.511108961758,
    11.65797380053));
#2083 = CARTESIAN_POINT('',(23.94303931327,36.368430467093,
    11.666138380482));
#2084 = CARTESIAN_POINT('',(24.119159945468,36.227145543108,
    11.674367343849));
#2085 = CARTESIAN_POINT('',(24.435478096558,35.976706343518,
    11.689195500462));
#2086 = CARTESIAN_POINT('',(24.575456877958,35.867032231324,
    11.695774265934));
#2087 = CARTESIAN_POINT('',(24.71579301249,35.758217084521,
    11.702382076124));
#2088 = CARTESIAN_POINT('',(24.856480554039,35.650256046938,
    11.709013864545));
#2089 = CARTESIAN_POINT('',(24.99751368181,35.543144273101,
    11.71566442106));
#2090 = CARTESIAN_POINT('',(25.138886700326,35.436876928238,
    11.722328391883));
#2091 = CARTESIAN_POINT('',(25.28059403943,35.331449188274,
    11.729000279575));
#2092 = CARTESIAN_POINT('',(25.535214137272,35.143951466004,
    11.740964665966));
#2093 = CARTESIAN_POINT('',(25.648004640463,35.061571116986,
    11.746256231876));
#2094 = CARTESIAN_POINT('',(25.760998989285,34.979712530605,
    11.751545856346));
#2095 = CARTESIAN_POINT('',(25.874194856681,34.898375086004,
    11.756833536889));
#2096 = CARTESIAN_POINT('',(25.987589976702,34.81755835365,
    11.762119567323));
#2097 = CARTESIAN_POINT('',(26.101181978398,34.737261294301,
    11.76740324703));
#2098 = CARTESIAN_POINT('',(26.214968439991,34.657482506931,
    11.772683285116));
#2099 = CARTESIAN_POINT('',(26.71078655717,34.312689817866,
    11.795637051527));
#2100 = CARTESIAN_POINT('',(27.094783014029,34.052968620007,
    11.813273841495));
#2101 = CARTESIAN_POINT('',(27.480850729118,33.799024552646,
    11.830852924122));
#2102 = CARTESIAN_POINT('',(27.868906340397,33.550827489883,
    11.84836051282));
#2103 = CARTESIAN_POINT('',(28.258868836999,33.308350096993,
    11.865786301794));
#2104 = CARTESIAN_POINT('',(28.650659467645,33.071567368113,
    11.883123388175));
#2105 = CARTESIAN_POINT('',(29.044201649059,32.84045616392,
    11.900368194151));
#2106 = CARTESIAN_POINT('',(29.91521033754,32.343570287789,
    11.938169267258));
#2107 = CARTESIAN_POINT('',(30.393429292605,32.080334544121,
    11.958683887257));
#2108 = CARTESIAN_POINT('',(30.873947586667,31.825249911733,
    11.979063569944));
#2109 = CARTESIAN_POINT('',(31.35663773697,31.578282654705,
    11.999314395153));
#2110 = CARTESIAN_POINT('',(31.841374845645,31.339402108793,
    12.019448778662));
#2111 = CARTESIAN_POINT('',(32.328036514439,31.108579882443,
    12.039485049145));
#2112 = CARTESIAN_POINT('',(32.816502759452,30.88578905781,
    12.059447025137));
#2113 = CARTESIAN_POINT('',(33.446173947281,30.609866438655,
    12.085032677055));
#2114 = CARTESIAN_POINT('',(33.585828600671,30.549378090018,
    12.090698073728));
#2115 = CARTESIAN_POINT('',(33.725617157318,30.48953775556,
    12.096360455619));
#2116 = CARTESIAN_POINT('',(33.865536899448,30.430344848344,
    12.10202052306));
#2117 = CARTESIAN_POINT('',(34.00558512023,30.371798784792,
    12.107679003092));
#2118 = CARTESIAN_POINT('',(34.145759123778,30.313898984688,
    12.11333664947));
#2119 = CARTESIAN_POINT('',(34.286056225148,30.256644871174,
    12.11899424266));
#2120 = CARTESIAN_POINT('',(34.945336186135,29.99085768017,
    12.145560975718));
#2121 = CARTESIAN_POINT('',(35.465842557037,29.790487123156,
    12.166477657345));
#2122 = CARTESIAN_POINT('',(35.987858441853,29.598872874391,
    12.187394714168));
#2123 = CARTESIAN_POINT('',(36.51125216865,29.415963791437,
    12.208302238628));
#2124 = CARTESIAN_POINT('',(37.035894858939,29.241708991503,
    12.22918850755));
#2125 = CARTESIAN_POINT('',(37.561660471855,29.076057928214,
    12.250040153518));
#2126 = CARTESIAN_POINT('',(38.088425848341,28.918960468372,
    12.270842336265));
#2127 = CARTESIAN_POINT('',(39.047149988546,28.648967953897,
    12.308520436525));
#2128 = CARTESIAN_POINT('',(39.478815966826,28.533245162973,
    12.325418234355));
#2129 = CARTESIAN_POINT('',(39.911003004985,28.423171535877,
    12.342263359218));
#2130 = CARTESIAN_POINT('',(40.343646401528,28.318720335982,
    12.359046425703));
#2131 = CARTESIAN_POINT('',(40.776682438652,28.219865150114,
    12.375757611301));
#2132 = CARTESIAN_POINT('',(41.210048382246,28.126579888548,
    12.392386656413));
#2133 = CARTESIAN_POINT('',(41.643682481889,28.038838785017,
    12.408922864344));
#2134 = CARTESIAN_POINT('',(42.294964921352,27.915406612197,
    12.433590923182));
#2135 = CARTESIAN_POINT('',(42.512457941647,27.87558313894,
    12.441800647999));
#2136 = CARTESIAN_POINT('',(42.729995368335,27.83714277824,
    12.449982887579));
#2137 = CARTESIAN_POINT('',(42.947569588784,27.800082354444,
    12.45813624045));
#2138 = CARTESIAN_POINT('',(43.165173041126,27.76439871493,
    12.466259291853));
#2139 = CARTESIAN_POINT('',(43.38279821426,27.730088730107,
    12.474350613739));
#2140 = CARTESIAN_POINT('',(43.600437647851,27.697149293417,
    12.482408764771));
#2141 = CARTESIAN_POINT('',(44.034978023832,27.634114463066,
    12.498428086296));
#2142 = CARTESIAN_POINT('',(44.251878924886,27.604009580012,
    12.506389332779));
#2143 = CARTESIAN_POINT('',(44.468779237472,27.575259957345,
    12.514315629196));
#2144 = CARTESIAN_POINT('',(44.6856716021,27.547862892128,
    12.522206594388));
#2145 = CARTESIAN_POINT('',(44.902548697802,27.521815693317,
    12.530061866617));
#2146 = CARTESIAN_POINT('',(45.119403242136,27.49711568176,
    12.537881103565));
#2147 = CARTESIAN_POINT('',(45.336227991184,27.473760190199,
    12.545663982334));
#2148 = CARTESIAN_POINT('',(46.176764158926,27.388408274523,
    12.57569785507));
#2149 = CARTESIAN_POINT('',(46.800205956198,27.336178544561,
    12.597681939542));
#2150 = CARTESIAN_POINT('',(47.423169910871,27.29499401239,
    12.619354989179));
#2151 = CARTESIAN_POINT('',(48.045486895541,27.264791900457,
    12.640710448832));
#2152 = CARTESIAN_POINT('',(48.666989932219,27.245509908796,
    12.661742551255));
#2153 = CARTESIAN_POINT('',(49.287514248662,27.237086109193,
    12.682446196462));
#2154 = CARTESIAN_POINT('',(49.906897334696,27.239458839335,
    12.702816831094));
#2155 = CARTESIAN_POINT('',(50.987686137061,27.262379301952,
    12.737847766581));
#2156 = CARTESIAN_POINT('',(51.449663728739,27.278208176169,
    12.752655973165));
#2157 = CARTESIAN_POINT('',(51.910844367071,27.300027669733,
    12.767274390919));
#2158 = CARTESIAN_POINT('',(52.371161393192,27.327811741516,
    12.781699871585));
#2159 = CARTESIAN_POINT('',(52.830548590723,27.361534683198,
    12.79593073191));
#2160 = CARTESIAN_POINT('',(53.288940152864,27.401171226348,
    12.809967303559));
#2161 = CARTESIAN_POINT('',(53.746270921735,27.446695932543,
    12.82380897625));
#2162 = CARTESIAN_POINT('',(55.560593608547,27.651056835841,
    12.878050062605));
#2163 = CARTESIAN_POINT('',(56.908729133586,27.855975963568,
    12.91685770706));
#2164 = CARTESIAN_POINT('',(58.245204705668,28.112145233386,
    12.953732200747));
#2165 = CARTESIAN_POINT('',(59.568363904128,28.418883752763,
    12.988544504301));
#2166 = CARTESIAN_POINT('',(60.876575811903,28.775516122238,
    13.021164950733));
#2167 = CARTESIAN_POINT('',(62.168236443812,29.181374073389,
    13.051479210729));
#2168 = CARTESIAN_POINT('',(63.441768829909,29.635801731974,
    13.079395331437));
#2169 = CARTESIAN_POINT('',(65.332175541072,30.393194392768,
    13.117707790387));
#2170 = CARTESIAN_POINT('',(65.963653880706,30.6605819209,13.12996342873
    ));
#2171 = CARTESIAN_POINT('',(66.589852885446,30.940237168617,
    13.141560917565));
#2172 = CARTESIAN_POINT('',(67.210568689971,31.232076332857,
    13.152487981083));
#2173 = CARTESIAN_POINT('',(67.825597808156,31.536016302552,
    13.162732990668));
#2174 = CARTESIAN_POINT('',(68.434737108615,31.851974875187,
    13.172284988541));
#2175 = CARTESIAN_POINT('',(69.037783790238,32.179870973351,
    13.181133711422));
#2176 = CARTESIAN_POINT('',(70.110976091959,32.79088111036,
    13.195765240984));
#2177 = CARTESIAN_POINT('',(70.583403744799,33.069695726749,
    13.201807110022));
#2178 = CARTESIAN_POINT('',(71.051715358863,33.356027654563,
    13.207387009128));
#2179 = CARTESIAN_POINT('',(71.515807237876,33.649837591301,
    13.212506993229));
#2180 = CARTESIAN_POINT('',(71.975575835417,33.951085330429,
    13.217159768764));
#2181 = CARTESIAN_POINT('',(72.430917460254,34.259730678885,
    13.221334586669));
#2182 = CARTESIAN_POINT('',(72.881727801468,34.575734928777,
    13.225026955636));
#2183 = CARTESIAN_POINT('',(74.053197289423,35.424652372184,
    13.233438103988));
#2184 = CARTESIAN_POINT('',(74.766239052698,35.969588001651,
    13.237354176256));
#2185 = CARTESIAN_POINT('',(75.466580913357,36.533704166461,
    13.239951705463));
#2186 = CARTESIAN_POINT('',(76.153768874765,37.116841923386,
    13.241210747996));
#2187 = CARTESIAN_POINT('',(76.827341985266,37.718845557239,
    13.241110413776));
#2188 = CARTESIAN_POINT('',(77.486831702933,38.339564792365,
    13.239634923142));
#2189 = CARTESIAN_POINT('',(78.131760823791,38.978857670244,
    13.236777883184));
#2190 = CARTESIAN_POINT('',(79.271945952881,40.169460621423,
    13.229086635175));
#2191 = CARTESIAN_POINT('',(79.772370491372,40.714430419951,
    13.224729674969));
#2192 = CARTESIAN_POINT('',(80.262657664258,41.271430812411,
    13.219447745967));
#2193 = CARTESIAN_POINT('',(80.74254223856,41.840392323175,
    13.213232284459));
#2194 = CARTESIAN_POINT('',(81.21175174861,42.421247859568,
    13.206076624617));
#2195 = CARTESIAN_POINT('',(81.670005984215,43.013933852695,
    13.197976142128));
#2196 = CARTESIAN_POINT('',(82.117016478808,43.618391398272,
    13.188928397827));
#2197 = CARTESIAN_POINT('',(82.818532804173,44.611015460509,
    13.172826840561));
#2198 = CARTESIAN_POINT('',(83.08027140497,44.991836686298,
    13.166366516837));
#2199 = CARTESIAN_POINT('',(83.337633745671,45.377019005169,
    13.15955344472));
#2200 = CARTESIAN_POINT('',(83.590550308888,45.766550193427,
    13.152386545195));
#2201 = CARTESIAN_POINT('',(83.838949779604,46.160418641638,
    13.144866207064));
#2202 = CARTESIAN_POINT('',(84.082758928492,46.558613606667,
    13.136994965182));
#2203 = CARTESIAN_POINT('',(84.321902713093,46.961124947458,
    13.128775175528));
#2204 = CARTESIAN_POINT('',(84.774588308571,47.746785765032,
    13.112221599802));
#2205 = CARTESIAN_POINT('',(84.988759588673,48.129362970923,
    13.103934578793));
#2206 = CARTESIAN_POINT('',(85.198756574995,48.515665917098,
    13.095341357003));
#2207 = CARTESIAN_POINT('',(85.404515662499,48.905686708356,
    13.086441336638));
#2208 = CARTESIAN_POINT('',(85.605971420654,49.299417746903,
    13.07723460906));
#2209 = CARTESIAN_POINT('',(85.803056510799,49.696851879849,
    13.06772197464));
#2210 = CARTESIAN_POINT('',(85.995701603505,50.097982546696,
    13.057904962614));
#2211 = CARTESIAN_POINT('',(86.400887893577,50.969852284856,
    13.036111283534));
#2212 = CARTESIAN_POINT('',(86.611935035806,51.441812021919,
    13.024034634275));
#2213 = CARTESIAN_POINT('',(86.816867272509,51.91867484648,
    13.011559381911));
#2214 = CARTESIAN_POINT('',(87.015570744191,52.400432124958,
    12.99869037463));
#2215 = CARTESIAN_POINT('',(87.20792693095,52.887075294838,
    12.985433863905));
#2216 = CARTESIAN_POINT('',(87.393812401453,53.378596277781,
    12.971797538341));
#2217 = CARTESIAN_POINT('',(87.573098561911,53.874987892729,
    12.95779055752));
#2218 = CARTESIAN_POINT('',(87.827662964872,54.614483271863,
    12.936595197888));
#2219 = CARTESIAN_POINT('',(87.908153401135,54.853821018004,
    12.929685633148));
#2220 = CARTESIAN_POINT('',(87.987108344858,55.0942566766,
    12.922695644897));
#2221 = CARTESIAN_POINT('',(88.064513028445,55.335789534674,
    12.915626628752));
#2222 = CARTESIAN_POINT('',(88.140352336631,55.57841890166,
    12.908480225673));
#2223 = CARTESIAN_POINT('',(88.214610857409,55.822144013953,
    12.901257924953));
#2224 = CARTESIAN_POINT('',(88.287272932972,56.066963939454,
    12.893960667204));
#2225 = CARTESIAN_POINT('',(88.427830033476,56.55345236579,
    12.879376274679));
#2226 = CARTESIAN_POINT('',(88.495794266744,56.795073860528,
    12.872092457577));
#2227 = CARTESIAN_POINT('',(88.562200522273,57.037740950056,
    12.864737462406));
#2228 = CARTESIAN_POINT('',(88.62703358094,57.281452545469,
    12.857311800224));
#2229 = CARTESIAN_POINT('',(88.690277892672,57.526207485227,
    12.849816026787));
#2230 = CARTESIAN_POINT('',(88.751917576446,57.772004535158,
    12.842250742548));
#2231 = CARTESIAN_POINT('',(88.811936420293,58.018842388459,
    12.834616592658));
#2232 = CARTESIAN_POINT('',(88.996908607888,58.80420132674,
    12.810213023306));
#2233 = CARTESIAN_POINT('',(89.115800238177,59.346567223762,
    12.793191340201));
#2234 = CARTESIAN_POINT('',(89.226824664689,59.893806724347,
    12.775856263763));
#2235 = CARTESIAN_POINT('',(89.329805217795,60.445903741995,
    12.758216110964));
#2236 = CARTESIAN_POINT('',(89.424556384348,61.002837369332,
    12.740280747266));
#2237 = CARTESIAN_POINT('',(89.510883526327,61.564582511316,
    12.722061864248));
#2238 = CARTESIAN_POINT('',(89.588582599477,62.131110518449,
    12.70357325723));
#2239 = CARTESIAN_POINT('',(89.722612975133,63.243103146602,
    12.6670917369));
#2240 = CARTESIAN_POINT('',(89.779864377036,63.788066395951,
    12.649125147607));
#2241 = CARTESIAN_POINT('',(89.82901259147,64.337255113265,
    12.630946827975));
#2242 = CARTESIAN_POINT('',(89.869869027384,64.890632369961,
    12.612568117313));
#2243 = CARTESIAN_POINT('',(89.902233150368,65.448155044186,
    12.594012625566));
#2244 = CARTESIAN_POINT('',(89.92589743723,66.009768633685,
    12.57530167611));
#2245 = CARTESIAN_POINT('',(89.940649440464,66.575405319625,
    12.556448359557));
#2246 = CARTESIAN_POINT('',(89.946258279381,67.145,12.537499791093));
#2247 = PCURVE('',#144,#2248);
#2248 = DEFINITIONAL_REPRESENTATION('',(#2249),#2476);
#2249 = B_SPLINE_CURVE_WITH_KNOTS('',8,(#2250,#2251,#2252,#2253,#2254,
    #2255,#2256,#2257,#2258,#2259,#2260,#2261,#2262,#2263,#2264,#2265,
    #2266,#2267,#2268,#2269,#2270,#2271,#2272,#2273,#2274,#2275,#2276,
    #2277,#2278,#2279,#2280,#2281,#2282,#2283,#2284,#2285,#2286,#2287,
    #2288,#2289,#2290,#2291,#2292,#2293,#2294,#2295,#2296,#2297,#2298,
    #2299,#2300,#2301,#2302,#2303,#2304,#2305,#2306,#2307,#2308,#2309,
    #2310,#2311,#2312,#2313,#2314,#2315,#2316,#2317,#2318,#2319,#2320,
    #2321,#2322,#2323,#2324,#2325,#2326,#2327,#2328,#2329,#2330,#2331,
    #2332,#2333,#2334,#2335,#2336,#2337,#2338,#2339,#2340,#2341,#2342,
    #2343,#2344,#2345,#2346,#2347,#2348,#2349,#2350,#2351,#2352,#2353,
    #2354,#2355,#2356,#2357,#2358,#2359,#2360,#2361,#2362,#2363,#2364,
    #2365,#2366,#2367,#2368,#2369,#2370,#2371,#2372,#2373,#2374,#2375,
    #2376,#2377,#2378,#2379,#2380,#2381,#2382,#2383,#2384,#2385,#2386,
    #2387,#2388,#2389,#2390,#2391,#2392,#2393,#2394,#2395,#2396,#2397,
    #2398,#2399,#2400,#2401,#2402,#2403,#2404,#2405,#2406,#2407,#2408,
    #2409,#2410,#2411,#2412,#2413,#2414,#2415,#2416,#2417,#2418,#2419,
    #2420,#2421,#2422,#2423,#2424,#2425,#2426,#2427,#2428,#2429,#2430,
    #2431,#2432,#2433,#2434,#2435,#2436,#2437,#2438,#2439,#2440,#2441,
    #2442,#2443,#2444,#2445,#2446,#2447,#2448,#2449,#2450,#2451,#2452,
    #2453,#2454,#2455,#2456,#2457,#2458,#2459,#2460,#2461,#2462,#2463,
    #2464,#2465,#2466,#2467,#2468,#2469,#2470,#2471,#2472,#2473,#2474,
    #2475),.UNSPECIFIED.,.F.,.F.,(9,7,7,7,7,7,7,7,7,7,7,7,7,7,7,7,7,7,7,
    7,7,7,7,7,7,7,7,7,7,7,7,7,9),(0.,3.515433032614E-02,
    7.168445155682E-02,0.10337758064,0.138148842716,0.157323812655,
    0.167470862807,0.178035746484,0.226035299015,0.239934468489,
    0.250916397291,0.259621136351,0.288782827131,0.323889482659,
    0.333882300115,0.37080716116,0.400974306858,0.416094052206,
    0.431161543199,0.474514194635,0.506968775423,0.603585458549,
    0.65263559735,0.691796758238,0.755456596002,0.807031088841,
    0.83854013489,0.867882525031,0.901735270484,0.917824929791,
    0.93356529071,0.967695709707,1.),.UNSPECIFIED.);
#2250 = CARTESIAN_POINT('',(11.00113031299,1.));
#2251 = CARTESIAN_POINT('',(10.960621485373,0.98343697982));
#2252 = CARTESIAN_POINT('',(10.938000655923,0.966850068663));
#2253 = CARTESIAN_POINT('',(10.933147459585,0.950260091727));
#2254 = CARTESIAN_POINT('',(10.945850004513,0.933686987882));
#2255 = CARTESIAN_POINT('',(10.975819271697,0.917149828698));
#2256 = CARTESIAN_POINT('',(11.022701454167,0.900666835101));
#2257 = CARTESIAN_POINT('',(11.086088235774,0.884255391694));
#2258 = CARTESIAN_POINT('',(11.24807060064,0.850969899941));
#2259 = CARTESIAN_POINT('',(11.347950128124,0.834102288771));
#2260 = CARTESIAN_POINT('',(11.464657177556,0.817347217027));
#2261 = CARTESIAN_POINT('',(11.597644603076,0.80072096443));
#2262 = CARTESIAN_POINT('',(11.746323170004,0.784237903385));
#2263 = CARTESIAN_POINT('',(11.910108597588,0.767911146848));
#2264 = CARTESIAN_POINT('',(12.08838886165,0.7517519856));
#2265 = CARTESIAN_POINT('',(12.447311708576,0.721905266274));
#2266 = CARTESIAN_POINT('',(12.624516977447,0.708173694972));
#2267 = CARTESIAN_POINT('',(12.811807161622,0.694582259099));
#2268 = CARTESIAN_POINT('',(13.008805485662,0.681136661824));
#2269 = CARTESIAN_POINT('',(13.215144109103,0.667841953426));
#2270 = CARTESIAN_POINT('',(13.430467187326,0.654702580567));
#2271 = CARTESIAN_POINT('',(13.654433932432,0.641722435565));
#2272 = CARTESIAN_POINT('',(14.141569907036,0.61484249832));
#2273 = CARTESIAN_POINT('',(14.406430687247,0.600976002933));
#2274 = CARTESIAN_POINT('',(14.68087796253,0.587309799107));
#2275 = CARTESIAN_POINT('',(14.964506616392,0.573847820225));
#2276 = CARTESIAN_POINT('',(15.256933467579,0.560593584847));
#2277 = CARTESIAN_POINT('',(15.557798269591,0.547550228115));
#2278 = CARTESIAN_POINT('',(15.866764710191,0.534720533151));
#2279 = CARTESIAN_POINT('',(16.358200149977,0.515151079229));
#2280 = CARTESIAN_POINT('',(16.535247075658,0.508260953085));
#2281 = CARTESIAN_POINT('',(16.714609528365,0.501437013718));
#2282 = CARTESIAN_POINT('',(16.896236537725,0.494679676717));
#2283 = CARTESIAN_POINT('',(17.080078822598,0.487989343572));
#2284 = CARTESIAN_POINT('',(17.266088791074,0.481366401675));
#2285 = CARTESIAN_POINT('',(17.454220540475,0.474811224319));
#2286 = CARTESIAN_POINT('',(17.745085216075,0.46489133828));
#2287 = CARTESIAN_POINT('',(17.846322308697,0.461477583806));
#2288 = CARTESIAN_POINT('',(17.948134555312,0.458082961098));
#2289 = CARTESIAN_POINT('',(18.050515475613,0.454707523136));
#2290 = CARTESIAN_POINT('',(18.153458688888,0.451351322066));
#2291 = CARTESIAN_POINT('',(18.256957914021,0.448014409197));
#2292 = CARTESIAN_POINT('',(18.361006969496,0.444696835003));
#2293 = CARTESIAN_POINT('',(18.57449948219,0.437964651089));
#2294 = CARTESIAN_POINT('',(18.683988364819,0.434551661068));
#2295 = CARTESIAN_POINT('',(18.794060754083,0.43115978185));
#2296 = CARTESIAN_POINT('',(18.904708737152,0.427789022667));
#2297 = CARTESIAN_POINT('',(19.015923061823,0.424439353915));
#2298 = CARTESIAN_POINT('',(19.127695074222,0.421110760263));
#2299 = CARTESIAN_POINT('',(19.24001743848,0.417803252734));
#2300 = CARTESIAN_POINT('',(19.865657419686,0.399585424966));
#2301 = CARTESIAN_POINT('',(20.389613322916,0.385088765459));
#2302 = CARTESIAN_POINT('',(20.923984185719,0.371025052353));
#2303 = CARTESIAN_POINT('',(21.468035024734,0.35739033075));
#2304 = CARTESIAN_POINT('',(22.021066096994,0.344178787777));
#2305 = CARTESIAN_POINT('',(22.582419659499,0.331383123948));
#2306 = CARTESIAN_POINT('',(23.1514881775,0.318994968458));
#2307 = CARTESIAN_POINT('',(23.894583851498,0.303533516433));
#2308 = CARTESIAN_POINT('',(24.062044725023,0.300095110723));
#2309 = CARTESIAN_POINT('',(24.230093246101,0.296689902077));
#2310 = CARTESIAN_POINT('',(24.398716433387,0.293317669252));
#2311 = CARTESIAN_POINT('',(24.567901680135,0.289978188939));
#2312 = CARTESIAN_POINT('',(24.737636754206,0.286671235765));
#2313 = CARTESIAN_POINT('',(24.907909798061,0.283396582295));
#2314 = CARTESIAN_POINT('',(25.213660434244,0.277591988493));
#2315 = CARTESIAN_POINT('',(25.348940206127,0.275049999567));
#2316 = CARTESIAN_POINT('',(25.484542983764,0.272527919447));
#2317 = CARTESIAN_POINT('',(25.620463244849,0.270025635576));
#2318 = CARTESIAN_POINT('',(25.756695605416,0.26754303565));
#2319 = CARTESIAN_POINT('',(25.893234819838,0.265080007608));
#2320 = CARTESIAN_POINT('',(26.030075780829,0.26263643964));
#2321 = CARTESIAN_POINT('',(26.275914663959,0.258290681794));
#2322 = CARTESIAN_POINT('',(26.384802251581,0.256381298342));
#2323 = CARTESIAN_POINT('',(26.493873694682,0.254484008126));
#2324 = CARTESIAN_POINT('',(26.603127213975,0.252598796755));
#2325 = CARTESIAN_POINT('',(26.712561131441,0.250725654274));
#2326 = CARTESIAN_POINT('',(26.822173565394,0.248864556595));
#2327 = CARTESIAN_POINT('',(26.931962527683,0.247015471247));
#2328 = CARTESIAN_POINT('',(27.41031576716,0.239023984653));
#2329 = CARTESIAN_POINT('',(27.780667499269,0.233004255881));
#2330 = CARTESIAN_POINT('',(28.152915744807,0.227118427457));
#2331 = CARTESIAN_POINT('',(28.526998410927,0.221365801133));
#2332 = CARTESIAN_POINT('',(28.902856986467,0.215745743354));
#2333 = CARTESIAN_POINT('',(29.280436341939,0.210257674542));
#2334 = CARTESIAN_POINT('',(29.659684529523,0.204901058383));
#2335 = CARTESIAN_POINT('',(30.4990652138,0.193384408107));
#2336 = CARTESIAN_POINT('',(30.95992450609,0.187283220399));
#2337 = CARTESIAN_POINT('',(31.42304490288,0.18137095635));
#2338 = CARTESIAN_POINT('',(31.888345485154,0.175646834041));
#2339 = CARTESIAN_POINT('',(32.355749679577,0.170110142746));
#2340 = CARTESIAN_POINT('',(32.825184966144,0.164760224416));
#2341 = CARTESIAN_POINT('',(33.29658258583,0.159596455158));
#2342 = CARTESIAN_POINT('',(33.904596636729,0.153201215405));
#2343 = CARTESIAN_POINT('',(34.039469682374,0.151799237224));
#2344 = CARTESIAN_POINT('',(34.174494866308,0.150412278493));
#2345 = CARTESIAN_POINT('',(34.309670687278,0.149040325608));
#2346 = CARTESIAN_POINT('',(34.44499566164,0.147683365043));
#2347 = CARTESIAN_POINT('',(34.580468323364,0.146341383351));
#2348 = CARTESIAN_POINT('',(34.71608722403,0.145014367161));
#2349 = CARTESIAN_POINT('',(35.353516864799,0.138854042883));
#2350 = CARTESIAN_POINT('',(35.857159482425,0.134209922892));
#2351 = CARTESIAN_POINT('',(36.362702219721,0.129768753607));
#2352 = CARTESIAN_POINT('',(36.870071849057,0.125529349668));
#2353 = CARTESIAN_POINT('',(37.379198444431,0.12149053173));
#2354 = CARTESIAN_POINT('',(37.89001534473,0.117651128247));
#2355 = CARTESIAN_POINT('',(38.402459117003,0.114009977248));
#2356 = CARTESIAN_POINT('',(39.336409534937,0.107752183426));
#2357 = CARTESIAN_POINT('',(39.757394904655,0.105070000301));
#2358 = CARTESIAN_POINT('',(40.179392705109,0.102518751556));
#2359 = CARTESIAN_POINT('',(40.602371091289,0.100097817499));
#2360 = CARTESIAN_POINT('',(41.026299296937,9.780658593379E-02));
#2361 = CARTESIAN_POINT('',(41.451147634549,9.564445216244E-02));
#2362 = CARTESIAN_POINT('',(41.876887495378,9.361081898288E-02));
#2363 = CARTESIAN_POINT('',(42.517304804047,9.074995045074E-02));
#2364 = CARTESIAN_POINT('',(42.731335263336,8.982693565743E-02));
#2365 = CARTESIAN_POINT('',(42.945579245259,8.893597817221E-02));
#2366 = CARTESIAN_POINT('',(43.16003332172,8.807700439087E-02));
#2367 = CARTESIAN_POINT('',(43.374694118567,8.724994124301E-02));
#2368 = CARTESIAN_POINT('',(43.589558315593,8.645471619207E-02));
#2369 = CARTESIAN_POINT('',(43.804622646532,8.569125723531E-02));
#2370 = CARTESIAN_POINT('',(44.234401201367,8.423025757483E-02));
#2371 = CARTESIAN_POINT('',(44.449114056196,8.353249692925E-02));
#2372 = CARTESIAN_POINT('',(44.664019315096,8.28661480437E-02));
#2373 = CARTESIAN_POINT('',(44.879113870159,8.223114827044E-02));
#2374 = CARTESIAN_POINT('',(45.094394654021,8.162743523738E-02));
#2375 = CARTESIAN_POINT('',(45.309858639858,8.105494684808E-02));
#2376 = CARTESIAN_POINT('',(45.525502841391,8.051362128171E-02));
#2377 = CARTESIAN_POINT('',(46.362292530511,7.853536387815E-02));
#2378 = CARTESIAN_POINT('',(46.984727942641,7.732480112552E-02));
#2379 = CARTESIAN_POINT('',(47.608560746261,7.637024017593E-02));
#2380 = CARTESIAN_POINT('',(48.233723229176,7.567022599274E-02));
#2381 = CARTESIAN_POINT('',(48.860149714482,7.522331460879E-02));
#2382 = CARTESIAN_POINT('',(49.487776505049,7.502807067316E-02));
#2383 = CARTESIAN_POINT('',(50.116541827996,7.508306499791E-02));
#2384 = CARTESIAN_POINT('',(51.217898379217,7.561430761276E-02));
#2385 = CARTESIAN_POINT('',(51.690015260316,7.598118382592E-02));
#2386 = CARTESIAN_POINT('',(52.162711177528,7.648690855796E-02));
#2387 = CARTESIAN_POINT('',(52.63596130097,7.713087823656E-02));
#2388 = CARTESIAN_POINT('',(53.109741178922,7.791249700308E-02));
#2389 = CARTESIAN_POINT('',(53.584026724933,7.883117919452E-02));
#2390 = CARTESIAN_POINT('',(54.058794228933,7.988633520785E-02));
#2391 = CARTESIAN_POINT('',(55.948759838285,8.462294207535E-02));
#2392 = CARTESIAN_POINT('',(57.367551066185,8.937248727704E-02));
#2393 = CARTESIAN_POINT('',(58.78979473502,9.530989067995E-02));
#2394 = CARTESIAN_POINT('',(60.214897925485,0.102419370791));
#2395 = CARTESIAN_POINT('',(61.642273063262,0.110685273432));
#2396 = CARTESIAN_POINT('',(63.071335304491,0.120092109709));
#2397 = CARTESIAN_POINT('',(64.501500792849,0.130624677992));
#2398 = CARTESIAN_POINT('',(66.658516338011,0.148179265101));
#2399 = CARTESIAN_POINT('',(67.384975476186,0.154376681444));
#2400 = CARTESIAN_POINT('',(68.1114878369,0.160858434781));
#2401 = CARTESIAN_POINT('',(68.837974035716,0.167622582753));
#2402 = CARTESIAN_POINT('',(69.56435300408,0.174667199039));
#2403 = CARTESIAN_POINT('',(70.290541914408,0.18199037838));
#2404 = CARTESIAN_POINT('',(71.016456105163,0.189590241589));
#2405 = CARTESIAN_POINT('',(72.321283490655,0.203752024808));
#2406 = CARTESIAN_POINT('',(72.900327195154,0.210214294281));
#2407 = CARTESIAN_POINT('',(73.479096178578,0.216850797417));
#2408 = CARTESIAN_POINT('',(74.057544707683,0.223660623277));
#2409 = CARTESIAN_POINT('',(74.635626291559,0.230642839968));
#2410 = CARTESIAN_POINT('',(75.213293314115,0.237796515909));
#2411 = CARTESIAN_POINT('',(75.790496465603,0.245120753941));
#2412 = CARTESIAN_POINT('',(77.304642308316,0.264796671044));
#2413 = CARTESIAN_POINT('',(78.240736349799,0.277427002008));
#2414 = CARTESIAN_POINT('',(79.175253229547,0.290501892837));
#2415 = CARTESIAN_POINT('',(80.107963375837,0.304017659599));
#2416 = CARTESIAN_POINT('',(81.038621756195,0.31797069318));
#2417 = CARTESIAN_POINT('',(81.966966851825,0.332357510543));
#2418 = CARTESIAN_POINT('',(82.892719529374,0.347174821422));
#2419 = CARTESIAN_POINT('',(84.563247322584,0.374770207937));
#2420 = CARTESIAN_POINT('',(85.309011750532,0.38740133086));
#2421 = CARTESIAN_POINT('',(86.052718541252,0.40031129476));
#2422 = CARTESIAN_POINT('',(86.794198377182,0.413498489354));
#2423 = CARTESIAN_POINT('',(87.53326954692,0.426961359591));
#2424 = CARTESIAN_POINT('',(88.269737351814,0.440698432094));
#2425 = CARTESIAN_POINT('',(89.003393512546,0.454708341599));
#2426 = CARTESIAN_POINT('',(90.180383595366,0.477715041384));
#2427 = CARTESIAN_POINT('',(90.62561826588,0.486541585034));
#2428 = CARTESIAN_POINT('',(91.069668472687,0.495469208603));
#2429 = CARTESIAN_POINT('',(91.51248065487,0.504497628773));
#2430 = CARTESIAN_POINT('',(91.953998403172,0.513626576466));
#2431 = CARTESIAN_POINT('',(92.394162316483,0.522855802681));
#2432 = CARTESIAN_POINT('',(92.832910116805,0.532185072371));
#2433 = CARTESIAN_POINT('',(93.677376153032,0.550394849114));
#2434 = CARTESIAN_POINT('',(94.083290578655,0.559262092268));
#2435 = CARTESIAN_POINT('',(94.487867918858,0.568215689352));
#2436 = CARTESIAN_POINT('',(94.891052934218,0.577255457373));
#2437 = CARTESIAN_POINT('',(95.292787423349,0.586381220232));
#2438 = CARTESIAN_POINT('',(95.693010119655,0.595592812142));
#2439 = CARTESIAN_POINT('',(96.091656588071,0.604890081045));
#2440 = CARTESIAN_POINT('',(96.946686762178,0.625097978557));
#2441 = CARTESIAN_POINT('',(97.402525108257,0.636036899338));
#2442 = CARTESIAN_POINT('',(97.856070677194,0.647089462197));
#2443 = CARTESIAN_POINT('',(98.307212628476,0.658255467029));
#2444 = CARTESIAN_POINT('',(98.755832420025,0.669534715375));
#2445 = CARTESIAN_POINT('',(99.201803464293,0.680927019997));
#2446 = CARTESIAN_POINT('',(99.644990784363,0.692432214457));
#2447 = CARTESIAN_POINT('',(100.29449903298,0.709571984514));
#2448 = CARTESIAN_POINT('',(100.50308587522,0.715119272639));
#2449 = CARTESIAN_POINT('',(100.71099575454,0.720692007802));
#2450 = CARTESIAN_POINT('',(100.91821257212,0.726290173477));
#2451 = CARTESIAN_POINT('',(101.12471964166,0.73191375366));
#2452 = CARTESIAN_POINT('',(101.33049975861,0.737562730651));
#2453 = CARTESIAN_POINT('',(101.53553526932,0.743237082847));
#2454 = CARTESIAN_POINT('',(101.93964635013,0.754512744601));
#2455 = CARTESIAN_POINT('',(102.13875458715,0.760112964666));
#2456 = CARTESIAN_POINT('',(102.33711590712,0.765737419169));
#2457 = CARTESIAN_POINT('',(102.53471275298,0.771386082871));
#2458 = CARTESIAN_POINT('',(102.7315269548,0.77705892885));
#2459 = CARTESIAN_POINT('',(102.92753972978,0.782755928501));
#2460 = CARTESIAN_POINT('',(103.12273168221,0.788477051535));
#2461 = CARTESIAN_POINT('',(103.73850167934,0.806679831423));
#2462 = CARTESIAN_POINT('',(104.15596501695,0.819250602011));
#2463 = CARTESIAN_POINT('',(104.56927090689,0.831934331309));
#2464 = CARTESIAN_POINT('',(104.97820011184,0.844730646471));
#2465 = CARTESIAN_POINT('',(105.38251526309,0.857639062912));
#2466 = CARTESIAN_POINT('',(105.78196005709,0.870658998988));
#2467 = CARTESIAN_POINT('',(106.176258452,0.88378979067));
#2468 = CARTESIAN_POINT('',(106.93316378818,0.909563174101));
#2469 = CARTESIAN_POINT('',(107.29633327053,0.922194145213));
#2470 = CARTESIAN_POINT('',(107.65437115031,0.934923052843));
#2471 = CARTESIAN_POINT('',(108.00700688725,0.947749040893));
#2472 = CARTESIAN_POINT('',(108.3539426736,0.960671110036));
#2473 = CARTESIAN_POINT('',(108.69485981212,0.973687997122));
#2474 = CARTESIAN_POINT('',(109.02942080735,0.986798130005));
#2475 = CARTESIAN_POINT('',(109.35724861764,0.999999999987));
#2476 = ( GEOMETRIC_REPRESENTATION_CONTEXT(2) 
PARAMETRIC_REPRESENTATION_CONTEXT() REPRESENTATION_CONTEXT('2D SPACE',''
  ) );
#2477 = PCURVE('',#1715,#2478);
#2478 = DEFINITIONAL_REPRESENTATION('',(#2479),#2706);
#2479 = B_SPLINE_CURVE_WITH_KNOTS('',8,(#2480,#2481,#2482,#2483,#2484,
    #2485,#2486,#2487,#2488,#2489,#2490,#2491,#2492,#2493,#2494,#2495,
    #2496,#2497,#2498,#2499,#2500,#2501,#2502,#2503,#2504,#2505,#2506,
    #2507,#2508,#2509,#2510,#2511,#2512,#2513,#2514,#2515,#2516,#2517,
    #2518,#2519,#2520,#2521,#2522,#2523,#2524,#2525,#2526,#2527,#2528,
    #2529,#2530,#2531,#2532,#2533,#2534,#2535,#2536,#2537,#2538,#2539,
    #2540,#2541,#2542,#2543,#2544,#2545,#2546,#2547,#2548,#2549,#2550,
    #2551,#2552,#2553,#2554,#2555,#2556,#2557,#2558,#2559,#2560,#2561,
    #2562,#2563,#2564,#2565,#2566,#2567,#2568,#2569,#2570,#2571,#2572,
    #2573,#2574,#2575,#2576,#2577,#2578,#2579,#2580,#2581,#2582,#2583,
    #2584,#2585,#2586,#2587,#2588,#2589,#2590,#2591,#2592,#2593,#2594,
    #2595,#2596,#2597,#2598,#2599,#2600,#2601,#2602,#2603,#2604,#2605,
    #2606,#2607,#2608,#2609,#2610,#2611,#2612,#2613,#2614,#2615,#2616,
    #2617,#2618,#2619,#2620,#2621,#2622,#2623,#2624,#2625,#2626,#2627,
    #2628,#2629,#2630,#2631,#2632,#2633,#2634,#2635,#2636,#2637,#2638,
    #2639,#2640,#2641,#2642,#2643,#2644,#2645,#2646,#2647,#2648,#2649,
    #2650,#2651,#2652,#2653,#2654,#2655,#2656,#2657,#2658,#2659,#2660,
    #2661,#2662,#2663,#2664,#2665,#2666,#2667,#2668,#2669,#2670,#2671,
    #2672,#2673,#2674,#2675,#2676,#2677,#2678,#2679,#2680,#2681,#2682,
    #2683,#2684,#2685,#2686,#2687,#2688,#2689,#2690,#2691,#2692,#2693,
    #2694,#2695,#2696,#2697,#2698,#2699,#2700,#2701,#2702,#2703,#2704,
    #2705),.UNSPECIFIED.,.F.,.F.,(9,7,7,7,7,7,7,7,7,7,7,7,7,7,7,7,7,7,7,
    7,7,7,7,7,7,7,7,7,7,7,7,7,9),(0.,3.515433032614E-02,
    7.168445155682E-02,0.10337758064,0.138148842716,0.157323812655,
    0.167470862807,0.178035746484,0.226035299015,0.239934468489,
    0.250916397291,0.259621136351,0.288782827131,0.323889482659,
    0.333882300115,0.37080716116,0.400974306858,0.416094052206,
    0.431161543199,0.474514194635,0.506968775423,0.603585458549,
    0.65263559735,0.691796758238,0.755456596002,0.807031088841,
    0.83854013489,0.867882525031,0.901735270484,0.917824929791,
    0.93356529071,0.967695709707,1.),.UNSPECIFIED.);
#2480 = CARTESIAN_POINT('',(3.14159265359,0.640402598785));
#2481 = CARTESIAN_POINT('',(3.159237625652,0.640389410748));
#2482 = CARTESIAN_POINT('',(3.176908041407,0.640364908665));
#2483 = CARTESIAN_POINT('',(3.194590075514,0.640332455379));
#2484 = CARTESIAN_POINT('',(3.212270952111,0.640293673607));
#2485 = CARTESIAN_POINT('',(3.229938778047,0.640248967141));
#2486 = CARTESIAN_POINT('',(3.247582398706,0.640197928978));
#2487 = CARTESIAN_POINT('',(3.26519127642,0.640139636382));
#2488 = CARTESIAN_POINT('',(3.301006891265,0.640003415009));
#2489 = CARTESIAN_POINT('',(3.319210696773,0.639925109249));
#2490 = CARTESIAN_POINT('',(3.337356197126,0.639834368106));
#2491 = CARTESIAN_POINT('',(3.355434242065,0.639736503261));
#2492 = CARTESIAN_POINT('',(3.373437150342,0.639615606519));
#2493 = CARTESIAN_POINT('',(3.391358196226,0.639488942628));
#2494 = CARTESIAN_POINT('',(3.409191922956,0.63933795734));
#2495 = CARTESIAN_POINT('',(3.442326258045,0.639031630983));
#2496 = CARTESIAN_POINT('',(3.457649672244,0.638880015777));
#2497 = CARTESIAN_POINT('',(3.472901166254,0.638726865258));
#2498 = CARTESIAN_POINT('',(3.488078447263,0.638584619603));
#2499 = CARTESIAN_POINT('',(3.50317967824,0.638471172258));
#2500 = CARTESIAN_POINT('',(3.518203456325,0.638410658941));
#2501 = CARTESIAN_POINT('',(3.533148791217,0.638434246639));
#2502 = CARTESIAN_POINT('',(3.564325235389,0.638741844194));
#2503 = CARTESIAN_POINT('',(3.580540043509,0.639050946048));
#2504 = CARTESIAN_POINT('',(3.596658826835,0.639559373723));
#2505 = CARTESIAN_POINT('',(3.612681154194,0.640329692868));
#2506 = CARTESIAN_POINT('',(3.628606860896,0.641436372118));
#2507 = CARTESIAN_POINT('',(3.644436065302,0.642966265986));
#2508 = CARTESIAN_POINT('',(3.660169185397,0.645019097744));
#2509 = CARTESIAN_POINT('',(3.684430564367,0.6491907333));
#2510 = CARTESIAN_POINT('',(3.693025138059,0.650866900875));
#2511 = CARTESIAN_POINT('',(3.701590775708,0.652755393936));
#2512 = CARTESIAN_POINT('',(3.71012758795,0.654876336653));
#2513 = CARTESIAN_POINT('',(3.718635696782,0.657251028476));
#2514 = CARTESIAN_POINT('',(3.727115235561,0.659901944134));
#2515 = CARTESIAN_POINT('',(3.735566349009,0.662852733635));
#2516 = CARTESIAN_POINT('',(3.748446411274,0.667861552092));
#2517 = CARTESIAN_POINT('',(3.752895711891,0.669685800615));
#2518 = CARTESIAN_POINT('',(3.757337117685,0.671604643786));
#2519 = CARTESIAN_POINT('',(3.761770651851,0.673621841971));
#2520 = CARTESIAN_POINT('',(3.766196338158,0.675741239948));
#2521 = CARTESIAN_POINT('',(3.770614200945,0.677966766906));
#2522 = CARTESIAN_POINT('',(3.775024265121,0.680302436447));
#2523 = CARTESIAN_POINT('',(3.78401012401,0.685303138707));
#2524 = CARTESIAN_POINT('',(3.788585270887,0.687977056873));
#2525 = CARTESIAN_POINT('',(3.793151998216,0.690782001731));
#2526 = CARTESIAN_POINT('',(3.797710363743,0.693719601719));
#2527 = CARTESIAN_POINT('',(3.802260438214,0.696788186515));
#2528 = CARTESIAN_POINT('',(3.806802283261,0.699987269827));
#2529 = CARTESIAN_POINT('',(3.811335951697,0.703318992412));
#2530 = CARTESIAN_POINT('',(3.836422536691,0.722515388815));
#2531 = CARTESIAN_POINT('',(3.856816099571,0.7409632672));
#2532 = CARTESIAN_POINT('',(3.877048305976,0.76211125695));
#2533 = CARTESIAN_POINT('',(3.897126164384,0.785858464721));
#2534 = CARTESIAN_POINT('',(3.917057221294,0.812017027595));
#2535 = CARTESIAN_POINT('',(3.936849289857,0.840316225224));
#2536 = CARTESIAN_POINT('',(3.956510271688,0.870411134771));
#2537 = CARTESIAN_POINT('',(3.98170560781,0.911012811487));
#2538 = CARTESIAN_POINT('',(3.987352815891,0.920246338981));
#2539 = CARTESIAN_POINT('',(3.992989887369,0.929586500014));
#2540 = CARTESIAN_POINT('',(3.998617011532,0.939022980852));
#2541 = CARTESIAN_POINT('',(4.004234375663,0.948545065152));
#2542 = CARTESIAN_POINT('',(4.009842165038,0.958141633962));
#2543 = CARTESIAN_POINT('',(4.015440562926,0.96780116572));
#2544 = CARTESIAN_POINT('',(4.02544584618,0.985184194271));
#2545 = CARTESIAN_POINT('',(4.029856191496,0.992888531604));
#2546 = CARTESIAN_POINT('',(4.034260875772,1.000618875102));
#2547 = CARTESIAN_POINT('',(4.038659986941,1.008369219865));
#2548 = CARTESIAN_POINT('',(4.043053611634,1.016133429245));
#2549 = CARTESIAN_POINT('',(4.047441835183,1.023905234845));
#2550 = CARTESIAN_POINT('',(4.051824741619,1.031678236524));
#2551 = CARTESIAN_POINT('',(4.05967234082,1.045602881336));
#2552 = CARTESIAN_POINT('',(4.063138980177,1.051756406642));
#2553 = CARTESIAN_POINT('',(4.066602375524,1.057902678174));
#2554 = CARTESIAN_POINT('',(4.070062547752,1.06404172036));
#2555 = CARTESIAN_POINT('',(4.073519515424,1.070173905253));
#2556 = CARTESIAN_POINT('',(4.076973303705,1.07629844929));
#2557 = CARTESIAN_POINT('',(4.080423941687,1.082413883712));
#2558 = CARTESIAN_POINT('',(4.095420917286,1.108978230505));
#2559 = CARTESIAN_POINT('',(4.106935240291,1.129334721572));
#2560 = CARTESIAN_POINT('',(4.118415298756,1.149571151191));
#2561 = CARTESIAN_POINT('',(4.129861906344,1.169673061812));
#2562 = CARTESIAN_POINT('',(4.141275822025,1.189630175197));
#2563 = CARTESIAN_POINT('',(4.152657763384,1.20943620861));
#2564 = CARTESIAN_POINT('',(4.164008419915,1.229088690997));
#2565 = CARTESIAN_POINT('',(4.188956241652,1.272064197083));
#2566 = CARTESIAN_POINT('',(4.202539625355,1.295318705054));
#2567 = CARTESIAN_POINT('',(4.216079781999,1.318354249444));
#2568 = CARTESIAN_POINT('',(4.229577797153,1.34118031568));
#2569 = CARTESIAN_POINT('',(4.243034696188,1.363813318531));
#2570 = CARTESIAN_POINT('',(4.256451463069,1.386275992378));
#2571 = CARTESIAN_POINT('',(4.269829059152,1.408596781494));
#2572 = CARTESIAN_POINT('',(4.286965386334,1.437131819094));
#2573 = CARTESIAN_POINT('',(4.290759233357,1.443445620159));
#2574 = CARTESIAN_POINT('',(4.294550004541,1.449751416267));
#2575 = CARTESIAN_POINT('',(4.298337721257,1.456050016329));
#2576 = CARTESIAN_POINT('',(4.302122404752,1.46234225541));
#2577 = CARTESIAN_POINT('',(4.305904076152,1.468628994726));
#2578 = CARTESIAN_POINT('',(4.30968275646,1.47491112165));
#2579 = CARTESIAN_POINT('',(4.327410244544,1.504389221331));
#2580 = CARTESIAN_POINT('',(4.3413214669,1.527536170692));
#2581 = CARTESIAN_POINT('',(4.355193415352,1.55062251157));
#2582 = CARTESIAN_POINT('',(4.369027327325,1.573638275521));
#2583 = CARTESIAN_POINT('',(4.382824401988,1.596571630033));
#2584 = CARTESIAN_POINT('',(4.396585806311,1.619409096673));
#2585 = CARTESIAN_POINT('',(4.410312681111,1.642135769245));
#2586 = CARTESIAN_POINT('',(4.435193536096,1.683199252975));
#2587 = CARTESIAN_POINT('',(4.446358619726,1.701578336136));
#2588 = CARTESIAN_POINT('',(4.457502001999,1.719863825595));
#2589 = CARTESIAN_POINT('',(4.468624273968,1.738046382044));
#2590 = CARTESIAN_POINT('',(4.479726013735,1.756116282681));
#2591 = CARTESIAN_POINT('',(4.490807786453,1.774063421217));
#2592 = CARTESIAN_POINT('',(4.501870144322,1.791877307872));
#2593 = CARTESIAN_POINT('',(4.518448609633,1.818403137399));
#2594 = CARTESIAN_POINT('',(4.523978851023,1.827223023394));
#2595 = CARTESIAN_POINT('',(4.529504418724,1.836005373497));
#2596 = CARTESIAN_POINT('',(4.535025379985,1.844748824832));
#2597 = CARTESIAN_POINT('',(4.540541801345,1.853452005509));
#2598 = CARTESIAN_POINT('',(4.546053748634,1.86211353463));
#2599 = CARTESIAN_POINT('',(4.551561286972,1.870732022284));
#2600 = CARTESIAN_POINT('',(4.562548655338,1.887850484615));
#2601 = CARTESIAN_POINT('',(4.568028515811,1.896350591545));
#2602 = CARTESIAN_POINT('',(4.573504123025,1.904806116787));
#2603 = CARTESIAN_POINT('',(4.57897553738,1.913216806684));
#2604 = CARTESIAN_POINT('',(4.584442818837,1.921582427474));
#2605 = CARTESIAN_POINT('',(4.589906026921,1.92990276529));
#2606 = CARTESIAN_POINT('',(4.595365220717,1.938177626162));
#2607 = CARTESIAN_POINT('',(4.616516438937,1.970084173296));
#2608 = CARTESIAN_POINT('',(4.632179665208,1.993383514266));
#2609 = CARTESIAN_POINT('',(4.647811546624,2.016300460456));
#2610 = CARTESIAN_POINT('',(4.663413456512,2.038831501624));
#2611 = CARTESIAN_POINT('',(4.678986741223,2.060973877784));
#2612 = CARTESIAN_POINT('',(4.694532728785,2.082725441247));
#2613 = CARTESIAN_POINT('',(4.710052737539,2.104084518651));
#2614 = CARTESIAN_POINT('',(4.737148182648,2.140744742478));
#2615 = CARTESIAN_POINT('',(4.748734454361,2.156218702622));
#2616 = CARTESIAN_POINT('',(4.760307448177,2.171472309141));
#2617 = CARTESIAN_POINT('',(4.771867710332,2.186503507002));
#2618 = CARTESIAN_POINT('',(4.783415781551,2.201311725616));
#2619 = CARTESIAN_POINT('',(4.794952198,2.215898446472));
#2620 = CARTESIAN_POINT('',(4.806477496672,2.230264143221));
#2621 = CARTESIAN_POINT('',(4.852271357805,2.28648852268));
#2622 = CARTESIAN_POINT('',(4.886456491453,2.326556424006));
#2623 = CARTESIAN_POINT('',(4.920562341857,2.364490790478));
#2624 = CARTESIAN_POINT('',(4.95460303561,2.400186404295));
#2625 = CARTESIAN_POINT('',(4.988592515942,2.433536700503));
#2626 = CARTESIAN_POINT('',(5.022544896986,2.464449336245));
#2627 = CARTESIAN_POINT('',(5.056474794045,2.492852749945));
#2628 = CARTESIAN_POINT('',(5.107619539702,2.531759495793));
#2629 = CARTESIAN_POINT('',(5.124839526853,2.544191252263));
#2630 = CARTESIAN_POINT('',(5.142059604592,2.555943234295));
#2631 = CARTESIAN_POINT('',(5.159281776462,2.567005399029));
#2632 = CARTESIAN_POINT('',(5.176508076806,2.577368202483));
#2633 = CARTESIAN_POINT('',(5.193740583844,2.587022612103));
#2634 = CARTESIAN_POINT('',(5.21098143275,2.595960119309));
#2635 = CARTESIAN_POINT('',(5.242006177986,2.610729639332));
#2636 = CARTESIAN_POINT('',(5.255786240247,2.616825089959));
#2637 = CARTESIAN_POINT('',(5.269574133631,2.622451666365));
#2638 = CARTESIAN_POINT('',(5.283371002673,2.627612205012));
#2639 = CARTESIAN_POINT('',(5.297178006725,2.632300034854));
#2640 = CARTESIAN_POINT('',(5.310996328171,2.636504926969));
#2641 = CARTESIAN_POINT('',(5.324827185169,2.640222889598));
#2642 = CARTESIAN_POINT('',(5.361177501191,2.648690492012));
#2643 = CARTESIAN_POINT('',(5.383719525692,2.652630706036));
#2644 = CARTESIAN_POINT('',(5.406303375219,2.655243252521));
#2645 = CARTESIAN_POINT('',(5.428934662621,2.656509318576));
#2646 = CARTESIAN_POINT('',(5.451619199491,2.656408477481));
#2647 = CARTESIAN_POINT('',(5.474363080102,2.65492473346));
#2648 = CARTESIAN_POINT('',(5.497172779681,2.65205078816));
#2649 = CARTESIAN_POINT('',(5.538593656814,2.644310200471));
#2650 = CARTESIAN_POINT('',(5.557179729894,2.639924354909));
#2651 = CARTESIAN_POINT('',(5.575817169095,2.634605804899));
#2652 = CARTESIAN_POINT('',(5.594509767846,2.62834471463));
#2653 = CARTESIAN_POINT('',(5.613261463701,2.621132795536));
#2654 = CARTESIAN_POINT('',(5.632076387431,2.612963438546));
#2655 = CARTESIAN_POINT('',(5.650958912116,2.603831846328));
#2656 = CARTESIAN_POINT('',(5.681493987794,2.587566674828));
#2657 = CARTESIAN_POINT('',(5.693101223616,2.581037684797));
#2658 = CARTESIAN_POINT('',(5.704736471668,2.574148723075));
#2659 = CARTESIAN_POINT('',(5.716400811291,2.566898012997));
#2660 = CARTESIAN_POINT('',(5.728095355339,2.559285210067));
#2661 = CARTESIAN_POINT('',(5.73982125811,2.551312090832));
#2662 = CARTESIAN_POINT('',(5.751579715064,2.542980194143));
#2663 = CARTESIAN_POINT('',(5.774353324077,2.526188514432));
#2664 = CARTESIAN_POINT('',(5.785363977165,2.51777698116));
#2665 = CARTESIAN_POINT('',(5.796404911045,2.509048791822));
#2666 = CARTESIAN_POINT('',(5.80747714498,2.500002548493));
#2667 = CARTESIAN_POINT('',(5.8185817264,2.490637501819));
#2668 = CARTESIAN_POINT('',(5.829719737248,2.480953574337));
#2669 = CARTESIAN_POINT('',(5.840892300339,2.470951383794));
#2670 = CARTESIAN_POINT('',(5.865031748767,2.448726949603));
#2671 = CARTESIAN_POINT('',(5.878010427739,2.436399815171));
#2672 = CARTESIAN_POINT('',(5.891038438078,2.423652900037));
#2673 = CARTESIAN_POINT('',(5.904117632412,2.410489555661));
#2674 = CARTESIAN_POINT('',(5.91724991927,2.396914499519));
#2675 = CARTESIAN_POINT('',(5.930437281811,2.382933866542));
#2676 = CARTESIAN_POINT('',(5.943681796556,2.368555260534));
#2677 = CARTESIAN_POINT('',(5.963308758272,2.346769074478));
#2678 = CARTESIAN_POINT('',(5.969645264219,2.339662652773));
#2679 = CARTESIAN_POINT('',(5.975995400314,2.332469115388));
#2680 = CARTESIAN_POINT('',(5.982359403148,2.325189699749));
#2681 = CARTESIAN_POINT('',(5.988737513922,2.317825896089));
#2682 = CARTESIAN_POINT('',(5.995129976807,2.310379037701));
#2683 = CARTESIAN_POINT('',(6.001537037322,2.3028498912));
#2684 = CARTESIAN_POINT('',(6.014241427799,2.287791847337));
#2685 = CARTESIAN_POINT('',(6.020538119441,2.280266593986));
#2686 = CARTESIAN_POINT('',(6.026849246627,2.272662773839));
#2687 = CARTESIAN_POINT('',(6.033175043677,2.264980717933));
#2688 = CARTESIAN_POINT('',(6.039515748232,2.257220801238));
#2689 = CARTESIAN_POINT('',(6.04587160125,2.249383442661));
#2690 = CARTESIAN_POINT('',(6.052242847012,2.24146910504));
#2691 = CARTESIAN_POINT('',(6.072478659449,2.216151520297));
#2692 = CARTESIAN_POINT('',(6.086401050444,2.198465301007));
#2693 = CARTESIAN_POINT('',(6.100399526462,2.180424833015));
#2694 = CARTESIAN_POINT('',(6.114476691961,2.162036575154));
#2695 = CARTESIAN_POINT('',(6.12863517145,2.143308574451));
#2696 = CARTESIAN_POINT('',(6.142877645428,2.124250791242));
#2697 = CARTESIAN_POINT('',(6.157206886342,2.104875424277));
#2698 = CARTESIAN_POINT('',(6.185273227211,2.066571917679));
#2699 = CARTESIAN_POINT('',(6.199000823774,2.047675225824));
#2700 = CARTESIAN_POINT('',(6.212811104705,2.028521589479));
#2701 = CARTESIAN_POINT('',(6.226706437075,2.009121014257));
#2702 = CARTESIAN_POINT('',(6.240689218245,1.989496683579));
#2703 = CARTESIAN_POINT('',(6.254761764312,1.969669466635));
#2704 = CARTESIAN_POINT('',(6.268926282557,1.949651620333));
#2705 = CARTESIAN_POINT('',(6.28318530718,1.929491972666));
#2706 = ( GEOMETRIC_REPRESENTATION_CONTEXT(2) 
PARAMETRIC_REPRESENTATION_CONTEXT() REPRESENTATION_CONTEXT('2D SPACE',''
  ) );
#2707 = ORIENTED_EDGE('',*,*,#2708,.T.);
#2708 = EDGE_CURVE('',#2017,#2709,#2711,.T.);
#2709 = VERTEX_POINT('',#2710);
#2710 = CARTESIAN_POINT('',(23.874255135325,37.193197377459,
    11.662037749512));
#2711 = SURFACE_CURVE('',#2712,(#2806,#2903),.PCURVE_S1.);
#2712 = B_SPLINE_CURVE_WITH_KNOTS('',8,(#2713,#2714,#2715,#2716,#2717,
    #2718,#2719,#2720,#2721,#2722,#2723,#2724,#2725,#2726,#2727,#2728,
    #2729,#2730,#2731,#2732,#2733,#2734,#2735,#2736,#2737,#2738,#2739,
    #2740,#2741,#2742,#2743,#2744,#2745,#2746,#2747,#2748,#2749,#2750,
    #2751,#2752,#2753,#2754,#2755,#2756,#2757,#2758,#2759,#2760,#2761,
    #2762,#2763,#2764,#2765,#2766,#2767,#2768,#2769,#2770,#2771,#2772,
    #2773,#2774,#2775,#2776,#2777,#2778,#2779,#2780,#2781,#2782,#2783,
    #2784,#2785,#2786,#2787,#2788,#2789,#2790,#2791,#2792,#2793,#2794,
    #2795,#2796,#2797,#2798,#2799,#2800,#2801,#2802,#2803,#2804,#2805),
  .UNSPECIFIED.,.F.,.F.,(9,7,7,7,7,7,7,7,7,7,7,7,7,9),(0.,
    7.208512286025E-02,0.148736431518,0.225290351184,0.343790737007,
    0.396159209186,0.432009671031,0.467646420907,0.518348614601,
    0.600214909124,0.709271488529,0.848533997939,0.928985465124,1.),
  .UNSPECIFIED.);
#2713 = CARTESIAN_POINT('',(28.272008729384,32.612955431276,
    11.868076378858));
#2714 = CARTESIAN_POINT('',(28.170203334456,32.487133996854,
    11.864034074053));
#2715 = CARTESIAN_POINT('',(28.06304656341,32.369571703757,
    11.859717728562));
#2716 = CARTESIAN_POINT('',(27.951196631215,32.260101601806,
    11.855152838821));
#2717 = CARTESIAN_POINT('',(27.835230466662,32.158573549868,
    11.850361690906));
#2718 = CARTESIAN_POINT('',(27.715652219881,32.064840315393,
    11.845363812406));
#2719 = CARTESIAN_POINT('',(27.592896811319,31.978753112709,
    11.840176141536));
#2720 = CARTESIAN_POINT('',(27.467328522174,31.900166580065,
    11.834812913493));
#2721 = CARTESIAN_POINT('',(27.203026704843,31.753228844718,
    11.823407469211));
#2722 = CARTESIAN_POINT('',(27.064008594255,31.685866218969,
    11.817345727719));
#2723 = CARTESIAN_POINT('',(26.92255278993,31.626714930163,
    11.811114670637));
#2724 = CARTESIAN_POINT('',(26.779000866543,31.575671168112,
    11.804727952958));
#2725 = CARTESIAN_POINT('',(26.633667706984,31.532664027964,
    11.798198526616));
#2726 = CARTESIAN_POINT('',(26.486843801103,31.497649640121,
    11.791538795214));
#2727 = CARTESIAN_POINT('',(26.338795614252,31.470613102537,
    11.784760650471));
#2728 = CARTESIAN_POINT('',(26.040921788451,31.432567513025,
    11.77099887834));
#2729 = CARTESIAN_POINT('',(25.891129731251,31.421542042229,
    11.764017960852));
#2730 = CARTESIAN_POINT('',(25.740630212523,31.418519610214,
    11.756938580648));
#2731 = CARTESIAN_POINT('',(25.589677212466,31.423560166214,
    11.749779295801));
#2732 = CARTESIAN_POINT('',(25.438537715079,31.436757364193,
    11.742574786623));
#2733 = CARTESIAN_POINT('',(25.287494515207,31.458237514175,
    11.735333118548));
#2734 = CARTESIAN_POINT('',(25.13684438759,31.488162274253,
    11.728086229662));
#2735 = CARTESIAN_POINT('',(24.754798117498,31.586469658642,
    11.709661418319));
#2736 = CARTESIAN_POINT('',(24.524865397859,31.66681791332,
    11.698529342701));
#2737 = CARTESIAN_POINT('',(24.297740491111,31.76856313957,
    11.687521845285));
#2738 = CARTESIAN_POINT('',(24.074807529577,31.892864903219,
    11.676735169546));
#2739 = CARTESIAN_POINT('',(23.858112125743,32.040923312854,
    11.66629447349));
#2740 = CARTESIAN_POINT('',(23.650389237599,32.213941237703,
    11.656349505798));
#2741 = CARTESIAN_POINT('',(23.454966874001,32.412852822344,
    11.647062307502));
#2742 = CARTESIAN_POINT('',(23.196889634438,32.738645786934,
    11.634882045717));
#2743 = CARTESIAN_POINT('',(23.121084115,32.843673960997,11.63131681647)
  );
#2744 = CARTESIAN_POINT('',(23.048977255731,32.953884250458,
    11.627937456545));
#2745 = CARTESIAN_POINT('',(22.981030570523,33.069211195363,
    11.624763835941));
#2746 = CARTESIAN_POINT('',(22.917748097541,33.189506261708,
    11.621816989954));
#2747 = CARTESIAN_POINT('',(22.859656727447,33.314517744621,
    11.619118245221));
#2748 = CARTESIAN_POINT('',(22.807278065208,33.443864105095,
    11.616688126261));
#2749 = CARTESIAN_POINT('',(22.729473602587,33.668143553118,
    11.613077928037));
#2750 = CARTESIAN_POINT('',(22.700756022298,33.761067190845,
    11.611745267149));
#2751 = CARTESIAN_POINT('',(22.67509975053,33.855575320535,
    11.61055328013));
#2752 = CARTESIAN_POINT('',(22.652647040654,33.951450476713,
    11.609507298977));
#2753 = CARTESIAN_POINT('',(22.633517200146,34.048453151601,
    11.608611626233));
#2754 = CARTESIAN_POINT('',(22.617802057243,34.146320885378,
    11.607869393844));
#2755 = CARTESIAN_POINT('',(22.605561427593,34.244767356439,
    11.607282422008));
#2756 = CARTESIAN_POINT('',(22.588127852142,34.441607131748,
    11.606422305382));
#2757 = CARTESIAN_POINT('',(22.582891162091,34.540021578678,
    11.606147207817));
#2758 = CARTESIAN_POINT('',(22.58113251962,34.638419782833,
    11.606026171909));
#2759 = CARTESIAN_POINT('',(22.582836553647,34.736515010514,
    11.606058004549));
#2760 = CARTESIAN_POINT('',(22.587953163231,34.834038716133,
    11.606240136568));
#2761 = CARTESIAN_POINT('',(22.59640216766,34.930740434419,
    11.606568826341));
#2762 = CARTESIAN_POINT('',(22.608077956543,35.026387672621,
    11.607039363402));
#2763 = CARTESIAN_POINT('',(22.643876957999,35.255042307961,
    11.608509751474));
#2764 = CARTESIAN_POINT('',(22.671177271611,35.38676188132,
    11.609649333592));
#2765 = CARTESIAN_POINT('',(22.704399364128,35.515368434197,
    11.611049526802));
#2766 = CARTESIAN_POINT('',(22.743127684437,35.640444155194,
    11.612692699584));
#2767 = CARTESIAN_POINT('',(22.786923655877,35.761686053305,
    11.614560469719));
#2768 = CARTESIAN_POINT('',(22.835354110943,35.878886838946,
    11.616634772013));
#2769 = CARTESIAN_POINT('',(22.888011351728,35.991920142804,
    11.618898604529));
#2770 = CARTESIAN_POINT('',(23.035774330847,36.276420020073,
    11.625272725783));
#2771 = CARTESIAN_POINT('',(23.137016768362,36.440981911374,
    11.629660049558));
#2772 = CARTESIAN_POINT('',(23.24677817531,36.59440297883,
    11.634436867559));
#2773 = CARTESIAN_POINT('',(23.363770312252,36.73678453736,
    11.639548906478));
#2774 = CARTESIAN_POINT('',(23.48688784696,36.868333150637,
    11.644948607354));
#2775 = CARTESIAN_POINT('',(23.615214818028,36.989338606517,
    11.650595302635));
#2776 = CARTESIAN_POINT('',(23.748040388783,37.100138701649,
    11.656456139769));
#2777 = CARTESIAN_POINT('',(24.067177281108,37.335525598439,
    11.670569287011));
#2778 = CARTESIAN_POINT('',(24.256366249027,37.452296561883,
    11.678959211744));
#2779 = CARTESIAN_POINT('',(24.451177558058,37.552184454537,
    11.687613986211));
#2780 = CARTESIAN_POINT('',(24.650548777858,37.635675573189,
    11.696486426019));
#2781 = CARTESIAN_POINT('',(24.853562691158,37.703139455519,
    11.705507046422));
#2782 = CARTESIAN_POINT('',(25.059442543017,37.754814139841,
    11.7146624065));
#2783 = CARTESIAN_POINT('',(25.267548273718,37.790814029148,
    11.723872980005));
#2784 = CARTESIAN_POINT('',(25.745340347094,37.836858057292,
    11.744979894672));
#2785 = CARTESIAN_POINT('',(26.015481493868,37.836889480112,
    11.756881615793));
#2786 = CARTESIAN_POINT('',(26.287062882293,37.811163587133,
    11.768828325227));
#2787 = CARTESIAN_POINT('',(26.558889195286,37.758872637154,
    11.780780299607));
#2788 = CARTESIAN_POINT('',(26.829336521777,37.678901121199,
    11.792679532085));
#2789 = CARTESIAN_POINT('',(27.096275484793,37.569641216315,
    11.804447705355));
#2790 = CARTESIAN_POINT('',(27.357108740267,37.429367125461,
    11.815987863206));
#2791 = CARTESIAN_POINT('',(27.753751118123,37.154165433111,
    11.833642474541));
#2792 = CARTESIAN_POINT('',(27.89560949353,37.042156658351,
    11.839979832084));
#2793 = CARTESIAN_POINT('',(28.033436206174,36.918386616853,
    11.846165807925));
#2794 = CARTESIAN_POINT('',(28.166229440573,36.782379489272,
    11.852161409613));
#2795 = CARTESIAN_POINT('',(28.292691365846,36.63380695567,
    11.857915099617));
#2796 = CARTESIAN_POINT('',(28.411259730299,36.472561559205,
    11.863364058462));
#2797 = CARTESIAN_POINT('',(28.520160733248,36.29885953462,
    11.86843600561));
#2798 = CARTESIAN_POINT('',(28.703468454245,35.949753040503,
    11.877128560648));
#2799 = CARTESIAN_POINT('',(28.780557320768,35.77668267326,
    11.880855994109));
#2800 = CARTESIAN_POINT('',(28.847095453868,35.595363419874,
    11.884162744337));
#2801 = CARTESIAN_POINT('',(28.901655302566,35.407229730487,
    11.88698663621));
#2802 = CARTESIAN_POINT('',(28.943124578043,35.214009705446,
    11.889277507949));
#2803 = CARTESIAN_POINT('',(28.970766324714,35.017732896933,
    11.890999172725));
#2804 = CARTESIAN_POINT('',(28.984341260667,34.820752570605,
    11.892134184711));
#2805 = CARTESIAN_POINT('',(28.984341260667,34.62579187895,
    11.892693811363));
#2806 = PCURVE('',#144,#2807);
#2807 = DEFINITIONAL_REPRESENTATION('',(#2808),#2902);
#2808 = B_SPLINE_CURVE_WITH_KNOTS('',8,(#2809,#2810,#2811,#2812,#2813,
    #2814,#2815,#2816,#2817,#2818,#2819,#2820,#2821,#2822,#2823,#2824,
    #2825,#2826,#2827,#2828,#2829,#2830,#2831,#2832,#2833,#2834,#2835,
    #2836,#2837,#2838,#2839,#2840,#2841,#2842,#2843,#2844,#2845,#2846,
    #2847,#2848,#2849,#2850,#2851,#2852,#2853,#2854,#2855,#2856,#2857,
    #2858,#2859,#2860,#2861,#2862,#2863,#2864,#2865,#2866,#2867,#2868,
    #2869,#2870,#2871,#2872,#2873,#2874,#2875,#2876,#2877,#2878,#2879,
    #2880,#2881,#2882,#2883,#2884,#2885,#2886,#2887,#2888,#2889,#2890,
    #2891,#2892,#2893,#2894,#2895,#2896,#2897,#2898,#2899,#2900,#2901),
  .UNSPECIFIED.,.F.,.F.,(9,7,7,7,7,7,7,7,7,7,7,7,7,9),(0.,
    7.208512286025E-02,0.148736431518,0.225290351184,0.343790737007,
    0.396159209186,0.432009671031,0.467646420907,0.518348614601,
    0.600214909124,0.709271488529,0.848533997939,0.928985465124,1.),
  .UNSPECIFIED.);
#2809 = CARTESIAN_POINT('',(28.827811351089,0.199628124494));
#2810 = CARTESIAN_POINT('',(28.706221035515,0.196711878476));
#2811 = CARTESIAN_POINT('',(28.580265435689,0.193987060001));
#2812 = CARTESIAN_POINT('',(28.450599086189,0.191449799555));
#2813 = CARTESIAN_POINT('',(28.317790710449,0.189096617218));
#2814 = CARTESIAN_POINT('',(28.182331458938,0.186924100484));
#2815 = CARTESIAN_POINT('',(28.044638936525,0.184928800851));
#2816 = CARTESIAN_POINT('',(27.905057019057,0.183107349173));
#2817 = CARTESIAN_POINT('',(27.613701323692,0.179701676781));
#2818 = CARTESIAN_POINT('',(27.461765455892,0.178140368964));
#2819 = CARTESIAN_POINT('',(27.308391653069,0.176769380697));
#2820 = CARTESIAN_POINT('',(27.153900490247,0.175586305901));
#2821 = CARTESIAN_POINT('',(26.998588281246,0.17458950117));
#2822 = CARTESIAN_POINT('',(26.842728908568,0.173777949707));
#2823 = CARTESIAN_POINT('',(26.686574522027,0.17315130612));
#2824 = CARTESIAN_POINT('',(26.374334174151,0.172269498506));
#2825 = CARTESIAN_POINT('',(26.218280981122,0.172013953928));
#2826 = CARTESIAN_POINT('',(26.062426230333,0.171943901036));
#2827 = CARTESIAN_POINT('',(25.907017656927,0.172060729313));
#2828 = CARTESIAN_POINT('',(25.752320530773,0.172366609438));
#2829 = CARTESIAN_POINT('',(25.598619148616,0.172864468981));
#2830 = CARTESIAN_POINT('',(25.4462169277,0.173558054798));
#2831 = CARTESIAN_POINT('',(25.062047516421,0.175836589608));
#2832 = CARTESIAN_POINT('',(24.833029225392,0.177698873875));
#2833 = CARTESIAN_POINT('',(24.609051582273,0.180057089803));
#2834 = CARTESIAN_POINT('',(24.391595473412,0.182938113413));
#2835 = CARTESIAN_POINT('',(24.182831076942,0.186369760409));
#2836 = CARTESIAN_POINT('',(23.985652425348,0.190379910481));
#2837 = CARTESIAN_POINT('',(23.803565534605,0.194990214911));
#2838 = CARTESIAN_POINT('',(23.569143534708,0.202541332412));
#2839 = CARTESIAN_POINT('',(23.501180123305,0.204975639379));
#2840 = CARTESIAN_POINT('',(23.437524120527,0.207530055637));
#2841 = CARTESIAN_POINT('',(23.378650520182,0.210203063979));
#2842 = CARTESIAN_POINT('',(23.325072867971,0.212991221734));
#2843 = CARTESIAN_POINT('',(23.27732135461,0.215888694973));
#2844 = CARTESIAN_POINT('',(23.235911080486,0.218886640517));
#2845 = CARTESIAN_POINT('',(23.177606739959,0.224084912577));
#2846 = CARTESIAN_POINT('',(23.157098634768,0.226238664755));
#2847 = CARTESIAN_POINT('',(23.139928028582,0.228429141744));
#2848 = CARTESIAN_POINT('',(23.126226312707,0.230651303203));
#2849 = CARTESIAN_POINT('',(23.116099375304,0.232899597905));
#2850 = CARTESIAN_POINT('',(23.109622559237,0.235167942644));
#2851 = CARTESIAN_POINT('',(23.106835619922,0.237449701157));
#2852 = CARTESIAN_POINT('',(23.108634369034,0.242011985902));
#2853 = CARTESIAN_POINT('',(23.113176384207,0.244293002171));
#2854 = CARTESIAN_POINT('',(23.121364121429,0.246573641971));
#2855 = CARTESIAN_POINT('',(23.133158590196,0.248847259486));
#2856 = CARTESIAN_POINT('',(23.148486056022,0.251107630459));
#2857 = CARTESIAN_POINT('',(23.167242679717,0.253348949691));
#2858 = CARTESIAN_POINT('',(23.189299156652,0.255565828546));
#2859 = CARTESIAN_POINT('',(23.250367481718,0.260865507196));
#2860 = CARTESIAN_POINT('',(23.292608291195,0.263918458253));
#2861 = CARTESIAN_POINT('',(23.340810682294,0.26689925679));
#2862 = CARTESIAN_POINT('',(23.394505849113,0.269798218917));
#2863 = CARTESIAN_POINT('',(23.453209373942,0.272608322014));
#2864 = CARTESIAN_POINT('',(23.516449307455,0.275324761593));
#2865 = CARTESIAN_POINT('',(23.583786237167,0.27794460871));
#2866 = CARTESIAN_POINT('',(23.769528634696,0.284538649208));
#2867 = CARTESIAN_POINT('',(23.893807520111,0.288352808237));
#2868 = CARTESIAN_POINT('',(24.026113308537,0.291908749075));
#2869 = CARTESIAN_POINT('',(24.165091964401,0.295208819964));
#2870 = CARTESIAN_POINT('',(24.309584710484,0.298257808567));
#2871 = CARTESIAN_POINT('',(24.458636200056,0.301062431487));
#2872 = CARTESIAN_POINT('',(24.611510259093,0.303630518059));
#2873 = CARTESIAN_POINT('',(24.975795882296,0.309086234753));
#2874 = CARTESIAN_POINT('',(25.189518242677,0.311792712061));
#2875 = CARTESIAN_POINT('',(25.407566932969,0.31410787935));
#2876 = CARTESIAN_POINT('',(25.628812198796,0.316043007838));
#2877 = CARTESIAN_POINT('',(25.852260949676,0.317606662545));
#2878 = CARTESIAN_POINT('',(26.077054122495,0.318804360641));
#2879 = CARTESIAN_POINT('',(26.302460956921,0.319638753718));
#2880 = CARTESIAN_POINT('',(26.815734235811,0.320705946397));
#2881 = CARTESIAN_POINT('',(27.102924226122,0.320706674704));
#2882 = CARTESIAN_POINT('',(27.388529256188,0.320110408787));
#2883 = CARTESIAN_POINT('',(27.671050332557,0.318898427098));
#2884 = CARTESIAN_POINT('',(27.948489846429,0.317044874753));
#2885 = CARTESIAN_POINT('',(28.218249823037,0.314512486182));
#2886 = CARTESIAN_POINT('',(28.477229568365,0.311261261455));
#2887 = CARTESIAN_POINT('',(28.862460378174,0.304882731095));
#2888 = CARTESIAN_POINT('',(28.998351496356,0.302286630162));
#2889 = CARTESIAN_POINT('',(29.128297083688,0.299417930626));
#2890 = CARTESIAN_POINT('',(29.251158343074,0.296265604109));
#2891 = CARTESIAN_POINT('',(29.365507698159,0.292822040924));
#2892 = CARTESIAN_POINT('',(29.469677412197,0.289084750474));
#2893 = CARTESIAN_POINT('',(29.561834890875,0.285058744573));
#2894 = CARTESIAN_POINT('',(29.709248582429,0.276967274087));
#2895 = CARTESIAN_POINT('',(29.767673380888,0.272955908524));
#2896 = CARTESIAN_POINT('',(29.813789460083,0.268753353109));
#2897 = CARTESIAN_POINT('',(29.846314213351,0.264392855035));
#2898 = CARTESIAN_POINT('',(29.86434980725,0.25991446762));
#2899 = CARTESIAN_POINT('',(29.867442882069,0.255365231126));
#2900 = CARTESIAN_POINT('',(29.855707645097,0.250799688738));
#2901 = CARTESIAN_POINT('',(29.830064528137,0.246280956749));
#2902 = ( GEOMETRIC_REPRESENTATION_CONTEXT(2) 
PARAMETRIC_REPRESENTATION_CONTEXT() REPRESENTATION_CONTEXT('2D SPACE',''
  ) );
#2903 = PCURVE('',#2904,#2909);
#2904 = CYLINDRICAL_SURFACE('',#2905,3.2);
#2905 = AXIS2_PLACEMENT_3D('',#2906,#2907,#2908);
#2906 = CARTESIAN_POINT('',(25.784341260667,34.62579187895,10.5));
#2907 = DIRECTION('',(0.,0.,1.));
#2908 = DIRECTION('',(1.,0.,-0.));
#2909 = DEFINITIONAL_REPRESENTATION('',(#2910),#2920);
#2910 = B_SPLINE_CURVE_WITH_KNOTS('',8,(#2911,#2912,#2913,#2914,#2915,
    #2916,#2917,#2918,#2919),.UNSPECIFIED.,.F.,.F.,(9,9),(0.564358164466
    ,0.599419284207),.PIECEWISE_BEZIER_KNOTS.);
#2911 = CARTESIAN_POINT('',(8.680815900377,1.142461069081));
#2912 = CARTESIAN_POINT('',(8.656717025827,1.144750862909));
#2913 = CARTESIAN_POINT('',(8.632839382457,1.147091478538));
#2914 = CARTESIAN_POINT('',(8.609172716924,1.149479651091));
#2915 = CARTESIAN_POINT('',(8.585706477382,1.151912365263));
#2916 = CARTESIAN_POINT('',(8.562429654273,1.154386865246));
#2917 = CARTESIAN_POINT('',(8.539330633804,1.156900669272));
#2918 = CARTESIAN_POINT('',(8.516397064099,1.159451588751));
#2919 = CARTESIAN_POINT('',(8.493615734017,1.16203775202));
#2920 = ( GEOMETRIC_REPRESENTATION_CONTEXT(2) 
PARAMETRIC_REPRESENTATION_CONTEXT() REPRESENTATION_CONTEXT('2D SPACE',''
  ) );
#2921 = ORIENTED_EDGE('',*,*,#2922,.T.);
#2922 = EDGE_CURVE('',#2709,#24,#2923,.T.);
#2923 = SURFACE_CURVE('',#2924,(#3130,#3339),.PCURVE_S1.);
#2924 = B_SPLINE_CURVE_WITH_KNOTS('',8,(#2925,#2926,#2927,#2928,#2929,
    #2930,#2931,#2932,#2933,#2934,#2935,#2936,#2937,#2938,#2939,#2940,
    #2941,#2942,#2943,#2944,#2945,#2946,#2947,#2948,#2949,#2950,#2951,
    #2952,#2953,#2954,#2955,#2956,#2957,#2958,#2959,#2960,#2961,#2962,
    #2963,#2964,#2965,#2966,#2967,#2968,#2969,#2970,#2971,#2972,#2973,
    #2974,#2975,#2976,#2977,#2978,#2979,#2980,#2981,#2982,#2983,#2984,
    #2985,#2986,#2987,#2988,#2989,#2990,#2991,#2992,#2993,#2994,#2995,
    #2996,#2997,#2998,#2999,#3000,#3001,#3002,#3003,#3004,#3005,#3006,
    #3007,#3008,#3009,#3010,#3011,#3012,#3013,#3014,#3015,#3016,#3017,
    #3018,#3019,#3020,#3021,#3022,#3023,#3024,#3025,#3026,#3027,#3028,
    #3029,#3030,#3031,#3032,#3033,#3034,#3035,#3036,#3037,#3038,#3039,
    #3040,#3041,#3042,#3043,#3044,#3045,#3046,#3047,#3048,#3049,#3050,
    #3051,#3052,#3053,#3054,#3055,#3056,#3057,#3058,#3059,#3060,#3061,
    #3062,#3063,#3064,#3065,#3066,#3067,#3068,#3069,#3070,#3071,#3072,
    #3073,#3074,#3075,#3076,#3077,#3078,#3079,#3080,#3081,#3082,#3083,
    #3084,#3085,#3086,#3087,#3088,#3089,#3090,#3091,#3092,#3093,#3094,
    #3095,#3096,#3097,#3098,#3099,#3100,#3101,#3102,#3103,#3104,#3105,
    #3106,#3107,#3108,#3109,#3110,#3111,#3112,#3113,#3114,#3115,#3116,
    #3117,#3118,#3119,#3120,#3121,#3122,#3123,#3124,#3125,#3126,#3127,
    #3128,#3129),.UNSPECIFIED.,.F.,.F.,(9,7,7,7,7,7,7,7,7,7,7,7,7,7,7,7,
    7,7,7,7,7,7,7,7,7,7,7,7,7,9),(0.,3.240463845319E-02,
    6.706408283179E-02,8.242671757429E-02,0.106377269567,0.131964949915,
    0.160325620077,0.191168247442,0.241385547659,0.304012727336,
    0.341607742861,0.388641214177,0.470684843729,0.512459702776,
    0.554489848412,0.585993860447,0.617946066587,0.661597128367,
    0.679070949324,0.695303718409,0.742305174344,0.75193184101,
    0.766318485165,0.779772225838,0.828780148685,0.839563964086,
    0.869948510214,0.927612752669,0.964608036283,1.),.UNSPECIFIED.);
#2925 = CARTESIAN_POINT('',(89.745,67.145,12.545769646584));
#2926 = CARTESIAN_POINT('',(89.745,66.575682265061,12.564254229011));
#2927 = CARTESIAN_POINT('',(89.735679939784,66.010305418325,
    12.582660933291));
#2928 = CARTESIAN_POINT('',(89.71726559182,65.448953879574,
    12.600949804387));
#2929 = CARTESIAN_POINT('',(89.689976193573,64.891706115627,
    12.6191125789));
#2930 = CARTESIAN_POINT('',(89.654024200041,64.338623195243,
    12.637108943882));
#2931 = CARTESIAN_POINT('',(89.609614675565,63.789760180607,
    12.654932590943));
#2932 = CARTESIAN_POINT('',(89.556944759936,63.245157180678,
    12.672559842922));
#2933 = CARTESIAN_POINT('',(89.431234383689,62.126934604072,
    12.708607903341));
#2934 = CARTESIAN_POINT('',(89.357032405506,61.553940261308,
    12.726998015557));
#2935 = CARTESIAN_POINT('',(89.273827888467,60.985898786331,
    12.745130050078));
#2936 = CARTESIAN_POINT('',(89.181842089963,60.422843316424,
    12.762988426816));
#2937 = CARTESIAN_POINT('',(89.081286630113,59.864801934435,
    12.780559858219));
#2938 = CARTESIAN_POINT('',(88.972363552411,59.311797148565,
    12.79783306004));
#2939 = CARTESIAN_POINT('',(88.855265384386,58.763845372146,
    12.814798462115));
#2940 = CARTESIAN_POINT('',(88.67472956505,57.980323436516,
    12.838827712182));
#2941 = CARTESIAN_POINT('',(88.617713905273,57.740685759044,
    12.846145410839));
#2942 = CARTESIAN_POINT('',(88.559144223992,57.502044555971,
    12.853400305586));
#2943 = CARTESIAN_POINT('',(88.499036213966,57.264400926921,
    12.860591730027));
#2944 = CARTESIAN_POINT('',(88.437405255636,57.027755886172,
    12.867719060888));
#2945 = CARTESIAN_POINT('',(88.374266417117,56.792110362662,
    12.874781718015));
#2946 = CARTESIAN_POINT('',(88.309634454205,56.557465199984,
    12.881779164377));
#2947 = CARTESIAN_POINT('',(88.140456436914,55.959566983352,
    12.899517583594));
#2948 = CARTESIAN_POINT('',(88.033795199159,55.597746372141,
    12.91016474703));
#2949 = CARTESIAN_POINT('',(87.923594831429,55.238361988347,
    12.92065083521));
#2950 = CARTESIAN_POINT('',(87.809908265828,54.881416042276,
    12.930970300647));
#2951 = CARTESIAN_POINT('',(87.692786823852,54.526910642942,
    12.941117650857));
#2952 = CARTESIAN_POINT('',(87.572280318918,54.174847908878,
    12.951089183927));
#2953 = CARTESIAN_POINT('',(87.448437069826,53.825229835781,
    12.960882418337));
#2954 = CARTESIAN_POINT('',(87.185480449224,53.107155238437,
    12.980760957199));
#2955 = CARTESIAN_POINT('',(87.045902162735,52.739044949685,
    12.990820718803));
#2956 = CARTESIAN_POINT('',(86.902625938286,52.37372926314,
    13.00066861496));
#2957 = CARTESIAN_POINT('',(86.755707156935,52.011210490715,
    13.01030121796));
#2958 = CARTESIAN_POINT('',(86.605199608185,51.65149104781,
    13.019715559265));
#2959 = CARTESIAN_POINT('',(86.451155489985,51.294573453311,
    13.028909129507));
#2960 = CARTESIAN_POINT('',(86.293625408729,50.940460329591,
    13.037879878489));
#2961 = CARTESIAN_POINT('',(85.954247020051,50.199776725895,
    13.056320410473));
#2962 = CARTESIAN_POINT('',(85.771613692879,49.813848034505,
    13.065738894831));
#2963 = CARTESIAN_POINT('',(85.584825277354,49.431371873282,
    13.07487947472));
#2964 = CARTESIAN_POINT('',(85.393946726854,49.052352381797,
    13.083740605071));
#2965 = CARTESIAN_POINT('',(85.199041132488,48.676794173747,
    13.092321372174));
#2966 = CARTESIAN_POINT('',(85.000169787057,48.304702216445,
    13.100621476577));
#2967 = CARTESIAN_POINT('',(84.797392249008,47.936081710316,
    13.108641215979));
#2968 = CARTESIAN_POINT('',(84.366057898782,47.173839017529,
    13.124799101097));
#2969 = CARTESIAN_POINT('',(84.136798299755,46.780852448022,
    13.132885739663));
#2970 = CARTESIAN_POINT('',(83.903062177491,46.391985297135,
    13.14064514227));
#2971 = CARTESIAN_POINT('',(83.664921922715,46.00724515518,
    13.148075226009));
#2972 = CARTESIAN_POINT('',(83.422448006075,45.626640255539,
    13.15517338935));
#2973 = CARTESIAN_POINT('',(83.175709129272,45.250179448252,
    13.161938948376));
#2974 = CARTESIAN_POINT('',(82.924772269971,44.87787205716,
    13.168372686538));
#2975 = CARTESIAN_POINT('',(82.254403722197,43.910322794452,
    13.184406759859));
#2976 = CARTESIAN_POINT('',(81.828150405877,43.321955745182,
    13.193458026793));
#2977 = CARTESIAN_POINT('',(81.391223449438,42.744667112113,
    13.201626678652));
#2978 = CARTESIAN_POINT('',(80.943894617165,42.178503380362,
    13.208914177209));
#2979 = CARTESIAN_POINT('',(80.486427157226,41.623515808894,
    13.215323954932));
#2980 = CARTESIAN_POINT('',(80.019076299186,41.07975935858,
    13.220861283846));
#2981 = CARTESIAN_POINT('',(79.542089751523,40.547291620251,
    13.225533144406));
#2982 = CARTESIAN_POINT('',(78.44913029192,39.376270850825,
    13.234105808438));
#2983 = CARTESIAN_POINT('',(77.827943898979,38.744023717515,
    13.237529795731));
#2984 = CARTESIAN_POINT('',(77.192616304291,38.129545705546,
    13.239647415909));
#2985 = CARTESIAN_POINT('',(76.543602236871,37.532962703092,
    13.240436241412));
#2986 = CARTESIAN_POINT('',(75.881348532345,36.954410891263,
    13.239938069322));
#2987 = CARTESIAN_POINT('',(75.206292129516,36.394031305013,
    13.238148241371));
#2988 = CARTESIAN_POINT('',(74.518862672221,35.85197074383,
    13.235095865794));
#2989 = CARTESIAN_POINT('',(73.399643747161,35.014068600255,
    13.228222022309));
#2990 = CARTESIAN_POINT('',(72.975500181275,34.706413953848,
    13.225195720373));
#2991 = CARTESIAN_POINT('',(72.547142455536,34.405448639556,
    13.221726743078));
#2992 = CARTESIAN_POINT('',(72.114661821828,34.111206452611,
    13.217819751271));
#2993 = CARTESIAN_POINT('',(71.678149132014,33.823721941603,
    13.213480646571));
#2994 = CARTESIAN_POINT('',(71.237694874947,33.543030297154,
    13.208716433583));
#2995 = CARTESIAN_POINT('',(70.793389165844,33.269167249482,
    13.203533231075));
#2996 = CARTESIAN_POINT('',(69.784764162746,32.668139170249,
    13.190925518741));
#2997 = CARTESIAN_POINT('',(69.218319483089,32.344854006785,
    13.183265938504));
#2998 = CARTESIAN_POINT('',(68.646163245825,32.032384345363,
    13.174961398806));
#2999 = CARTESIAN_POINT('',(68.068471109599,31.730802679336,
    13.166020207872));
#3000 = CARTESIAN_POINT('',(67.485418835417,31.44018292817,
    13.156451256511));
#3001 = CARTESIAN_POINT('',(66.897182327135,31.160600231093,
    13.146263999887));
#3002 = CARTESIAN_POINT('',(66.303937671946,30.89213074074,
    13.135468439274));
#3003 = CARTESIAN_POINT('',(64.662596358925,30.186061885556,
    13.104200946832));
#3004 = CARTESIAN_POINT('',(63.60463499655,29.771324543642,
    13.082508110881));
#3005 = CARTESIAN_POINT('',(62.53290849754,29.391045601924,
    13.059050762823));
#3006 = CARTESIAN_POINT('',(61.448361255488,29.04564535923,
    13.033896347228));
#3007 = CARTESIAN_POINT('',(60.351949822149,28.735553079942,
    13.007102230183));
#3008 = CARTESIAN_POINT('',(59.244643813458,28.461204733138,
    12.97873074038));
#3009 = CARTESIAN_POINT('',(58.127426344179,28.223042729386,
    12.948863160868));
#3010 = CARTESIAN_POINT('',(56.427888181493,27.918904099695,
    12.901641059531));
#3011 = CARTESIAN_POINT('',(55.852174368112,27.825790080253,
    12.885341081189));
#3012 = CARTESIAN_POINT('',(55.274282645483,27.742234169215,
    12.868678324793));
#3013 = CARTESIAN_POINT('',(54.69434591161,27.668296293514,
    12.85168001015));
#3014 = CARTESIAN_POINT('',(54.112500773873,27.604037081693,
    12.834325281785));
#3015 = CARTESIAN_POINT('',(53.528882395287,27.549517373583,
    12.816661963418));
#3016 = CARTESIAN_POINT('',(52.943630084822,27.504798778171,
    12.79867910042));
#3017 = CARTESIAN_POINT('',(51.766552112859,27.434874842118,
    12.761970877255));
#3018 = CARTESIAN_POINT('',(51.174708596463,27.409790468205,
    12.743241979427));
#3019 = CARTESIAN_POINT('',(50.581496113883,27.39475331086,
    12.724197334483));
#3020 = CARTESIAN_POINT('',(49.987059558253,27.389827068134,
    12.704840505277));
#3021 = CARTESIAN_POINT('',(49.39154595755,27.395076014732,
    12.685175488632));
#3022 = CARTESIAN_POINT('',(48.795104474596,27.410565002007,
    12.665206715345));
#3023 = CARTESIAN_POINT('',(48.197886407058,27.436359457966,
    12.644939050185));
#3024 = CARTESIAN_POINT('',(47.151928801161,27.499633831811,
    12.608965945968));
#3025 = CARTESIAN_POINT('',(46.70346251413,27.532569374137,
    12.593389238976));
#3026 = CARTESIAN_POINT('',(46.254710981285,27.571359811246,
    12.577649944578));
#3027 = CARTESIAN_POINT('',(45.805739712449,27.616033168604,
    12.56175059407));
#3028 = CARTESIAN_POINT('',(45.356615072342,27.666617700143,
    12.545693976381));
#3029 = CARTESIAN_POINT('',(44.907404280576,27.723141888264,
    12.529483138071));
#3030 = CARTESIAN_POINT('',(44.458175411654,27.785634443834,
    12.513121383336));
#3031 = CARTESIAN_POINT('',(43.553429114777,27.923588544519,
    12.479868296629));
#3032 = CARTESIAN_POINT('',(43.097913408931,27.999221925932,
    12.462971576951));
#3033 = CARTESIAN_POINT('',(42.642521816785,28.081054727208,
    12.445931543897));
#3034 = CARTESIAN_POINT('',(42.187326657564,28.1691175794,
    12.428765163166));
#3035 = CARTESIAN_POINT('',(41.732401653256,28.263441379568,
    12.411484631324));
#3036 = CARTESIAN_POINT('',(41.277821742657,28.364057336068,
    12.394100755912));
#3037 = CARTESIAN_POINT('',(40.823662809176,28.470997043163,
    12.376627962925));
#3038 = CARTESIAN_POINT('',(39.750239705029,28.739069466176,
    12.335099695837));
#3039 = CARTESIAN_POINT('',(39.131408146986,28.90570803435,
    12.310976787858));
#3040 = CARTESIAN_POINT('',(38.513703371672,29.084289945453,
    12.286737897338));
#3041 = CARTESIAN_POINT('',(37.897327006625,29.274897868477,
    12.262410856772));
#3042 = CARTESIAN_POINT('',(37.282486246803,29.477615570289,
    12.238021173437));
#3043 = CARTESIAN_POINT('',(36.669393795284,29.6925281047,
    12.213591619907));
#3044 = CARTESIAN_POINT('',(36.058267803948,29.919722001551,
    12.189141824572));
#3045 = CARTESIAN_POINT('',(35.205570539507,30.255184358051,
    12.15489877241));
#3046 = CARTESIAN_POINT('',(34.962160340656,30.35306537814,
    12.145108995825));
#3047 = CARTESIAN_POINT('',(34.71911558311,30.452934172879,
    12.135320234903));
#3048 = CARTESIAN_POINT('',(34.476451016429,30.554796324663,
    12.125530221395));
#3049 = CARTESIAN_POINT('',(34.234181104229,30.65865766486,
    12.115745581203));
#3050 = CARTESIAN_POINT('',(33.992320789822,30.764523927431,
    12.105967084869));
#3051 = CARTESIAN_POINT('',(33.750885955758,30.872400529344,
    12.096180759569));
#3052 = CARTESIAN_POINT('',(33.286013960407,31.084381052377,
    12.077291409584));
#3053 = CARTESIAN_POINT('',(33.062516479305,31.188208733539,
    12.068188427356));
#3054 = CARTESIAN_POINT('',(32.839411821211,31.293780872246,
    12.059076654319));
#3055 = CARTESIAN_POINT('',(32.616712550733,31.40110204704,
    12.049953595895));
#3056 = CARTESIAN_POINT('',(32.394431368046,31.510176860647,
    12.040817000509));
#3057 = CARTESIAN_POINT('',(32.172581108889,31.621009939968,
    12.031664859589));
#3058 = CARTESIAN_POINT('',(31.951174744569,31.733605936083,
    12.022495407567));
#3059 = CARTESIAN_POINT('',(31.090473675008,32.179105581306,
    11.98670273894));
#3060 = CARTESIAN_POINT('',(30.454555965377,32.525059192187,
    11.959940787702));
#3061 = CARTESIAN_POINT('',(29.822787170426,32.88594585384,
    11.932984206069));
#3062 = CARTESIAN_POINT('',(29.195495416022,33.261881068527,
    11.905815210707));
#3063 = CARTESIAN_POINT('',(28.573021823802,33.652981183161,
    11.878436268042));
#3064 = CARTESIAN_POINT('',(27.955720298448,34.059364228629,
    11.850871065244));
#3065 = CARTESIAN_POINT('',(27.343957314954,34.481150759122,
    11.823165481225));
#3066 = CARTESIAN_POINT('',(26.614024619365,35.008033735044,
    11.789699389511));
#3067 = CARTESIAN_POINT('',(26.490185867896,35.09825408132,
    11.784007227288));
#3068 = CARTESIAN_POINT('',(26.366598736531,35.1891267746,
    11.778312661729));
#3069 = CARTESIAN_POINT('',(26.24326654004,35.280652860223,
    11.772616323068));
#3070 = CARTESIAN_POINT('',(26.120192622925,35.372833384552,
    11.766918881004));
#3071 = CARTESIAN_POINT('',(25.997380359418,35.465669394975,
    11.7612210447));
#3072 = CARTESIAN_POINT('',(25.87483315348,35.559161939907,
    11.755523562783));
#3073 = CARTESIAN_POINT('',(25.569814097125,35.79401543459,
    11.741314286177));
#3074 = CARTESIAN_POINT('',(25.387673364757,35.936187481579,
    11.732805070261));
#3075 = CARTESIAN_POINT('',(25.206143983247,36.079831502318,
    11.724295896397));
#3076 = CARTESIAN_POINT('',(25.025237267203,36.224951205796,
    11.715796277022));
#3077 = CARTESIAN_POINT('',(24.844963822214,36.37155107269,
    11.707333733639));
#3078 = CARTESIAN_POINT('',(24.66533612427,36.519634220542,
    11.698901819035));
#3079 = CARTESIAN_POINT('',(24.4863654849,36.669204852657,
    11.690521410102));
#3080 = CARTESIAN_POINT('',(24.141324712112,36.961532745471,
    11.674416611666));
#3081 = CARTESIAN_POINT('',(23.975170596398,37.104102887619,
    11.666685361975));
#3082 = CARTESIAN_POINT('',(23.809611615914,37.24798011909,
    11.659013714422));
#3083 = CARTESIAN_POINT('',(23.644657806999,37.393167485128,
    11.65140959734));
#3084 = CARTESIAN_POINT('',(23.480319391981,37.53966799046,
    11.643880586925));
#3085 = CARTESIAN_POINT('',(23.316606779181,37.687484599298,
    11.636433907239));
#3086 = CARTESIAN_POINT('',(23.153530562911,37.836620235339,
    11.629076430205));
#3087 = CARTESIAN_POINT('',(22.399421482453,38.535149281472,
    11.595362292052));
#3088 = CARTESIAN_POINT('',(21.816335273797,39.100755707999,
    11.570180317452));
#3089 = CARTESIAN_POINT('',(21.242355169686,39.684043324369,
    11.546582847211));
#3090 = CARTESIAN_POINT('',(20.678036865366,40.285142629679,
    11.524821180112));
#3091 = CARTESIAN_POINT('',(20.123976846825,40.904165423658,
    11.505080171545));
#3092 = CARTESIAN_POINT('',(19.580809933171,41.541202843733,
    11.487477010788));
#3093 = CARTESIAN_POINT('',(19.049206993701,42.196324374618,
    11.47206242234));
#3094 = CARTESIAN_POINT('',(18.415597364926,43.017722060239,
    11.455911342681));
#3095 = CARTESIAN_POINT('',(18.301916219876,43.166743830295,
    11.453103786381));
#3096 = CARTESIAN_POINT('',(18.18883700067,43.316643531996,
    11.450401491045));
#3097 = CARTESIAN_POINT('',(18.076367401135,43.467421466888,
    11.447804183589));
#3098 = CARTESIAN_POINT('',(17.964515212758,43.619077846655,
    11.445311449204));
#3099 = CARTESIAN_POINT('',(17.853288324685,43.771612793115,
    11.442922731358));
#3100 = CARTESIAN_POINT('',(17.742694723723,43.925026338224,
    11.440637331793));
#3101 = CARTESIAN_POINT('',(17.322940400977,44.514052775995,
    11.432303797826));
#3102 = CARTESIAN_POINT('',(17.018231130016,44.95576029103,
    11.426971857426));
#3103 = CARTESIAN_POINT('',(16.718794924518,45.404440148154,
    11.422379361916));
#3104 = CARTESIAN_POINT('',(16.424819510825,45.860083487716,
    11.418433120406));
#3105 = CARTESIAN_POINT('',(16.136498503499,46.322674431499,
    11.415072003769));
#3106 = CARTESIAN_POINT('',(15.854032008437,46.792187979413,
    11.412215879192));
#3107 = CARTESIAN_POINT('',(15.577625086464,47.268590995161,
    11.409806848554));
#3108 = CARTESIAN_POINT('',(14.794817184865,48.668959677968,
    11.403949433956));
#3109 = CARTESIAN_POINT('',(14.304744743843,49.610708114604,
    11.401510716649));
#3110 = CARTESIAN_POINT('',(13.838686268694,50.57682526826,
    11.400075134187));
#3111 = CARTESIAN_POINT('',(13.3981724115,51.566842618005,
    11.399323632328));
#3112 = CARTESIAN_POINT('',(12.984816164777,52.580062428993,
    11.39901097446));
#3113 = CARTESIAN_POINT('',(12.600272556678,53.615528097331,
    11.398960019833));
#3114 = CARTESIAN_POINT('',(12.246190538896,54.671986453245,
    11.399051649396));
#3115 = CARTESIAN_POINT('',(11.717552088034,56.438071881126,
    11.399312148876));
#3116 = CARTESIAN_POINT('',(11.52414402565,57.136266523869,
    11.399441609922));
#3117 = CARTESIAN_POINT('',(11.344359214412,57.841974478921,
    11.39957850866));
#3118 = CARTESIAN_POINT('',(11.178610988,58.554679156617,11.399710567785
    ));
#3119 = CARTESIAN_POINT('',(11.027291603536,59.273795366838,
    11.39983103159));
#3120 = CARTESIAN_POINT('',(10.890762716015,59.998664968474,
    11.399936829517));
#3121 = CARTESIAN_POINT('',(10.769344403138,60.72855165102,
    11.400027318047));
#3122 = CARTESIAN_POINT('',(10.561856763952,62.164903984924,
    11.400176577896));
#3123 = CARTESIAN_POINT('',(10.474479741025,62.871039761293,
    11.400236453228));
#3124 = CARTESIAN_POINT('',(10.401409726608,63.580301131313,
    11.400283466934));
#3125 = CARTESIAN_POINT('',(10.342831647618,64.291910975819,
    11.400317499427));
#3126 = CARTESIAN_POINT('',(10.298872740647,65.005055612879,
    11.400337825019));
#3127 = CARTESIAN_POINT('',(10.269597194837,65.718884210417,
    11.400342769557));
#3128 = CARTESIAN_POINT('',(10.255,66.432508101176,11.400329272261));
#3129 = CARTESIAN_POINT('',(10.255,67.145,11.400292351743));
#3130 = PCURVE('',#144,#3131);
#3131 = DEFINITIONAL_REPRESENTATION('',(#3132),#3338);
#3132 = B_SPLINE_CURVE_WITH_KNOTS('',8,(#3133,#3134,#3135,#3136,#3137,
    #3138,#3139,#3140,#3141,#3142,#3143,#3144,#3145,#3146,#3147,#3148,
    #3149,#3150,#3151,#3152,#3153,#3154,#3155,#3156,#3157,#3158,#3159,
    #3160,#3161,#3162,#3163,#3164,#3165,#3166,#3167,#3168,#3169,#3170,
    #3171,#3172,#3173,#3174,#3175,#3176,#3177,#3178,#3179,#3180,#3181,
    #3182,#3183,#3184,#3185,#3186,#3187,#3188,#3189,#3190,#3191,#3192,
    #3193,#3194,#3195,#3196,#3197,#3198,#3199,#3200,#3201,#3202,#3203,
    #3204,#3205,#3206,#3207,#3208,#3209,#3210,#3211,#3212,#3213,#3214,
    #3215,#3216,#3217,#3218,#3219,#3220,#3221,#3222,#3223,#3224,#3225,
    #3226,#3227,#3228,#3229,#3230,#3231,#3232,#3233,#3234,#3235,#3236,
    #3237,#3238,#3239,#3240,#3241,#3242,#3243,#3244,#3245,#3246,#3247,
    #3248,#3249,#3250,#3251,#3252,#3253,#3254,#3255,#3256,#3257,#3258,
    #3259,#3260,#3261,#3262,#3263,#3264,#3265,#3266,#3267,#3268,#3269,
    #3270,#3271,#3272,#3273,#3274,#3275,#3276,#3277,#3278,#3279,#3280,
    #3281,#3282,#3283,#3284,#3285,#3286,#3287,#3288,#3289,#3290,#3291,
    #3292,#3293,#3294,#3295,#3296,#3297,#3298,#3299,#3300,#3301,#3302,
    #3303,#3304,#3305,#3306,#3307,#3308,#3309,#3310,#3311,#3312,#3313,
    #3314,#3315,#3316,#3317,#3318,#3319,#3320,#3321,#3322,#3323,#3324,
    #3325,#3326,#3327,#3328,#3329,#3330,#3331,#3332,#3333,#3334,#3335,
    #3336,#3337),.UNSPECIFIED.,.F.,.F.,(9,7,7,7,7,7,7,7,7,7,7,7,7,7,7,7,
    7,7,7,7,7,7,7,7,7,7,7,7,7,9),(0.,3.240463845319E-02,
    6.706408283179E-02,8.242671757429E-02,0.106377269567,0.131964949915,
    0.160325620077,0.191168247442,0.241385547659,0.304012727336,
    0.341607742861,0.388641214177,0.470684843729,0.512459702776,
    0.554489848412,0.585993860447,0.617946066587,0.661597128367,
    0.679070949324,0.695303718409,0.742305174344,0.75193184101,
    0.766318485165,0.779772225838,0.828780148685,0.839563964086,
    0.869948510214,0.927612752669,0.964608036283,1.),.UNSPECIFIED.);
#3133 = CARTESIAN_POINT('',(109.1110190396,1.));
#3134 = CARTESIAN_POINT('',(108.79094669601,0.986804548964));
#3135 = CARTESIAN_POINT('',(108.46385736776,0.973700438482));
#3136 = CARTESIAN_POINT('',(108.13013445857,0.960689625208));
#3137 = CARTESIAN_POINT('',(107.7901313848,0.947773927816));
#3138 = CARTESIAN_POINT('',(107.44418524482,0.93495476174));
#3139 = CARTESIAN_POINT('',(107.09260340293,0.922233403189));
#3140 = CARTESIAN_POINT('',(106.73567437045,0.909610781798));
#3141 = CARTESIAN_POINT('',(105.98645964165,0.88369300276));
#3142 = CARTESIAN_POINT('',(105.59344707525,0.87041233657));
#3143 = CARTESIAN_POINT('',(105.19494861115,0.857246466249));
#3144 = CARTESIAN_POINT('',(104.79126639376,0.844196159843));
#3145 = CARTESIAN_POINT('',(104.38268104021,0.831262068245));
#3146 = CARTESIAN_POINT('',(103.96945235084,0.818444713143));
#3147 = CARTESIAN_POINT('',(103.55182001963,0.80574447496));
#3148 = CARTESIAN_POINT('',(102.94303654235,0.787584272488));
#3149 = CARTESIAN_POINT('',(102.75524733517,0.782030032658));
#3150 = CARTESIAN_POINT('',(102.56665612037,0.77649888877));
#3151 = CARTESIAN_POINT('',(102.37728170986,0.770990866309));
#3152 = CARTESIAN_POINT('',(102.18714233024,0.765505988786));
#3153 = CARTESIAN_POINT('',(101.99625562271,0.76004427773));
#3154 = CARTESIAN_POINT('',(101.80463864318,0.754605752694));
#3155 = CARTESIAN_POINT('',(101.31246161525,0.740747873064));
#3156 = CARTESIAN_POINT('',(101.01088072589,0.732361719136));
#3157 = CARTESIAN_POINT('',(100.70762753002,0.724032031252));
#3158 = CARTESIAN_POINT('',(100.40276179861,0.715758860639));
#3159 = CARTESIAN_POINT('',(100.09634052924,0.707542256181));
#3160 = CARTESIAN_POINT('',(99.788417896913,0.699382266981));
#3161 = CARTESIAN_POINT('',(99.47904536451,0.691278939293));
#3162 = CARTESIAN_POINT('',(98.836255774907,0.674635652762));
#3163 = CARTESIAN_POINT('',(98.502641127904,0.666103718848));
#3164 = CARTESIAN_POINT('',(98.167487610638,0.657636557264));
#3165 = CARTESIAN_POINT('',(97.830852209135,0.649234221595));
#3166 = CARTESIAN_POINT('',(97.492789296374,0.640896767825));
#3167 = CARTESIAN_POINT('',(97.153350632285,0.632624254336));
#3168 = CARTESIAN_POINT('',(96.81258536375,0.624416741907));
#3169 = CARTESIAN_POINT('',(96.091426524982,0.607249431589));
#3170 = CARTESIAN_POINT('',(95.710741041472,0.598304508854));
#3171 = CARTESIAN_POINT('',(95.328547176019,0.589439607678));
#3172 = CARTESIAN_POINT('',(94.944905509016,0.580654824007));
#3173 = CARTESIAN_POINT('',(94.559873686611,0.571950264776));
#3174 = CARTESIAN_POINT('',(94.173506508017,0.563326045114));
#3175 = CARTESIAN_POINT('',(93.785856012819,0.554782285556));
#3176 = CARTESIAN_POINT('',(92.974054269708,0.537115286071));
#3177 = CARTESIAN_POINT('',(92.54967811036,0.52800677826));
#3178 = CARTESIAN_POINT('',(92.123906562097,0.51899374892));
#3179 = CARTESIAN_POINT('',(91.69680025601,0.510076373976));
#3180 = CARTESIAN_POINT('',(91.268416960441,0.501254844259));
#3181 = CARTESIAN_POINT('',(90.838811613402,0.492529364892));
#3182 = CARTESIAN_POINT('',(90.408036409383,0.48390015198));
#3183 = CARTESIAN_POINT('',(89.272938059581,0.461474627291));
#3184 = CARTESIAN_POINT('',(88.566767759319,0.447837657786));
#3185 = CARTESIAN_POINT('',(87.857842847948,0.43445746001));
#3186 = CARTESIAN_POINT('',(87.146362420251,0.421335111377));
#3187 = CARTESIAN_POINT('',(86.43251241651,0.408471799951));
#3188 = CARTESIAN_POINT('',(85.716466181396,0.395868799596));
#3189 = CARTESIAN_POINT('',(84.998385022851,0.383527445133));
#3190 = CARTESIAN_POINT('',(83.380531874983,0.356385927705));
#3191 = CARTESIAN_POINT('',(82.47971872341,0.341731920675));
#3192 = CARTESIAN_POINT('',(81.576269813011,0.32748976024));
#3193 = CARTESIAN_POINT('',(80.670458654399,0.313662364192));
#3194 = CARTESIAN_POINT('',(79.762539720326,0.300252888893));
#3195 = CARTESIAN_POINT('',(78.852752388176,0.287264603199));
#3196 = CARTESIAN_POINT('',(77.941319378581,0.27470090958));
#3197 = CARTESIAN_POINT('',(76.480453080174,0.255280301315));
#3198 = CARTESIAN_POINT('',(75.93194093917,0.248149587527));
#3199 = CARTESIAN_POINT('',(75.382957574108,0.241173916782));
#3200 = CARTESIAN_POINT('',(74.833547351943,0.234354072375));
#3201 = CARTESIAN_POINT('',(74.283753375198,0.227690855061));
#3202 = CARTESIAN_POINT('',(73.733617523778,0.221185080476));
#3203 = CARTESIAN_POINT('',(73.183180545479,0.214837576764));
#3204 = CARTESIAN_POINT('',(71.943527696827,0.200907154253));
#3205 = CARTESIAN_POINT('',(71.254164728127,0.193414161706));
#3206 = CARTESIAN_POINT('',(70.564470871008,0.186171847152));
#3207 = CARTESIAN_POINT('',(69.874521982576,0.179181890818));
#3208 = CARTESIAN_POINT('',(69.184392255321,0.172446005984));
#3209 = CARTESIAN_POINT('',(68.4941542773,0.165965934201));
#3210 = CARTESIAN_POINT('',(67.803879092327,0.159743440509));
#3211 = CARTESIAN_POINT('',(65.909599525516,0.143378418949));
#3212 = CARTESIAN_POINT('',(64.705667949337,0.133765779201));
#3213 = CARTESIAN_POINT('',(63.502205880307,0.124951804425));
#3214 = CARTESIAN_POINT('',(62.299575575811,0.116946236162));
#3215 = CARTESIAN_POINT('',(61.098139969908,0.109759023756));
#3216 = CARTESIAN_POINT('',(59.898262053409,0.103400271947));
#3217 = CARTESIAN_POINT('',(58.70030423632,9.788023477544E-02));
#3218 = CARTESIAN_POINT('',(56.895819890552,9.083101401541E-02));
#3219 = CARTESIAN_POINT('',(56.287602799483,8.86728492352E-02));
#3220 = CARTESIAN_POINT('',(55.680028792446,8.673621901067E-02));
#3221 = CARTESIAN_POINT('',(55.073147271122,8.502251230766E-02));
#3222 = CARTESIAN_POINT('',(54.467009619058,8.353313435376E-02));
#3223 = CARTESIAN_POINT('',(53.861666673216,8.226949527369E-02));
#3224 = CARTESIAN_POINT('',(53.257171560524,8.123302301938E-02));
#3225 = CARTESIAN_POINT('',(52.04629580996,7.961235003171E-02));
#3226 = CARTESIAN_POINT('',(51.439926774737,7.903095302363E-02));
#3227 = CARTESIAN_POINT('',(50.834525491299,7.868242695236E-02));
#3228 = CARTESIAN_POINT('',(50.23014835636,7.856824818946E-02));
#3229 = CARTESIAN_POINT('',(49.626853534923,7.868990647193E-02));
#3230 = CARTESIAN_POINT('',(49.02470096028,7.904890490223E-02));
#3231 = CARTESIAN_POINT('',(48.423752334011,7.964675994823E-02));
#3232 = CARTESIAN_POINT('',(47.37457556253,8.111331166557E-02));
#3233 = CARTESIAN_POINT('',(46.925792359149,8.187668036011E-02));
#3234 = CARTESIAN_POINT('',(46.47774830499,8.277575179617E-02));
#3235 = CARTESIAN_POINT('',(46.030471028088,8.381117553838E-02));
#3236 = CARTESIAN_POINT('',(45.583988995365,8.49836064467E-02));
#3237 = CARTESIAN_POINT('',(45.138331512633,8.629370467641E-02));
#3238 = CARTESIAN_POINT('',(44.69352872459,8.774213567815E-02));
#3239 = CARTESIAN_POINT('',(43.799379086201,9.093958846956E-02));
#3240 = CARTESIAN_POINT('',(43.350057865214,9.269259302195E-02));
#3241 = CARTESIAN_POINT('',(42.901680141,9.458928559991E-02));
#3242 = CARTESIAN_POINT('',(42.454279162295,9.663037615947E-02));
#3243 = CARTESIAN_POINT('',(42.007889482204,9.881658082207E-02));
#3244 = CARTESIAN_POINT('',(41.562546914037,0.101148622924));
#3245 = CARTESIAN_POINT('',(41.118288459572,0.103627234747));
#3246 = CARTESIAN_POINT('',(40.069768407075,0.109840525349));
#3247 = CARTESIAN_POINT('',(39.466480243437,0.113702816881));
#3248 = CARTESIAN_POINT('',(38.865385084984,0.117841927117));
#3249 = CARTESIAN_POINT('',(38.266586086632,0.122259772128));
#3250 = CARTESIAN_POINT('',(37.6701926204,0.126958293436));
#3251 = CARTESIAN_POINT('',(37.076320442359,0.131939462387));
#3252 = CARTESIAN_POINT('',(36.485091859578,0.137205284542));
#3253 = CARTESIAN_POINT('',(35.661072918514,0.144980515889));
#3254 = CARTESIAN_POINT('',(35.425954374168,0.147249168574));
#3255 = CARTESIAN_POINT('',(35.191288588586,0.149563893218));
#3256 = CARTESIAN_POINT('',(34.957084177783,0.151924819206));
#3257 = CARTESIAN_POINT('',(34.723349801151,0.154332081698));
#3258 = CARTESIAN_POINT('',(34.490094451588,0.156785813592));
#3259 = CARTESIAN_POINT('',(34.257327630126,0.159286140441));
#3260 = CARTESIAN_POINT('',(33.809286420666,0.16419935224));
#3261 = CARTESIAN_POINT('',(33.593943849011,0.166605834594));
#3262 = CARTESIAN_POINT('',(33.379038660297,0.169052749386));
#3263 = CARTESIAN_POINT('',(33.164578666038,0.171540202736));
#3264 = CARTESIAN_POINT('',(32.950571865369,0.174068301325));
#3265 = CARTESIAN_POINT('',(32.737026445049,0.176637152392));
#3266 = CARTESIAN_POINT('',(32.52395077946,0.17924686374));
#3267 = CARTESIAN_POINT('',(31.695784708365,0.189572501595));
#3268 = CARTESIAN_POINT('',(31.084228579333,0.197590895635));
#3269 = CARTESIAN_POINT('',(30.476890025889,0.205955402801));
#3270 = CARTESIAN_POINT('',(29.873991079478,0.214668700163));
#3271 = CARTESIAN_POINT('',(29.275771543701,0.22373348437));
#3272 = CARTESIAN_POINT('',(28.682489717393,0.233152491103));
#3273 = CARTESIAN_POINT('',(28.09442311771,0.242928514524));
#3274 = CARTESIAN_POINT('',(27.392552636559,0.255140427281));
#3275 = CARTESIAN_POINT('',(27.273467426225,0.257231523498));
#3276 = CARTESIAN_POINT('',(27.154616156984,0.25933773959));
#3277 = CARTESIAN_POINT('',(27.036001457603,0.261459099785));
#3278 = CARTESIAN_POINT('',(26.917626000847,0.263595628336));
#3279 = CARTESIAN_POINT('',(26.799492503475,0.265747349518));
#3280 = CARTESIAN_POINT('',(26.681603726244,0.267914287633));
#3281 = CARTESIAN_POINT('',(26.388152622588,0.273357641316));
#3282 = CARTESIAN_POINT('',(26.212895591015,0.276652856219));
#3283 = CARTESIAN_POINT('',(26.03820082945,0.279982188024));
#3284 = CARTESIAN_POINT('',(25.86407783668,0.283345722698));
#3285 = CARTESIAN_POINT('',(25.690536043116,0.286743564091));
#3286 = CARTESIAN_POINT('',(25.517585747984,0.29017578446));
#3287 = CARTESIAN_POINT('',(25.345237024527,0.29364248123));
#3288 = CARTESIAN_POINT('',(25.012900200591,0.300417956785));
#3289 = CARTESIAN_POINT('',(24.852835298473,0.303722398601));
#3290 = CARTESIAN_POINT('',(24.69331438769,0.307057135684));
#3291 = CARTESIAN_POINT('',(24.53434632884,0.310422238617));
#3292 = CARTESIAN_POINT('',(24.37594022416,0.313817777042));
#3293 = CARTESIAN_POINT('',(24.218105417523,0.317243819662));
#3294 = CARTESIAN_POINT('',(24.060851494437,0.320700434241));
#3295 = CARTESIAN_POINT('',(23.333511411379,0.336890700695));
#3296 = CARTESIAN_POINT('',(22.770678931019,0.350000132298));
#3297 = CARTESIAN_POINT('',(22.216157674821,0.36351937245));
#3298 = CARTESIAN_POINT('',(21.670468467783,0.377451445815));
#3299 = CARTESIAN_POINT('',(21.134185838503,0.391798943647));
#3300 = CARTESIAN_POINT('',(20.607938499115,0.4065639783));
#3301 = CARTESIAN_POINT('',(20.092410592685,0.421748160265));
#3302 = CARTESIAN_POINT('',(19.477427678234,0.440786233868));
#3303 = CARTESIAN_POINT('',(19.367066861019,0.444240209301));
#3304 = CARTESIAN_POINT('',(19.257269237714,0.447714533132));
#3305 = CARTESIAN_POINT('',(19.148042946384,0.451209212351));
#3306 = CARTESIAN_POINT('',(19.039396281883,0.454724251864));
#3307 = CARTESIAN_POINT('',(18.931337695857,0.458259654493));
#3308 = CARTESIAN_POINT('',(18.823875796741,0.461815420981));
#3309 = CARTESIAN_POINT('',(18.415939952384,0.475467673566));
#3310 = CARTESIAN_POINT('',(18.119668357736,0.485705418728));
#3311 = CARTESIAN_POINT('',(17.828398408298,0.496104766442));
#3312 = CARTESIAN_POINT('',(17.542335319312,0.506665511362));
#3313 = CARTESIAN_POINT('',(17.2616959876,0.517387285468));
#3314 = CARTESIAN_POINT('',(16.986708368736,0.528269509315));
#3315 = CARTESIAN_POINT('',(16.717611719432,0.539311414884));
#3316 = CARTESIAN_POINT('',(15.955615583556,0.571768679522));
#3317 = CARTESIAN_POINT('',(15.47871001992,0.593596201521));
#3318 = CARTESIAN_POINT('',(15.025631900967,0.615988533278));
#3319 = CARTESIAN_POINT('',(14.598266142841,0.638934815576));
#3320 = CARTESIAN_POINT('',(14.198672653749,0.662418876556));
#3321 = CARTESIAN_POINT('',(13.82905488114,0.686418544381));
#3322 = CARTESIAN_POINT('',(13.491714531393,0.710904773514));
#3323 = CARTESIAN_POINT('',(12.994776977029,0.751838495333));
#3324 = CARTESIAN_POINT('',(12.814815690622,0.768021011099));
#3325 = CARTESIAN_POINT('',(12.649733252433,0.784377667839));
#3326 = CARTESIAN_POINT('',(12.500157469742,0.800896492215));
#3327 = CARTESIAN_POINT('',(12.366710531167,0.817563920891));
#3328 = CARTESIAN_POINT('',(12.249997145849,0.834364699698));
#3329 = CARTESIAN_POINT('',(12.150589598111,0.851281762684));
#3330 = CARTESIAN_POINT('',(11.990965386239,0.884573044036));
#3331 = CARTESIAN_POINT('',(11.929234025904,0.900939616672));
#3332 = CARTESIAN_POINT('',(11.884277068956,0.917378633244));
#3333 = CARTESIAN_POINT('',(11.856506359046,0.933872081952));
#3334 = CARTESIAN_POINT('',(11.846275765033,0.950401103555));
#3335 = CARTESIAN_POINT('',(11.853870759061,0.966945977759));
#3336 = CARTESIAN_POINT('',(11.879495958762,0.98348610734));
#3337 = CARTESIAN_POINT('',(11.923260633588,1.));
#3338 = ( GEOMETRIC_REPRESENTATION_CONTEXT(2) 
PARAMETRIC_REPRESENTATION_CONTEXT() REPRESENTATION_CONTEXT('2D SPACE',''
  ) );
#3339 = PCURVE('',#753,#3340);
#3340 = DEFINITIONAL_REPRESENTATION('',(#3341),#3393);
#3341 = B_SPLINE_CURVE_WITH_KNOTS('',8,(#3342,#3343,#3344,#3345,#3346,
    #3347,#3348,#3349,#3350,#3351,#3352,#3353,#3354,#3355,#3356,#3357,
    #3358,#3359,#3360,#3361,#3362,#3363,#3364,#3365,#3366,#3367,#3368,
    #3369,#3370,#3371,#3372,#3373,#3374,#3375,#3376,#3377,#3378,#3379,
    #3380,#3381,#3382,#3383,#3384,#3385,#3386,#3387,#3388,#3389,#3390,
    #3391,#3392),.UNSPECIFIED.,.F.,.F.,(9,7,7,7,7,7,7,9),(0.770711660332
    ,0.779772225838,0.828780148685,0.839563964086,0.869948510214,
    0.927612752669,0.964608036283,1.),.UNSPECIFIED.);
#3342 = CARTESIAN_POINT('',(10.278298529898,2.162037749512));
#3343 = CARTESIAN_POINT('',(10.27458000749,2.156887695133));
#3344 = CARTESIAN_POINT('',(10.270856860495,2.151768020326));
#3345 = CARTESIAN_POINT('',(10.267129054111,2.146681078726));
#3346 = CARTESIAN_POINT('',(10.26339655356,2.141629151537));
#3347 = CARTESIAN_POINT('',(10.259659324092,2.136614447521));
#3348 = CARTESIAN_POINT('',(10.255917330988,2.131639103008));
#3349 = CARTESIAN_POINT('',(10.252170539554,2.126705181888));
#3350 = CARTESIAN_POINT('',(10.228126658474,2.095362292052));
#3351 = CARTESIAN_POINT('',(10.207693219291,2.070180317452));
#3352 = CARTESIAN_POINT('',(10.187112820714,2.046582847211));
#3353 = CARTESIAN_POINT('',(10.166380010205,2.024821180112));
#3354 = CARTESIAN_POINT('',(10.145489584011,2.005080171545));
#3355 = CARTESIAN_POINT('',(10.124436498627,1.987477010788));
#3356 = CARTESIAN_POINT('',(10.103215769272,1.97206242234));
#3357 = CARTESIAN_POINT('',(10.077114899662,1.955911342681));
#3358 = CARTESIAN_POINT('',(10.072399094862,1.953103786381));
#3359 = CARTESIAN_POINT('',(10.067674891031,1.950401491045));
#3360 = CARTESIAN_POINT('',(10.062942239067,1.947804183589));
#3361 = CARTESIAN_POINT('',(10.058201090706,1.945311449204));
#3362 = CARTESIAN_POINT('',(10.053451398527,1.942922731358));
#3363 = CARTESIAN_POINT('',(10.048693115947,1.940637331793));
#3364 = CARTESIAN_POINT('',(10.030494897032,1.932303797826));
#3365 = CARTESIAN_POINT('',(10.016995080576,1.926971857426));
#3366 = CARTESIAN_POINT('',(10.003425704324,1.922379361916));
#3367 = CARTESIAN_POINT('',(9.98978584051,1.918433120406));
#3368 = CARTESIAN_POINT('',(9.976074625543,1.915072003769));
#3369 = CARTESIAN_POINT('',(9.962291305867,1.912215879192));
#3370 = CARTESIAN_POINT('',(9.948435190474,1.909806848554));
#3371 = CARTESIAN_POINT('',(9.908070034044,1.903949433956));
#3372 = CARTESIAN_POINT('',(9.881370914279,1.901510716649));
#3373 = CARTESIAN_POINT('',(9.854403258639,1.900075134187));
#3374 = CARTESIAN_POINT('',(9.827165667302,1.899323632328));
#3375 = CARTESIAN_POINT('',(9.799660239828,1.89901097446));
#3376 = CARTESIAN_POINT('',(9.771892803865,1.898960019833));
#3377 = CARTESIAN_POINT('',(9.743873530498,1.899051649396));
#3378 = CARTESIAN_POINT('',(9.697490173182,1.899312148876));
#3379 = CARTESIAN_POINT('',(9.679265644084,1.899441609922));
#3380 = CARTESIAN_POINT('',(9.660949227964,1.89957850866));
#3381 = CARTESIAN_POINT('',(9.642546876984,1.899710567785));
#3382 = CARTESIAN_POINT('',(9.62406568522,1.89983103159));
#3383 = CARTESIAN_POINT('',(9.605514012807,1.899936829517));
#3384 = CARTESIAN_POINT('',(9.586901665453,1.900027318047));
#3385 = CARTESIAN_POINT('',(9.550387356068,1.900176577896));
#3386 = CARTESIAN_POINT('',(9.532488904974,1.900236453228));
#3387 = CARTESIAN_POINT('',(9.514555414648,1.900283466934));
#3388 = CARTESIAN_POINT('',(9.496598046191,1.900317499427));
#3389 = CARTESIAN_POINT('',(9.478628591,1.900337825019));
#3390 = CARTESIAN_POINT('',(9.460659600843,1.900342769557));
#3391 = CARTESIAN_POINT('',(9.442704540184,1.900329272261));
#3392 = CARTESIAN_POINT('',(9.424777960769,1.900292351743));
#3393 = ( GEOMETRIC_REPRESENTATION_CONTEXT(2) 
PARAMETRIC_REPRESENTATION_CONTEXT() REPRESENTATION_CONTEXT('2D SPACE',''
  ) );
#3394 = ADVANCED_FACE('',(#3395),#1715,.F.);
#3395 = FACE_BOUND('',#3396,.F.);
#3396 = EDGE_LOOP('',(#3397,#3398,#3399,#3509,#3543,#3653,#4343,#4369,
    #4396));
#3397 = ORIENTED_EDGE('',*,*,#1143,.T.);
#3398 = ORIENTED_EDGE('',*,*,#2016,.T.);
#3399 = ORIENTED_EDGE('',*,*,#3400,.T.);
#3400 = EDGE_CURVE('',#2017,#3401,#3403,.T.);
#3401 = VERTEX_POINT('',#3402);
#3402 = CARTESIAN_POINT('',(23.791237777061,37.129297122331,15.5));
#3403 = SURFACE_CURVE('',#3404,(#3437,#3473),.PCURVE_S1.);
#3404 = B_SPLINE_CURVE_WITH_KNOTS('',6,(#3405,#3406,#3407,#3408,#3409,
    #3410,#3411,#3412,#3413,#3414,#3415,#3416,#3417,#3418,#3419,#3420,
    #3421,#3422,#3423,#3424,#3425,#3426,#3427,#3428,#3429,#3430,#3431,
    #3432,#3433,#3434,#3435,#3436),.UNSPECIFIED.,.F.,.F.,(7,5,5,5,5,5,7)
  ,(0.,0.368331825034,0.760043820818,0.910657509008,0.956300137845,
    0.977643872702,1.),.UNSPECIFIED.);
#3405 = CARTESIAN_POINT('',(23.322131978219,36.669691448259,
    11.396713134486));
#3406 = CARTESIAN_POINT('',(23.424552937236,36.793074142692,
    11.617185908755));
#3407 = CARTESIAN_POINT('',(23.518960933705,36.891706575916,
    11.847099682935));
#3408 = CARTESIAN_POINT('',(23.601759577568,36.969791047631,
    12.084635567995));
#3409 = CARTESIAN_POINT('',(23.671558910666,37.031100040164,
    12.328063617533));
#3410 = CARTESIAN_POINT('',(23.728304427544,37.078537200634,
    12.576002791213));
#3411 = CARTESIAN_POINT('',(23.81974627264,37.152457450313,
    13.094985616066));
#3412 = CARTESIAN_POINT('',(23.852801684706,37.177407878568,
    13.366423711432));
#3413 = CARTESIAN_POINT('',(23.872546572911,37.19193377511,
    13.640671426239));
#3414 = CARTESIAN_POINT('',(23.880567085885,37.197849778676,
    13.916830670372));
#3415 = CARTESIAN_POINT('',(23.878603364992,37.196458668389,
    14.194286414416));
#3416 = CARTESIAN_POINT('',(23.864373673638,37.18582094317,
    14.579755593116));
#3417 = CARTESIAN_POINT('',(23.859192818867,37.181936501927,
    14.686944973372));
#3418 = CARTESIAN_POINT('',(23.852878282328,37.177179718485,
    14.794249509617));
#3419 = CARTESIAN_POINT('',(23.845523999559,37.17160242873,
    14.901649894938));
#3420 = CARTESIAN_POINT('',(23.837221407441,37.165252125666,
    15.009129882656));
#3421 = CARTESIAN_POINT('',(23.825281523275,37.156028480047,
    15.1492675287));
#3422 = CARTESIAN_POINT('',(23.822425687068,37.153816492801,
    15.181864914106));
#3423 = CARTESIAN_POINT('',(23.819493278835,37.151538872235,
    15.21446799507));
#3424 = CARTESIAN_POINT('',(23.816486717041,37.149196841791,
    15.24707641076));
#3425 = CARTESIAN_POINT('',(23.81340839054,37.146791604663,
    15.279689818861));
#3426 = CARTESIAN_POINT('',(23.808788693482,37.143170585487,
    15.327560995562));
#3427 = CARTESIAN_POINT('',(23.807301004601,37.14200283595,
    15.342820779122));
#3428 = CARTESIAN_POINT('',(23.805797818398,37.14082120243,
    15.358087148395));
#3429 = CARTESIAN_POINT('',(23.804279361193,37.139625792297,
    15.373360005512));
#3430 = CARTESIAN_POINT('',(23.802745859161,37.138416713038,
    15.388639252607));
#3431 = CARTESIAN_POINT('',(23.79957577636,37.135913438245,
    15.419935366467));
#3432 = CARTESIAN_POINT('',(23.797938362308,37.134618404172,
    15.435946866775));
#3433 = CARTESIAN_POINT('',(23.796285557877,37.133309098004,
    15.45195936621));
#3434 = CARTESIAN_POINT('',(23.794617631662,37.131985653923,
    15.467972858643));
#3435 = CARTESIAN_POINT('',(23.792934859146,37.130648212326,
    15.483987258348));
#3436 = CARTESIAN_POINT('',(23.791237522702,37.129296919829,15.5000024)
  );
#3437 = PCURVE('',#1715,#3438);
#3438 = DEFINITIONAL_REPRESENTATION('',(#3439),#3472);
#3439 = B_SPLINE_CURVE_WITH_KNOTS('',6,(#3440,#3441,#3442,#3443,#3444,
    #3445,#3446,#3447,#3448,#3449,#3450,#3451,#3452,#3453,#3454,#3455,
    #3456,#3457,#3458,#3459,#3460,#3461,#3462,#3463,#3464,#3465,#3466,
    #3467,#3468,#3469,#3470,#3471),.UNSPECIFIED.,.F.,.F.,(7,5,5,5,5,5,7)
  ,(0.,0.368331825034,0.760043820818,0.910657509008,0.956300137845,
    0.977643872702,1.),.UNSPECIFIED.);
#3440 = CARTESIAN_POINT('',(3.993336509838,0.635237534804));
#3441 = CARTESIAN_POINT('',(3.99323271113,0.904962415814));
#3442 = CARTESIAN_POINT('',(3.993381569704,1.174758725528));
#3443 = CARTESIAN_POINT('',(3.993652698667,1.443245336096));
#3444 = CARTESIAN_POINT('',(3.993957343241,1.709541562719));
#3445 = CARTESIAN_POINT('',(3.994245844707,1.973181851414));
#3446 = CARTESIAN_POINT('',(3.994753685812,2.511576482861));
#3447 = CARTESIAN_POINT('',(3.994967431104,2.785897997767));
#3448 = CARTESIAN_POINT('',(3.995101738033,3.056964722678));
#3449 = CARTESIAN_POINT('',(3.995155982208,3.324864140765));
#3450 = CARTESIAN_POINT('',(3.995141713552,3.589840585305));
#3451 = CARTESIAN_POINT('',(3.995047875732,3.953227244546));
#3452 = CARTESIAN_POINT('',(3.995013906248,4.053771079572));
#3453 = CARTESIAN_POINT('',(3.994972887769,4.153960073227));
#3454 = CARTESIAN_POINT('',(3.994925755545,4.253815562344));
#3455 = CARTESIAN_POINT('',(3.994873469891,4.353359981797));
#3456 = CARTESIAN_POINT('',(3.994799842843,4.482696307974));
#3457 = CARTESIAN_POINT('',(3.994782332314,4.512749185785));
#3458 = CARTESIAN_POINT('',(3.994764460579,4.542776304535));
#3459 = CARTESIAN_POINT('',(3.994746253541,4.572778318689));
#3460 = CARTESIAN_POINT('',(3.994727736858,4.602755887834));
#3461 = CARTESIAN_POINT('',(3.994700144136,4.646716883176));
#3462 = CARTESIAN_POINT('',(3.9946912869,4.660724089672));
#3463 = CARTESIAN_POINT('',(3.99468236679,4.674731296168));
#3464 = CARTESIAN_POINT('',(3.994673386348,4.688738502665));
#3465 = CARTESIAN_POINT('',(3.99466434811,4.702745709162));
#3466 = CARTESIAN_POINT('',(3.994645729773,4.731424522744));
#3467 = CARTESIAN_POINT('',(3.994636149236,4.746090832361));
#3468 = CARTESIAN_POINT('',(3.994626513258,4.760751681159));
#3469 = CARTESIAN_POINT('',(3.994616824052,4.775407084683));
#3470 = CARTESIAN_POINT('',(3.994607085778,4.790057237376));
#3471 = CARTESIAN_POINT('',(3.99459730455,4.804702512576));
#3472 = ( GEOMETRIC_REPRESENTATION_CONTEXT(2) 
PARAMETRIC_REPRESENTATION_CONTEXT() REPRESENTATION_CONTEXT('2D SPACE',''
  ) );
#3473 = PCURVE('',#2904,#3474);
#3474 = DEFINITIONAL_REPRESENTATION('',(#3475),#3508);
#3475 = B_SPLINE_CURVE_WITH_KNOTS('',6,(#3476,#3477,#3478,#3479,#3480,
    #3481,#3482,#3483,#3484,#3485,#3486,#3487,#3488,#3489,#3490,#3491,
    #3492,#3493,#3494,#3495,#3496,#3497,#3498,#3499,#3500,#3501,#3502,
    #3503,#3504,#3505,#3506,#3507),.UNSPECIFIED.,.F.,.F.,(7,5,5,5,5,5,7)
  ,(6.717567030888E-02,0.368331825034,0.760043820818,0.910657509008,
    0.956300137845,0.977643872702,0.999999441625),.UNSPECIFIED.);
#3476 = CARTESIAN_POINT('',(8.680815905587,1.14246108743));
#3477 = CARTESIAN_POINT('',(8.645332578073,1.329274388351));
#3478 = CARTESIAN_POINT('',(8.614642675339,1.521527966346));
#3479 = CARTESIAN_POINT('',(8.588458307673,1.718267861267));
#3480 = CARTESIAN_POINT('',(8.566478944601,1.918619724452));
#3481 = CARTESIAN_POINT('',(8.548374300859,2.121872540013));
#3482 = CARTESIAN_POINT('',(8.514877190205,2.594985616066));
#3483 = CARTESIAN_POINT('',(8.501941968586,2.866423711432));
#3484 = CARTESIAN_POINT('',(8.494278872787,3.140671426239));
#3485 = CARTESIAN_POINT('',(8.491165615923,3.416830670372));
#3486 = CARTESIAN_POINT('',(8.491917188189,3.694286414416));
#3487 = CARTESIAN_POINT('',(8.497469191222,4.079755593116));
#3488 = CARTESIAN_POINT('',(8.499492735895,4.186944973372));
#3489 = CARTESIAN_POINT('',(8.501963261889,4.294249509617));
#3490 = CARTESIAN_POINT('',(8.504847587416,4.401649894938));
#3491 = CARTESIAN_POINT('',(8.508114024695,4.509129882656));
#3492 = CARTESIAN_POINT('',(8.512828907966,4.6492675287));
#3493 = CARTESIAN_POINT('',(8.513957749799,4.681864914106));
#3494 = CARTESIAN_POINT('',(8.515118069269,4.71446799507));
#3495 = CARTESIAN_POINT('',(8.516309037651,4.74707641076));
#3496 = CARTESIAN_POINT('',(8.517529838169,4.779689818861));
#3497 = CARTESIAN_POINT('',(8.51936411949,4.827560995562));
#3498 = CARTESIAN_POINT('',(8.519955137504,4.842820779122));
#3499 = CARTESIAN_POINT('',(8.520552644021,4.858087148395));
#3500 = CARTESIAN_POINT('',(8.521156563081,4.873360005512));
#3501 = CARTESIAN_POINT('',(8.521766818776,4.888639252607));
#3502 = CARTESIAN_POINT('',(8.523029078681,4.919934966581));
#3503 = CARTESIAN_POINT('',(8.523681449325,4.935946066957));
#3504 = CARTESIAN_POINT('',(8.524340358706,4.951958166408));
#3505 = CARTESIAN_POINT('',(8.525005715509,4.967971258808));
#3506 = CARTESIAN_POINT('',(8.52567742557,4.983985258441));
#3507 = CARTESIAN_POINT('',(8.526355391885,5.));
#3508 = ( GEOMETRIC_REPRESENTATION_CONTEXT(2) 
PARAMETRIC_REPRESENTATION_CONTEXT() REPRESENTATION_CONTEXT('2D SPACE',''
  ) );
#3509 = ORIENTED_EDGE('',*,*,#3510,.F.);
#3510 = EDGE_CURVE('',#3511,#3401,#3513,.T.);
#3511 = VERTEX_POINT('',#3512);
#3512 = CARTESIAN_POINT('',(28.754018385758,33.433727378719,15.5));
#3513 = SURFACE_CURVE('',#3514,(#3520,#3529),.PCURVE_S1.);
#3514 = B_SPLINE_CURVE_WITH_KNOTS('',4,(#3515,#3516,#3517,#3518,#3519),
  .UNSPECIFIED.,.F.,.F.,(5,5),(0.,1.),.PIECEWISE_BEZIER_KNOTS.);
#3515 = CARTESIAN_POINT('',(28.984341260667,33.289664759437,15.5));
#3516 = CARTESIAN_POINT('',(27.389413787169,34.279714075412,15.5));
#3517 = CARTESIAN_POINT('',(25.856666064486,35.369952196678,15.5));
#3518 = CARTESIAN_POINT('',(24.39557344123,36.554495450062,15.5));
#3519 = CARTESIAN_POINT('',(23.014343223602,37.82579187895,15.5));
#3520 = PCURVE('',#1715,#3521);
#3521 = DEFINITIONAL_REPRESENTATION('',(#3522),#3528);
#3522 = B_SPLINE_CURVE_WITH_KNOTS('',4,(#3523,#3524,#3525,#3526,#3527),
  .UNSPECIFIED.,.F.,.F.,(5,5),(0.,1.),.PIECEWISE_BEZIER_KNOTS.);
#3523 = CARTESIAN_POINT('',(4.156852549962,4.804700678919));
#3524 = CARTESIAN_POINT('',(4.109742472269,4.804700678919));
#3525 = CARTESIAN_POINT('',(4.062632296769,4.804700678919));
#3526 = CARTESIAN_POINT('',(4.015522123749,4.804700678919));
#3527 = CARTESIAN_POINT('',(3.968412044516,4.804700678919));
#3528 = ( GEOMETRIC_REPRESENTATION_CONTEXT(2) 
PARAMETRIC_REPRESENTATION_CONTEXT() REPRESENTATION_CONTEXT('2D SPACE',''
  ) );
#3529 = PCURVE('',#3530,#3535);
#3530 = PLANE('',#3531);
#3531 = AXIS2_PLACEMENT_3D('',#3532,#3533,#3534);
#3532 = CARTESIAN_POINT('',(25.784341260667,34.62579187895,15.5));
#3533 = DIRECTION('',(0.,0.,1.));
#3534 = DIRECTION('',(1.,0.,-0.));
#3535 = DEFINITIONAL_REPRESENTATION('',(#3536),#3542);
#3536 = B_SPLINE_CURVE_WITH_KNOTS('',4,(#3537,#3538,#3539,#3540,#3541),
  .UNSPECIFIED.,.F.,.F.,(5,5),(0.,1.),.PIECEWISE_BEZIER_KNOTS.);
#3537 = CARTESIAN_POINT('',(3.2,-1.336127119513));
#3538 = CARTESIAN_POINT('',(1.605072526502,-0.346077803538));
#3539 = CARTESIAN_POINT('',(7.232480381934E-02,0.744160317728));
#3540 = CARTESIAN_POINT('',(-1.388767819437,1.928703571112));
#3541 = CARTESIAN_POINT('',(-2.769998037065,3.2));
#3542 = ( GEOMETRIC_REPRESENTATION_CONTEXT(2) 
PARAMETRIC_REPRESENTATION_CONTEXT() REPRESENTATION_CONTEXT('2D SPACE',''
  ) );
#3543 = ORIENTED_EDGE('',*,*,#3544,.F.);
#3544 = EDGE_CURVE('',#3545,#3511,#3547,.T.);
#3545 = VERTEX_POINT('',#3546);
#3546 = CARTESIAN_POINT('',(28.600745739206,33.106625721723,
    11.880792114579));
#3547 = SURFACE_CURVE('',#3548,(#3581,#3617),.PCURVE_S1.);
#3548 = B_SPLINE_CURVE_WITH_KNOTS('',6,(#3549,#3550,#3551,#3552,#3553,
    #3554,#3555,#3556,#3557,#3558,#3559,#3560,#3561,#3562,#3563,#3564,
    #3565,#3566,#3567,#3568,#3569,#3570,#3571,#3572,#3573,#3574,#3575,
    #3576,#3577,#3578,#3579,#3580),.UNSPECIFIED.,.F.,.F.,(7,5,5,5,5,5,7)
  ,(0.,0.368331825012,0.760043820779,0.910657508968,0.956300137805,
    0.977643872662,1.),.UNSPECIFIED.);
#3549 = CARTESIAN_POINT('',(28.448123935132,32.852585217778,
    11.396713134486));
#3550 = CARTESIAN_POINT('',(28.53698032,32.98606886845,11.617185908742)
  );
#3551 = CARTESIAN_POINT('',(28.604420847714,33.104782818349,
    11.847099682908));
#3552 = CARTESIAN_POINT('',(28.655502201199,33.206485795069,
    12.084635567952));
#3553 = CARTESIAN_POINT('',(28.694236964029,33.290927239956,
    12.328063617474));
#3554 = CARTESIAN_POINT('',(28.723422617422,33.358887048043,
    12.576002791138));
#3555 = CARTESIAN_POINT('',(28.768037475665,33.467677345277,
    13.094985615962));
#3556 = CARTESIAN_POINT('',(28.782468549509,33.506496518953,
    13.366423711316));
#3557 = CARTESIAN_POINT('',(28.790726792477,33.529576027265,
    13.64067142611));
#3558 = CARTESIAN_POINT('',(28.794096181572,33.538955523189,
    13.916830670231));
#3559 = CARTESIAN_POINT('',(28.793326172229,33.536675507145,
    14.194286414262));
#3560 = CARTESIAN_POINT('',(28.787212500659,33.519994130298,
    14.579755592949));
#3561 = CARTESIAN_POINT('',(28.784975688617,33.513917386779,
    14.686944973204));
#3562 = CARTESIAN_POINT('',(28.782228008001,33.506504518804,
    14.794249509448));
#3563 = CARTESIAN_POINT('',(28.778992200944,33.497860376932,
    14.901649894768));
#3564 = CARTESIAN_POINT('',(28.775287564901,33.4880861733,
    15.009129882487));
#3565 = CARTESIAN_POINT('',(28.769872460226,33.474003804404,
    15.149267528529));
#3566 = CARTESIAN_POINT('',(28.768571661922,33.470633847166,
    15.181864913935));
#3567 = CARTESIAN_POINT('',(28.767229926789,33.467171720606,
    15.2144679949));
#3568 = CARTESIAN_POINT('',(28.765847733882,33.463620092362,
    15.247076410589));
#3569 = CARTESIAN_POINT('',(28.764425551342,33.4599815959,15.27968981869
    ));
#3570 = CARTESIAN_POINT('',(28.762280298716,33.454517964145,
    15.327560995391));
#3571 = CARTESIAN_POINT('',(28.761587862686,33.452758023939,
    15.342820778951));
#3572 = CARTESIAN_POINT('',(28.760886566154,33.450979257594,
    15.358087148223));
#3573 = CARTESIAN_POINT('',(28.760176447128,33.449181912708,
    15.373360005341));
#3574 = CARTESIAN_POINT('',(28.759457543774,33.447366236772,
    15.388639252436));
#3575 = CARTESIAN_POINT('',(28.757967730616,33.44361173728,
    15.419935366324));
#3576 = CARTESIAN_POINT('',(28.757196256242,33.441671875085,
    15.435946866661));
#3577 = CARTESIAN_POINT('',(28.756415518887,33.439713177987,
    15.451959366124));
#3578 = CARTESIAN_POINT('',(28.755625570129,33.437735941766,
    15.467972858586));
#3579 = CARTESIAN_POINT('',(28.754826465533,33.435740470587,
    15.48398725832));
#3580 = CARTESIAN_POINT('',(28.754018264643,33.433727076996,15.5000024)
  );
#3581 = PCURVE('',#1715,#3582);
#3582 = DEFINITIONAL_REPRESENTATION('',(#3583),#3616);
#3583 = B_SPLINE_CURVE_WITH_KNOTS('',6,(#3584,#3585,#3586,#3587,#3588,
    #3589,#3590,#3591,#3592,#3593,#3594,#3595,#3596,#3597,#3598,#3599,
    #3600,#3601,#3602,#3603,#3604,#3605,#3606,#3607,#3608,#3609,#3610,
    #3611,#3612,#3613,#3614,#3615),.UNSPECIFIED.,.F.,.F.,(7,5,5,5,5,5,7)
  ,(0.,0.368331825012,0.760043820779,0.910657508968,0.956300137805,
    0.977643872662,1.),.UNSPECIFIED.);
#3584 = CARTESIAN_POINT('',(4.151295721367,0.635237534804));
#3585 = CARTESIAN_POINT('',(4.151399520075,0.904962415798));
#3586 = CARTESIAN_POINT('',(4.151250661502,1.174758725495));
#3587 = CARTESIAN_POINT('',(4.150979532538,1.443245336047));
#3588 = CARTESIAN_POINT('',(4.150674887964,1.709541562655));
#3589 = CARTESIAN_POINT('',(4.150386386498,1.973181851335));
#3590 = CARTESIAN_POINT('',(4.149878545394,2.511576482755));
#3591 = CARTESIAN_POINT('',(4.149664800101,2.785897997651));
#3592 = CARTESIAN_POINT('',(4.149530493172,3.056964722551));
#3593 = CARTESIAN_POINT('',(4.149476248997,3.324864140628));
#3594 = CARTESIAN_POINT('',(4.149490517653,3.589840585158));
#3595 = CARTESIAN_POINT('',(4.149584355473,3.953227244389));
#3596 = CARTESIAN_POINT('',(4.149618324957,4.053771079415));
#3597 = CARTESIAN_POINT('',(4.149659343436,4.15396007307));
#3598 = CARTESIAN_POINT('',(4.14970647566,4.253815562187));
#3599 = CARTESIAN_POINT('',(4.149758761314,4.35335998164));
#3600 = CARTESIAN_POINT('',(4.149832388362,4.482696307816));
#3601 = CARTESIAN_POINT('',(4.149849898891,4.512749185627));
#3602 = CARTESIAN_POINT('',(4.149867770626,4.542776304378));
#3603 = CARTESIAN_POINT('',(4.149885977664,4.572778318532));
#3604 = CARTESIAN_POINT('',(4.149904494347,4.602755887677));
#3605 = CARTESIAN_POINT('',(4.149932087069,4.646716883019));
#3606 = CARTESIAN_POINT('',(4.149940944305,4.660724089515));
#3607 = CARTESIAN_POINT('',(4.149949864415,4.674731296011));
#3608 = CARTESIAN_POINT('',(4.149958844857,4.688738502508));
#3609 = CARTESIAN_POINT('',(4.149967883095,4.702745709004));
#3610 = CARTESIAN_POINT('',(4.149986501433,4.731424522613));
#3611 = CARTESIAN_POINT('',(4.149996081969,4.746090832256));
#3612 = CARTESIAN_POINT('',(4.150005717947,4.76075168108));
#3613 = CARTESIAN_POINT('',(4.150015407153,4.775407084631));
#3614 = CARTESIAN_POINT('',(4.150025145427,4.790057237349));
#3615 = CARTESIAN_POINT('',(4.150034926656,4.804702512576));
#3616 = ( GEOMETRIC_REPRESENTATION_CONTEXT(2) 
PARAMETRIC_REPRESENTATION_CONTEXT() REPRESENTATION_CONTEXT('2D SPACE',''
  ) );
#3617 = PCURVE('',#2904,#3618);
#3618 = DEFINITIONAL_REPRESENTATION('',(#3619),#3652);
#3619 = B_SPLINE_CURVE_WITH_KNOTS('',6,(#3620,#3621,#3622,#3623,#3624,
    #3625,#3626,#3627,#3628,#3629,#3630,#3631,#3632,#3633,#3634,#3635,
    #3636,#3637,#3638,#3639,#3640,#3641,#3642,#3643,#3644,#3645,#3646,
    #3647,#3648,#3649,#3650,#3651),.UNSPECIFIED.,.F.,.F.,(7,5,5,5,5,5,7)
  ,(0.13029349195,0.368331825012,0.760043820779,0.910657508968,
    0.956300137805,0.977643872662,0.999999441625),.UNSPECIFIED.);
#3620 = CARTESIAN_POINT('',(5.788517357748,1.380792105427));
#3621 = CARTESIAN_POINT('',(5.812694527281,1.532633496846));
#3622 = CARTESIAN_POINT('',(5.834030179125,1.687389062806));
#3623 = CARTESIAN_POINT('',(5.85267130044,1.844617659138));
#3624 = CARTESIAN_POINT('',(5.868771797789,2.003922047189));
#3625 = CARTESIAN_POINT('',(5.882494705037,2.164971456707));
#3626 = CARTESIAN_POINT('',(5.912940348174,2.594985615962));
#3627 = CARTESIAN_POINT('',(5.925875569794,2.866423711316));
#3628 = CARTESIAN_POINT('',(5.933538665595,3.14067142611));
#3629 = CARTESIAN_POINT('',(5.936651922461,3.416830670231));
#3630 = CARTESIAN_POINT('',(5.935900350197,3.694286414262));
#3631 = CARTESIAN_POINT('',(5.930348347166,4.079755592949));
#3632 = CARTESIAN_POINT('',(5.928324802494,4.186944973204));
#3633 = CARTESIAN_POINT('',(5.9258542765,4.294249509448));
#3634 = CARTESIAN_POINT('',(5.922969950974,4.401649894768));
#3635 = CARTESIAN_POINT('',(5.919703513695,4.509129882487));
#3636 = CARTESIAN_POINT('',(5.914988630424,4.649267528529));
#3637 = CARTESIAN_POINT('',(5.913859788592,4.681864913935));
#3638 = CARTESIAN_POINT('',(5.912699469122,4.7144679949));
#3639 = CARTESIAN_POINT('',(5.91150850074,4.747076410589));
#3640 = CARTESIAN_POINT('',(5.910287700222,4.77968981869));
#3641 = CARTESIAN_POINT('',(5.908453418901,4.827560995391));
#3642 = CARTESIAN_POINT('',(5.907862400888,4.842820778951));
#3643 = CARTESIAN_POINT('',(5.90726489437,4.858087148223));
#3644 = CARTESIAN_POINT('',(5.90666097531,4.873360005341));
#3645 = CARTESIAN_POINT('',(5.906050719616,4.888639252436));
#3646 = CARTESIAN_POINT('',(5.904788459709,4.919934966438));
#3647 = CARTESIAN_POINT('',(5.904136089065,4.935946066843));
#3648 = CARTESIAN_POINT('',(5.903477179682,4.951958166322));
#3649 = CARTESIAN_POINT('',(5.902811822879,4.96797125875));
#3650 = CARTESIAN_POINT('',(5.902140112816,4.983985258413));
#3651 = CARTESIAN_POINT('',(5.9014621465,5.));
#3652 = ( GEOMETRIC_REPRESENTATION_CONTEXT(2) 
PARAMETRIC_REPRESENTATION_CONTEXT() REPRESENTATION_CONTEXT('2D SPACE',''
  ) );
#3653 = ORIENTED_EDGE('',*,*,#3654,.T.);
#3654 = EDGE_CURVE('',#3545,#1017,#3655,.T.);
#3655 = SURFACE_CURVE('',#3656,(#3883,#4113),.PCURVE_S1.);
#3656 = B_SPLINE_CURVE_WITH_KNOTS('',8,(#3657,#3658,#3659,#3660,#3661,
    #3662,#3663,#3664,#3665,#3666,#3667,#3668,#3669,#3670,#3671,#3672,
    #3673,#3674,#3675,#3676,#3677,#3678,#3679,#3680,#3681,#3682,#3683,
    #3684,#3685,#3686,#3687,#3688,#3689,#3690,#3691,#3692,#3693,#3694,
    #3695,#3696,#3697,#3698,#3699,#3700,#3701,#3702,#3703,#3704,#3705,
    #3706,#3707,#3708,#3709,#3710,#3711,#3712,#3713,#3714,#3715,#3716,
    #3717,#3718,#3719,#3720,#3721,#3722,#3723,#3724,#3725,#3726,#3727,
    #3728,#3729,#3730,#3731,#3732,#3733,#3734,#3735,#3736,#3737,#3738,
    #3739,#3740,#3741,#3742,#3743,#3744,#3745,#3746,#3747,#3748,#3749,
    #3750,#3751,#3752,#3753,#3754,#3755,#3756,#3757,#3758,#3759,#3760,
    #3761,#3762,#3763,#3764,#3765,#3766,#3767,#3768,#3769,#3770,#3771,
    #3772,#3773,#3774,#3775,#3776,#3777,#3778,#3779,#3780,#3781,#3782,
    #3783,#3784,#3785,#3786,#3787,#3788,#3789,#3790,#3791,#3792,#3793,
    #3794,#3795,#3796,#3797,#3798,#3799,#3800,#3801,#3802,#3803,#3804,
    #3805,#3806,#3807,#3808,#3809,#3810,#3811,#3812,#3813,#3814,#3815,
    #3816,#3817,#3818,#3819,#3820,#3821,#3822,#3823,#3824,#3825,#3826,
    #3827,#3828,#3829,#3830,#3831,#3832,#3833,#3834,#3835,#3836,#3837,
    #3838,#3839,#3840,#3841,#3842,#3843,#3844,#3845,#3846,#3847,#3848,
    #3849,#3850,#3851,#3852,#3853,#3854,#3855,#3856,#3857,#3858,#3859,
    #3860,#3861,#3862,#3863,#3864,#3865,#3866,#3867,#3868,#3869,#3870,
    #3871,#3872,#3873,#3874,#3875,#3876,#3877,#3878,#3879,#3880,#3881,
    #3882),.UNSPECIFIED.,.F.,.F.,(9,7,7,7,7,7,7,7,7,7,7,7,7,7,7,7,7,7,7,
    7,7,7,7,7,7,7,7,7,7,7,7,7,9),(0.,3.515433032614E-02,
    7.168445155682E-02,0.10337758064,0.138148842716,0.157323812655,
    0.167470862807,0.178035746484,0.226035299015,0.239934468489,
    0.250916397291,0.259621136351,0.288782827131,0.323889482659,
    0.333882300115,0.37080716116,0.400974306858,0.416094052206,
    0.431161543199,0.474514194635,0.506968775423,0.603585458549,
    0.65263559735,0.691796758238,0.755456596002,0.807031088841,
    0.83854013489,0.867882525031,0.901735270484,0.917824929791,
    0.93356529071,0.967695709707,1.),.UNSPECIFIED.);
#3657 = CARTESIAN_POINT('',(9.500558960176,67.145,11.400936484322));
#3658 = CARTESIAN_POINT('',(9.500551141141,66.430388494316,
    11.40092569712));
#3659 = CARTESIAN_POINT('',(9.514947246407,65.714746212486,
    11.400905655574));
#3660 = CARTESIAN_POINT('',(9.543821993779,64.998971657542,
    11.400879110405));
#3661 = CARTESIAN_POINT('',(9.58717648227,64.283925092168,
    11.400847389012));
#3662 = CARTESIAN_POINT('',(9.644945269637,63.570429359162,
    11.40081082177));
#3663 = CARTESIAN_POINT('',(9.71700262041,62.859270600447,
    11.400769075881));
#3664 = CARTESIAN_POINT('',(9.803167924416,62.151198874655,
    11.40072139676));
#3665 = CARTESIAN_POINT('',(10.007167879502,60.715096332944,
    11.400609978826));
#3666 = CARTESIAN_POINT('',(10.126113779842,59.987343249039,
    11.400545931683));
#3667 = CARTESIAN_POINT('',(10.259793269906,59.264445678594,
    11.40047171447));
#3668 = CARTESIAN_POINT('',(10.407905767075,58.547106010386,
    11.400391671373));
#3669 = CARTESIAN_POINT('',(10.570101701748,57.835944341486,
    11.40029279281));
#3670 = CARTESIAN_POINT('',(10.746019589456,57.13152643078,
    11.400189198827));
#3671 = CARTESIAN_POINT('',(10.935259872104,56.434339418704,
    11.400065716466));
#3672 = CARTESIAN_POINT('',(11.312822845679,55.146602713388,
    11.399815196146));
#3673 = CARTESIAN_POINT('',(11.497950282578,54.554154069552,
    11.399691203608));
#3674 = CARTESIAN_POINT('',(11.692552040225,53.96775156883,
    11.399565960106));
#3675 = CARTESIAN_POINT('',(11.896368076825,53.3876412744,
    11.399449638119));
#3676 = CARTESIAN_POINT('',(12.109137531083,52.814041080557,
    11.399356867535));
#3677 = CARTESIAN_POINT('',(12.330601808171,52.247142838559,
    11.399307382879));
#3678 = CARTESIAN_POINT('',(12.560507665691,51.687114482468,
    11.399326670535));
#3679 = CARTESIAN_POINT('',(13.059838184832,50.527379590029,
    11.399578210877));
#3680 = CARTESIAN_POINT('',(13.330929064745,49.929109646531,
    11.399830969545));
#3681 = CARTESIAN_POINT('',(13.611560063403,49.339481282478,
    11.40024677316));
#3682 = CARTESIAN_POINT('',(13.901415382482,48.758664203613,
    11.400876783945));
#3683 = CARTESIAN_POINT('',(14.200188063483,48.186810218241,
    11.401781941595));
#3684 = CARTESIAN_POINT('',(14.507581749906,47.62405459203,
    11.403033459713));
#3685 = CARTESIAN_POINT('',(14.823312449423,47.070517402808,
    11.404713322239));
#3686 = CARTESIAN_POINT('',(15.325671947404,46.226193313331,
    11.408128796346));
#3687 = CARTESIAN_POINT('',(15.506686018221,45.928918820869,
    11.40950142515));
#3688 = CARTESIAN_POINT('',(15.690106724966,45.634499956875,
    11.411048268027));
#3689 = CARTESIAN_POINT('',(15.875889054626,45.342954651954,
    11.412785963401));
#3690 = CARTESIAN_POINT('',(16.063988764717,45.054300228415,
    11.414732186396));
#3691 = CARTESIAN_POINT('',(16.254362383286,44.768553400273,
    11.416905648837));
#3692 = CARTESIAN_POINT('',(16.446967208908,44.485730273247,
    11.419326099247));
#3693 = CARTESIAN_POINT('',(16.744842855345,44.05773679007,
    11.423436882563));
#3694 = CARTESIAN_POINT('',(16.848537428892,43.910450353329,
    11.424934428311));
#3695 = CARTESIAN_POINT('',(16.952838798214,43.76398935656,
    11.426510041613));
#3696 = CARTESIAN_POINT('',(17.057740767577,43.618356085683,
    11.428166885001));
#3697 = CARTESIAN_POINT('',(17.16323717863,43.473552790525,
    11.429908202015));
#3698 = CARTESIAN_POINT('',(17.269321910401,43.329581684815,
    11.431737317209));
#3699 = CARTESIAN_POINT('',(17.375988879302,43.18644494619,
    11.433657636148));
#3700 = CARTESIAN_POINT('',(17.594891239763,42.895984871233,
    11.437770628383));
#3701 = CARTESIAN_POINT('',(17.707174856804,42.7487314168,
    11.439970672586));
#3702 = CARTESIAN_POINT('',(17.820076937184,42.602388787906,
    11.442279409344));
#3703 = CARTESIAN_POINT('',(17.93358986107,42.456957382956,
    11.444698335173));
#3704 = CARTESIAN_POINT('',(18.04770491803,42.312435924664,
    11.447226237356));
#3705 = CARTESIAN_POINT('',(18.162413817471,42.16882375154,
    11.44986288566));
#3706 = CARTESIAN_POINT('',(18.277709284859,42.026121339223,
    11.452610226641));
#3707 = CARTESIAN_POINT('',(18.920032747334,41.240113160167,
    11.468447966831));
#3708 = CARTESIAN_POINT('',(19.458416539184,40.614654785732,
    11.483698199007));
#3709 = CARTESIAN_POINT('',(20.007990533107,40.007875883763,
    11.501223974859));
#3710 = CARTESIAN_POINT('',(20.568026154952,39.419605820218,
    11.520964422685));
#3711 = CARTESIAN_POINT('',(21.137818812136,38.849593798624,
    11.542788854984));
#3712 = CARTESIAN_POINT('',(21.716697291636,38.297524882732,
    11.566496944918));
#3713 = CARTESIAN_POINT('',(22.304033737955,37.763037914121,
    11.591822061939));
#3714 = CARTESIAN_POINT('',(23.071611447645,37.095953566522,
    11.626144842376));
#3715 = CARTESIAN_POINT('',(23.244629790272,36.947603552149,
    11.633960141643));
#3716 = CARTESIAN_POINT('',(23.418295241525,36.800685825121,
    11.641875709754));
#3717 = CARTESIAN_POINT('',(23.592594140006,36.655190839868,
    11.649883185386));
#3718 = CARTESIAN_POINT('',(23.767513160359,36.511108961758,
    11.65797380053));
#3719 = CARTESIAN_POINT('',(23.94303931327,36.368430467093,
    11.666138380482));
#3720 = CARTESIAN_POINT('',(24.119159945468,36.227145543108,
    11.674367343849));
#3721 = CARTESIAN_POINT('',(24.435478096558,35.976706343518,
    11.689195500462));
#3722 = CARTESIAN_POINT('',(24.575456877958,35.867032231324,
    11.695774265934));
#3723 = CARTESIAN_POINT('',(24.71579301249,35.758217084521,
    11.702382076124));
#3724 = CARTESIAN_POINT('',(24.856480554039,35.650256046938,
    11.709013864545));
#3725 = CARTESIAN_POINT('',(24.99751368181,35.543144273101,
    11.71566442106));
#3726 = CARTESIAN_POINT('',(25.138886700326,35.436876928238,
    11.722328391883));
#3727 = CARTESIAN_POINT('',(25.28059403943,35.331449188274,
    11.729000279575));
#3728 = CARTESIAN_POINT('',(25.535214137272,35.143951466004,
    11.740964665966));
#3729 = CARTESIAN_POINT('',(25.648004640463,35.061571116986,
    11.746256231876));
#3730 = CARTESIAN_POINT('',(25.760998989285,34.979712530605,
    11.751545856346));
#3731 = CARTESIAN_POINT('',(25.874194856681,34.898375086004,
    11.756833536889));
#3732 = CARTESIAN_POINT('',(25.987589976702,34.81755835365,
    11.762119567323));
#3733 = CARTESIAN_POINT('',(26.101181978398,34.737261294301,
    11.76740324703));
#3734 = CARTESIAN_POINT('',(26.214968439991,34.657482506931,
    11.772683285116));
#3735 = CARTESIAN_POINT('',(26.71078655717,34.312689817866,
    11.795637051527));
#3736 = CARTESIAN_POINT('',(27.094783014029,34.052968620007,
    11.813273841495));
#3737 = CARTESIAN_POINT('',(27.480850729118,33.799024552646,
    11.830852924122));
#3738 = CARTESIAN_POINT('',(27.868906340397,33.550827489883,
    11.84836051282));
#3739 = CARTESIAN_POINT('',(28.258868836999,33.308350096993,
    11.865786301794));
#3740 = CARTESIAN_POINT('',(28.650659467645,33.071567368113,
    11.883123388175));
#3741 = CARTESIAN_POINT('',(29.044201649059,32.84045616392,
    11.900368194151));
#3742 = CARTESIAN_POINT('',(29.91521033754,32.343570287789,
    11.938169267258));
#3743 = CARTESIAN_POINT('',(30.393429292605,32.080334544121,
    11.958683887257));
#3744 = CARTESIAN_POINT('',(30.873947586667,31.825249911733,
    11.979063569944));
#3745 = CARTESIAN_POINT('',(31.35663773697,31.578282654705,
    11.999314395153));
#3746 = CARTESIAN_POINT('',(31.841374845645,31.339402108793,
    12.019448778662));
#3747 = CARTESIAN_POINT('',(32.328036514439,31.108579882443,
    12.039485049145));
#3748 = CARTESIAN_POINT('',(32.816502759452,30.88578905781,
    12.059447025137));
#3749 = CARTESIAN_POINT('',(33.446173947281,30.609866438655,
    12.085032677055));
#3750 = CARTESIAN_POINT('',(33.585828600671,30.549378090018,
    12.090698073728));
#3751 = CARTESIAN_POINT('',(33.725617157318,30.48953775556,
    12.096360455619));
#3752 = CARTESIAN_POINT('',(33.865536899448,30.430344848344,
    12.10202052306));
#3753 = CARTESIAN_POINT('',(34.00558512023,30.371798784792,
    12.107679003092));
#3754 = CARTESIAN_POINT('',(34.145759123778,30.313898984688,
    12.11333664947));
#3755 = CARTESIAN_POINT('',(34.286056225148,30.256644871174,
    12.11899424266));
#3756 = CARTESIAN_POINT('',(34.945336186135,29.99085768017,
    12.145560975718));
#3757 = CARTESIAN_POINT('',(35.465842557037,29.790487123156,
    12.166477657345));
#3758 = CARTESIAN_POINT('',(35.987858441853,29.598872874391,
    12.187394714168));
#3759 = CARTESIAN_POINT('',(36.51125216865,29.415963791437,
    12.208302238628));
#3760 = CARTESIAN_POINT('',(37.035894858939,29.241708991503,
    12.22918850755));
#3761 = CARTESIAN_POINT('',(37.561660471855,29.076057928214,
    12.250040153518));
#3762 = CARTESIAN_POINT('',(38.088425848341,28.918960468372,
    12.270842336265));
#3763 = CARTESIAN_POINT('',(39.047149988546,28.648967953897,
    12.308520436525));
#3764 = CARTESIAN_POINT('',(39.478815966826,28.533245162973,
    12.325418234355));
#3765 = CARTESIAN_POINT('',(39.911003004985,28.423171535877,
    12.342263359218));
#3766 = CARTESIAN_POINT('',(40.343646401528,28.318720335982,
    12.359046425703));
#3767 = CARTESIAN_POINT('',(40.776682438652,28.219865150114,
    12.375757611301));
#3768 = CARTESIAN_POINT('',(41.210048382246,28.126579888548,
    12.392386656413));
#3769 = CARTESIAN_POINT('',(41.643682481889,28.038838785017,
    12.408922864344));
#3770 = CARTESIAN_POINT('',(42.294964921352,27.915406612197,
    12.433590923182));
#3771 = CARTESIAN_POINT('',(42.512457941647,27.87558313894,
    12.441800647999));
#3772 = CARTESIAN_POINT('',(42.729995368335,27.83714277824,
    12.449982887579));
#3773 = CARTESIAN_POINT('',(42.947569588784,27.800082354444,
    12.45813624045));
#3774 = CARTESIAN_POINT('',(43.165173041126,27.76439871493,
    12.466259291853));
#3775 = CARTESIAN_POINT('',(43.38279821426,27.730088730107,
    12.474350613739));
#3776 = CARTESIAN_POINT('',(43.600437647851,27.697149293417,
    12.482408764771));
#3777 = CARTESIAN_POINT('',(44.034978023832,27.634114463066,
    12.498428086296));
#3778 = CARTESIAN_POINT('',(44.251878924886,27.604009580012,
    12.506389332779));
#3779 = CARTESIAN_POINT('',(44.468779237472,27.575259957345,
    12.514315629196));
#3780 = CARTESIAN_POINT('',(44.6856716021,27.547862892128,
    12.522206594388));
#3781 = CARTESIAN_POINT('',(44.902548697802,27.521815693317,
    12.530061866617));
#3782 = CARTESIAN_POINT('',(45.119403242136,27.49711568176,
    12.537881103565));
#3783 = CARTESIAN_POINT('',(45.336227991184,27.473760190199,
    12.545663982334));
#3784 = CARTESIAN_POINT('',(46.176764158926,27.388408274523,
    12.57569785507));
#3785 = CARTESIAN_POINT('',(46.800205956198,27.336178544561,
    12.597681939542));
#3786 = CARTESIAN_POINT('',(47.423169910871,27.29499401239,
    12.619354989179));
#3787 = CARTESIAN_POINT('',(48.045486895541,27.264791900457,
    12.640710448832));
#3788 = CARTESIAN_POINT('',(48.666989932219,27.245509908796,
    12.661742551255));
#3789 = CARTESIAN_POINT('',(49.287514248662,27.237086109193,
    12.682446196462));
#3790 = CARTESIAN_POINT('',(49.906897334696,27.239458839335,
    12.702816831094));
#3791 = CARTESIAN_POINT('',(50.987686137061,27.262379301952,
    12.737847766581));
#3792 = CARTESIAN_POINT('',(51.449663728739,27.278208176169,
    12.752655973165));
#3793 = CARTESIAN_POINT('',(51.910844367071,27.300027669733,
    12.767274390919));
#3794 = CARTESIAN_POINT('',(52.371161393192,27.327811741516,
    12.781699871585));
#3795 = CARTESIAN_POINT('',(52.830548590723,27.361534683198,
    12.79593073191));
#3796 = CARTESIAN_POINT('',(53.288940152864,27.401171226348,
    12.809967303559));
#3797 = CARTESIAN_POINT('',(53.746270921735,27.446695932543,
    12.82380897625));
#3798 = CARTESIAN_POINT('',(55.560593608547,27.651056835841,
    12.878050062605));
#3799 = CARTESIAN_POINT('',(56.908729133586,27.855975963568,
    12.91685770706));
#3800 = CARTESIAN_POINT('',(58.245204705668,28.112145233386,
    12.953732200747));
#3801 = CARTESIAN_POINT('',(59.568363904128,28.418883752763,
    12.988544504301));
#3802 = CARTESIAN_POINT('',(60.876575811903,28.775516122238,
    13.021164950733));
#3803 = CARTESIAN_POINT('',(62.168236443812,29.181374073389,
    13.051479210729));
#3804 = CARTESIAN_POINT('',(63.441768829909,29.635801731974,
    13.079395331437));
#3805 = CARTESIAN_POINT('',(65.332175541072,30.393194392768,
    13.117707790387));
#3806 = CARTESIAN_POINT('',(65.963653880706,30.6605819209,13.12996342873
    ));
#3807 = CARTESIAN_POINT('',(66.589852885446,30.940237168617,
    13.141560917565));
#3808 = CARTESIAN_POINT('',(67.210568689971,31.232076332857,
    13.152487981083));
#3809 = CARTESIAN_POINT('',(67.825597808156,31.536016302552,
    13.162732990668));
#3810 = CARTESIAN_POINT('',(68.434737108615,31.851974875187,
    13.172284988541));
#3811 = CARTESIAN_POINT('',(69.037783790238,32.179870973351,
    13.181133711422));
#3812 = CARTESIAN_POINT('',(70.110976091959,32.79088111036,
    13.195765240984));
#3813 = CARTESIAN_POINT('',(70.583403744799,33.069695726749,
    13.201807110022));
#3814 = CARTESIAN_POINT('',(71.051715358863,33.356027654563,
    13.207387009128));
#3815 = CARTESIAN_POINT('',(71.515807237876,33.649837591301,
    13.212506993229));
#3816 = CARTESIAN_POINT('',(71.975575835417,33.951085330429,
    13.217159768764));
#3817 = CARTESIAN_POINT('',(72.430917460254,34.259730678885,
    13.221334586669));
#3818 = CARTESIAN_POINT('',(72.881727801468,34.575734928777,
    13.225026955636));
#3819 = CARTESIAN_POINT('',(74.053197289423,35.424652372184,
    13.233438103988));
#3820 = CARTESIAN_POINT('',(74.766239052698,35.969588001651,
    13.237354176256));
#3821 = CARTESIAN_POINT('',(75.466580913357,36.533704166461,
    13.239951705463));
#3822 = CARTESIAN_POINT('',(76.153768874765,37.116841923386,
    13.241210747996));
#3823 = CARTESIAN_POINT('',(76.827341985266,37.718845557239,
    13.241110413776));
#3824 = CARTESIAN_POINT('',(77.486831702933,38.339564792365,
    13.239634923142));
#3825 = CARTESIAN_POINT('',(78.131760823791,38.978857670244,
    13.236777883184));
#3826 = CARTESIAN_POINT('',(79.271945952881,40.169460621423,
    13.229086635175));
#3827 = CARTESIAN_POINT('',(79.772370491372,40.714430419951,
    13.224729674969));
#3828 = CARTESIAN_POINT('',(80.262657664258,41.271430812411,
    13.219447745967));
#3829 = CARTESIAN_POINT('',(80.74254223856,41.840392323175,
    13.213232284459));
#3830 = CARTESIAN_POINT('',(81.21175174861,42.421247859568,
    13.206076624617));
#3831 = CARTESIAN_POINT('',(81.670005984215,43.013933852695,
    13.197976142128));
#3832 = CARTESIAN_POINT('',(82.117016478808,43.618391398272,
    13.188928397827));
#3833 = CARTESIAN_POINT('',(82.818532804173,44.611015460509,
    13.172826840561));
#3834 = CARTESIAN_POINT('',(83.08027140497,44.991836686298,
    13.166366516837));
#3835 = CARTESIAN_POINT('',(83.337633745671,45.377019005169,
    13.15955344472));
#3836 = CARTESIAN_POINT('',(83.590550308888,45.766550193427,
    13.152386545195));
#3837 = CARTESIAN_POINT('',(83.838949779604,46.160418641638,
    13.144866207064));
#3838 = CARTESIAN_POINT('',(84.082758928492,46.558613606667,
    13.136994965182));
#3839 = CARTESIAN_POINT('',(84.321902713093,46.961124947458,
    13.128775175528));
#3840 = CARTESIAN_POINT('',(84.774588308571,47.746785765032,
    13.112221599802));
#3841 = CARTESIAN_POINT('',(84.988759588673,48.129362970923,
    13.103934578793));
#3842 = CARTESIAN_POINT('',(85.198756574995,48.515665917098,
    13.095341357003));
#3843 = CARTESIAN_POINT('',(85.404515662499,48.905686708356,
    13.086441336638));
#3844 = CARTESIAN_POINT('',(85.605971420654,49.299417746903,
    13.07723460906));
#3845 = CARTESIAN_POINT('',(85.803056510799,49.696851879849,
    13.06772197464));
#3846 = CARTESIAN_POINT('',(85.995701603505,50.097982546696,
    13.057904962614));
#3847 = CARTESIAN_POINT('',(86.400887893577,50.969852284856,
    13.036111283534));
#3848 = CARTESIAN_POINT('',(86.611935035806,51.441812021919,
    13.024034634275));
#3849 = CARTESIAN_POINT('',(86.816867272509,51.91867484648,
    13.011559381911));
#3850 = CARTESIAN_POINT('',(87.015570744191,52.400432124958,
    12.99869037463));
#3851 = CARTESIAN_POINT('',(87.20792693095,52.887075294838,
    12.985433863905));
#3852 = CARTESIAN_POINT('',(87.393812401453,53.378596277781,
    12.971797538341));
#3853 = CARTESIAN_POINT('',(87.573098561911,53.874987892729,
    12.95779055752));
#3854 = CARTESIAN_POINT('',(87.827662964872,54.614483271863,
    12.936595197888));
#3855 = CARTESIAN_POINT('',(87.908153401135,54.853821018004,
    12.929685633148));
#3856 = CARTESIAN_POINT('',(87.987108344858,55.0942566766,
    12.922695644897));
#3857 = CARTESIAN_POINT('',(88.064513028445,55.335789534674,
    12.915626628752));
#3858 = CARTESIAN_POINT('',(88.140352336631,55.57841890166,
    12.908480225673));
#3859 = CARTESIAN_POINT('',(88.214610857409,55.822144013953,
    12.901257924953));
#3860 = CARTESIAN_POINT('',(88.287272932972,56.066963939454,
    12.893960667204));
#3861 = CARTESIAN_POINT('',(88.427830033476,56.55345236579,
    12.879376274679));
#3862 = CARTESIAN_POINT('',(88.495794266744,56.795073860528,
    12.872092457577));
#3863 = CARTESIAN_POINT('',(88.562200522273,57.037740950056,
    12.864737462406));
#3864 = CARTESIAN_POINT('',(88.62703358094,57.281452545469,
    12.857311800224));
#3865 = CARTESIAN_POINT('',(88.690277892672,57.526207485227,
    12.849816026787));
#3866 = CARTESIAN_POINT('',(88.751917576446,57.772004535158,
    12.842250742548));
#3867 = CARTESIAN_POINT('',(88.811936420293,58.018842388459,
    12.834616592658));
#3868 = CARTESIAN_POINT('',(88.996908607888,58.80420132674,
    12.810213023306));
#3869 = CARTESIAN_POINT('',(89.115800238177,59.346567223762,
    12.793191340201));
#3870 = CARTESIAN_POINT('',(89.226824664689,59.893806724347,
    12.775856263763));
#3871 = CARTESIAN_POINT('',(89.329805217795,60.445903741995,
    12.758216110964));
#3872 = CARTESIAN_POINT('',(89.424556384348,61.002837369332,
    12.740280747266));
#3873 = CARTESIAN_POINT('',(89.510883526327,61.564582511316,
    12.722061864248));
#3874 = CARTESIAN_POINT('',(89.588582599477,62.131110518449,
    12.70357325723));
#3875 = CARTESIAN_POINT('',(89.722612975133,63.243103146602,
    12.6670917369));
#3876 = CARTESIAN_POINT('',(89.779864377036,63.788066395951,
    12.649125147607));
#3877 = CARTESIAN_POINT('',(89.82901259147,64.337255113265,
    12.630946827975));
#3878 = CARTESIAN_POINT('',(89.869869027384,64.890632369961,
    12.612568117313));
#3879 = CARTESIAN_POINT('',(89.902233150368,65.448155044186,
    12.594012625566));
#3880 = CARTESIAN_POINT('',(89.92589743723,66.009768633685,
    12.57530167611));
#3881 = CARTESIAN_POINT('',(89.940649440464,66.575405319625,
    12.556448359557));
#3882 = CARTESIAN_POINT('',(89.946258279381,67.145,12.537499791093));
#3883 = PCURVE('',#1715,#3884);
#3884 = DEFINITIONAL_REPRESENTATION('',(#3885),#4112);
#3885 = B_SPLINE_CURVE_WITH_KNOTS('',8,(#3886,#3887,#3888,#3889,#3890,
    #3891,#3892,#3893,#3894,#3895,#3896,#3897,#3898,#3899,#3900,#3901,
    #3902,#3903,#3904,#3905,#3906,#3907,#3908,#3909,#3910,#3911,#3912,
    #3913,#3914,#3915,#3916,#3917,#3918,#3919,#3920,#3921,#3922,#3923,
    #3924,#3925,#3926,#3927,#3928,#3929,#3930,#3931,#3932,#3933,#3934,
    #3935,#3936,#3937,#3938,#3939,#3940,#3941,#3942,#3943,#3944,#3945,
    #3946,#3947,#3948,#3949,#3950,#3951,#3952,#3953,#3954,#3955,#3956,
    #3957,#3958,#3959,#3960,#3961,#3962,#3963,#3964,#3965,#3966,#3967,
    #3968,#3969,#3970,#3971,#3972,#3973,#3974,#3975,#3976,#3977,#3978,
    #3979,#3980,#3981,#3982,#3983,#3984,#3985,#3986,#3987,#3988,#3989,
    #3990,#3991,#3992,#3993,#3994,#3995,#3996,#3997,#3998,#3999,#4000,
    #4001,#4002,#4003,#4004,#4005,#4006,#4007,#4008,#4009,#4010,#4011,
    #4012,#4013,#4014,#4015,#4016,#4017,#4018,#4019,#4020,#4021,#4022,
    #4023,#4024,#4025,#4026,#4027,#4028,#4029,#4030,#4031,#4032,#4033,
    #4034,#4035,#4036,#4037,#4038,#4039,#4040,#4041,#4042,#4043,#4044,
    #4045,#4046,#4047,#4048,#4049,#4050,#4051,#4052,#4053,#4054,#4055,
    #4056,#4057,#4058,#4059,#4060,#4061,#4062,#4063,#4064,#4065,#4066,
    #4067,#4068,#4069,#4070,#4071,#4072,#4073,#4074,#4075,#4076,#4077,
    #4078,#4079,#4080,#4081,#4082,#4083,#4084,#4085,#4086,#4087,#4088,
    #4089,#4090,#4091,#4092,#4093,#4094,#4095,#4096,#4097,#4098,#4099,
    #4100,#4101,#4102,#4103,#4104,#4105,#4106,#4107,#4108,#4109,#4110,
    #4111),.UNSPECIFIED.,.F.,.F.,(9,7,7,7,7,7,7,7,7,7,7,7,7,7,7,7,7,7,7,
    7,7,7,7,7,7,7,7,7,7,7,7,7,9),(0.,3.515433032614E-02,
    7.168445155682E-02,0.10337758064,0.138148842716,0.157323812655,
    0.167470862807,0.178035746484,0.226035299015,0.239934468489,
    0.250916397291,0.259621136351,0.288782827131,0.323889482659,
    0.333882300115,0.37080716116,0.400974306858,0.416094052206,
    0.431161543199,0.474514194635,0.506968775423,0.603585458549,
    0.65263559735,0.691796758238,0.755456596002,0.807031088841,
    0.83854013489,0.867882525031,0.901735270484,0.917824929791,
    0.93356529071,0.967695709707,1.),.UNSPECIFIED.);
#3886 = CARTESIAN_POINT('',(3.14159265359,0.640402598785));
#3887 = CARTESIAN_POINT('',(3.159237625652,0.640389410748));
#3888 = CARTESIAN_POINT('',(3.176908041407,0.640364908665));
#3889 = CARTESIAN_POINT('',(3.194590075514,0.640332455379));
#3890 = CARTESIAN_POINT('',(3.212270952111,0.640293673607));
#3891 = CARTESIAN_POINT('',(3.229938778047,0.640248967141));
#3892 = CARTESIAN_POINT('',(3.247582398706,0.640197928978));
#3893 = CARTESIAN_POINT('',(3.26519127642,0.640139636382));
#3894 = CARTESIAN_POINT('',(3.301006891265,0.640003415009));
#3895 = CARTESIAN_POINT('',(3.319210696773,0.639925109249));
#3896 = CARTESIAN_POINT('',(3.337356197126,0.639834368106));
#3897 = CARTESIAN_POINT('',(3.355434242065,0.639736503261));
#3898 = CARTESIAN_POINT('',(3.373437150342,0.639615606519));
#3899 = CARTESIAN_POINT('',(3.391358196226,0.639488942628));
#3900 = CARTESIAN_POINT('',(3.409191922956,0.63933795734));
#3901 = CARTESIAN_POINT('',(3.442326258045,0.639031630983));
#3902 = CARTESIAN_POINT('',(3.457649672244,0.638880015777));
#3903 = CARTESIAN_POINT('',(3.472901166254,0.638726865258));
#3904 = CARTESIAN_POINT('',(3.488078447263,0.638584619603));
#3905 = CARTESIAN_POINT('',(3.50317967824,0.638471172258));
#3906 = CARTESIAN_POINT('',(3.518203456325,0.638410658941));
#3907 = CARTESIAN_POINT('',(3.533148791217,0.638434246639));
#3908 = CARTESIAN_POINT('',(3.564325235389,0.638741844194));
#3909 = CARTESIAN_POINT('',(3.580540043509,0.639050946048));
#3910 = CARTESIAN_POINT('',(3.596658826835,0.639559373723));
#3911 = CARTESIAN_POINT('',(3.612681154194,0.640329692868));
#3912 = CARTESIAN_POINT('',(3.628606860896,0.641436372118));
#3913 = CARTESIAN_POINT('',(3.644436065302,0.642966265986));
#3914 = CARTESIAN_POINT('',(3.660169185397,0.645019097744));
#3915 = CARTESIAN_POINT('',(3.684430564367,0.6491907333));
#3916 = CARTESIAN_POINT('',(3.693025138059,0.650866900875));
#3917 = CARTESIAN_POINT('',(3.701590775708,0.652755393936));
#3918 = CARTESIAN_POINT('',(3.71012758795,0.654876336653));
#3919 = CARTESIAN_POINT('',(3.718635696782,0.657251028476));
#3920 = CARTESIAN_POINT('',(3.727115235561,0.659901944134));
#3921 = CARTESIAN_POINT('',(3.735566349009,0.662852733635));
#3922 = CARTESIAN_POINT('',(3.748446411274,0.667861552092));
#3923 = CARTESIAN_POINT('',(3.752895711891,0.669685800615));
#3924 = CARTESIAN_POINT('',(3.757337117685,0.671604643786));
#3925 = CARTESIAN_POINT('',(3.761770651851,0.673621841971));
#3926 = CARTESIAN_POINT('',(3.766196338158,0.675741239948));
#3927 = CARTESIAN_POINT('',(3.770614200945,0.677966766906));
#3928 = CARTESIAN_POINT('',(3.775024265121,0.680302436447));
#3929 = CARTESIAN_POINT('',(3.78401012401,0.685303138707));
#3930 = CARTESIAN_POINT('',(3.788585270887,0.687977056873));
#3931 = CARTESIAN_POINT('',(3.793151998216,0.690782001731));
#3932 = CARTESIAN_POINT('',(3.797710363743,0.693719601719));
#3933 = CARTESIAN_POINT('',(3.802260438214,0.696788186515));
#3934 = CARTESIAN_POINT('',(3.806802283261,0.699987269827));
#3935 = CARTESIAN_POINT('',(3.811335951697,0.703318992412));
#3936 = CARTESIAN_POINT('',(3.836422536691,0.722515388815));
#3937 = CARTESIAN_POINT('',(3.856816099571,0.7409632672));
#3938 = CARTESIAN_POINT('',(3.877048305976,0.76211125695));
#3939 = CARTESIAN_POINT('',(3.897126164384,0.785858464721));
#3940 = CARTESIAN_POINT('',(3.917057221294,0.812017027595));
#3941 = CARTESIAN_POINT('',(3.936849289857,0.840316225224));
#3942 = CARTESIAN_POINT('',(3.956510271688,0.870411134771));
#3943 = CARTESIAN_POINT('',(3.98170560781,0.911012811487));
#3944 = CARTESIAN_POINT('',(3.987352815891,0.920246338981));
#3945 = CARTESIAN_POINT('',(3.992989887369,0.929586500014));
#3946 = CARTESIAN_POINT('',(3.998617011532,0.939022980852));
#3947 = CARTESIAN_POINT('',(4.004234375663,0.948545065152));
#3948 = CARTESIAN_POINT('',(4.009842165038,0.958141633962));
#3949 = CARTESIAN_POINT('',(4.015440562926,0.96780116572));
#3950 = CARTESIAN_POINT('',(4.02544584618,0.985184194271));
#3951 = CARTESIAN_POINT('',(4.029856191496,0.992888531604));
#3952 = CARTESIAN_POINT('',(4.034260875772,1.000618875102));
#3953 = CARTESIAN_POINT('',(4.038659986941,1.008369219865));
#3954 = CARTESIAN_POINT('',(4.043053611634,1.016133429245));
#3955 = CARTESIAN_POINT('',(4.047441835183,1.023905234845));
#3956 = CARTESIAN_POINT('',(4.051824741619,1.031678236524));
#3957 = CARTESIAN_POINT('',(4.05967234082,1.045602881336));
#3958 = CARTESIAN_POINT('',(4.063138980177,1.051756406642));
#3959 = CARTESIAN_POINT('',(4.066602375524,1.057902678174));
#3960 = CARTESIAN_POINT('',(4.070062547752,1.06404172036));
#3961 = CARTESIAN_POINT('',(4.073519515424,1.070173905253));
#3962 = CARTESIAN_POINT('',(4.076973303705,1.07629844929));
#3963 = CARTESIAN_POINT('',(4.080423941687,1.082413883712));
#3964 = CARTESIAN_POINT('',(4.095420917286,1.108978230505));
#3965 = CARTESIAN_POINT('',(4.106935240291,1.129334721572));
#3966 = CARTESIAN_POINT('',(4.118415298756,1.149571151191));
#3967 = CARTESIAN_POINT('',(4.129861906344,1.169673061812));
#3968 = CARTESIAN_POINT('',(4.141275822025,1.189630175197));
#3969 = CARTESIAN_POINT('',(4.152657763384,1.20943620861));
#3970 = CARTESIAN_POINT('',(4.164008419915,1.229088690997));
#3971 = CARTESIAN_POINT('',(4.188956241652,1.272064197083));
#3972 = CARTESIAN_POINT('',(4.202539625355,1.295318705054));
#3973 = CARTESIAN_POINT('',(4.216079781999,1.318354249444));
#3974 = CARTESIAN_POINT('',(4.229577797153,1.34118031568));
#3975 = CARTESIAN_POINT('',(4.243034696188,1.363813318531));
#3976 = CARTESIAN_POINT('',(4.256451463069,1.386275992378));
#3977 = CARTESIAN_POINT('',(4.269829059152,1.408596781494));
#3978 = CARTESIAN_POINT('',(4.286965386334,1.437131819094));
#3979 = CARTESIAN_POINT('',(4.290759233357,1.443445620159));
#3980 = CARTESIAN_POINT('',(4.294550004541,1.449751416267));
#3981 = CARTESIAN_POINT('',(4.298337721257,1.456050016329));
#3982 = CARTESIAN_POINT('',(4.302122404752,1.46234225541));
#3983 = CARTESIAN_POINT('',(4.305904076152,1.468628994726));
#3984 = CARTESIAN_POINT('',(4.30968275646,1.47491112165));
#3985 = CARTESIAN_POINT('',(4.327410244544,1.504389221331));
#3986 = CARTESIAN_POINT('',(4.3413214669,1.527536170692));
#3987 = CARTESIAN_POINT('',(4.355193415352,1.55062251157));
#3988 = CARTESIAN_POINT('',(4.369027327325,1.573638275521));
#3989 = CARTESIAN_POINT('',(4.382824401988,1.596571630033));
#3990 = CARTESIAN_POINT('',(4.396585806311,1.619409096673));
#3991 = CARTESIAN_POINT('',(4.410312681111,1.642135769245));
#3992 = CARTESIAN_POINT('',(4.435193536096,1.683199252975));
#3993 = CARTESIAN_POINT('',(4.446358619726,1.701578336136));
#3994 = CARTESIAN_POINT('',(4.457502001999,1.719863825595));
#3995 = CARTESIAN_POINT('',(4.468624273968,1.738046382044));
#3996 = CARTESIAN_POINT('',(4.479726013735,1.756116282681));
#3997 = CARTESIAN_POINT('',(4.490807786453,1.774063421217));
#3998 = CARTESIAN_POINT('',(4.501870144322,1.791877307872));
#3999 = CARTESIAN_POINT('',(4.518448609633,1.818403137399));
#4000 = CARTESIAN_POINT('',(4.523978851023,1.827223023394));
#4001 = CARTESIAN_POINT('',(4.529504418724,1.836005373497));
#4002 = CARTESIAN_POINT('',(4.535025379985,1.844748824832));
#4003 = CARTESIAN_POINT('',(4.540541801345,1.853452005509));
#4004 = CARTESIAN_POINT('',(4.546053748634,1.86211353463));
#4005 = CARTESIAN_POINT('',(4.551561286972,1.870732022284));
#4006 = CARTESIAN_POINT('',(4.562548655338,1.887850484615));
#4007 = CARTESIAN_POINT('',(4.568028515811,1.896350591545));
#4008 = CARTESIAN_POINT('',(4.573504123025,1.904806116787));
#4009 = CARTESIAN_POINT('',(4.57897553738,1.913216806684));
#4010 = CARTESIAN_POINT('',(4.584442818837,1.921582427474));
#4011 = CARTESIAN_POINT('',(4.589906026921,1.92990276529));
#4012 = CARTESIAN_POINT('',(4.595365220717,1.938177626162));
#4013 = CARTESIAN_POINT('',(4.616516438937,1.970084173296));
#4014 = CARTESIAN_POINT('',(4.632179665208,1.993383514266));
#4015 = CARTESIAN_POINT('',(4.647811546624,2.016300460456));
#4016 = CARTESIAN_POINT('',(4.663413456512,2.038831501624));
#4017 = CARTESIAN_POINT('',(4.678986741223,2.060973877784));
#4018 = CARTESIAN_POINT('',(4.694532728785,2.082725441247));
#4019 = CARTESIAN_POINT('',(4.710052737539,2.104084518651));
#4020 = CARTESIAN_POINT('',(4.737148182648,2.140744742478));
#4021 = CARTESIAN_POINT('',(4.748734454361,2.156218702622));
#4022 = CARTESIAN_POINT('',(4.760307448177,2.171472309141));
#4023 = CARTESIAN_POINT('',(4.771867710332,2.186503507002));
#4024 = CARTESIAN_POINT('',(4.783415781551,2.201311725616));
#4025 = CARTESIAN_POINT('',(4.794952198,2.215898446472));
#4026 = CARTESIAN_POINT('',(4.806477496672,2.230264143221));
#4027 = CARTESIAN_POINT('',(4.852271357805,2.28648852268));
#4028 = CARTESIAN_POINT('',(4.886456491453,2.326556424006));
#4029 = CARTESIAN_POINT('',(4.920562341857,2.364490790478));
#4030 = CARTESIAN_POINT('',(4.95460303561,2.400186404295));
#4031 = CARTESIAN_POINT('',(4.988592515942,2.433536700503));
#4032 = CARTESIAN_POINT('',(5.022544896986,2.464449336245));
#4033 = CARTESIAN_POINT('',(5.056474794045,2.492852749945));
#4034 = CARTESIAN_POINT('',(5.107619539702,2.531759495793));
#4035 = CARTESIAN_POINT('',(5.124839526853,2.544191252263));
#4036 = CARTESIAN_POINT('',(5.142059604592,2.555943234295));
#4037 = CARTESIAN_POINT('',(5.159281776462,2.567005399029));
#4038 = CARTESIAN_POINT('',(5.176508076806,2.577368202483));
#4039 = CARTESIAN_POINT('',(5.193740583844,2.587022612103));
#4040 = CARTESIAN_POINT('',(5.21098143275,2.595960119309));
#4041 = CARTESIAN_POINT('',(5.242006177986,2.610729639332));
#4042 = CARTESIAN_POINT('',(5.255786240247,2.616825089959));
#4043 = CARTESIAN_POINT('',(5.269574133631,2.622451666365));
#4044 = CARTESIAN_POINT('',(5.283371002673,2.627612205012));
#4045 = CARTESIAN_POINT('',(5.297178006725,2.632300034854));
#4046 = CARTESIAN_POINT('',(5.310996328171,2.636504926969));
#4047 = CARTESIAN_POINT('',(5.324827185169,2.640222889598));
#4048 = CARTESIAN_POINT('',(5.361177501191,2.648690492012));
#4049 = CARTESIAN_POINT('',(5.383719525692,2.652630706036));
#4050 = CARTESIAN_POINT('',(5.406303375219,2.655243252521));
#4051 = CARTESIAN_POINT('',(5.428934662621,2.656509318576));
#4052 = CARTESIAN_POINT('',(5.451619199491,2.656408477481));
#4053 = CARTESIAN_POINT('',(5.474363080102,2.65492473346));
#4054 = CARTESIAN_POINT('',(5.497172779681,2.65205078816));
#4055 = CARTESIAN_POINT('',(5.538593656814,2.644310200471));
#4056 = CARTESIAN_POINT('',(5.557179729894,2.639924354909));
#4057 = CARTESIAN_POINT('',(5.575817169095,2.634605804899));
#4058 = CARTESIAN_POINT('',(5.594509767846,2.62834471463));
#4059 = CARTESIAN_POINT('',(5.613261463701,2.621132795536));
#4060 = CARTESIAN_POINT('',(5.632076387431,2.612963438546));
#4061 = CARTESIAN_POINT('',(5.650958912116,2.603831846328));
#4062 = CARTESIAN_POINT('',(5.681493987794,2.587566674828));
#4063 = CARTESIAN_POINT('',(5.693101223616,2.581037684797));
#4064 = CARTESIAN_POINT('',(5.704736471668,2.574148723075));
#4065 = CARTESIAN_POINT('',(5.716400811291,2.566898012997));
#4066 = CARTESIAN_POINT('',(5.728095355339,2.559285210067));
#4067 = CARTESIAN_POINT('',(5.73982125811,2.551312090832));
#4068 = CARTESIAN_POINT('',(5.751579715064,2.542980194143));
#4069 = CARTESIAN_POINT('',(5.774353324077,2.526188514432));
#4070 = CARTESIAN_POINT('',(5.785363977165,2.51777698116));
#4071 = CARTESIAN_POINT('',(5.796404911045,2.509048791822));
#4072 = CARTESIAN_POINT('',(5.80747714498,2.500002548493));
#4073 = CARTESIAN_POINT('',(5.8185817264,2.490637501819));
#4074 = CARTESIAN_POINT('',(5.829719737248,2.480953574337));
#4075 = CARTESIAN_POINT('',(5.840892300339,2.470951383794));
#4076 = CARTESIAN_POINT('',(5.865031748767,2.448726949603));
#4077 = CARTESIAN_POINT('',(5.878010427739,2.436399815171));
#4078 = CARTESIAN_POINT('',(5.891038438078,2.423652900037));
#4079 = CARTESIAN_POINT('',(5.904117632412,2.410489555661));
#4080 = CARTESIAN_POINT('',(5.91724991927,2.396914499519));
#4081 = CARTESIAN_POINT('',(5.930437281811,2.382933866542));
#4082 = CARTESIAN_POINT('',(5.943681796556,2.368555260534));
#4083 = CARTESIAN_POINT('',(5.963308758272,2.346769074478));
#4084 = CARTESIAN_POINT('',(5.969645264219,2.339662652773));
#4085 = CARTESIAN_POINT('',(5.975995400314,2.332469115388));
#4086 = CARTESIAN_POINT('',(5.982359403148,2.325189699749));
#4087 = CARTESIAN_POINT('',(5.988737513922,2.317825896089));
#4088 = CARTESIAN_POINT('',(5.995129976807,2.310379037701));
#4089 = CARTESIAN_POINT('',(6.001537037322,2.3028498912));
#4090 = CARTESIAN_POINT('',(6.014241427799,2.287791847337));
#4091 = CARTESIAN_POINT('',(6.020538119441,2.280266593986));
#4092 = CARTESIAN_POINT('',(6.026849246627,2.272662773839));
#4093 = CARTESIAN_POINT('',(6.033175043677,2.264980717933));
#4094 = CARTESIAN_POINT('',(6.039515748232,2.257220801238));
#4095 = CARTESIAN_POINT('',(6.04587160125,2.249383442661));
#4096 = CARTESIAN_POINT('',(6.052242847012,2.24146910504));
#4097 = CARTESIAN_POINT('',(6.072478659449,2.216151520297));
#4098 = CARTESIAN_POINT('',(6.086401050444,2.198465301007));
#4099 = CARTESIAN_POINT('',(6.100399526462,2.180424833015));
#4100 = CARTESIAN_POINT('',(6.114476691961,2.162036575154));
#4101 = CARTESIAN_POINT('',(6.12863517145,2.143308574451));
#4102 = CARTESIAN_POINT('',(6.142877645428,2.124250791242));
#4103 = CARTESIAN_POINT('',(6.157206886342,2.104875424277));
#4104 = CARTESIAN_POINT('',(6.185273227211,2.066571917679));
#4105 = CARTESIAN_POINT('',(6.199000823774,2.047675225824));
#4106 = CARTESIAN_POINT('',(6.212811104705,2.028521589479));
#4107 = CARTESIAN_POINT('',(6.226706437075,2.009121014257));
#4108 = CARTESIAN_POINT('',(6.240689218245,1.989496683579));
#4109 = CARTESIAN_POINT('',(6.254761764312,1.969669466635));
#4110 = CARTESIAN_POINT('',(6.268926282557,1.949651620333));
#4111 = CARTESIAN_POINT('',(6.28318530718,1.929491972666));
#4112 = ( GEOMETRIC_REPRESENTATION_CONTEXT(2) 
PARAMETRIC_REPRESENTATION_CONTEXT() REPRESENTATION_CONTEXT('2D SPACE',''
  ) );
#4113 = PCURVE('',#1052,#4114);
#4114 = DEFINITIONAL_REPRESENTATION('',(#4115),#4342);
#4115 = B_SPLINE_CURVE_WITH_KNOTS('',8,(#4116,#4117,#4118,#4119,#4120,
    #4121,#4122,#4123,#4124,#4125,#4126,#4127,#4128,#4129,#4130,#4131,
    #4132,#4133,#4134,#4135,#4136,#4137,#4138,#4139,#4140,#4141,#4142,
    #4143,#4144,#4145,#4146,#4147,#4148,#4149,#4150,#4151,#4152,#4153,
    #4154,#4155,#4156,#4157,#4158,#4159,#4160,#4161,#4162,#4163,#4164,
    #4165,#4166,#4167,#4168,#4169,#4170,#4171,#4172,#4173,#4174,#4175,
    #4176,#4177,#4178,#4179,#4180,#4181,#4182,#4183,#4184,#4185,#4186,
    #4187,#4188,#4189,#4190,#4191,#4192,#4193,#4194,#4195,#4196,#4197,
    #4198,#4199,#4200,#4201,#4202,#4203,#4204,#4205,#4206,#4207,#4208,
    #4209,#4210,#4211,#4212,#4213,#4214,#4215,#4216,#4217,#4218,#4219,
    #4220,#4221,#4222,#4223,#4224,#4225,#4226,#4227,#4228,#4229,#4230,
    #4231,#4232,#4233,#4234,#4235,#4236,#4237,#4238,#4239,#4240,#4241,
    #4242,#4243,#4244,#4245,#4246,#4247,#4248,#4249,#4250,#4251,#4252,
    #4253,#4254,#4255,#4256,#4257,#4258,#4259,#4260,#4261,#4262,#4263,
    #4264,#4265,#4266,#4267,#4268,#4269,#4270,#4271,#4272,#4273,#4274,
    #4275,#4276,#4277,#4278,#4279,#4280,#4281,#4282,#4283,#4284,#4285,
    #4286,#4287,#4288,#4289,#4290,#4291,#4292,#4293,#4294,#4295,#4296,
    #4297,#4298,#4299,#4300,#4301,#4302,#4303,#4304,#4305,#4306,#4307,
    #4308,#4309,#4310,#4311,#4312,#4313,#4314,#4315,#4316,#4317,#4318,
    #4319,#4320,#4321,#4322,#4323,#4324,#4325,#4326,#4327,#4328,#4329,
    #4330,#4331,#4332,#4333,#4334,#4335,#4336,#4337,#4338,#4339,#4340,
    #4341),.UNSPECIFIED.,.F.,.F.,(9,7,7,7,7,7,7,7,7,7,7,7,7,7,7,7,7,7,7,
    7,7,7,7,7,7,7,7,7,7,7,7,7,9),(0.,3.515433032614E-02,
    7.168445155682E-02,0.10337758064,0.138148842716,0.157323812655,
    0.167470862807,0.178035746484,0.226035299015,0.239934468489,
    0.250916397291,0.259621136351,0.288782827131,0.323889482659,
    0.333882300115,0.37080716116,0.400974306858,0.416094052206,
    0.431161543199,0.474514194635,0.506968775423,0.603585458549,
    0.65263559735,0.691796758238,0.755456596002,0.807031088841,
    0.83854013489,0.867882525031,0.901735270484,0.917824929791,
    0.93356529071,0.967695709707,1.),.UNSPECIFIED.);
#4116 = CARTESIAN_POINT('',(11.00113031299,1.));
#4117 = CARTESIAN_POINT('',(10.960621485373,0.98343697982));
#4118 = CARTESIAN_POINT('',(10.938000655923,0.966850068663));
#4119 = CARTESIAN_POINT('',(10.933147459585,0.950260091727));
#4120 = CARTESIAN_POINT('',(10.945850004513,0.933686987882));
#4121 = CARTESIAN_POINT('',(10.975819271697,0.917149828698));
#4122 = CARTESIAN_POINT('',(11.022701454167,0.900666835101));
#4123 = CARTESIAN_POINT('',(11.086088235774,0.884255391694));
#4124 = CARTESIAN_POINT('',(11.24807060064,0.850969899941));
#4125 = CARTESIAN_POINT('',(11.347950128124,0.834102288771));
#4126 = CARTESIAN_POINT('',(11.464657177556,0.817347217027));
#4127 = CARTESIAN_POINT('',(11.597644603076,0.80072096443));
#4128 = CARTESIAN_POINT('',(11.746323170004,0.784237903385));
#4129 = CARTESIAN_POINT('',(11.910108597588,0.767911146848));
#4130 = CARTESIAN_POINT('',(12.08838886165,0.7517519856));
#4131 = CARTESIAN_POINT('',(12.447311708576,0.721905266274));
#4132 = CARTESIAN_POINT('',(12.624516977447,0.708173694972));
#4133 = CARTESIAN_POINT('',(12.811807161622,0.694582259099));
#4134 = CARTESIAN_POINT('',(13.008805485662,0.681136661824));
#4135 = CARTESIAN_POINT('',(13.215144109103,0.667841953426));
#4136 = CARTESIAN_POINT('',(13.430467187326,0.654702580567));
#4137 = CARTESIAN_POINT('',(13.654433932432,0.641722435565));
#4138 = CARTESIAN_POINT('',(14.141569907036,0.61484249832));
#4139 = CARTESIAN_POINT('',(14.406430687247,0.600976002933));
#4140 = CARTESIAN_POINT('',(14.68087796253,0.587309799107));
#4141 = CARTESIAN_POINT('',(14.964506616392,0.573847820225));
#4142 = CARTESIAN_POINT('',(15.256933467579,0.560593584847));
#4143 = CARTESIAN_POINT('',(15.557798269591,0.547550228115));
#4144 = CARTESIAN_POINT('',(15.866764710191,0.534720533151));
#4145 = CARTESIAN_POINT('',(16.358200149977,0.515151079229));
#4146 = CARTESIAN_POINT('',(16.535247075658,0.508260953085));
#4147 = CARTESIAN_POINT('',(16.714609528365,0.501437013718));
#4148 = CARTESIAN_POINT('',(16.896236537725,0.494679676717));
#4149 = CARTESIAN_POINT('',(17.080078822598,0.487989343572));
#4150 = CARTESIAN_POINT('',(17.266088791074,0.481366401675));
#4151 = CARTESIAN_POINT('',(17.454220540475,0.474811224319));
#4152 = CARTESIAN_POINT('',(17.745085216075,0.46489133828));
#4153 = CARTESIAN_POINT('',(17.846322308697,0.461477583806));
#4154 = CARTESIAN_POINT('',(17.948134555312,0.458082961098));
#4155 = CARTESIAN_POINT('',(18.050515475613,0.454707523136));
#4156 = CARTESIAN_POINT('',(18.153458688888,0.451351322066));
#4157 = CARTESIAN_POINT('',(18.256957914021,0.448014409197));
#4158 = CARTESIAN_POINT('',(18.361006969496,0.444696835003));
#4159 = CARTESIAN_POINT('',(18.57449948219,0.437964651089));
#4160 = CARTESIAN_POINT('',(18.683988364819,0.434551661068));
#4161 = CARTESIAN_POINT('',(18.794060754083,0.43115978185));
#4162 = CARTESIAN_POINT('',(18.904708737152,0.427789022667));
#4163 = CARTESIAN_POINT('',(19.015923061823,0.424439353915));
#4164 = CARTESIAN_POINT('',(19.127695074222,0.421110760263));
#4165 = CARTESIAN_POINT('',(19.24001743848,0.417803252734));
#4166 = CARTESIAN_POINT('',(19.865657419686,0.399585424966));
#4167 = CARTESIAN_POINT('',(20.389613322916,0.385088765459));
#4168 = CARTESIAN_POINT('',(20.923984185719,0.371025052353));
#4169 = CARTESIAN_POINT('',(21.468035024734,0.35739033075));
#4170 = CARTESIAN_POINT('',(22.021066096994,0.344178787777));
#4171 = CARTESIAN_POINT('',(22.582419659499,0.331383123948));
#4172 = CARTESIAN_POINT('',(23.1514881775,0.318994968458));
#4173 = CARTESIAN_POINT('',(23.894583851498,0.303533516433));
#4174 = CARTESIAN_POINT('',(24.062044725023,0.300095110723));
#4175 = CARTESIAN_POINT('',(24.230093246101,0.296689902077));
#4176 = CARTESIAN_POINT('',(24.398716433387,0.293317669252));
#4177 = CARTESIAN_POINT('',(24.567901680135,0.289978188939));
#4178 = CARTESIAN_POINT('',(24.737636754206,0.286671235765));
#4179 = CARTESIAN_POINT('',(24.907909798061,0.283396582295));
#4180 = CARTESIAN_POINT('',(25.213660434244,0.277591988493));
#4181 = CARTESIAN_POINT('',(25.348940206127,0.275049999567));
#4182 = CARTESIAN_POINT('',(25.484542983764,0.272527919447));
#4183 = CARTESIAN_POINT('',(25.620463244849,0.270025635576));
#4184 = CARTESIAN_POINT('',(25.756695605416,0.26754303565));
#4185 = CARTESIAN_POINT('',(25.893234819838,0.265080007608));
#4186 = CARTESIAN_POINT('',(26.030075780829,0.26263643964));
#4187 = CARTESIAN_POINT('',(26.275914663959,0.258290681794));
#4188 = CARTESIAN_POINT('',(26.384802251581,0.256381298342));
#4189 = CARTESIAN_POINT('',(26.493873694682,0.254484008126));
#4190 = CARTESIAN_POINT('',(26.603127213975,0.252598796755));
#4191 = CARTESIAN_POINT('',(26.712561131441,0.250725654274));
#4192 = CARTESIAN_POINT('',(26.822173565394,0.248864556595));
#4193 = CARTESIAN_POINT('',(26.931962527683,0.247015471247));
#4194 = CARTESIAN_POINT('',(27.41031576716,0.239023984653));
#4195 = CARTESIAN_POINT('',(27.780667499269,0.233004255881));
#4196 = CARTESIAN_POINT('',(28.152915744807,0.227118427457));
#4197 = CARTESIAN_POINT('',(28.526998410927,0.221365801133));
#4198 = CARTESIAN_POINT('',(28.902856986467,0.215745743354));
#4199 = CARTESIAN_POINT('',(29.280436341939,0.210257674542));
#4200 = CARTESIAN_POINT('',(29.659684529523,0.204901058383));
#4201 = CARTESIAN_POINT('',(30.4990652138,0.193384408107));
#4202 = CARTESIAN_POINT('',(30.95992450609,0.187283220399));
#4203 = CARTESIAN_POINT('',(31.42304490288,0.18137095635));
#4204 = CARTESIAN_POINT('',(31.888345485154,0.175646834041));
#4205 = CARTESIAN_POINT('',(32.355749679577,0.170110142746));
#4206 = CARTESIAN_POINT('',(32.825184966144,0.164760224416));
#4207 = CARTESIAN_POINT('',(33.29658258583,0.159596455158));
#4208 = CARTESIAN_POINT('',(33.904596636729,0.153201215405));
#4209 = CARTESIAN_POINT('',(34.039469682374,0.151799237224));
#4210 = CARTESIAN_POINT('',(34.174494866308,0.150412278493));
#4211 = CARTESIAN_POINT('',(34.309670687278,0.149040325608));
#4212 = CARTESIAN_POINT('',(34.44499566164,0.147683365043));
#4213 = CARTESIAN_POINT('',(34.580468323364,0.146341383351));
#4214 = CARTESIAN_POINT('',(34.71608722403,0.145014367161));
#4215 = CARTESIAN_POINT('',(35.353516864799,0.138854042883));
#4216 = CARTESIAN_POINT('',(35.857159482425,0.134209922892));
#4217 = CARTESIAN_POINT('',(36.362702219721,0.129768753607));
#4218 = CARTESIAN_POINT('',(36.870071849057,0.125529349668));
#4219 = CARTESIAN_POINT('',(37.379198444431,0.12149053173));
#4220 = CARTESIAN_POINT('',(37.89001534473,0.117651128247));
#4221 = CARTESIAN_POINT('',(38.402459117003,0.114009977248));
#4222 = CARTESIAN_POINT('',(39.336409534937,0.107752183426));
#4223 = CARTESIAN_POINT('',(39.757394904655,0.105070000301));
#4224 = CARTESIAN_POINT('',(40.179392705109,0.102518751556));
#4225 = CARTESIAN_POINT('',(40.602371091289,0.100097817499));
#4226 = CARTESIAN_POINT('',(41.026299296937,9.780658593379E-02));
#4227 = CARTESIAN_POINT('',(41.451147634549,9.564445216244E-02));
#4228 = CARTESIAN_POINT('',(41.876887495378,9.361081898288E-02));
#4229 = CARTESIAN_POINT('',(42.517304804047,9.074995045074E-02));
#4230 = CARTESIAN_POINT('',(42.731335263336,8.982693565743E-02));
#4231 = CARTESIAN_POINT('',(42.945579245259,8.893597817221E-02));
#4232 = CARTESIAN_POINT('',(43.16003332172,8.807700439087E-02));
#4233 = CARTESIAN_POINT('',(43.374694118567,8.724994124301E-02));
#4234 = CARTESIAN_POINT('',(43.589558315593,8.645471619207E-02));
#4235 = CARTESIAN_POINT('',(43.804622646532,8.569125723531E-02));
#4236 = CARTESIAN_POINT('',(44.234401201367,8.423025757483E-02));
#4237 = CARTESIAN_POINT('',(44.449114056196,8.353249692925E-02));
#4238 = CARTESIAN_POINT('',(44.664019315096,8.28661480437E-02));
#4239 = CARTESIAN_POINT('',(44.879113870159,8.223114827044E-02));
#4240 = CARTESIAN_POINT('',(45.094394654021,8.162743523738E-02));
#4241 = CARTESIAN_POINT('',(45.309858639858,8.105494684808E-02));
#4242 = CARTESIAN_POINT('',(45.525502841391,8.051362128171E-02));
#4243 = CARTESIAN_POINT('',(46.362292530511,7.853536387815E-02));
#4244 = CARTESIAN_POINT('',(46.984727942641,7.732480112552E-02));
#4245 = CARTESIAN_POINT('',(47.608560746261,7.637024017593E-02));
#4246 = CARTESIAN_POINT('',(48.233723229176,7.567022599274E-02));
#4247 = CARTESIAN_POINT('',(48.860149714482,7.522331460879E-02));
#4248 = CARTESIAN_POINT('',(49.487776505049,7.502807067316E-02));
#4249 = CARTESIAN_POINT('',(50.116541827996,7.508306499791E-02));
#4250 = CARTESIAN_POINT('',(51.217898379217,7.561430761276E-02));
#4251 = CARTESIAN_POINT('',(51.690015260316,7.598118382592E-02));
#4252 = CARTESIAN_POINT('',(52.162711177528,7.648690855796E-02));
#4253 = CARTESIAN_POINT('',(52.63596130097,7.713087823656E-02));
#4254 = CARTESIAN_POINT('',(53.109741178922,7.791249700308E-02));
#4255 = CARTESIAN_POINT('',(53.584026724933,7.883117919452E-02));
#4256 = CARTESIAN_POINT('',(54.058794228933,7.988633520785E-02));
#4257 = CARTESIAN_POINT('',(55.948759838285,8.462294207535E-02));
#4258 = CARTESIAN_POINT('',(57.367551066185,8.937248727704E-02));
#4259 = CARTESIAN_POINT('',(58.78979473502,9.530989067995E-02));
#4260 = CARTESIAN_POINT('',(60.214897925485,0.102419370791));
#4261 = CARTESIAN_POINT('',(61.642273063262,0.110685273432));
#4262 = CARTESIAN_POINT('',(63.071335304491,0.120092109709));
#4263 = CARTESIAN_POINT('',(64.501500792849,0.130624677992));
#4264 = CARTESIAN_POINT('',(66.658516338011,0.148179265101));
#4265 = CARTESIAN_POINT('',(67.384975476186,0.154376681444));
#4266 = CARTESIAN_POINT('',(68.1114878369,0.160858434781));
#4267 = CARTESIAN_POINT('',(68.837974035716,0.167622582753));
#4268 = CARTESIAN_POINT('',(69.56435300408,0.174667199039));
#4269 = CARTESIAN_POINT('',(70.290541914408,0.18199037838));
#4270 = CARTESIAN_POINT('',(71.016456105163,0.189590241589));
#4271 = CARTESIAN_POINT('',(72.321283490655,0.203752024808));
#4272 = CARTESIAN_POINT('',(72.900327195154,0.210214294281));
#4273 = CARTESIAN_POINT('',(73.479096178578,0.216850797417));
#4274 = CARTESIAN_POINT('',(74.057544707683,0.223660623277));
#4275 = CARTESIAN_POINT('',(74.635626291559,0.230642839968));
#4276 = CARTESIAN_POINT('',(75.213293314115,0.237796515909));
#4277 = CARTESIAN_POINT('',(75.790496465603,0.245120753941));
#4278 = CARTESIAN_POINT('',(77.304642308316,0.264796671044));
#4279 = CARTESIAN_POINT('',(78.240736349799,0.277427002008));
#4280 = CARTESIAN_POINT('',(79.175253229547,0.290501892837));
#4281 = CARTESIAN_POINT('',(80.107963375837,0.304017659599));
#4282 = CARTESIAN_POINT('',(81.038621756195,0.31797069318));
#4283 = CARTESIAN_POINT('',(81.966966851825,0.332357510543));
#4284 = CARTESIAN_POINT('',(82.892719529374,0.347174821422));
#4285 = CARTESIAN_POINT('',(84.563247322584,0.374770207937));
#4286 = CARTESIAN_POINT('',(85.309011750532,0.38740133086));
#4287 = CARTESIAN_POINT('',(86.052718541252,0.40031129476));
#4288 = CARTESIAN_POINT('',(86.794198377182,0.413498489354));
#4289 = CARTESIAN_POINT('',(87.53326954692,0.426961359591));
#4290 = CARTESIAN_POINT('',(88.269737351814,0.440698432094));
#4291 = CARTESIAN_POINT('',(89.003393512546,0.454708341599));
#4292 = CARTESIAN_POINT('',(90.180383595366,0.477715041384));
#4293 = CARTESIAN_POINT('',(90.62561826588,0.486541585034));
#4294 = CARTESIAN_POINT('',(91.069668472687,0.495469208603));
#4295 = CARTESIAN_POINT('',(91.51248065487,0.504497628773));
#4296 = CARTESIAN_POINT('',(91.953998403172,0.513626576466));
#4297 = CARTESIAN_POINT('',(92.394162316483,0.522855802681));
#4298 = CARTESIAN_POINT('',(92.832910116805,0.532185072371));
#4299 = CARTESIAN_POINT('',(93.677376153032,0.550394849114));
#4300 = CARTESIAN_POINT('',(94.083290578655,0.559262092268));
#4301 = CARTESIAN_POINT('',(94.487867918858,0.568215689352));
#4302 = CARTESIAN_POINT('',(94.891052934218,0.577255457373));
#4303 = CARTESIAN_POINT('',(95.292787423349,0.586381220232));
#4304 = CARTESIAN_POINT('',(95.693010119655,0.595592812142));
#4305 = CARTESIAN_POINT('',(96.091656588071,0.604890081045));
#4306 = CARTESIAN_POINT('',(96.946686762178,0.625097978557));
#4307 = CARTESIAN_POINT('',(97.402525108257,0.636036899338));
#4308 = CARTESIAN_POINT('',(97.856070677194,0.647089462197));
#4309 = CARTESIAN_POINT('',(98.307212628476,0.658255467029));
#4310 = CARTESIAN_POINT('',(98.755832420025,0.669534715375));
#4311 = CARTESIAN_POINT('',(99.201803464293,0.680927019997));
#4312 = CARTESIAN_POINT('',(99.644990784363,0.692432214457));
#4313 = CARTESIAN_POINT('',(100.29449903298,0.709571984514));
#4314 = CARTESIAN_POINT('',(100.50308587522,0.715119272639));
#4315 = CARTESIAN_POINT('',(100.71099575454,0.720692007802));
#4316 = CARTESIAN_POINT('',(100.91821257212,0.726290173477));
#4317 = CARTESIAN_POINT('',(101.12471964166,0.73191375366));
#4318 = CARTESIAN_POINT('',(101.33049975861,0.737562730651));
#4319 = CARTESIAN_POINT('',(101.53553526932,0.743237082847));
#4320 = CARTESIAN_POINT('',(101.93964635013,0.754512744601));
#4321 = CARTESIAN_POINT('',(102.13875458715,0.760112964666));
#4322 = CARTESIAN_POINT('',(102.33711590712,0.765737419169));
#4323 = CARTESIAN_POINT('',(102.53471275298,0.771386082871));
#4324 = CARTESIAN_POINT('',(102.7315269548,0.77705892885));
#4325 = CARTESIAN_POINT('',(102.92753972978,0.782755928501));
#4326 = CARTESIAN_POINT('',(103.12273168221,0.788477051535));
#4327 = CARTESIAN_POINT('',(103.73850167934,0.806679831423));
#4328 = CARTESIAN_POINT('',(104.15596501695,0.819250602011));
#4329 = CARTESIAN_POINT('',(104.56927090689,0.831934331309));
#4330 = CARTESIAN_POINT('',(104.97820011184,0.844730646471));
#4331 = CARTESIAN_POINT('',(105.38251526309,0.857639062912));
#4332 = CARTESIAN_POINT('',(105.78196005709,0.870658998988));
#4333 = CARTESIAN_POINT('',(106.176258452,0.88378979067));
#4334 = CARTESIAN_POINT('',(106.93316378818,0.909563174101));
#4335 = CARTESIAN_POINT('',(107.29633327053,0.922194145213));
#4336 = CARTESIAN_POINT('',(107.65437115031,0.934923052843));
#4337 = CARTESIAN_POINT('',(108.00700688725,0.947749040893));
#4338 = CARTESIAN_POINT('',(108.3539426736,0.960671110036));
#4339 = CARTESIAN_POINT('',(108.69485981212,0.973687997122));
#4340 = CARTESIAN_POINT('',(109.02942080735,0.986798130005));
#4341 = CARTESIAN_POINT('',(109.35724861764,0.999999999987));
#4342 = ( GEOMETRIC_REPRESENTATION_CONTEXT(2) 
PARAMETRIC_REPRESENTATION_CONTEXT() REPRESENTATION_CONTEXT('2D SPACE',''
  ) );
#4343 = ORIENTED_EDGE('',*,*,#4344,.T.);
#4344 = EDGE_CURVE('',#1017,#4345,#4347,.T.);
#4345 = VERTEX_POINT('',#4346);
#4346 = CARTESIAN_POINT('',(89.745,67.145,23.25));
#4347 = SEAM_CURVE('',#4348,(#4355,#4362),.PCURVE_S1.);
#4348 = B_SPLINE_CURVE_WITH_KNOTS('',3,(#4349,#4350,#4351,#4352,#4353,
    #4354),.UNSPECIFIED.,.F.,.F.,(4,1,1,4),(0.,1.619322518495,
    3.641414543517,12.641414543517),.UNSPECIFIED.);
#4349 = CARTESIAN_POINT('',(90.93735,67.145,10.9));
#4350 = CARTESIAN_POINT('',(90.517465303561,67.145,11.302205463392));
#4351 = CARTESIAN_POINT('',(89.871771635004,67.145,12.324627476274));
#4352 = CARTESIAN_POINT('',(89.383887451843,67.145,16.549206352881));
#4353 = CARTESIAN_POINT('',(91.686215186386,67.145,21.204500948954));
#4354 = CARTESIAN_POINT('',(89.745,67.145,23.25));
#4355 = PCURVE('',#1715,#4356);
#4356 = DEFINITIONAL_REPRESENTATION('',(#4357),#4361);
#4357 = LINE('',#4358,#4359);
#4358 = CARTESIAN_POINT('',(0.,0.));
#4359 = VECTOR('',#4360,1.);
#4360 = DIRECTION('',(0.,1.));
#4361 = ( GEOMETRIC_REPRESENTATION_CONTEXT(2) 
PARAMETRIC_REPRESENTATION_CONTEXT() REPRESENTATION_CONTEXT('2D SPACE',''
  ) );
#4362 = PCURVE('',#1715,#4363);
#4363 = DEFINITIONAL_REPRESENTATION('',(#4364),#4368);
#4364 = LINE('',#4365,#4366);
#4365 = CARTESIAN_POINT('',(6.28318530718,0.));
#4366 = VECTOR('',#4367,1.);
#4367 = DIRECTION('',(0.,1.));
#4368 = ( GEOMETRIC_REPRESENTATION_CONTEXT(2) 
PARAMETRIC_REPRESENTATION_CONTEXT() REPRESENTATION_CONTEXT('2D SPACE',''
  ) );
#4369 = ORIENTED_EDGE('',*,*,#4370,.F.);
#4370 = EDGE_CURVE('',#4345,#4345,#4371,.T.);
#4371 = SURFACE_CURVE('',#4372,(#4377,#4384),.PCURVE_S1.);
#4372 = CIRCLE('',#4373,39.745);
#4373 = AXIS2_PLACEMENT_3D('',#4374,#4375,#4376);
#4374 = CARTESIAN_POINT('',(50.,67.145,23.25));
#4375 = DIRECTION('',(0.,0.,1.));
#4376 = DIRECTION('',(1.,0.,-0.));
#4377 = PCURVE('',#1715,#4378);
#4378 = DEFINITIONAL_REPRESENTATION('',(#4379),#4383);
#4379 = LINE('',#4380,#4381);
#4380 = CARTESIAN_POINT('',(0.,12.641414543517));
#4381 = VECTOR('',#4382,1.);
#4382 = DIRECTION('',(1.,0.));
#4383 = ( GEOMETRIC_REPRESENTATION_CONTEXT(2) 
PARAMETRIC_REPRESENTATION_CONTEXT() REPRESENTATION_CONTEXT('2D SPACE',''
  ) );
#4384 = PCURVE('',#4385,#4390);
#4385 = CYLINDRICAL_SURFACE('',#4386,39.745);
#4386 = AXIS2_PLACEMENT_3D('',#4387,#4388,#4389);
#4387 = CARTESIAN_POINT('',(50.,67.145,23.25));
#4388 = DIRECTION('',(0.,0.,1.));
#4389 = DIRECTION('',(1.,0.,-0.));
#4390 = DEFINITIONAL_REPRESENTATION('',(#4391),#4395);
#4391 = LINE('',#4392,#4393);
#4392 = CARTESIAN_POINT('',(0.,0.));
#4393 = VECTOR('',#4394,1.);
#4394 = DIRECTION('',(1.,0.));
#4395 = ( GEOMETRIC_REPRESENTATION_CONTEXT(2) 
PARAMETRIC_REPRESENTATION_CONTEXT() REPRESENTATION_CONTEXT('2D SPACE',''
  ) );
#4396 = ORIENTED_EDGE('',*,*,#4344,.F.);
#4397 = ADVANCED_FACE('',(#4398),#1052,.T.);
#4398 = FACE_BOUND('',#4399,.T.);
#4399 = EDGE_LOOP('',(#4400,#4441,#4442,#4443));
#4400 = ORIENTED_EDGE('',*,*,#4401,.T.);
#4401 = EDGE_CURVE('',#4402,#3545,#4404,.T.);
#4402 = VERTEX_POINT('',#4403);
#4403 = CARTESIAN_POINT('',(28.791447769623,33.531575061407,
    11.887690323751));
#4404 = SURFACE_CURVE('',#4405,(#4415,#4428),.PCURVE_S1.);
#4405 = B_SPLINE_CURVE_WITH_KNOTS('',8,(#4406,#4407,#4408,#4409,#4410,
    #4411,#4412,#4413,#4414),.UNSPECIFIED.,.F.,.F.,(9,9),(0.,1.),
  .PIECEWISE_BEZIER_KNOTS.);
#4406 = CARTESIAN_POINT('',(28.984341260667,34.62579187895,
    11.892693811363));
#4407 = CARTESIAN_POINT('',(28.984341260667,34.327039395635,
    11.893551368087));
#4408 = CARTESIAN_POINT('',(28.95246405157,34.033354480882,
    11.893056850927));
#4409 = CARTESIAN_POINT('',(28.890611427849,33.75163081965,
    11.891264706977));
#4410 = CARTESIAN_POINT('',(28.802932602809,33.485889324329,
    11.888327107873));
#4411 = CARTESIAN_POINT('',(28.693567325539,33.238585893893,
    11.884397902071));
#4412 = CARTESIAN_POINT('',(28.566591370878,33.010758084988,
    11.879633537804));
#4413 = CARTESIAN_POINT('',(28.425318270284,32.802430913986,
    11.874163717298));
#4414 = CARTESIAN_POINT('',(28.272008729384,32.612955431276,
    11.868076378858));
#4415 = PCURVE('',#1052,#4416);
#4416 = DEFINITIONAL_REPRESENTATION('',(#4417),#4427);
#4417 = B_SPLINE_CURVE_WITH_KNOTS('',8,(#4418,#4419,#4420,#4421,#4422,
    #4423,#4424,#4425,#4426),.UNSPECIFIED.,.F.,.F.,(9,9),(0.,1.),
  .PIECEWISE_BEZIER_KNOTS.);
#4418 = CARTESIAN_POINT('',(29.830064528137,0.246280956749));
#4419 = CARTESIAN_POINT('',(29.79076971026,0.239356574241));
#4420 = CARTESIAN_POINT('',(29.718858578715,0.232549646098));
#4421 = CARTESIAN_POINT('',(29.617398994847,0.226019951782));
#4422 = CARTESIAN_POINT('',(29.491393154308,0.219860686623));
#4423 = CARTESIAN_POINT('',(29.345541695082,0.214128772602));
#4424 = CARTESIAN_POINT('',(29.18423796531,0.208848257851));
#4425 = CARTESIAN_POINT('',(29.010915158814,0.204019722192));
#4426 = CARTESIAN_POINT('',(28.827811351089,0.199628124494));
#4427 = ( GEOMETRIC_REPRESENTATION_CONTEXT(2) 
PARAMETRIC_REPRESENTATION_CONTEXT() REPRESENTATION_CONTEXT('2D SPACE',''
  ) );
#4428 = PCURVE('',#2904,#4429);
#4429 = DEFINITIONAL_REPRESENTATION('',(#4430),#4440);
#4430 = B_SPLINE_CURVE_WITH_KNOTS('',8,(#4431,#4432,#4433,#4434,#4435,
    #4436,#4437,#4438,#4439),.UNSPECIFIED.,.F.,.F.,(9,9),(0.486439030995
    ,0.704978280132),.PIECEWISE_BEZIER_KNOTS.);
#4431 = CARTESIAN_POINT('',(5.934201810045,1.387690341343));
#4432 = CARTESIAN_POINT('',(5.915539358435,1.386985429711));
#4433 = CARTESIAN_POINT('',(5.897005807052,1.386232544402));
#4434 = CARTESIAN_POINT('',(5.8786017458,1.385433204424));
#4435 = CARTESIAN_POINT('',(5.860327361033,1.384588927757));
#4436 = CARTESIAN_POINT('',(5.842182463853,1.383701218857));
#4437 = CARTESIAN_POINT('',(5.824166502201,1.382771557658));
#4438 = CARTESIAN_POINT('',(5.806278563975,1.381801389044));
#4439 = CARTESIAN_POINT('',(5.788517371769,1.380792112654));
#4440 = ( GEOMETRIC_REPRESENTATION_CONTEXT(2) 
PARAMETRIC_REPRESENTATION_CONTEXT() REPRESENTATION_CONTEXT('2D SPACE',''
  ) );
#4441 = ORIENTED_EDGE('',*,*,#3654,.T.);
#4442 = ORIENTED_EDGE('',*,*,#1016,.F.);
#4443 = ORIENTED_EDGE('',*,*,#4444,.T.);
#4444 = EDGE_CURVE('',#236,#4402,#4445,.T.);
#4445 = SURFACE_CURVE('',#4446,(#4652,#4861),.PCURVE_S1.);
#4446 = B_SPLINE_CURVE_WITH_KNOTS('',8,(#4447,#4448,#4449,#4450,#4451,
    #4452,#4453,#4454,#4455,#4456,#4457,#4458,#4459,#4460,#4461,#4462,
    #4463,#4464,#4465,#4466,#4467,#4468,#4469,#4470,#4471,#4472,#4473,
    #4474,#4475,#4476,#4477,#4478,#4479,#4480,#4481,#4482,#4483,#4484,
    #4485,#4486,#4487,#4488,#4489,#4490,#4491,#4492,#4493,#4494,#4495,
    #4496,#4497,#4498,#4499,#4500,#4501,#4502,#4503,#4504,#4505,#4506,
    #4507,#4508,#4509,#4510,#4511,#4512,#4513,#4514,#4515,#4516,#4517,
    #4518,#4519,#4520,#4521,#4522,#4523,#4524,#4525,#4526,#4527,#4528,
    #4529,#4530,#4531,#4532,#4533,#4534,#4535,#4536,#4537,#4538,#4539,
    #4540,#4541,#4542,#4543,#4544,#4545,#4546,#4547,#4548,#4549,#4550,
    #4551,#4552,#4553,#4554,#4555,#4556,#4557,#4558,#4559,#4560,#4561,
    #4562,#4563,#4564,#4565,#4566,#4567,#4568,#4569,#4570,#4571,#4572,
    #4573,#4574,#4575,#4576,#4577,#4578,#4579,#4580,#4581,#4582,#4583,
    #4584,#4585,#4586,#4587,#4588,#4589,#4590,#4591,#4592,#4593,#4594,
    #4595,#4596,#4597,#4598,#4599,#4600,#4601,#4602,#4603,#4604,#4605,
    #4606,#4607,#4608,#4609,#4610,#4611,#4612,#4613,#4614,#4615,#4616,
    #4617,#4618,#4619,#4620,#4621,#4622,#4623,#4624,#4625,#4626,#4627,
    #4628,#4629,#4630,#4631,#4632,#4633,#4634,#4635,#4636,#4637,#4638,
    #4639,#4640,#4641,#4642,#4643,#4644,#4645,#4646,#4647,#4648,#4649,
    #4650,#4651),.UNSPECIFIED.,.F.,.F.,(9,7,7,7,7,7,7,7,7,7,7,7,7,7,7,7,
    7,7,7,7,7,7,7,7,7,7,7,7,7,9),(0.,3.240463845319E-02,
    6.706408283179E-02,8.242671757429E-02,0.106377269567,0.131964949915,
    0.160325620077,0.191168247442,0.241385547659,0.304012727336,
    0.341607742861,0.388641214177,0.470684843729,0.512459702776,
    0.554489848412,0.585993860447,0.617946066587,0.661597128367,
    0.679070949324,0.695303718409,0.742305174344,0.75193184101,
    0.766318485165,0.779772225838,0.828780148685,0.839563964086,
    0.869948510214,0.927612752669,0.964608036283,1.),.UNSPECIFIED.);
#4447 = CARTESIAN_POINT('',(89.745,67.145,12.545769646584));
#4448 = CARTESIAN_POINT('',(89.745,66.575682265061,12.564254229011));
#4449 = CARTESIAN_POINT('',(89.735679939784,66.010305418325,
    12.582660933291));
#4450 = CARTESIAN_POINT('',(89.71726559182,65.448953879574,
    12.600949804387));
#4451 = CARTESIAN_POINT('',(89.689976193573,64.891706115627,
    12.6191125789));
#4452 = CARTESIAN_POINT('',(89.654024200041,64.338623195243,
    12.637108943882));
#4453 = CARTESIAN_POINT('',(89.609614675565,63.789760180607,
    12.654932590943));
#4454 = CARTESIAN_POINT('',(89.556944759936,63.245157180678,
    12.672559842922));
#4455 = CARTESIAN_POINT('',(89.431234383689,62.126934604072,
    12.708607903341));
#4456 = CARTESIAN_POINT('',(89.357032405506,61.553940261308,
    12.726998015557));
#4457 = CARTESIAN_POINT('',(89.273827888467,60.985898786331,
    12.745130050078));
#4458 = CARTESIAN_POINT('',(89.181842089963,60.422843316424,
    12.762988426816));
#4459 = CARTESIAN_POINT('',(89.081286630113,59.864801934435,
    12.780559858219));
#4460 = CARTESIAN_POINT('',(88.972363552411,59.311797148565,
    12.79783306004));
#4461 = CARTESIAN_POINT('',(88.855265384386,58.763845372146,
    12.814798462115));
#4462 = CARTESIAN_POINT('',(88.67472956505,57.980323436516,
    12.838827712182));
#4463 = CARTESIAN_POINT('',(88.617713905273,57.740685759044,
    12.846145410839));
#4464 = CARTESIAN_POINT('',(88.559144223992,57.502044555971,
    12.853400305586));
#4465 = CARTESIAN_POINT('',(88.499036213966,57.264400926921,
    12.860591730027));
#4466 = CARTESIAN_POINT('',(88.437405255636,57.027755886172,
    12.867719060888));
#4467 = CARTESIAN_POINT('',(88.374266417117,56.792110362662,
    12.874781718015));
#4468 = CARTESIAN_POINT('',(88.309634454205,56.557465199984,
    12.881779164377));
#4469 = CARTESIAN_POINT('',(88.140456436914,55.959566983352,
    12.899517583594));
#4470 = CARTESIAN_POINT('',(88.033795199159,55.597746372141,
    12.91016474703));
#4471 = CARTESIAN_POINT('',(87.923594831429,55.238361988347,
    12.92065083521));
#4472 = CARTESIAN_POINT('',(87.809908265828,54.881416042276,
    12.930970300647));
#4473 = CARTESIAN_POINT('',(87.692786823852,54.526910642942,
    12.941117650857));
#4474 = CARTESIAN_POINT('',(87.572280318918,54.174847908878,
    12.951089183927));
#4475 = CARTESIAN_POINT('',(87.448437069826,53.825229835781,
    12.960882418337));
#4476 = CARTESIAN_POINT('',(87.185480449224,53.107155238437,
    12.980760957199));
#4477 = CARTESIAN_POINT('',(87.045902162735,52.739044949685,
    12.990820718803));
#4478 = CARTESIAN_POINT('',(86.902625938286,52.37372926314,
    13.00066861496));
#4479 = CARTESIAN_POINT('',(86.755707156935,52.011210490715,
    13.01030121796));
#4480 = CARTESIAN_POINT('',(86.605199608185,51.65149104781,
    13.019715559265));
#4481 = CARTESIAN_POINT('',(86.451155489985,51.294573453311,
    13.028909129507));
#4482 = CARTESIAN_POINT('',(86.293625408729,50.940460329591,
    13.037879878489));
#4483 = CARTESIAN_POINT('',(85.954247020051,50.199776725895,
    13.056320410473));
#4484 = CARTESIAN_POINT('',(85.771613692879,49.813848034505,
    13.065738894831));
#4485 = CARTESIAN_POINT('',(85.584825277354,49.431371873282,
    13.07487947472));
#4486 = CARTESIAN_POINT('',(85.393946726854,49.052352381797,
    13.083740605071));
#4487 = CARTESIAN_POINT('',(85.199041132488,48.676794173747,
    13.092321372174));
#4488 = CARTESIAN_POINT('',(85.000169787057,48.304702216445,
    13.100621476577));
#4489 = CARTESIAN_POINT('',(84.797392249008,47.936081710316,
    13.108641215979));
#4490 = CARTESIAN_POINT('',(84.366057898782,47.173839017529,
    13.124799101097));
#4491 = CARTESIAN_POINT('',(84.136798299755,46.780852448022,
    13.132885739663));
#4492 = CARTESIAN_POINT('',(83.903062177491,46.391985297135,
    13.14064514227));
#4493 = CARTESIAN_POINT('',(83.664921922715,46.00724515518,
    13.148075226009));
#4494 = CARTESIAN_POINT('',(83.422448006075,45.626640255539,
    13.15517338935));
#4495 = CARTESIAN_POINT('',(83.175709129272,45.250179448252,
    13.161938948376));
#4496 = CARTESIAN_POINT('',(82.924772269971,44.87787205716,
    13.168372686538));
#4497 = CARTESIAN_POINT('',(82.254403722197,43.910322794452,
    13.184406759859));
#4498 = CARTESIAN_POINT('',(81.828150405877,43.321955745182,
    13.193458026793));
#4499 = CARTESIAN_POINT('',(81.391223449438,42.744667112113,
    13.201626678652));
#4500 = CARTESIAN_POINT('',(80.943894617165,42.178503380362,
    13.208914177209));
#4501 = CARTESIAN_POINT('',(80.486427157226,41.623515808894,
    13.215323954932));
#4502 = CARTESIAN_POINT('',(80.019076299186,41.07975935858,
    13.220861283846));
#4503 = CARTESIAN_POINT('',(79.542089751523,40.547291620251,
    13.225533144406));
#4504 = CARTESIAN_POINT('',(78.44913029192,39.376270850825,
    13.234105808438));
#4505 = CARTESIAN_POINT('',(77.827943898979,38.744023717515,
    13.237529795731));
#4506 = CARTESIAN_POINT('',(77.192616304291,38.129545705546,
    13.239647415909));
#4507 = CARTESIAN_POINT('',(76.543602236871,37.532962703092,
    13.240436241412));
#4508 = CARTESIAN_POINT('',(75.881348532345,36.954410891263,
    13.239938069322));
#4509 = CARTESIAN_POINT('',(75.206292129516,36.394031305013,
    13.238148241371));
#4510 = CARTESIAN_POINT('',(74.518862672221,35.85197074383,
    13.235095865794));
#4511 = CARTESIAN_POINT('',(73.399643747161,35.014068600255,
    13.228222022309));
#4512 = CARTESIAN_POINT('',(72.975500181275,34.706413953848,
    13.225195720373));
#4513 = CARTESIAN_POINT('',(72.547142455536,34.405448639556,
    13.221726743078));
#4514 = CARTESIAN_POINT('',(72.114661821828,34.111206452611,
    13.217819751271));
#4515 = CARTESIAN_POINT('',(71.678149132014,33.823721941603,
    13.213480646571));
#4516 = CARTESIAN_POINT('',(71.237694874947,33.543030297154,
    13.208716433583));
#4517 = CARTESIAN_POINT('',(70.793389165844,33.269167249482,
    13.203533231075));
#4518 = CARTESIAN_POINT('',(69.784764162746,32.668139170249,
    13.190925518741));
#4519 = CARTESIAN_POINT('',(69.218319483089,32.344854006785,
    13.183265938504));
#4520 = CARTESIAN_POINT('',(68.646163245825,32.032384345363,
    13.174961398806));
#4521 = CARTESIAN_POINT('',(68.068471109599,31.730802679336,
    13.166020207872));
#4522 = CARTESIAN_POINT('',(67.485418835417,31.44018292817,
    13.156451256511));
#4523 = CARTESIAN_POINT('',(66.897182327135,31.160600231093,
    13.146263999887));
#4524 = CARTESIAN_POINT('',(66.303937671946,30.89213074074,
    13.135468439274));
#4525 = CARTESIAN_POINT('',(64.662596358925,30.186061885556,
    13.104200946832));
#4526 = CARTESIAN_POINT('',(63.60463499655,29.771324543642,
    13.082508110881));
#4527 = CARTESIAN_POINT('',(62.53290849754,29.391045601924,
    13.059050762823));
#4528 = CARTESIAN_POINT('',(61.448361255488,29.04564535923,
    13.033896347228));
#4529 = CARTESIAN_POINT('',(60.351949822149,28.735553079942,
    13.007102230183));
#4530 = CARTESIAN_POINT('',(59.244643813458,28.461204733138,
    12.97873074038));
#4531 = CARTESIAN_POINT('',(58.127426344179,28.223042729386,
    12.948863160868));
#4532 = CARTESIAN_POINT('',(56.427888181493,27.918904099695,
    12.901641059531));
#4533 = CARTESIAN_POINT('',(55.852174368112,27.825790080253,
    12.885341081189));
#4534 = CARTESIAN_POINT('',(55.274282645483,27.742234169215,
    12.868678324793));
#4535 = CARTESIAN_POINT('',(54.69434591161,27.668296293514,
    12.85168001015));
#4536 = CARTESIAN_POINT('',(54.112500773873,27.604037081693,
    12.834325281785));
#4537 = CARTESIAN_POINT('',(53.528882395287,27.549517373583,
    12.816661963418));
#4538 = CARTESIAN_POINT('',(52.943630084822,27.504798778171,
    12.79867910042));
#4539 = CARTESIAN_POINT('',(51.766552112859,27.434874842118,
    12.761970877255));
#4540 = CARTESIAN_POINT('',(51.174708596463,27.409790468205,
    12.743241979427));
#4541 = CARTESIAN_POINT('',(50.581496113883,27.39475331086,
    12.724197334483));
#4542 = CARTESIAN_POINT('',(49.987059558253,27.389827068134,
    12.704840505277));
#4543 = CARTESIAN_POINT('',(49.39154595755,27.395076014732,
    12.685175488632));
#4544 = CARTESIAN_POINT('',(48.795104474596,27.410565002007,
    12.665206715345));
#4545 = CARTESIAN_POINT('',(48.197886407058,27.436359457966,
    12.644939050185));
#4546 = CARTESIAN_POINT('',(47.151928801161,27.499633831811,
    12.608965945968));
#4547 = CARTESIAN_POINT('',(46.70346251413,27.532569374137,
    12.593389238976));
#4548 = CARTESIAN_POINT('',(46.254710981285,27.571359811246,
    12.577649944578));
#4549 = CARTESIAN_POINT('',(45.805739712449,27.616033168604,
    12.56175059407));
#4550 = CARTESIAN_POINT('',(45.356615072342,27.666617700143,
    12.545693976381));
#4551 = CARTESIAN_POINT('',(44.907404280576,27.723141888264,
    12.529483138071));
#4552 = CARTESIAN_POINT('',(44.458175411654,27.785634443834,
    12.513121383336));
#4553 = CARTESIAN_POINT('',(43.553429114777,27.923588544519,
    12.479868296629));
#4554 = CARTESIAN_POINT('',(43.097913408931,27.999221925932,
    12.462971576951));
#4555 = CARTESIAN_POINT('',(42.642521816785,28.081054727208,
    12.445931543897));
#4556 = CARTESIAN_POINT('',(42.187326657564,28.1691175794,
    12.428765163166));
#4557 = CARTESIAN_POINT('',(41.732401653256,28.263441379568,
    12.411484631324));
#4558 = CARTESIAN_POINT('',(41.277821742657,28.364057336068,
    12.394100755912));
#4559 = CARTESIAN_POINT('',(40.823662809176,28.470997043163,
    12.376627962925));
#4560 = CARTESIAN_POINT('',(39.750239705029,28.739069466176,
    12.335099695837));
#4561 = CARTESIAN_POINT('',(39.131408146986,28.90570803435,
    12.310976787858));
#4562 = CARTESIAN_POINT('',(38.513703371672,29.084289945453,
    12.286737897338));
#4563 = CARTESIAN_POINT('',(37.897327006625,29.274897868477,
    12.262410856772));
#4564 = CARTESIAN_POINT('',(37.282486246803,29.477615570289,
    12.238021173437));
#4565 = CARTESIAN_POINT('',(36.669393795284,29.6925281047,
    12.213591619907));
#4566 = CARTESIAN_POINT('',(36.058267803948,29.919722001551,
    12.189141824572));
#4567 = CARTESIAN_POINT('',(35.205570539507,30.255184358051,
    12.15489877241));
#4568 = CARTESIAN_POINT('',(34.962160340656,30.35306537814,
    12.145108995825));
#4569 = CARTESIAN_POINT('',(34.71911558311,30.452934172879,
    12.135320234903));
#4570 = CARTESIAN_POINT('',(34.476451016429,30.554796324663,
    12.125530221395));
#4571 = CARTESIAN_POINT('',(34.234181104229,30.65865766486,
    12.115745581203));
#4572 = CARTESIAN_POINT('',(33.992320789822,30.764523927431,
    12.105967084869));
#4573 = CARTESIAN_POINT('',(33.750885955758,30.872400529344,
    12.096180759569));
#4574 = CARTESIAN_POINT('',(33.286013960407,31.084381052377,
    12.077291409584));
#4575 = CARTESIAN_POINT('',(33.062516479305,31.188208733539,
    12.068188427356));
#4576 = CARTESIAN_POINT('',(32.839411821211,31.293780872246,
    12.059076654319));
#4577 = CARTESIAN_POINT('',(32.616712550733,31.40110204704,
    12.049953595895));
#4578 = CARTESIAN_POINT('',(32.394431368046,31.510176860647,
    12.040817000509));
#4579 = CARTESIAN_POINT('',(32.172581108889,31.621009939968,
    12.031664859589));
#4580 = CARTESIAN_POINT('',(31.951174744569,31.733605936083,
    12.022495407567));
#4581 = CARTESIAN_POINT('',(31.090473675008,32.179105581306,
    11.98670273894));
#4582 = CARTESIAN_POINT('',(30.454555965377,32.525059192187,
    11.959940787702));
#4583 = CARTESIAN_POINT('',(29.822787170426,32.88594585384,
    11.932984206069));
#4584 = CARTESIAN_POINT('',(29.195495416022,33.261881068527,
    11.905815210707));
#4585 = CARTESIAN_POINT('',(28.573021823802,33.652981183161,
    11.878436268042));
#4586 = CARTESIAN_POINT('',(27.955720298448,34.059364228629,
    11.850871065244));
#4587 = CARTESIAN_POINT('',(27.343957314954,34.481150759122,
    11.823165481225));
#4588 = CARTESIAN_POINT('',(26.614024619365,35.008033735044,
    11.789699389511));
#4589 = CARTESIAN_POINT('',(26.490185867896,35.09825408132,
    11.784007227288));
#4590 = CARTESIAN_POINT('',(26.366598736531,35.1891267746,
    11.778312661729));
#4591 = CARTESIAN_POINT('',(26.24326654004,35.280652860223,
    11.772616323068));
#4592 = CARTESIAN_POINT('',(26.120192622925,35.372833384552,
    11.766918881004));
#4593 = CARTESIAN_POINT('',(25.997380359418,35.465669394975,
    11.7612210447));
#4594 = CARTESIAN_POINT('',(25.87483315348,35.559161939907,
    11.755523562783));
#4595 = CARTESIAN_POINT('',(25.569814097125,35.79401543459,
    11.741314286177));
#4596 = CARTESIAN_POINT('',(25.387673364757,35.936187481579,
    11.732805070261));
#4597 = CARTESIAN_POINT('',(25.206143983247,36.079831502318,
    11.724295896397));
#4598 = CARTESIAN_POINT('',(25.025237267203,36.224951205796,
    11.715796277022));
#4599 = CARTESIAN_POINT('',(24.844963822214,36.37155107269,
    11.707333733639));
#4600 = CARTESIAN_POINT('',(24.66533612427,36.519634220542,
    11.698901819035));
#4601 = CARTESIAN_POINT('',(24.4863654849,36.669204852657,
    11.690521410102));
#4602 = CARTESIAN_POINT('',(24.141324712112,36.961532745471,
    11.674416611666));
#4603 = CARTESIAN_POINT('',(23.975170596398,37.104102887619,
    11.666685361975));
#4604 = CARTESIAN_POINT('',(23.809611615914,37.24798011909,
    11.659013714422));
#4605 = CARTESIAN_POINT('',(23.644657806999,37.393167485128,
    11.65140959734));
#4606 = CARTESIAN_POINT('',(23.480319391981,37.53966799046,
    11.643880586925));
#4607 = CARTESIAN_POINT('',(23.316606779181,37.687484599298,
    11.636433907239));
#4608 = CARTESIAN_POINT('',(23.153530562911,37.836620235339,
    11.629076430205));
#4609 = CARTESIAN_POINT('',(22.399421482453,38.535149281472,
    11.595362292052));
#4610 = CARTESIAN_POINT('',(21.816335273797,39.100755707999,
    11.570180317452));
#4611 = CARTESIAN_POINT('',(21.242355169686,39.684043324369,
    11.546582847211));
#4612 = CARTESIAN_POINT('',(20.678036865366,40.285142629679,
    11.524821180112));
#4613 = CARTESIAN_POINT('',(20.123976846825,40.904165423658,
    11.505080171545));
#4614 = CARTESIAN_POINT('',(19.580809933171,41.541202843733,
    11.487477010788));
#4615 = CARTESIAN_POINT('',(19.049206993701,42.196324374618,
    11.47206242234));
#4616 = CARTESIAN_POINT('',(18.415597364926,43.017722060239,
    11.455911342681));
#4617 = CARTESIAN_POINT('',(18.301916219876,43.166743830295,
    11.453103786381));
#4618 = CARTESIAN_POINT('',(18.18883700067,43.316643531996,
    11.450401491045));
#4619 = CARTESIAN_POINT('',(18.076367401135,43.467421466888,
    11.447804183589));
#4620 = CARTESIAN_POINT('',(17.964515212758,43.619077846655,
    11.445311449204));
#4621 = CARTESIAN_POINT('',(17.853288324685,43.771612793115,
    11.442922731358));
#4622 = CARTESIAN_POINT('',(17.742694723723,43.925026338224,
    11.440637331793));
#4623 = CARTESIAN_POINT('',(17.322940400977,44.514052775995,
    11.432303797826));
#4624 = CARTESIAN_POINT('',(17.018231130016,44.95576029103,
    11.426971857426));
#4625 = CARTESIAN_POINT('',(16.718794924518,45.404440148154,
    11.422379361916));
#4626 = CARTESIAN_POINT('',(16.424819510825,45.860083487716,
    11.418433120406));
#4627 = CARTESIAN_POINT('',(16.136498503499,46.322674431499,
    11.415072003769));
#4628 = CARTESIAN_POINT('',(15.854032008437,46.792187979413,
    11.412215879192));
#4629 = CARTESIAN_POINT('',(15.577625086464,47.268590995161,
    11.409806848554));
#4630 = CARTESIAN_POINT('',(14.794817184865,48.668959677968,
    11.403949433956));
#4631 = CARTESIAN_POINT('',(14.304744743843,49.610708114604,
    11.401510716649));
#4632 = CARTESIAN_POINT('',(13.838686268694,50.57682526826,
    11.400075134187));
#4633 = CARTESIAN_POINT('',(13.3981724115,51.566842618005,
    11.399323632328));
#4634 = CARTESIAN_POINT('',(12.984816164777,52.580062428993,
    11.39901097446));
#4635 = CARTESIAN_POINT('',(12.600272556678,53.615528097331,
    11.398960019833));
#4636 = CARTESIAN_POINT('',(12.246190538896,54.671986453245,
    11.399051649396));
#4637 = CARTESIAN_POINT('',(11.717552088034,56.438071881126,
    11.399312148876));
#4638 = CARTESIAN_POINT('',(11.52414402565,57.136266523869,
    11.399441609922));
#4639 = CARTESIAN_POINT('',(11.344359214412,57.841974478921,
    11.39957850866));
#4640 = CARTESIAN_POINT('',(11.178610988,58.554679156617,11.399710567785
    ));
#4641 = CARTESIAN_POINT('',(11.027291603536,59.273795366838,
    11.39983103159));
#4642 = CARTESIAN_POINT('',(10.890762716015,59.998664968474,
    11.399936829517));
#4643 = CARTESIAN_POINT('',(10.769344403138,60.72855165102,
    11.400027318047));
#4644 = CARTESIAN_POINT('',(10.561856763952,62.164903984924,
    11.400176577896));
#4645 = CARTESIAN_POINT('',(10.474479741025,62.871039761293,
    11.400236453228));
#4646 = CARTESIAN_POINT('',(10.401409726608,63.580301131313,
    11.400283466934));
#4647 = CARTESIAN_POINT('',(10.342831647618,64.291910975819,
    11.400317499427));
#4648 = CARTESIAN_POINT('',(10.298872740647,65.005055612879,
    11.400337825019));
#4649 = CARTESIAN_POINT('',(10.269597194837,65.718884210417,
    11.400342769557));
#4650 = CARTESIAN_POINT('',(10.255,66.432508101176,11.400329272261));
#4651 = CARTESIAN_POINT('',(10.255,67.145,11.400292351743));
#4652 = PCURVE('',#1052,#4653);
#4653 = DEFINITIONAL_REPRESENTATION('',(#4654),#4860);
#4654 = B_SPLINE_CURVE_WITH_KNOTS('',8,(#4655,#4656,#4657,#4658,#4659,
    #4660,#4661,#4662,#4663,#4664,#4665,#4666,#4667,#4668,#4669,#4670,
    #4671,#4672,#4673,#4674,#4675,#4676,#4677,#4678,#4679,#4680,#4681,
    #4682,#4683,#4684,#4685,#4686,#4687,#4688,#4689,#4690,#4691,#4692,
    #4693,#4694,#4695,#4696,#4697,#4698,#4699,#4700,#4701,#4702,#4703,
    #4704,#4705,#4706,#4707,#4708,#4709,#4710,#4711,#4712,#4713,#4714,
    #4715,#4716,#4717,#4718,#4719,#4720,#4721,#4722,#4723,#4724,#4725,
    #4726,#4727,#4728,#4729,#4730,#4731,#4732,#4733,#4734,#4735,#4736,
    #4737,#4738,#4739,#4740,#4741,#4742,#4743,#4744,#4745,#4746,#4747,
    #4748,#4749,#4750,#4751,#4752,#4753,#4754,#4755,#4756,#4757,#4758,
    #4759,#4760,#4761,#4762,#4763,#4764,#4765,#4766,#4767,#4768,#4769,
    #4770,#4771,#4772,#4773,#4774,#4775,#4776,#4777,#4778,#4779,#4780,
    #4781,#4782,#4783,#4784,#4785,#4786,#4787,#4788,#4789,#4790,#4791,
    #4792,#4793,#4794,#4795,#4796,#4797,#4798,#4799,#4800,#4801,#4802,
    #4803,#4804,#4805,#4806,#4807,#4808,#4809,#4810,#4811,#4812,#4813,
    #4814,#4815,#4816,#4817,#4818,#4819,#4820,#4821,#4822,#4823,#4824,
    #4825,#4826,#4827,#4828,#4829,#4830,#4831,#4832,#4833,#4834,#4835,
    #4836,#4837,#4838,#4839,#4840,#4841,#4842,#4843,#4844,#4845,#4846,
    #4847,#4848,#4849,#4850,#4851,#4852,#4853,#4854,#4855,#4856,#4857,
    #4858,#4859),.UNSPECIFIED.,.F.,.F.,(9,7,7,7,7,7,7,7,7,7,7,7,7,7,7,7,
    7,7,7,7,7,7,7,7,7,7,7,7,7,9),(0.,3.240463845319E-02,
    6.706408283179E-02,8.242671757429E-02,0.106377269567,0.131964949915,
    0.160325620077,0.191168247442,0.241385547659,0.304012727336,
    0.341607742861,0.388641214177,0.470684843729,0.512459702776,
    0.554489848412,0.585993860447,0.617946066587,0.661597128367,
    0.679070949324,0.695303718409,0.742305174344,0.75193184101,
    0.766318485165,0.779772225838,0.828780148685,0.839563964086,
    0.869948510214,0.927612752669,0.964608036283,1.),.UNSPECIFIED.);
#4655 = CARTESIAN_POINT('',(109.1110190396,1.));
#4656 = CARTESIAN_POINT('',(108.79094669601,0.986804548964));
#4657 = CARTESIAN_POINT('',(108.46385736776,0.973700438482));
#4658 = CARTESIAN_POINT('',(108.13013445857,0.960689625208));
#4659 = CARTESIAN_POINT('',(107.7901313848,0.947773927816));
#4660 = CARTESIAN_POINT('',(107.44418524482,0.93495476174));
#4661 = CARTESIAN_POINT('',(107.09260340293,0.922233403189));
#4662 = CARTESIAN_POINT('',(106.73567437045,0.909610781798));
#4663 = CARTESIAN_POINT('',(105.98645964165,0.88369300276));
#4664 = CARTESIAN_POINT('',(105.59344707525,0.87041233657));
#4665 = CARTESIAN_POINT('',(105.19494861115,0.857246466249));
#4666 = CARTESIAN_POINT('',(104.79126639376,0.844196159843));
#4667 = CARTESIAN_POINT('',(104.38268104021,0.831262068245));
#4668 = CARTESIAN_POINT('',(103.96945235084,0.818444713143));
#4669 = CARTESIAN_POINT('',(103.55182001963,0.80574447496));
#4670 = CARTESIAN_POINT('',(102.94303654235,0.787584272488));
#4671 = CARTESIAN_POINT('',(102.75524733517,0.782030032658));
#4672 = CARTESIAN_POINT('',(102.56665612037,0.77649888877));
#4673 = CARTESIAN_POINT('',(102.37728170986,0.770990866309));
#4674 = CARTESIAN_POINT('',(102.18714233024,0.765505988786));
#4675 = CARTESIAN_POINT('',(101.99625562271,0.76004427773));
#4676 = CARTESIAN_POINT('',(101.80463864318,0.754605752694));
#4677 = CARTESIAN_POINT('',(101.31246161525,0.740747873064));
#4678 = CARTESIAN_POINT('',(101.01088072589,0.732361719136));
#4679 = CARTESIAN_POINT('',(100.70762753002,0.724032031252));
#4680 = CARTESIAN_POINT('',(100.40276179861,0.715758860639));
#4681 = CARTESIAN_POINT('',(100.09634052924,0.707542256181));
#4682 = CARTESIAN_POINT('',(99.788417896913,0.699382266981));
#4683 = CARTESIAN_POINT('',(99.47904536451,0.691278939293));
#4684 = CARTESIAN_POINT('',(98.836255774907,0.674635652762));
#4685 = CARTESIAN_POINT('',(98.502641127904,0.666103718848));
#4686 = CARTESIAN_POINT('',(98.167487610638,0.657636557264));
#4687 = CARTESIAN_POINT('',(97.830852209135,0.649234221595));
#4688 = CARTESIAN_POINT('',(97.492789296374,0.640896767825));
#4689 = CARTESIAN_POINT('',(97.153350632285,0.632624254336));
#4690 = CARTESIAN_POINT('',(96.81258536375,0.624416741907));
#4691 = CARTESIAN_POINT('',(96.091426524982,0.607249431589));
#4692 = CARTESIAN_POINT('',(95.710741041472,0.598304508854));
#4693 = CARTESIAN_POINT('',(95.328547176019,0.589439607678));
#4694 = CARTESIAN_POINT('',(94.944905509016,0.580654824007));
#4695 = CARTESIAN_POINT('',(94.559873686611,0.571950264776));
#4696 = CARTESIAN_POINT('',(94.173506508017,0.563326045114));
#4697 = CARTESIAN_POINT('',(93.785856012819,0.554782285556));
#4698 = CARTESIAN_POINT('',(92.974054269708,0.537115286071));
#4699 = CARTESIAN_POINT('',(92.54967811036,0.52800677826));
#4700 = CARTESIAN_POINT('',(92.123906562097,0.51899374892));
#4701 = CARTESIAN_POINT('',(91.69680025601,0.510076373976));
#4702 = CARTESIAN_POINT('',(91.268416960441,0.501254844259));
#4703 = CARTESIAN_POINT('',(90.838811613402,0.492529364892));
#4704 = CARTESIAN_POINT('',(90.408036409383,0.48390015198));
#4705 = CARTESIAN_POINT('',(89.272938059581,0.461474627291));
#4706 = CARTESIAN_POINT('',(88.566767759319,0.447837657786));
#4707 = CARTESIAN_POINT('',(87.857842847948,0.43445746001));
#4708 = CARTESIAN_POINT('',(87.146362420251,0.421335111377));
#4709 = CARTESIAN_POINT('',(86.43251241651,0.408471799951));
#4710 = CARTESIAN_POINT('',(85.716466181396,0.395868799596));
#4711 = CARTESIAN_POINT('',(84.998385022851,0.383527445133));
#4712 = CARTESIAN_POINT('',(83.380531874983,0.356385927705));
#4713 = CARTESIAN_POINT('',(82.47971872341,0.341731920675));
#4714 = CARTESIAN_POINT('',(81.576269813011,0.32748976024));
#4715 = CARTESIAN_POINT('',(80.670458654399,0.313662364192));
#4716 = CARTESIAN_POINT('',(79.762539720326,0.300252888893));
#4717 = CARTESIAN_POINT('',(78.852752388176,0.287264603199));
#4718 = CARTESIAN_POINT('',(77.941319378581,0.27470090958));
#4719 = CARTESIAN_POINT('',(76.480453080174,0.255280301315));
#4720 = CARTESIAN_POINT('',(75.93194093917,0.248149587527));
#4721 = CARTESIAN_POINT('',(75.382957574108,0.241173916782));
#4722 = CARTESIAN_POINT('',(74.833547351943,0.234354072375));
#4723 = CARTESIAN_POINT('',(74.283753375198,0.227690855061));
#4724 = CARTESIAN_POINT('',(73.733617523778,0.221185080476));
#4725 = CARTESIAN_POINT('',(73.183180545479,0.214837576764));
#4726 = CARTESIAN_POINT('',(71.943527696827,0.200907154253));
#4727 = CARTESIAN_POINT('',(71.254164728127,0.193414161706));
#4728 = CARTESIAN_POINT('',(70.564470871008,0.186171847152));
#4729 = CARTESIAN_POINT('',(69.874521982576,0.179181890818));
#4730 = CARTESIAN_POINT('',(69.184392255321,0.172446005984));
#4731 = CARTESIAN_POINT('',(68.4941542773,0.165965934201));
#4732 = CARTESIAN_POINT('',(67.803879092327,0.159743440509));
#4733 = CARTESIAN_POINT('',(65.909599525516,0.143378418949));
#4734 = CARTESIAN_POINT('',(64.705667949337,0.133765779201));
#4735 = CARTESIAN_POINT('',(63.502205880307,0.124951804425));
#4736 = CARTESIAN_POINT('',(62.299575575811,0.116946236162));
#4737 = CARTESIAN_POINT('',(61.098139969908,0.109759023756));
#4738 = CARTESIAN_POINT('',(59.898262053409,0.103400271947));
#4739 = CARTESIAN_POINT('',(58.70030423632,9.788023477544E-02));
#4740 = CARTESIAN_POINT('',(56.895819890552,9.083101401541E-02));
#4741 = CARTESIAN_POINT('',(56.287602799483,8.86728492352E-02));
#4742 = CARTESIAN_POINT('',(55.680028792446,8.673621901067E-02));
#4743 = CARTESIAN_POINT('',(55.073147271122,8.502251230766E-02));
#4744 = CARTESIAN_POINT('',(54.467009619058,8.353313435376E-02));
#4745 = CARTESIAN_POINT('',(53.861666673216,8.226949527369E-02));
#4746 = CARTESIAN_POINT('',(53.257171560524,8.123302301938E-02));
#4747 = CARTESIAN_POINT('',(52.04629580996,7.961235003171E-02));
#4748 = CARTESIAN_POINT('',(51.439926774737,7.903095302363E-02));
#4749 = CARTESIAN_POINT('',(50.834525491299,7.868242695236E-02));
#4750 = CARTESIAN_POINT('',(50.23014835636,7.856824818946E-02));
#4751 = CARTESIAN_POINT('',(49.626853534923,7.868990647193E-02));
#4752 = CARTESIAN_POINT('',(49.02470096028,7.904890490223E-02));
#4753 = CARTESIAN_POINT('',(48.423752334011,7.964675994823E-02));
#4754 = CARTESIAN_POINT('',(47.37457556253,8.111331166557E-02));
#4755 = CARTESIAN_POINT('',(46.925792359149,8.187668036011E-02));
#4756 = CARTESIAN_POINT('',(46.47774830499,8.277575179617E-02));
#4757 = CARTESIAN_POINT('',(46.030471028088,8.381117553838E-02));
#4758 = CARTESIAN_POINT('',(45.583988995365,8.49836064467E-02));
#4759 = CARTESIAN_POINT('',(45.138331512633,8.629370467641E-02));
#4760 = CARTESIAN_POINT('',(44.69352872459,8.774213567815E-02));
#4761 = CARTESIAN_POINT('',(43.799379086201,9.093958846956E-02));
#4762 = CARTESIAN_POINT('',(43.350057865214,9.269259302195E-02));
#4763 = CARTESIAN_POINT('',(42.901680141,9.458928559991E-02));
#4764 = CARTESIAN_POINT('',(42.454279162295,9.663037615947E-02));
#4765 = CARTESIAN_POINT('',(42.007889482204,9.881658082207E-02));
#4766 = CARTESIAN_POINT('',(41.562546914037,0.101148622924));
#4767 = CARTESIAN_POINT('',(41.118288459572,0.103627234747));
#4768 = CARTESIAN_POINT('',(40.069768407075,0.109840525349));
#4769 = CARTESIAN_POINT('',(39.466480243437,0.113702816881));
#4770 = CARTESIAN_POINT('',(38.865385084984,0.117841927117));
#4771 = CARTESIAN_POINT('',(38.266586086632,0.122259772128));
#4772 = CARTESIAN_POINT('',(37.6701926204,0.126958293436));
#4773 = CARTESIAN_POINT('',(37.076320442359,0.131939462387));
#4774 = CARTESIAN_POINT('',(36.485091859578,0.137205284542));
#4775 = CARTESIAN_POINT('',(35.661072918514,0.144980515889));
#4776 = CARTESIAN_POINT('',(35.425954374168,0.147249168574));
#4777 = CARTESIAN_POINT('',(35.191288588586,0.149563893218));
#4778 = CARTESIAN_POINT('',(34.957084177783,0.151924819206));
#4779 = CARTESIAN_POINT('',(34.723349801151,0.154332081698));
#4780 = CARTESIAN_POINT('',(34.490094451588,0.156785813592));
#4781 = CARTESIAN_POINT('',(34.257327630126,0.159286140441));
#4782 = CARTESIAN_POINT('',(33.809286420666,0.16419935224));
#4783 = CARTESIAN_POINT('',(33.593943849011,0.166605834594));
#4784 = CARTESIAN_POINT('',(33.379038660297,0.169052749386));
#4785 = CARTESIAN_POINT('',(33.164578666038,0.171540202736));
#4786 = CARTESIAN_POINT('',(32.950571865369,0.174068301325));
#4787 = CARTESIAN_POINT('',(32.737026445049,0.176637152392));
#4788 = CARTESIAN_POINT('',(32.52395077946,0.17924686374));
#4789 = CARTESIAN_POINT('',(31.695784708365,0.189572501595));
#4790 = CARTESIAN_POINT('',(31.084228579333,0.197590895635));
#4791 = CARTESIAN_POINT('',(30.476890025889,0.205955402801));
#4792 = CARTESIAN_POINT('',(29.873991079478,0.214668700163));
#4793 = CARTESIAN_POINT('',(29.275771543701,0.22373348437));
#4794 = CARTESIAN_POINT('',(28.682489717393,0.233152491103));
#4795 = CARTESIAN_POINT('',(28.09442311771,0.242928514524));
#4796 = CARTESIAN_POINT('',(27.392552636559,0.255140427281));
#4797 = CARTESIAN_POINT('',(27.273467426225,0.257231523498));
#4798 = CARTESIAN_POINT('',(27.154616156984,0.25933773959));
#4799 = CARTESIAN_POINT('',(27.036001457603,0.261459099785));
#4800 = CARTESIAN_POINT('',(26.917626000847,0.263595628336));
#4801 = CARTESIAN_POINT('',(26.799492503475,0.265747349518));
#4802 = CARTESIAN_POINT('',(26.681603726244,0.267914287633));
#4803 = CARTESIAN_POINT('',(26.388152622588,0.273357641316));
#4804 = CARTESIAN_POINT('',(26.212895591015,0.276652856219));
#4805 = CARTESIAN_POINT('',(26.03820082945,0.279982188024));
#4806 = CARTESIAN_POINT('',(25.86407783668,0.283345722698));
#4807 = CARTESIAN_POINT('',(25.690536043116,0.286743564091));
#4808 = CARTESIAN_POINT('',(25.517585747984,0.29017578446));
#4809 = CARTESIAN_POINT('',(25.345237024527,0.29364248123));
#4810 = CARTESIAN_POINT('',(25.012900200591,0.300417956785));
#4811 = CARTESIAN_POINT('',(24.852835298473,0.303722398601));
#4812 = CARTESIAN_POINT('',(24.69331438769,0.307057135684));
#4813 = CARTESIAN_POINT('',(24.53434632884,0.310422238617));
#4814 = CARTESIAN_POINT('',(24.37594022416,0.313817777042));
#4815 = CARTESIAN_POINT('',(24.218105417523,0.317243819662));
#4816 = CARTESIAN_POINT('',(24.060851494437,0.320700434241));
#4817 = CARTESIAN_POINT('',(23.333511411379,0.336890700695));
#4818 = CARTESIAN_POINT('',(22.770678931019,0.350000132298));
#4819 = CARTESIAN_POINT('',(22.216157674821,0.36351937245));
#4820 = CARTESIAN_POINT('',(21.670468467783,0.377451445815));
#4821 = CARTESIAN_POINT('',(21.134185838503,0.391798943647));
#4822 = CARTESIAN_POINT('',(20.607938499115,0.4065639783));
#4823 = CARTESIAN_POINT('',(20.092410592685,0.421748160265));
#4824 = CARTESIAN_POINT('',(19.477427678234,0.440786233868));
#4825 = CARTESIAN_POINT('',(19.367066861019,0.444240209301));
#4826 = CARTESIAN_POINT('',(19.257269237714,0.447714533132));
#4827 = CARTESIAN_POINT('',(19.148042946384,0.451209212351));
#4828 = CARTESIAN_POINT('',(19.039396281883,0.454724251864));
#4829 = CARTESIAN_POINT('',(18.931337695857,0.458259654493));
#4830 = CARTESIAN_POINT('',(18.823875796741,0.461815420981));
#4831 = CARTESIAN_POINT('',(18.415939952384,0.475467673566));
#4832 = CARTESIAN_POINT('',(18.119668357736,0.485705418728));
#4833 = CARTESIAN_POINT('',(17.828398408298,0.496104766442));
#4834 = CARTESIAN_POINT('',(17.542335319312,0.506665511362));
#4835 = CARTESIAN_POINT('',(17.2616959876,0.517387285468));
#4836 = CARTESIAN_POINT('',(16.986708368736,0.528269509315));
#4837 = CARTESIAN_POINT('',(16.717611719432,0.539311414884));
#4838 = CARTESIAN_POINT('',(15.955615583556,0.571768679522));
#4839 = CARTESIAN_POINT('',(15.47871001992,0.593596201521));
#4840 = CARTESIAN_POINT('',(15.025631900967,0.615988533278));
#4841 = CARTESIAN_POINT('',(14.598266142841,0.638934815576));
#4842 = CARTESIAN_POINT('',(14.198672653749,0.662418876556));
#4843 = CARTESIAN_POINT('',(13.82905488114,0.686418544381));
#4844 = CARTESIAN_POINT('',(13.491714531393,0.710904773514));
#4845 = CARTESIAN_POINT('',(12.994776977029,0.751838495333));
#4846 = CARTESIAN_POINT('',(12.814815690622,0.768021011099));
#4847 = CARTESIAN_POINT('',(12.649733252433,0.784377667839));
#4848 = CARTESIAN_POINT('',(12.500157469742,0.800896492215));
#4849 = CARTESIAN_POINT('',(12.366710531167,0.817563920891));
#4850 = CARTESIAN_POINT('',(12.249997145849,0.834364699698));
#4851 = CARTESIAN_POINT('',(12.150589598111,0.851281762684));
#4852 = CARTESIAN_POINT('',(11.990965386239,0.884573044036));
#4853 = CARTESIAN_POINT('',(11.929234025904,0.900939616672));
#4854 = CARTESIAN_POINT('',(11.884277068956,0.917378633244));
#4855 = CARTESIAN_POINT('',(11.856506359046,0.933872081952));
#4856 = CARTESIAN_POINT('',(11.846275765033,0.950401103555));
#4857 = CARTESIAN_POINT('',(11.853870759061,0.966945977759));
#4858 = CARTESIAN_POINT('',(11.879495958762,0.98348610734));
#4859 = CARTESIAN_POINT('',(11.923260633588,1.));
#4860 = ( GEOMETRIC_REPRESENTATION_CONTEXT(2) 
PARAMETRIC_REPRESENTATION_CONTEXT() REPRESENTATION_CONTEXT('2D SPACE',''
  ) );
#4861 = PCURVE('',#753,#4862);
#4862 = DEFINITIONAL_REPRESENTATION('',(#4863),#5006);
#4863 = B_SPLINE_CURVE_WITH_KNOTS('',8,(#4864,#4865,#4866,#4867,#4868,
    #4869,#4870,#4871,#4872,#4873,#4874,#4875,#4876,#4877,#4878,#4879,
    #4880,#4881,#4882,#4883,#4884,#4885,#4886,#4887,#4888,#4889,#4890,
    #4891,#4892,#4893,#4894,#4895,#4896,#4897,#4898,#4899,#4900,#4901,
    #4902,#4903,#4904,#4905,#4906,#4907,#4908,#4909,#4910,#4911,#4912,
    #4913,#4914,#4915,#4916,#4917,#4918,#4919,#4920,#4921,#4922,#4923,
    #4924,#4925,#4926,#4927,#4928,#4929,#4930,#4931,#4932,#4933,#4934,
    #4935,#4936,#4937,#4938,#4939,#4940,#4941,#4942,#4943,#4944,#4945,
    #4946,#4947,#4948,#4949,#4950,#4951,#4952,#4953,#4954,#4955,#4956,
    #4957,#4958,#4959,#4960,#4961,#4962,#4963,#4964,#4965,#4966,#4967,
    #4968,#4969,#4970,#4971,#4972,#4973,#4974,#4975,#4976,#4977,#4978,
    #4979,#4980,#4981,#4982,#4983,#4984,#4985,#4986,#4987,#4988,#4989,
    #4990,#4991,#4992,#4993,#4994,#4995,#4996,#4997,#4998,#4999,#5000,
    #5001,#5002,#5003,#5004,#5005),.UNSPECIFIED.,.F.,.F.,(9,7,7,7,7,7,7,
    7,7,7,7,7,7,7,7,7,7,7,7,7,9),(0.,3.240463845319E-02,
    6.706408283179E-02,8.242671757429E-02,0.106377269567,0.131964949915,
    0.160325620077,0.191168247442,0.241385547659,0.304012727336,
    0.341607742861,0.388641214177,0.470684843729,0.512459702776,
    0.554489848412,0.585993860447,0.617946066587,0.661597128367,
    0.679070949324,0.695303718409,0.722658926853),.UNSPECIFIED.);
#4864 = CARTESIAN_POINT('',(6.28318530718,3.045769646584));
#4865 = CARTESIAN_POINT('',(6.268861046645,3.064254229011));
#4866 = CARTESIAN_POINT('',(6.254635940423,3.082660933291));
#4867 = CARTESIAN_POINT('',(6.240507633909,3.100949804387));
#4868 = CARTESIAN_POINT('',(6.226473883059,3.1191125789));
#4869 = CARTESIAN_POINT('',(6.212532246444,3.137108943882));
#4870 = CARTESIAN_POINT('',(6.198680352278,3.154932590943));
#4871 = CARTESIAN_POINT('',(6.184915653516,3.172559842922));
#4872 = CARTESIAN_POINT('',(6.156603499551,3.208607903341));
#4873 = CARTESIAN_POINT('',(6.142068411774,3.226998015557));
#4874 = CARTESIAN_POINT('',(6.127627082905,3.245130050078));
#4875 = CARTESIAN_POINT('',(6.113276454182,3.262988426816));
#4876 = CARTESIAN_POINT('',(6.099013553758,3.280559858219));
#4877 = CARTESIAN_POINT('',(6.084835461252,3.29783306004));
#4878 = CARTESIAN_POINT('',(6.070739272296,3.314798462115));
#4879 = CARTESIAN_POINT('',(6.050509001413,3.338827712182));
#4880 = CARTESIAN_POINT('',(6.044311472306,3.346145410839));
#4881 = CARTESIAN_POINT('',(6.038129230408,3.353400305586));
#4882 = CARTESIAN_POINT('',(6.031962033534,3.360591730027));
#4883 = CARTESIAN_POINT('',(6.025809642659,3.367719060888));
#4884 = CARTESIAN_POINT('',(6.01967182192,3.374781718015));
#4885 = CARTESIAN_POINT('',(6.013548338618,3.381779164377));
#4886 = CARTESIAN_POINT('',(5.997914365671,3.399517583594));
#4887 = CARTESIAN_POINT('',(5.988424065351,3.41016474703));
#4888 = CARTESIAN_POINT('',(5.978967185096,3.42065083521));
#4889 = CARTESIAN_POINT('',(5.969542864179,3.430970300647));
#4890 = CARTESIAN_POINT('',(5.960150265431,3.441117650857));
#4891 = CARTESIAN_POINT('',(5.950788576069,3.451089183927));
#4892 = CARTESIAN_POINT('',(5.941457002218,3.460882418337));
#4893 = CARTESIAN_POINT('',(5.922216661615,3.480760957199));
#4894 = CARTESIAN_POINT('',(5.912312049928,3.490820718803));
#4895 = CARTESIAN_POINT('',(5.902439977117,3.50066861496));
#4896 = CARTESIAN_POINT('',(5.892599523434,3.51030121796));
#4897 = CARTESIAN_POINT('',(5.882789794345,3.519715559265));
#4898 = CARTESIAN_POINT('',(5.873009920529,3.528909129507));
#4899 = CARTESIAN_POINT('',(5.863259057882,3.537879878489));
#4900 = CARTESIAN_POINT('',(5.842760051251,3.556320410473));
#4901 = CARTESIAN_POINT('',(5.832018356907,3.565738894831));
#4902 = CARTESIAN_POINT('',(5.82131017981,3.57487947472));
#4903 = CARTESIAN_POINT('',(5.810634439683,3.583740605071));
#4904 = CARTESIAN_POINT('',(5.799990095009,3.592321372174));
#4905 = CARTESIAN_POINT('',(5.789376137389,3.600621476577));
#4906 = CARTESIAN_POINT('',(5.778791585907,3.608641215979));
#4907 = CARTESIAN_POINT('',(5.756755569595,3.624799101097));
#4908 = CARTESIAN_POINT('',(5.745309314875,3.632885739663));
#4909 = CARTESIAN_POINT('',(5.733895490051,3.64064514227));
#4910 = CARTESIAN_POINT('',(5.722512909685,3.648075226009));
#4911 = CARTESIAN_POINT('',(5.711160430518,3.65517338935));
#4912 = CARTESIAN_POINT('',(5.699836948377,3.661938948376));
#4913 = CARTESIAN_POINT('',(5.688541391639,3.668372686538));
#4914 = CARTESIAN_POINT('',(5.658925289101,3.684406759859));
#4915 = CARTESIAN_POINT('',(5.640649174886,3.693458026793));
#4916 = CARTESIAN_POINT('',(5.622439825138,3.701626678652));
#4917 = CARTESIAN_POINT('',(5.604292987499,3.708914177209));
#4918 = CARTESIAN_POINT('',(5.586204651952,3.715323954932));
#4919 = CARTESIAN_POINT('',(5.568171002021,3.720861283846));
#4920 = CARTESIAN_POINT('',(5.55018836598,3.725533144406));
#4921 = CARTESIAN_POINT('',(5.509885759642,3.734105808438));
#4922 = CARTESIAN_POINT('',(5.487592276679,3.737529795731));
#4923 = CARTESIAN_POINT('',(5.465365811083,3.739647415909));
#4924 = CARTESIAN_POINT('',(5.44319990626,3.740436241412));
#4925 = CARTESIAN_POINT('',(5.421088542511,3.739938069322));
#4926 = CARTESIAN_POINT('',(5.399025933872,3.738148241371));
#4927 = CARTESIAN_POINT('',(5.377006529152,3.735095865794));
#4928 = CARTESIAN_POINT('',(5.341829350904,3.728222022309));
#4929 = CARTESIAN_POINT('',(5.328647449286,3.725195720373));
#4930 = CARTESIAN_POINT('',(5.315478034784,3.721726743078));
#4931 = CARTESIAN_POINT('',(5.302319984128,3.717819751271));
#4932 = CARTESIAN_POINT('',(5.289172203191,3.713480646571));
#4933 = CARTESIAN_POINT('',(5.276033621858,3.708716433583));
#4934 = CARTESIAN_POINT('',(5.262903188359,3.703533231075));
#4935 = CARTESIAN_POINT('',(5.233361847679,3.690925518741));
#4936 = CARTESIAN_POINT('',(5.21695497314,3.683265938504));
#4937 = CARTESIAN_POINT('',(5.200557204371,3.674961398806));
#4938 = CARTESIAN_POINT('',(5.184166566058,3.666020207872));
#4939 = CARTESIAN_POINT('',(5.167781130419,3.656451256511));
#4940 = CARTESIAN_POINT('',(5.151399004959,3.646263999887));
#4941 = CARTESIAN_POINT('',(5.135018320231,3.635468439274));
#4942 = CARTESIAN_POINT('',(5.09006256473,3.604200946832));
#4943 = CARTESIAN_POINT('',(5.061486801559,3.582508110881));
#4944 = CARTESIAN_POINT('',(5.032899941194,3.559050762823));
#4945 = CARTESIAN_POINT('',(5.004292425454,3.533896347228));
#4946 = CARTESIAN_POINT('',(4.975654886999,3.507102230184));
#4947 = CARTESIAN_POINT('',(4.946978005628,3.47873074038));
#4948 = CARTESIAN_POINT('',(4.918252370869,3.448863160868));
#4949 = CARTESIAN_POINT('',(4.874812011696,3.401641059531));
#4950 = CARTESIAN_POINT('',(4.860140642913,3.385341081189));
#4951 = CARTESIAN_POINT('',(4.845452899501,3.368678324793));
#4952 = CARTESIAN_POINT('',(4.830747499579,3.35168001015));
#4953 = CARTESIAN_POINT('',(4.816023209305,3.334325281785));
#4954 = CARTESIAN_POINT('',(4.801278707054,3.316661963418));
#4955 = CARTESIAN_POINT('',(4.786512718847,3.29867910042));
#4956 = CARTESIAN_POINT('',(4.756844759423,3.261970877255));
#4957 = CARTESIAN_POINT('',(4.741942513408,3.243241979427));
#4958 = CARTESIAN_POINT('',(4.727015862019,3.224197334483));
#4959 = CARTESIAN_POINT('',(4.712063454722,3.204840505277));
#4960 = CARTESIAN_POINT('',(4.697083916748,3.185175488632));
#4961 = CARTESIAN_POINT('',(4.682075849096,3.165206715345));
#4962 = CARTESIAN_POINT('',(4.667037828535,3.144939050185));
#4963 = CARTESIAN_POINT('',(4.6406730097,3.108965945968));
#4964 = CARTESIAN_POINT('',(4.629359969279,3.093389238976));
#4965 = CARTESIAN_POINT('',(4.618028675729,3.077649944578));
#4966 = CARTESIAN_POINT('',(4.606678506957,3.06175059407));
#4967 = CARTESIAN_POINT('',(4.595308829387,3.045693976381));
#4968 = CARTESIAN_POINT('',(4.583918997957,3.029483138071));
#4969 = CARTESIAN_POINT('',(4.572508356121,3.013121383336));
#4970 = CARTESIAN_POINT('',(4.549481475683,2.979868296629));
#4971 = CARTESIAN_POINT('',(4.537864626244,2.962971576951));
#4972 = CARTESIAN_POINT('',(4.526224976805,2.945931543897));
#4973 = CARTESIAN_POINT('',(4.514561796691,2.928765163166));
#4974 = CARTESIAN_POINT('',(4.502874348726,2.911484631324));
#4975 = CARTESIAN_POINT('',(4.491161881939,2.894100755912));
#4976 = CARTESIAN_POINT('',(4.479423621821,2.876627962925));
#4977 = CARTESIAN_POINT('',(4.451586396489,2.835099695837));
#4978 = CARTESIAN_POINT('',(4.43546442712,2.810976787858));
#4979 = CARTESIAN_POINT('',(4.419290826497,2.786737897338));
#4980 = CARTESIAN_POINT('',(4.403063522766,2.762410856772));
#4981 = CARTESIAN_POINT('',(4.386780395425,2.738021173437));
#4982 = CARTESIAN_POINT('',(4.370439256763,2.713591619907));
#4983 = CARTESIAN_POINT('',(4.354037833286,2.689141824572));
#4984 = CARTESIAN_POINT('',(4.330983059978,2.65489877241));
#4985 = CARTESIAN_POINT('',(4.324382335007,2.645108995825));
#4986 = CARTESIAN_POINT('',(4.317771420246,2.635320234903));
#4987 = CARTESIAN_POINT('',(4.311150167806,2.625530221395));
#4988 = CARTESIAN_POINT('',(4.304518415024,2.615745581203));
#4989 = CARTESIAN_POINT('',(4.297876005408,2.605967084869));
#4990 = CARTESIAN_POINT('',(4.291222801238,2.596180759569));
#4991 = CARTESIAN_POINT('',(4.278367790166,2.577291409584));
#4992 = CARTESIAN_POINT('',(4.272167485901,2.568188427356));
#4993 = CARTESIAN_POINT('',(4.265957602603,2.559076654319));
#4994 = CARTESIAN_POINT('',(4.259738013918,2.549953595895));
#4995 = CARTESIAN_POINT('',(4.253508591416,2.540817000509));
#4996 = CARTESIAN_POINT('',(4.247269204587,2.531664859589));
#4997 = CARTESIAN_POINT('',(4.241019720843,2.522495407567));
#4998 = CARTESIAN_POINT('',(4.224211231207,2.497823166619));
#4999 = CARTESIAN_POINT('',(4.213633426389,2.482285837787));
#5000 = CARTESIAN_POINT('',(4.203025925417,2.466687828767));
#5001 = CARTESIAN_POINT('',(4.192388055975,2.451024044992));
#5002 = CARTESIAN_POINT('',(4.181719135407,2.435291668782));
#5003 = CARTESIAN_POINT('',(4.171018467045,2.419490224187));
#5004 = CARTESIAN_POINT('',(4.160285336539,2.40362164183));
#5005 = CARTESIAN_POINT('',(4.14951900818,2.387690323751));
#5006 = ( GEOMETRIC_REPRESENTATION_CONTEXT(2) 
PARAMETRIC_REPRESENTATION_CONTEXT() REPRESENTATION_CONTEXT('2D SPACE',''
  ) );
#5007 = ADVANCED_FACE('',(#5008),#753,.F.);
#5008 = FACE_BOUND('',#5009,.F.);
#5009 = EDGE_LOOP('',(#5010,#5011,#5012,#5013,#5034,#5063));
#5010 = ORIENTED_EDGE('',*,*,#2922,.T.);
#5011 = ORIENTED_EDGE('',*,*,#235,.T.);
#5012 = ORIENTED_EDGE('',*,*,#4444,.T.);
#5013 = ORIENTED_EDGE('',*,*,#5014,.F.);
#5014 = EDGE_CURVE('',#5015,#4402,#5017,.T.);
#5015 = VERTEX_POINT('',#5016);
#5016 = CARTESIAN_POINT('',(28.79144776439,33.531575047023,10.5));
#5017 = SURFACE_CURVE('',#5018,(#5022,#5028),.PCURVE_S1.);
#5018 = LINE('',#5019,#5020);
#5019 = CARTESIAN_POINT('',(28.791447764389,33.531575047024,9.5));
#5020 = VECTOR('',#5021,1.);
#5021 = DIRECTION('',(0.,0.,1.));
#5022 = PCURVE('',#753,#5023);
#5023 = DEFINITIONAL_REPRESENTATION('',(#5024),#5027);
#5024 = B_SPLINE_CURVE_WITH_KNOTS('',1,(#5025,#5026),.UNSPECIFIED.,.F.,
  .F.,(2,2),(1.,2.387690323751),.PIECEWISE_BEZIER_KNOTS.);
#5025 = CARTESIAN_POINT('',(4.149519008425,1.));
#5026 = CARTESIAN_POINT('',(4.149519008425,2.387690323751));
#5027 = ( GEOMETRIC_REPRESENTATION_CONTEXT(2) 
PARAMETRIC_REPRESENTATION_CONTEXT() REPRESENTATION_CONTEXT('2D SPACE',''
  ) );
#5028 = PCURVE('',#2904,#5029);
#5029 = DEFINITIONAL_REPRESENTATION('',(#5030),#5033);
#5030 = B_SPLINE_CURVE_WITH_KNOTS('',1,(#5031,#5032),.UNSPECIFIED.,.F.,
  .F.,(2,2),(1.,2.387690323751),.PIECEWISE_BEZIER_KNOTS.);
#5031 = CARTESIAN_POINT('',(5.934201805186,0.));
#5032 = CARTESIAN_POINT('',(5.934201805186,1.387690323751));
#5033 = ( GEOMETRIC_REPRESENTATION_CONTEXT(2) 
PARAMETRIC_REPRESENTATION_CONTEXT() REPRESENTATION_CONTEXT('2D SPACE',''
  ) );
#5034 = ORIENTED_EDGE('',*,*,#5035,.F.);
#5035 = EDGE_CURVE('',#5036,#5015,#5038,.T.);
#5036 = VERTEX_POINT('',#5037);
#5037 = CARTESIAN_POINT('',(23.874255136087,37.193197378026,10.5));
#5038 = SURFACE_CURVE('',#5039,(#5044,#5051),.PCURVE_S1.);
#5039 = CIRCLE('',#5040,39.745);
#5040 = AXIS2_PLACEMENT_3D('',#5041,#5042,#5043);
#5041 = CARTESIAN_POINT('',(50.,67.145,10.5));
#5042 = DIRECTION('',(-0.,0.,-1.));
#5043 = DIRECTION('',(-0.657334126655,-0.753599260837,0.));
#5044 = PCURVE('',#753,#5045);
#5045 = DEFINITIONAL_REPRESENTATION('',(#5046),#5050);
#5046 = LINE('',#5047,#5048);
#5047 = CARTESIAN_POINT('',(10.27829852996,1.));
#5048 = VECTOR('',#5049,1.);
#5049 = DIRECTION('',(-1.,-0.));
#5050 = ( GEOMETRIC_REPRESENTATION_CONTEXT(2) 
PARAMETRIC_REPRESENTATION_CONTEXT() REPRESENTATION_CONTEXT('2D SPACE',''
  ) );
#5051 = PCURVE('',#5052,#5057);
#5052 = PLANE('',#5053);
#5053 = AXIS2_PLACEMENT_3D('',#5054,#5055,#5056);
#5054 = CARTESIAN_POINT('',(48.904149354464,90.2175,10.5));
#5055 = DIRECTION('',(-7.297298661678E-18,-1.194146827211E-18,-1.));
#5056 = DIRECTION('',(-0.99811329608,6.139908946952E-02,
    7.210211291806E-18));
#5057 = DEFINITIONAL_REPRESENTATION('',(#5058),#5062);
#5058 = CIRCLE('',#5059,39.745);
#5059 = AXIS2_PLACEMENT_2D('',#5060,#5061);
#5060 = CARTESIAN_POINT('',(-2.510413591613,-22.96168479198));
#5061 = DIRECTION('',(0.609823623342,-0.792537159012));
#5062 = ( GEOMETRIC_REPRESENTATION_CONTEXT(2) 
PARAMETRIC_REPRESENTATION_CONTEXT() REPRESENTATION_CONTEXT('2D SPACE',''
  ) );
#5063 = ORIENTED_EDGE('',*,*,#5064,.T.);
#5064 = EDGE_CURVE('',#5036,#2709,#5065,.T.);
#5065 = SURFACE_CURVE('',#5066,(#5070,#5076),.PCURVE_S1.);
#5066 = LINE('',#5067,#5068);
#5067 = CARTESIAN_POINT('',(23.874255136087,37.193197378026,9.5));
#5068 = VECTOR('',#5069,1.);
#5069 = DIRECTION('',(0.,0.,1.));
#5070 = PCURVE('',#753,#5071);
#5071 = DEFINITIONAL_REPRESENTATION('',(#5072),#5075);
#5072 = B_SPLINE_CURVE_WITH_KNOTS('',1,(#5073,#5074),.UNSPECIFIED.,.F.,
  .F.,(2,2),(1.,2.162037749512),.PIECEWISE_BEZIER_KNOTS.);
#5073 = CARTESIAN_POINT('',(10.27829852996,1.));
#5074 = CARTESIAN_POINT('',(10.27829852996,2.162037749512));
#5075 = ( GEOMETRIC_REPRESENTATION_CONTEXT(2) 
PARAMETRIC_REPRESENTATION_CONTEXT() REPRESENTATION_CONTEXT('2D SPACE',''
  ) );
#5076 = PCURVE('',#2904,#5077);
#5077 = DEFINITIONAL_REPRESENTATION('',(#5078),#5081);
#5078 = B_SPLINE_CURVE_WITH_KNOTS('',1,(#5079,#5080),.UNSPECIFIED.,.F.,
  .F.,(2,2),(1.,2.162037749512),.PIECEWISE_BEZIER_KNOTS.);
#5079 = CARTESIAN_POINT('',(8.493615733198,0.));
#5080 = CARTESIAN_POINT('',(8.493615733198,1.162037749512));
#5081 = ( GEOMETRIC_REPRESENTATION_CONTEXT(2) 
PARAMETRIC_REPRESENTATION_CONTEXT() REPRESENTATION_CONTEXT('2D SPACE',''
  ) );
#5082 = ADVANCED_FACE('',(#5083),#2904,.T.);
#5083 = FACE_BOUND('',#5084,.T.);
#5084 = EDGE_LOOP('',(#5085,#5111,#5112,#5113,#5114,#5140,#5141,#5142));
#5085 = ORIENTED_EDGE('',*,*,#5086,.T.);
#5086 = EDGE_CURVE('',#3401,#3511,#5087,.T.);
#5087 = SURFACE_CURVE('',#5088,(#5093,#5100),.PCURVE_S1.);
#5088 = CIRCLE('',#5089,3.2);
#5089 = AXIS2_PLACEMENT_3D('',#5090,#5091,#5092);
#5090 = CARTESIAN_POINT('',(25.784341260667,34.62579187895,15.5));
#5091 = DIRECTION('',(0.,0.,-1.));
#5092 = DIRECTION('',(-0.622844838627,0.782345388557,0.));
#5093 = PCURVE('',#2904,#5094);
#5094 = DEFINITIONAL_REPRESENTATION('',(#5095),#5099);
#5095 = LINE('',#5096,#5097);
#5096 = CARTESIAN_POINT('',(8.526355391885,5.));
#5097 = VECTOR('',#5098,1.);
#5098 = DIRECTION('',(-1.,-0.));
#5099 = ( GEOMETRIC_REPRESENTATION_CONTEXT(2) 
PARAMETRIC_REPRESENTATION_CONTEXT() REPRESENTATION_CONTEXT('2D SPACE',''
  ) );
#5100 = PCURVE('',#3530,#5101);
#5101 = DEFINITIONAL_REPRESENTATION('',(#5102),#5110);
#5102 = ( BOUNDED_CURVE() B_SPLINE_CURVE(2,(#5103,#5104,#5105,#5106,
#5107,#5108,#5109),.UNSPECIFIED.,.T.,.F.) B_SPLINE_CURVE_WITH_KNOTS((1,2
    ,2,2,2,1),(-2.094395102393,0.,2.094395102393,4.188790204786,
6.28318530718,8.377580409573),.UNSPECIFIED.) CURVE() 
GEOMETRIC_REPRESENTATION_ITEM() RATIONAL_B_SPLINE_CURVE((1.,0.5,1.,0.5,
1.,0.5,1.)) REPRESENTATION_ITEM('') );
#5103 = CARTESIAN_POINT('',(-1.993103483606,2.503505243382));
#5104 = CARTESIAN_POINT('',(2.343094794946,5.955661741729));
#5105 = CARTESIAN_POINT('',(3.164650881079,0.474325627483));
#5106 = CARTESIAN_POINT('',(3.986206967211,-5.007010486763));
#5107 = CARTESIAN_POINT('',(-1.171547397473,-2.977830870865));
#5108 = CARTESIAN_POINT('',(-6.329301762158,-0.948651254966));
#5109 = CARTESIAN_POINT('',(-1.993103483606,2.503505243382));
#5110 = ( GEOMETRIC_REPRESENTATION_CONTEXT(2) 
PARAMETRIC_REPRESENTATION_CONTEXT() REPRESENTATION_CONTEXT('2D SPACE',''
  ) );
#5111 = ORIENTED_EDGE('',*,*,#3544,.F.);
#5112 = ORIENTED_EDGE('',*,*,#4401,.F.);
#5113 = ORIENTED_EDGE('',*,*,#5014,.F.);
#5114 = ORIENTED_EDGE('',*,*,#5115,.T.);
#5115 = EDGE_CURVE('',#5015,#5036,#5116,.T.);
#5116 = SURFACE_CURVE('',#5117,(#5122,#5129),.PCURVE_S1.);
#5117 = CIRCLE('',#5118,3.2);
#5118 = AXIS2_PLACEMENT_3D('',#5119,#5120,#5121);
#5119 = CARTESIAN_POINT('',(25.784341260667,34.62579187895,10.5));
#5120 = DIRECTION('',(-0.,0.,1.));
#5121 = DIRECTION('',(0.939720782413,-0.341942759977,0.));
#5122 = PCURVE('',#2904,#5123);
#5123 = DEFINITIONAL_REPRESENTATION('',(#5124),#5128);
#5124 = LINE('',#5125,#5126);
#5125 = CARTESIAN_POINT('',(5.934201805186,0.));
#5126 = VECTOR('',#5127,1.);
#5127 = DIRECTION('',(1.,0.));
#5128 = ( GEOMETRIC_REPRESENTATION_CONTEXT(2) 
PARAMETRIC_REPRESENTATION_CONTEXT() REPRESENTATION_CONTEXT('2D SPACE',''
  ) );
#5129 = PCURVE('',#5052,#5130);
#5130 = DEFINITIONAL_REPRESENTATION('',(#5131),#5139);
#5131 = ( BOUNDED_CURVE() B_SPLINE_CURVE(2,(#5132,#5133,#5134,#5135,
#5136,#5137,#5138),.UNSPECIFIED.,.T.,.F.) B_SPLINE_CURVE_WITH_KNOTS((1,2
    ,2,2,2,1),(-2.094395102393,0.,2.094395102393,4.188790204786,
6.28318530718,8.377580409573),.UNSPECIFIED.) CURVE() 
GEOMETRIC_REPRESENTATION_ITEM() RATIONAL_B_SPLINE_CURVE((1.,0.5,1.,0.5,
1.,0.5,1.)) REPRESENTATION_ITEM('') );
#5132 = CARTESIAN_POINT('',(16.594290699299,-57.81387696058));
#5133 = CARTESIAN_POINT('',(15.022422085212,-52.49887657863));
#5134 = CARTESIAN_POINT('',(20.411281744141,-53.79509861839));
#5135 = CARTESIAN_POINT('',(25.800141403071,-55.09132065815));
#5136 = CARTESIAN_POINT('',(21.983150358229,-59.11009900033));
#5137 = CARTESIAN_POINT('',(18.166159313387,-63.12887734252));
#5138 = CARTESIAN_POINT('',(16.594290699299,-57.81387696058));
#5139 = ( GEOMETRIC_REPRESENTATION_CONTEXT(2) 
PARAMETRIC_REPRESENTATION_CONTEXT() REPRESENTATION_CONTEXT('2D SPACE',''
  ) );
#5140 = ORIENTED_EDGE('',*,*,#5064,.T.);
#5141 = ORIENTED_EDGE('',*,*,#2708,.F.);
#5142 = ORIENTED_EDGE('',*,*,#3400,.T.);
#5143 = ADVANCED_FACE('',(#5144),#4385,.F.);
#5144 = FACE_BOUND('',#5145,.F.);
#5145 = EDGE_LOOP('',(#5146,#5147,#5170,#5197));
#5146 = ORIENTED_EDGE('',*,*,#4370,.T.);
#5147 = ORIENTED_EDGE('',*,*,#5148,.T.);
#5148 = EDGE_CURVE('',#4345,#5149,#5151,.T.);
#5149 = VERTEX_POINT('',#5150);
#5150 = CARTESIAN_POINT('',(89.745,67.145,32.5));
#5151 = SEAM_CURVE('',#5152,(#5156,#5163),.PCURVE_S1.);
#5152 = LINE('',#5153,#5154);
#5153 = CARTESIAN_POINT('',(89.745,67.145,23.25));
#5154 = VECTOR('',#5155,1.);
#5155 = DIRECTION('',(0.,0.,1.));
#5156 = PCURVE('',#4385,#5157);
#5157 = DEFINITIONAL_REPRESENTATION('',(#5158),#5162);
#5158 = LINE('',#5159,#5160);
#5159 = CARTESIAN_POINT('',(0.,0.));
#5160 = VECTOR('',#5161,1.);
#5161 = DIRECTION('',(0.,1.));
#5162 = ( GEOMETRIC_REPRESENTATION_CONTEXT(2) 
PARAMETRIC_REPRESENTATION_CONTEXT() REPRESENTATION_CONTEXT('2D SPACE',''
  ) );
#5163 = PCURVE('',#4385,#5164);
#5164 = DEFINITIONAL_REPRESENTATION('',(#5165),#5169);
#5165 = LINE('',#5166,#5167);
#5166 = CARTESIAN_POINT('',(6.28318530718,0.));
#5167 = VECTOR('',#5168,1.);
#5168 = DIRECTION('',(0.,1.));
#5169 = ( GEOMETRIC_REPRESENTATION_CONTEXT(2) 
PARAMETRIC_REPRESENTATION_CONTEXT() REPRESENTATION_CONTEXT('2D SPACE',''
  ) );
#5170 = ORIENTED_EDGE('',*,*,#5171,.F.);
#5171 = EDGE_CURVE('',#5149,#5149,#5172,.T.);
#5172 = SURFACE_CURVE('',#5173,(#5178,#5185),.PCURVE_S1.);
#5173 = CIRCLE('',#5174,39.745);
#5174 = AXIS2_PLACEMENT_3D('',#5175,#5176,#5177);
#5175 = CARTESIAN_POINT('',(50.,67.145,32.5));
#5176 = DIRECTION('',(0.,0.,1.));
#5177 = DIRECTION('',(1.,0.,-0.));
#5178 = PCURVE('',#4385,#5179);
#5179 = DEFINITIONAL_REPRESENTATION('',(#5180),#5184);
#5180 = LINE('',#5181,#5182);
#5181 = CARTESIAN_POINT('',(0.,9.25));
#5182 = VECTOR('',#5183,1.);
#5183 = DIRECTION('',(1.,0.));
#5184 = ( GEOMETRIC_REPRESENTATION_CONTEXT(2) 
PARAMETRIC_REPRESENTATION_CONTEXT() REPRESENTATION_CONTEXT('2D SPACE',''
  ) );
#5185 = PCURVE('',#5186,#5191);
#5186 = TOROIDAL_SURFACE('',#5187,43.745,4.);
#5187 = AXIS2_PLACEMENT_3D('',#5188,#5189,#5190);
#5188 = CARTESIAN_POINT('',(50.,67.145,32.5));
#5189 = DIRECTION('',(-0.,-0.,-1.));
#5190 = DIRECTION('',(1.,0.,-0.));
#5191 = DEFINITIONAL_REPRESENTATION('',(#5192),#5196);
#5192 = LINE('',#5193,#5194);
#5193 = CARTESIAN_POINT('',(-0.,3.14159265359));
#5194 = VECTOR('',#5195,1.);
#5195 = DIRECTION('',(-1.,0.));
#5196 = ( GEOMETRIC_REPRESENTATION_CONTEXT(2) 
PARAMETRIC_REPRESENTATION_CONTEXT() REPRESENTATION_CONTEXT('2D SPACE',''
  ) );
#5197 = ORIENTED_EDGE('',*,*,#5148,.F.);
#5198 = ADVANCED_FACE('',(#5199),#3530,.T.);
#5199 = FACE_BOUND('',#5200,.T.);
#5200 = EDGE_LOOP('',(#5201,#5202));
#5201 = ORIENTED_EDGE('',*,*,#3510,.F.);
#5202 = ORIENTED_EDGE('',*,*,#5086,.F.);
#5203 = ADVANCED_FACE('',(#5204,#5340,#5375),#5052,.T.);
#5204 = FACE_BOUND('',#5205,.T.);
#5205 = EDGE_LOOP('',(#5206,#5233,#5261,#5289,#5317));
#5206 = ORIENTED_EDGE('',*,*,#5207,.T.);
#5207 = EDGE_CURVE('',#5208,#5210,#5212,.T.);
#5208 = VERTEX_POINT('',#5209);
#5209 = CARTESIAN_POINT('',(0.5,67.145,10.5));
#5210 = VERTEX_POINT('',#5211);
#5211 = CARTESIAN_POINT('',(10.146900381607,113.29,10.5));
#5212 = SURFACE_CURVE('',#5213,(#5216,#5222),.PCURVE_S1.);
#5213 = B_SPLINE_CURVE_WITH_KNOTS('',1,(#5214,#5215),.UNSPECIFIED.,.F.,
  .F.,(2,2),(0.,1.),.PIECEWISE_BEZIER_KNOTS.);
#5214 = CARTESIAN_POINT('',(0.5,67.145,10.5));
#5215 = CARTESIAN_POINT('',(10.146900381607,113.29,10.5));
#5216 = PCURVE('',#5052,#5217);
#5217 = DEFINITIONAL_REPRESENTATION('',(#5218),#5221);
#5218 = B_SPLINE_CURVE_WITH_KNOTS('',1,(#5219,#5220),.UNSPECIFIED.,.F.,
  .F.,(2,2),(0.,1.),.PIECEWISE_BEZIER_KNOTS.);
#5219 = CARTESIAN_POINT('',(46.896194564363,-26.00093972072));
#5220 = CARTESIAN_POINT('',(40.10075601109,20.649309226536));
#5221 = ( GEOMETRIC_REPRESENTATION_CONTEXT(2) 
PARAMETRIC_REPRESENTATION_CONTEXT() REPRESENTATION_CONTEXT('2D SPACE',''
  ) );
#5222 = PCURVE('',#5223,#5228);
#5223 = PLANE('',#5224);
#5224 = AXIS2_PLACEMENT_3D('',#5225,#5226,#5227);
#5225 = CARTESIAN_POINT('',(10.146900381607,113.29,10.5));
#5226 = DIRECTION('',(-0.97883889769,0.204632383479,0.));
#5227 = DIRECTION('',(0.,0.,1.));
#5228 = DEFINITIONAL_REPRESENTATION('',(#5229),#5232);
#5229 = B_SPLINE_CURVE_WITH_KNOTS('',1,(#5230,#5231),.UNSPECIFIED.,.F.,
  .F.,(2,2),(0.,1.),.PIECEWISE_BEZIER_KNOTS.);
#5230 = CARTESIAN_POINT('',(0.,-47.14258915219));
#5231 = CARTESIAN_POINT('',(0.,0.));
#5232 = ( GEOMETRIC_REPRESENTATION_CONTEXT(2) 
PARAMETRIC_REPRESENTATION_CONTEXT() REPRESENTATION_CONTEXT('2D SPACE',''
  ) );
#5233 = ORIENTED_EDGE('',*,*,#5234,.F.);
#5234 = EDGE_CURVE('',#5235,#5210,#5237,.T.);
#5235 = VERTEX_POINT('',#5236);
#5236 = CARTESIAN_POINT('',(80.110123822002,113.29,10.5));
#5237 = SURFACE_CURVE('',#5238,(#5242,#5249),.PCURVE_S1.);
#5238 = LINE('',#5239,#5240);
#5239 = CARTESIAN_POINT('',(80.110123822002,113.29,10.5));
#5240 = VECTOR('',#5241,1.);
#5241 = DIRECTION('',(-1.,0.,0.));
#5242 = PCURVE('',#5052,#5243);
#5243 = DEFINITIONAL_REPRESENTATION('',(#5244),#5248);
#5244 = LINE('',#5245,#5246);
#5245 = CARTESIAN_POINT('',(-29.7304675414,24.944987442129));
#5246 = VECTOR('',#5247,1.);
#5247 = DIRECTION('',(0.99811329608,-6.139908946952E-02));
#5248 = ( GEOMETRIC_REPRESENTATION_CONTEXT(2) 
PARAMETRIC_REPRESENTATION_CONTEXT() REPRESENTATION_CONTEXT('2D SPACE',''
  ) );
#5249 = PCURVE('',#5250,#5255);
#5250 = PLANE('',#5251);
#5251 = AXIS2_PLACEMENT_3D('',#5252,#5253,#5254);
#5252 = CARTESIAN_POINT('',(10.146900381607,113.29,11.4));
#5253 = DIRECTION('',(1.346137452148E-16,-1.,1.046445726068E-14));
#5254 = DIRECTION('',(0.999917270289,-2.465190328816E-32,
    -1.286283705935E-02));
#5255 = DEFINITIONAL_REPRESENTATION('',(#5256),#5260);
#5256 = LINE('',#5257,#5258);
#5257 = CARTESIAN_POINT('',(69.969011956513,1.110223024625E-16));
#5258 = VECTOR('',#5259,1.);
#5259 = DIRECTION('',(-0.999917270289,-1.286283705935E-02));
#5260 = ( GEOMETRIC_REPRESENTATION_CONTEXT(2) 
PARAMETRIC_REPRESENTATION_CONTEXT() REPRESENTATION_CONTEXT('2D SPACE',''
  ) );
#5261 = ORIENTED_EDGE('',*,*,#5262,.F.);
#5262 = EDGE_CURVE('',#5263,#5235,#5265,.T.);
#5263 = VERTEX_POINT('',#5264);
#5264 = CARTESIAN_POINT('',(128.,24.,10.5));
#5265 = SURFACE_CURVE('',#5266,(#5270,#5277),.PCURVE_S1.);
#5266 = LINE('',#5267,#5268);
#5267 = CARTESIAN_POINT('',(128.,24.,10.5));
#5268 = VECTOR('',#5269,1.);
#5269 = DIRECTION('',(-0.472650401461,0.881250020141,0.));
#5270 = PCURVE('',#5052,#5271);
#5271 = DEFINITIONAL_REPRESENTATION('',(#5272),#5276);
#5272 = LINE('',#5273,#5274);
#5273 = CARTESIAN_POINT('',(-83.01231440104,-61.23615397274));
#5274 = VECTOR('',#5275,1.);
#5275 = DIRECTION('',(0.525866598927,0.850567057987));
#5276 = ( GEOMETRIC_REPRESENTATION_CONTEXT(2) 
PARAMETRIC_REPRESENTATION_CONTEXT() REPRESENTATION_CONTEXT('2D SPACE',''
  ) );
#5277 = PCURVE('',#5278,#5283);
#5278 = PLANE('',#5279);
#5279 = AXIS2_PLACEMENT_3D('',#5280,#5281,#5282);
#5280 = CARTESIAN_POINT('',(80.110123822002,113.29,11.3));
#5281 = DIRECTION('',(0.881250020141,0.472650401461,0.));
#5282 = DIRECTION('',(0.,0.,-1.));
#5283 = DEFINITIONAL_REPRESENTATION('',(#5284),#5288);
#5284 = LINE('',#5285,#5286);
#5285 = CARTESIAN_POINT('',(0.8,-101.3219834998));
#5286 = VECTOR('',#5287,1.);
#5287 = DIRECTION('',(0.,1.));
#5288 = ( GEOMETRIC_REPRESENTATION_CONTEXT(2) 
PARAMETRIC_REPRESENTATION_CONTEXT() REPRESENTATION_CONTEXT('2D SPACE',''
  ) );
#5289 = ORIENTED_EDGE('',*,*,#5290,.T.);
#5290 = EDGE_CURVE('',#5263,#5291,#5293,.T.);
#5291 = VERTEX_POINT('',#5292);
#5292 = CARTESIAN_POINT('',(0.5,24.,10.5));
#5293 = SURFACE_CURVE('',#5294,(#5298,#5305),.PCURVE_S1.);
#5294 = LINE('',#5295,#5296);
#5295 = CARTESIAN_POINT('',(128.,24.,10.5));
#5296 = VECTOR('',#5297,1.);
#5297 = DIRECTION('',(-1.,0.,0.));
#5298 = PCURVE('',#5052,#5299);
#5299 = DEFINITIONAL_REPRESENTATION('',(#5300),#5304);
#5300 = LINE('',#5301,#5302);
#5301 = CARTESIAN_POINT('',(-83.01231440104,-61.23615397274));
#5302 = VECTOR('',#5303,1.);
#5303 = DIRECTION('',(0.99811329608,-6.139908946952E-02));
#5304 = ( GEOMETRIC_REPRESENTATION_CONTEXT(2) 
PARAMETRIC_REPRESENTATION_CONTEXT() REPRESENTATION_CONTEXT('2D SPACE',''
  ) );
#5305 = PCURVE('',#5306,#5311);
#5306 = PLANE('',#5307);
#5307 = AXIS2_PLACEMENT_3D('',#5308,#5309,#5310);
#5308 = CARTESIAN_POINT('',(0.5,24.,11.4));
#5309 = DIRECTION('',(0.,-1.,0.));
#5310 = DIRECTION('',(0.999975087436,0.,-7.05864767602E-03));
#5311 = DEFINITIONAL_REPRESENTATION('',(#5312),#5316);
#5312 = LINE('',#5313,#5314);
#5313 = CARTESIAN_POINT('',(127.50317643102,0.));
#5314 = VECTOR('',#5315,1.);
#5315 = DIRECTION('',(-0.999975087436,-7.05864767602E-03));
#5316 = ( GEOMETRIC_REPRESENTATION_CONTEXT(2) 
PARAMETRIC_REPRESENTATION_CONTEXT() REPRESENTATION_CONTEXT('2D SPACE',''
  ) );
#5317 = ORIENTED_EDGE('',*,*,#5318,.T.);
#5318 = EDGE_CURVE('',#5291,#5208,#5319,.T.);
#5319 = SURFACE_CURVE('',#5320,(#5323,#5329),.PCURVE_S1.);
#5320 = B_SPLINE_CURVE_WITH_KNOTS('',1,(#5321,#5322),.UNSPECIFIED.,.F.,
  .F.,(2,2),(0.,1.),.PIECEWISE_BEZIER_KNOTS.);
#5321 = CARTESIAN_POINT('',(0.5,24.,10.5));
#5322 = CARTESIAN_POINT('',(0.5,67.145,10.5));
#5323 = PCURVE('',#5052,#5324);
#5324 = DEFINITIONAL_REPRESENTATION('',(#5325),#5328);
#5325 = B_SPLINE_CURVE_WITH_KNOTS('',1,(#5326,#5327),.UNSPECIFIED.,.F.,
  .F.,(2,2),(0.,1.),.PIECEWISE_BEZIER_KNOTS.);
#5326 = CARTESIAN_POINT('',(44.247130849201,-69.0645378801));
#5327 = CARTESIAN_POINT('',(46.896194564363,-26.00093972072));
#5328 = ( GEOMETRIC_REPRESENTATION_CONTEXT(2) 
PARAMETRIC_REPRESENTATION_CONTEXT() REPRESENTATION_CONTEXT('2D SPACE',''
  ) );
#5329 = PCURVE('',#5330,#5335);
#5330 = PLANE('',#5331);
#5331 = AXIS2_PLACEMENT_3D('',#5332,#5333,#5334);
#5332 = CARTESIAN_POINT('',(0.5,67.145,10.5));
#5333 = DIRECTION('',(-1.,0.,0.));
#5334 = DIRECTION('',(0.,0.,1.));
#5335 = DEFINITIONAL_REPRESENTATION('',(#5336),#5339);
#5336 = B_SPLINE_CURVE_WITH_KNOTS('',1,(#5337,#5338),.UNSPECIFIED.,.F.,
  .F.,(2,2),(0.,1.),.PIECEWISE_BEZIER_KNOTS.);
#5337 = CARTESIAN_POINT('',(0.,-43.145));
#5338 = CARTESIAN_POINT('',(0.,0.));
#5339 = ( GEOMETRIC_REPRESENTATION_CONTEXT(2) 
PARAMETRIC_REPRESENTATION_CONTEXT() REPRESENTATION_CONTEXT('2D SPACE',''
  ) );
#5340 = FACE_BOUND('',#5341,.T.);
#5341 = EDGE_LOOP('',(#5342));
#5342 = ORIENTED_EDGE('',*,*,#5343,.T.);
#5343 = EDGE_CURVE('',#5344,#5344,#5346,.T.);
#5344 = VERTEX_POINT('',#5345);
#5345 = CARTESIAN_POINT('',(26.584341260667,34.62579187895,10.5));
#5346 = SURFACE_CURVE('',#5347,(#5352,#5363),.PCURVE_S1.);
#5347 = CIRCLE('',#5348,0.8);
#5348 = AXIS2_PLACEMENT_3D('',#5349,#5350,#5351);
#5349 = CARTESIAN_POINT('',(25.784341260667,34.62579187895,10.5));
#5350 = DIRECTION('',(0.,0.,1.));
#5351 = DIRECTION('',(1.,0.,-0.));
#5352 = PCURVE('',#5052,#5353);
#5353 = DEFINITIONAL_REPRESENTATION('',(#5354),#5362);
#5354 = ( BOUNDED_CURVE() B_SPLINE_CURVE(2,(#5355,#5356,#5357,#5358,
#5359,#5360,#5361),.UNSPECIFIED.,.T.,.F.) B_SPLINE_CURVE_WITH_KNOTS((1,2
    ,2,2,2,1),(-2.094395102393,0.,2.094395102393,4.188790204786,
6.28318530718,8.377580409573),.UNSPECIFIED.) CURVE() 
GEOMETRIC_REPRESENTATION_ITEM() RATIONAL_B_SPLINE_CURVE((1.,0.5,1.,0.5,
1.,0.5,1.)) REPRESENTATION_ITEM('') );
#5355 = CARTESIAN_POINT('',(18.864416963692,-56.85723892153));
#5356 = CARTESIAN_POINT('',(18.949494037692,-55.47421256911));
#5357 = CARTESIAN_POINT('',(20.104691455989,-56.23940465268));
#5358 = CARTESIAN_POINT('',(21.259888874285,-57.00459673625));
#5359 = CARTESIAN_POINT('',(20.019614381989,-57.6224310051));
#5360 = CARTESIAN_POINT('',(18.779339889693,-58.24026527394));
#5361 = CARTESIAN_POINT('',(18.864416963692,-56.85723892153));
#5362 = ( GEOMETRIC_REPRESENTATION_CONTEXT(2) 
PARAMETRIC_REPRESENTATION_CONTEXT() REPRESENTATION_CONTEXT('2D SPACE',''
  ) );
#5363 = PCURVE('',#5364,#5369);
#5364 = CYLINDRICAL_SURFACE('',#5365,0.8);
#5365 = AXIS2_PLACEMENT_3D('',#5366,#5367,#5368);
#5366 = CARTESIAN_POINT('',(25.784341260667,34.62579187895,10.4));
#5367 = DIRECTION('',(0.,0.,1.));
#5368 = DIRECTION('',(1.,0.,-0.));
#5369 = DEFINITIONAL_REPRESENTATION('',(#5370),#5374);
#5370 = LINE('',#5371,#5372);
#5371 = CARTESIAN_POINT('',(0.,1.E-01));
#5372 = VECTOR('',#5373,1.);
#5373 = DIRECTION('',(1.,0.));
#5374 = ( GEOMETRIC_REPRESENTATION_CONTEXT(2) 
PARAMETRIC_REPRESENTATION_CONTEXT() REPRESENTATION_CONTEXT('2D SPACE',''
  ) );
#5375 = FACE_BOUND('',#5376,.T.);
#5376 = EDGE_LOOP('',(#5377,#5378));
#5377 = ORIENTED_EDGE('',*,*,#5035,.F.);
#5378 = ORIENTED_EDGE('',*,*,#5115,.F.);
#5379 = ADVANCED_FACE('',(#5380),#5186,.T.);
#5380 = FACE_BOUND('',#5381,.F.);
#5381 = EDGE_LOOP('',(#5382,#5383,#5407,#5434));
#5382 = ORIENTED_EDGE('',*,*,#5171,.T.);
#5383 = ORIENTED_EDGE('',*,*,#5384,.T.);
#5384 = EDGE_CURVE('',#5149,#5385,#5387,.T.);
#5385 = VERTEX_POINT('',#5386);
#5386 = CARTESIAN_POINT('',(93.745,67.145,36.5));
#5387 = SEAM_CURVE('',#5388,(#5393,#5400),.PCURVE_S1.);
#5388 = CIRCLE('',#5389,4.);
#5389 = AXIS2_PLACEMENT_3D('',#5390,#5391,#5392);
#5390 = CARTESIAN_POINT('',(93.745,67.145,32.5));
#5391 = DIRECTION('',(0.,1.,-0.));
#5392 = DIRECTION('',(-1.,0.,0.));
#5393 = PCURVE('',#5186,#5394);
#5394 = DEFINITIONAL_REPRESENTATION('',(#5395),#5399);
#5395 = LINE('',#5396,#5397);
#5396 = CARTESIAN_POINT('',(-0.,3.14159265359));
#5397 = VECTOR('',#5398,1.);
#5398 = DIRECTION('',(-0.,1.));
#5399 = ( GEOMETRIC_REPRESENTATION_CONTEXT(2) 
PARAMETRIC_REPRESENTATION_CONTEXT() REPRESENTATION_CONTEXT('2D SPACE',''
  ) );
#5400 = PCURVE('',#5186,#5401);
#5401 = DEFINITIONAL_REPRESENTATION('',(#5402),#5406);
#5402 = LINE('',#5403,#5404);
#5403 = CARTESIAN_POINT('',(-6.28318530718,3.14159265359));
#5404 = VECTOR('',#5405,1.);
#5405 = DIRECTION('',(-0.,1.));
#5406 = ( GEOMETRIC_REPRESENTATION_CONTEXT(2) 
PARAMETRIC_REPRESENTATION_CONTEXT() REPRESENTATION_CONTEXT('2D SPACE',''
  ) );
#5407 = ORIENTED_EDGE('',*,*,#5408,.F.);
#5408 = EDGE_CURVE('',#5385,#5385,#5409,.T.);
#5409 = SURFACE_CURVE('',#5410,(#5415,#5422),.PCURVE_S1.);
#5410 = CIRCLE('',#5411,43.745);
#5411 = AXIS2_PLACEMENT_3D('',#5412,#5413,#5414);
#5412 = CARTESIAN_POINT('',(50.,67.145,36.5));
#5413 = DIRECTION('',(0.,0.,1.));
#5414 = DIRECTION('',(1.,0.,-0.));
#5415 = PCURVE('',#5186,#5416);
#5416 = DEFINITIONAL_REPRESENTATION('',(#5417),#5421);
#5417 = LINE('',#5418,#5419);
#5418 = CARTESIAN_POINT('',(-0.,4.712388980385));
#5419 = VECTOR('',#5420,1.);
#5420 = DIRECTION('',(-1.,0.));
#5421 = ( GEOMETRIC_REPRESENTATION_CONTEXT(2) 
PARAMETRIC_REPRESENTATION_CONTEXT() REPRESENTATION_CONTEXT('2D SPACE',''
  ) );
#5422 = PCURVE('',#5423,#5428);
#5423 = TOROIDAL_SURFACE('',#5424,43.838333333333,1.509554754077);
#5424 = AXIS2_PLACEMENT_3D('',#5425,#5426,#5427);
#5425 = CARTESIAN_POINT('',(50.,67.145,34.993333333333));
#5426 = DIRECTION('',(-0.,-0.,-1.));
#5427 = DIRECTION('',(1.,0.,-0.));
#5428 = DEFINITIONAL_REPRESENTATION('',(#5429),#5433);
#5429 = LINE('',#5430,#5431);
#5430 = CARTESIAN_POINT('',(-0.,4.65052113452));
#5431 = VECTOR('',#5432,1.);
#5432 = DIRECTION('',(-1.,0.));
#5433 = ( GEOMETRIC_REPRESENTATION_CONTEXT(2) 
PARAMETRIC_REPRESENTATION_CONTEXT() REPRESENTATION_CONTEXT('2D SPACE',''
  ) );
#5434 = ORIENTED_EDGE('',*,*,#5384,.F.);
#5435 = ADVANCED_FACE('',(#5436),#5223,.T.);
#5436 = FACE_BOUND('',#5437,.T.);
#5437 = EDGE_LOOP('',(#5438,#5461,#5567,#5588));
#5438 = ORIENTED_EDGE('',*,*,#5439,.T.);
#5439 = EDGE_CURVE('',#5208,#5440,#5442,.T.);
#5440 = VERTEX_POINT('',#5441);
#5441 = CARTESIAN_POINT('',(0.5,67.145,11.4));
#5442 = SURFACE_CURVE('',#5443,(#5447,#5454),.PCURVE_S1.);
#5443 = LINE('',#5444,#5445);
#5444 = CARTESIAN_POINT('',(0.5,67.145,10.5));
#5445 = VECTOR('',#5446,1.);
#5446 = DIRECTION('',(0.,0.,1.));
#5447 = PCURVE('',#5223,#5448);
#5448 = DEFINITIONAL_REPRESENTATION('',(#5449),#5453);
#5449 = LINE('',#5450,#5451);
#5450 = CARTESIAN_POINT('',(0.,-47.14258915219));
#5451 = VECTOR('',#5452,1.);
#5452 = DIRECTION('',(1.,0.));
#5453 = ( GEOMETRIC_REPRESENTATION_CONTEXT(2) 
PARAMETRIC_REPRESENTATION_CONTEXT() REPRESENTATION_CONTEXT('2D SPACE',''
  ) );
#5454 = PCURVE('',#5330,#5455);
#5455 = DEFINITIONAL_REPRESENTATION('',(#5456),#5460);
#5456 = LINE('',#5457,#5458);
#5457 = CARTESIAN_POINT('',(0.,0.));
#5458 = VECTOR('',#5459,1.);
#5459 = DIRECTION('',(1.,0.));
#5460 = ( GEOMETRIC_REPRESENTATION_CONTEXT(2) 
PARAMETRIC_REPRESENTATION_CONTEXT() REPRESENTATION_CONTEXT('2D SPACE',''
  ) );
#5461 = ORIENTED_EDGE('',*,*,#5462,.T.);
#5462 = EDGE_CURVE('',#5440,#5463,#5465,.T.);
#5463 = VERTEX_POINT('',#5464);
#5464 = CARTESIAN_POINT('',(10.146900381607,113.29,11.4));
#5465 = SURFACE_CURVE('',#5466,(#5469,#5475),.PCURVE_S1.);
#5466 = B_SPLINE_CURVE_WITH_KNOTS('',1,(#5467,#5468),.UNSPECIFIED.,.F.,
  .F.,(2,2),(0.,1.),.PIECEWISE_BEZIER_KNOTS.);
#5467 = CARTESIAN_POINT('',(0.5,67.145,11.4));
#5468 = CARTESIAN_POINT('',(10.146900381607,113.29,11.4));
#5469 = PCURVE('',#5223,#5470);
#5470 = DEFINITIONAL_REPRESENTATION('',(#5471),#5474);
#5471 = B_SPLINE_CURVE_WITH_KNOTS('',1,(#5472,#5473),.UNSPECIFIED.,.F.,
  .F.,(2,2),(0.,1.),.PIECEWISE_BEZIER_KNOTS.);
#5472 = CARTESIAN_POINT('',(0.9,-47.14258915219));
#5473 = CARTESIAN_POINT('',(0.9,0.));
#5474 = ( GEOMETRIC_REPRESENTATION_CONTEXT(2) 
PARAMETRIC_REPRESENTATION_CONTEXT() REPRESENTATION_CONTEXT('2D SPACE',''
  ) );
#5475 = PCURVE('',#5476,#5561);
#5476 = B_SPLINE_SURFACE_WITH_KNOTS('',3,1,(
    (#5477,#5478)
    ,(#5479,#5480)
    ,(#5481,#5482)
    ,(#5483,#5484)
    ,(#5485,#5486)
    ,(#5487,#5488)
    ,(#5489,#5490)
    ,(#5491,#5492)
    ,(#5493,#5494)
    ,(#5495,#5496)
    ,(#5497,#5498)
    ,(#5499,#5500)
    ,(#5501,#5502)
    ,(#5503,#5504)
    ,(#5505,#5506)
    ,(#5507,#5508)
    ,(#5509,#5510)
    ,(#5511,#5512)
    ,(#5513,#5514)
    ,(#5515,#5516)
    ,(#5517,#5518)
    ,(#5519,#5520)
    ,(#5521,#5522)
    ,(#5523,#5524)
    ,(#5525,#5526)
    ,(#5527,#5528)
    ,(#5529,#5530)
    ,(#5531,#5532)
    ,(#5533,#5534)
    ,(#5535,#5536)
    ,(#5537,#5538)
    ,(#5539,#5540)
    ,(#5541,#5542)
    ,(#5543,#5544)
    ,(#5545,#5546)
    ,(#5547,#5548)
    ,(#5549,#5550)
    ,(#5551,#5552)
    ,(#5553,#5554)
    ,(#5555,#5556)
    ,(#5557,#5558)
    ,(#5559,#5560
    )),.UNSPECIFIED.,.F.,.F.,.F.,(4,1,1,1,1,1,1,1,1,1,1,1,1,1,1,1,1,1,1,
    1,1,1,1,1,1,1,1,1,1,1,1,1,1,1,1,1,1,1,1,4),(2,2),(0.,0.642419760525,
    0.642618768407,2.553860535528,2.554651666821,5.68725630942,
    5.68901809961,9.965452479102,9.968539562832,15.28310565636,
    15.287840035145,21.51045316265,21.515940685176,28.497392636784,
    28.499485005039,36.067025397521,36.071458184773,44.032783944922,
    44.039906469631,52.19839242075,52.208203667536,60.362760963019,
    60.375192289884,68.325047704316,68.339976573587,75.889742269119,
    75.907014958781,82.871609377383,82.891071631792,89.10035382164,
    89.121887235157,94.424957833637,94.448523185119,98.717862008289,
    98.743565654019,101.87985565561,101.8896272023,103.80166010072,
    103.8018591086,104.44427886912),(0.,1.),.UNSPECIFIED.);
#5477 = CARTESIAN_POINT('',(0.5,67.145,11.4));
#5478 = CARTESIAN_POINT('',(10.146900381607,113.29,11.4));
#5479 = CARTESIAN_POINT('',(0.714139920175,67.145,11.4));
#5480 = CARTESIAN_POINT('',(10.290416486369,113.29,11.4));
#5481 = CARTESIAN_POINT('',(0.928346179922,67.145,11.399998191633));
#5482 = CARTESIAN_POINT('',(10.43397705313,113.29,11.39999979401));
#5483 = CARTESIAN_POINT('',(1.779633010739,67.145,11.400005382801));
#5484 = CARTESIAN_POINT('',(11.004507614344,113.29,11.400000612389));
#5485 = CARTESIAN_POINT('',(2.417043571506,67.145,11.400042777391));
#5486 = CARTESIAN_POINT('',(11.431698745722,113.29,11.400004872735));
#5487 = CARTESIAN_POINT('',(4.098589644046,67.145,11.399929821652));
#5488 = CARTESIAN_POINT('',(12.558667319785,113.29,11.399992022011));
#5489 = CARTESIAN_POINT('',(5.143642735455,67.145,11.399644323057));
#5490 = CARTESIAN_POINT('',(13.259059824809,113.29,11.399959486396));
#5491 = CARTESIAN_POINT('',(7.613907991886,67.145,11.400486220783));
#5492 = CARTESIAN_POINT('',(14.914625548917,113.29,11.400055221665));
#5493 = CARTESIAN_POINT('',(9.040999054672,67.145,11.402166522835));
#5494 = CARTESIAN_POINT('',(15.871057578792,113.29,11.400246764994));
#5495 = CARTESIAN_POINT('',(12.239037952191,67.145,11.397302469175));
#5496 = CARTESIAN_POINT('',(18.014379878344,113.29,11.399693951739));
#5497 = CARTESIAN_POINT('',(14.013184372636,67.145,11.388670571875));
#5498 = CARTESIAN_POINT('',(19.203415446714,113.29,11.398709676936));
#5499 = CARTESIAN_POINT('',(17.860439734584,67.145,11.41329717116));
#5500 = CARTESIAN_POINT('',(21.781819122469,113.29,11.40150694948));
#5501 = CARTESIAN_POINT('',(19.937969433168,67.145,11.453998320763));
#5502 = CARTESIAN_POINT('',(23.17414482481,113.29,11.406138984754));
#5503 = CARTESIAN_POINT('',(24.338886441858,67.145,11.596350393443));
#5504 = CARTESIAN_POINT('',(26.125388179963,113.29,11.393129923312));
#5505 = CARTESIAN_POINT('',(26.666122984071,67.145,11.704924105672));
#5506 = CARTESIAN_POINT('',(27.687108369539,113.29,11.372683116742));
#5507 = CARTESIAN_POINT('',(31.512487915121,67.145,11.902363604043));
#5508 = CARTESIAN_POINT('',(30.936764841469,113.29,11.42958418929));
#5509 = CARTESIAN_POINT('',(34.035708095935,67.145,11.988996165916));
#5510 = CARTESIAN_POINT('',(32.627230206874,113.29,11.515345201965));
#5511 = CARTESIAN_POINT('',(39.21060278879,67.145,12.16198832612));
#5512 = CARTESIAN_POINT('',(36.094909519819,113.29,11.654749288946));
#5513 = CARTESIAN_POINT('',(41.866831408933,67.145,12.248252085963));
#5514 = CARTESIAN_POINT('',(37.875212091695,113.29,11.70655652868));
#5515 = CARTESIAN_POINT('',(47.24011843751,67.145,12.40735785516));
#5516 = CARTESIAN_POINT('',(41.476407730124,113.29,11.810382800173));
#5517 = CARTESIAN_POINT('',(49.964307691191,67.145,12.480024129944));
#5518 = CARTESIAN_POINT('',(43.302075088747,113.29,11.86253327615));
#5519 = CARTESIAN_POINT('',(55.403764882471,67.145,12.608200720236));
#5520 = CARTESIAN_POINT('',(46.947498208667,113.29,11.952340706926));
#5521 = CARTESIAN_POINT('',(58.12881841781,67.145,12.663940905042));
#5522 = CARTESIAN_POINT('',(48.773812215567,113.29,11.990153427269));
#5523 = CARTESIAN_POINT('',(63.500393505678,67.145,12.751592546697));
#5524 = CARTESIAN_POINT('',(52.373817023106,113.29,12.050156233035));
#5525 = CARTESIAN_POINT('',(66.159294639347,67.145,12.784251879482));
#5526 = CARTESIAN_POINT('',(54.155804349634,113.29,12.072844565283));
#5527 = CARTESIAN_POINT('',(71.330727765587,67.145,12.820713374267));
#5528 = CARTESIAN_POINT('',(57.621662163166,113.29,12.098036496525));
#5529 = CARTESIAN_POINT('',(73.858124258393,67.145,12.825964364944));
#5530 = CARTESIAN_POINT('',(59.315495990372,113.29,12.101555101037));
#5531 = CARTESIAN_POINT('',(78.701922271664,67.145,12.802681601906));
#5532 = CARTESIAN_POINT('',(62.561863532756,113.29,12.085878837362));
#5533 = CARTESIAN_POINT('',(81.03556169746,67.145,12.776628701333));
#5534 = CARTESIAN_POINT('',(64.125942018698,113.29,12.068353744593));
#5535 = CARTESIAN_POINT('',(85.432752220409,67.145,12.69101876196));
#5536 = CARTESIAN_POINT('',(67.072692345358,113.29,12.008682352607));
#5537 = CARTESIAN_POINT('',(87.51575514668,67.145,12.634996322741));
#5538 = CARTESIAN_POINT('',(68.468443453445,113.29,11.969145420359));
#5539 = CARTESIAN_POINT('',(91.356897298072,67.145,12.481343134192));
#5540 = CARTESIAN_POINT('',(71.043321932997,113.29,11.866342361487));
#5541 = CARTESIAN_POINT('',(93.136935814136,67.145,12.390175026166));
#5542 = CARTESIAN_POINT('',(72.23697201003,113.29,11.80683523885));
#5543 = CARTESIAN_POINT('',(96.330777165716,67.145,12.190985084277));
#5544 = CARTESIAN_POINT('',(74.375374258032,113.29,11.662084486792));
#5545 = CARTESIAN_POINT('',(97.768099751276,67.145,12.088151687131));
#5546 = CARTESIAN_POINT('',(75.336543920455,113.29,11.583137898187));
#5547 = CARTESIAN_POINT('',(100.22712515958,67.145,11.803376908956));
#5548 = CARTESIAN_POINT('',(76.989063368045,113.29,11.408562782798));
#5549 = CARTESIAN_POINT('',(101.27223878004,67.145,11.648276628879));
#5550 = CARTESIAN_POINT('',(77.693925778837,113.29,11.321855745257));
#5551 = CARTESIAN_POINT('',(102.94419706291,67.145,11.410375549897));
#5552 = CARTESIAN_POINT('',(78.822402212682,113.29,11.286824878475));
#5553 = CARTESIAN_POINT('',(103.58075418459,67.145,11.322490488035));
#5554 = CARTESIAN_POINT('',(79.252235480895,113.29,11.29756690219));
#5555 = CARTESIAN_POINT('',(104.43086513056,67.145,11.292447382102));
#5556 = CARTESIAN_POINT('',(79.823082242986,113.29,11.300818082973));
#5557 = CARTESIAN_POINT('',(104.64504945742,67.145,11.292225909757));
#5558 = CARTESIAN_POINT('',(79.966638091584,113.29,11.300703881045));
#5559 = CARTESIAN_POINT('',(104.85957321424,67.145,11.3));
#5560 = CARTESIAN_POINT('',(80.110123822002,113.29,11.3));
#5561 = DEFINITIONAL_REPRESENTATION('',(#5562),#5566);
#5562 = LINE('',#5563,#5564);
#5563 = CARTESIAN_POINT('',(0.,0.));
#5564 = VECTOR('',#5565,1.);
#5565 = DIRECTION('',(0.,1.));
#5566 = ( GEOMETRIC_REPRESENTATION_CONTEXT(2) 
PARAMETRIC_REPRESENTATION_CONTEXT() REPRESENTATION_CONTEXT('2D SPACE',''
  ) );
#5567 = ORIENTED_EDGE('',*,*,#5568,.F.);
#5568 = EDGE_CURVE('',#5210,#5463,#5569,.T.);
#5569 = SURFACE_CURVE('',#5570,(#5574,#5581),.PCURVE_S1.);
#5570 = LINE('',#5571,#5572);
#5571 = CARTESIAN_POINT('',(10.146900381607,113.29,10.5));
#5572 = VECTOR('',#5573,1.);
#5573 = DIRECTION('',(0.,0.,1.));
#5574 = PCURVE('',#5223,#5575);
#5575 = DEFINITIONAL_REPRESENTATION('',(#5576),#5580);
#5576 = LINE('',#5577,#5578);
#5577 = CARTESIAN_POINT('',(0.,0.));
#5578 = VECTOR('',#5579,1.);
#5579 = DIRECTION('',(1.,0.));
#5580 = ( GEOMETRIC_REPRESENTATION_CONTEXT(2) 
PARAMETRIC_REPRESENTATION_CONTEXT() REPRESENTATION_CONTEXT('2D SPACE',''
  ) );
#5581 = PCURVE('',#5250,#5582);
#5582 = DEFINITIONAL_REPRESENTATION('',(#5583),#5587);
#5583 = LINE('',#5584,#5585);
#5584 = CARTESIAN_POINT('',(1.157655335341E-02,-0.89992554326));
#5585 = VECTOR('',#5586,1.);
#5586 = DIRECTION('',(-1.286283705935E-02,0.999917270289));
#5587 = ( GEOMETRIC_REPRESENTATION_CONTEXT(2) 
PARAMETRIC_REPRESENTATION_CONTEXT() REPRESENTATION_CONTEXT('2D SPACE',''
  ) );
#5588 = ORIENTED_EDGE('',*,*,#5207,.F.);
#5589 = ADVANCED_FACE('',(#5590),#5330,.T.);
#5590 = FACE_BOUND('',#5591,.T.);
#5591 = EDGE_LOOP('',(#5592,#5615,#5719,#5720));
#5592 = ORIENTED_EDGE('',*,*,#5593,.T.);
#5593 = EDGE_CURVE('',#5291,#5594,#5596,.T.);
#5594 = VERTEX_POINT('',#5595);
#5595 = CARTESIAN_POINT('',(0.5,24.,11.4));
#5596 = SURFACE_CURVE('',#5597,(#5601,#5608),.PCURVE_S1.);
#5597 = LINE('',#5598,#5599);
#5598 = CARTESIAN_POINT('',(0.5,24.,10.5));
#5599 = VECTOR('',#5600,1.);
#5600 = DIRECTION('',(0.,0.,1.));
#5601 = PCURVE('',#5330,#5602);
#5602 = DEFINITIONAL_REPRESENTATION('',(#5603),#5607);
#5603 = LINE('',#5604,#5605);
#5604 = CARTESIAN_POINT('',(0.,-43.145));
#5605 = VECTOR('',#5606,1.);
#5606 = DIRECTION('',(1.,0.));
#5607 = ( GEOMETRIC_REPRESENTATION_CONTEXT(2) 
PARAMETRIC_REPRESENTATION_CONTEXT() REPRESENTATION_CONTEXT('2D SPACE',''
  ) );
#5608 = PCURVE('',#5306,#5609);
#5609 = DEFINITIONAL_REPRESENTATION('',(#5610),#5614);
#5610 = LINE('',#5611,#5612);
#5611 = CARTESIAN_POINT('',(6.352782908418E-03,-0.899977578693));
#5612 = VECTOR('',#5613,1.);
#5613 = DIRECTION('',(-7.05864767602E-03,0.999975087436));
#5614 = ( GEOMETRIC_REPRESENTATION_CONTEXT(2) 
PARAMETRIC_REPRESENTATION_CONTEXT() REPRESENTATION_CONTEXT('2D SPACE',''
  ) );
#5615 = ORIENTED_EDGE('',*,*,#5616,.T.);
#5616 = EDGE_CURVE('',#5594,#5440,#5617,.T.);
#5617 = SURFACE_CURVE('',#5618,(#5621,#5627),.PCURVE_S1.);
#5618 = B_SPLINE_CURVE_WITH_KNOTS('',1,(#5619,#5620),.UNSPECIFIED.,.F.,
  .F.,(2,2),(0.,1.),.PIECEWISE_BEZIER_KNOTS.);
#5619 = CARTESIAN_POINT('',(0.5,24.,11.4));
#5620 = CARTESIAN_POINT('',(0.5,67.145,11.4));
#5621 = PCURVE('',#5330,#5622);
#5622 = DEFINITIONAL_REPRESENTATION('',(#5623),#5626);
#5623 = B_SPLINE_CURVE_WITH_KNOTS('',1,(#5624,#5625),.UNSPECIFIED.,.F.,
  .F.,(2,2),(0.,1.),.PIECEWISE_BEZIER_KNOTS.);
#5624 = CARTESIAN_POINT('',(0.9,-43.145));
#5625 = CARTESIAN_POINT('',(0.9,0.));
#5626 = ( GEOMETRIC_REPRESENTATION_CONTEXT(2) 
PARAMETRIC_REPRESENTATION_CONTEXT() REPRESENTATION_CONTEXT('2D SPACE',''
  ) );
#5627 = PCURVE('',#5628,#5713);
#5628 = B_SPLINE_SURFACE_WITH_KNOTS('',3,1,(
    (#5629,#5630)
    ,(#5631,#5632)
    ,(#5633,#5634)
    ,(#5635,#5636)
    ,(#5637,#5638)
    ,(#5639,#5640)
    ,(#5641,#5642)
    ,(#5643,#5644)
    ,(#5645,#5646)
    ,(#5647,#5648)
    ,(#5649,#5650)
    ,(#5651,#5652)
    ,(#5653,#5654)
    ,(#5655,#5656)
    ,(#5657,#5658)
    ,(#5659,#5660)
    ,(#5661,#5662)
    ,(#5663,#5664)
    ,(#5665,#5666)
    ,(#5667,#5668)
    ,(#5669,#5670)
    ,(#5671,#5672)
    ,(#5673,#5674)
    ,(#5675,#5676)
    ,(#5677,#5678)
    ,(#5679,#5680)
    ,(#5681,#5682)
    ,(#5683,#5684)
    ,(#5685,#5686)
    ,(#5687,#5688)
    ,(#5689,#5690)
    ,(#5691,#5692)
    ,(#5693,#5694)
    ,(#5695,#5696)
    ,(#5697,#5698)
    ,(#5699,#5700)
    ,(#5701,#5702)
    ,(#5703,#5704)
    ,(#5705,#5706)
    ,(#5707,#5708)
    ,(#5709,#5710)
    ,(#5711,#5712
    )),.UNSPECIFIED.,.F.,.F.,.F.,(4,1,1,1,1,1,1,1,1,1,1,1,1,1,1,1,1,1,1,
    1,1,1,1,1,1,1,1,1,1,1,1,1,1,1,1,1,1,1,1,4),(2,2),(0.,0.78486828706,
    0.785211459001,3.120147086184,3.121511323917,6.948334082992,
    6.951372138339,12.175166608597,12.180490018436,18.672324858893,
    18.680106727552,26.28701873464,26.291617022821,34.82401750254,
    34.831555043956,44.07282726358,44.08370254842,53.805468713547,
    53.820023370715,63.782111179751,63.800615094257,73.757061816779,
    73.779691282165,83.484966161552,83.511768614294,92.727038032492,
    92.757880301879,101.25711592806,101.29161851402,108.86737351534,
    108.90483624696,115.37363326783,115.41294876431,120.62053078922,
    120.66004382187,124.48771886738,124.52485900615,126.8740693329,
    126.87441250484,127.6592807919),(0.,1.),.UNSPECIFIED.);
#5629 = CARTESIAN_POINT('',(0.5,24.,11.4));
#5630 = CARTESIAN_POINT('',(0.5,67.145,11.4));
#5631 = CARTESIAN_POINT('',(0.761622762353,24.,11.4));
#5632 = CARTESIAN_POINT('',(0.714046331612,67.145,11.4));
#5633 = CARTESIAN_POINT('',(1.023360037429,24.,11.400001314753));
#5634 = CARTESIAN_POINT('',(0.928186255395,67.145,11.399998192983));
#5635 = CARTESIAN_POINT('',(2.063408580649,24.,11.399996085831));
#5636 = CARTESIAN_POINT('',(1.779101036449,67.145,11.400005370278));
#5637 = CARTESIAN_POINT('',(2.842287068703,24.,11.39996889986));
#5638 = CARTESIAN_POINT('',(2.416341475389,67.145,11.400042744541));
#5639 = CARTESIAN_POINT('',(4.896668903215,24.,11.400051037418));
#5640 = CARTESIAN_POINT('',(4.097125356322,67.145,11.399930050986));
#5641 = CARTESIAN_POINT('',(6.173763190942,24.,11.400258578965));
#5642 = CARTESIAN_POINT('',(5.141963233989,67.145,11.399644620181));
#5643 = CARTESIAN_POINT('',(9.19159143883,24.,11.399646336818));
#5644 = CARTESIAN_POINT('',(7.611040425423,67.145,11.400484058641));
#5645 = CARTESIAN_POINT('',(10.935530011846,24.,11.398424960155));
#5646 = CARTESIAN_POINT('',(9.037930987081,67.145,11.402164492304));
#5647 = CARTESIAN_POINT('',(14.842842721303,24.,11.401962573633));
#5648 = CARTESIAN_POINT('',(12.23443487139,67.145,11.397317773462));
#5649 = CARTESIAN_POINT('',(17.011738325199,24.,11.408294382667));
#5650 = CARTESIAN_POINT('',(14.008454953625,67.145,11.388682013135));
#5651 = CARTESIAN_POINT('',(21.711420021892,24.,11.543557694079));
#5652 = CARTESIAN_POINT('',(17.855485499082,67.145,11.413216717918));
#5653 = CARTESIAN_POINT('',(24.247462506933,24.,11.693417237174));
#5654 = CARTESIAN_POINT('',(19.933309037963,67.145,11.453886929806));
#5655 = CARTESIAN_POINT('',(29.62265682157,24.,11.958517020775));
#5656 = CARTESIAN_POINT('',(24.333751917518,67.145,11.596140270069));
#5657 = CARTESIAN_POINT('',(32.468655868302,24.,12.067723341312));
#5658 = CARTESIAN_POINT('',(26.661545135836,67.145,11.704721328707));
#5659 = CARTESIAN_POINT('',(38.391197233777,24.,12.297748425016));
#5660 = CARTESIAN_POINT('',(31.506773028011,67.145,11.902148384529));
#5661 = CARTESIAN_POINT('',(41.475404921533,24.,12.419087261776));
#5662 = CARTESIAN_POINT('',(34.030570148383,67.145,11.988820388716));
#5663 = CARTESIAN_POINT('',(47.795854974657,24.,12.649673196875));
#5664 = CARTESIAN_POINT('',(39.202194574641,67.145,12.161711466324));
#5665 = CARTESIAN_POINT('',(51.043112419094,24.,12.758377567239));
#5666 = CARTESIAN_POINT('',(41.859014333047,67.145,12.248002440489));
#5667 = CARTESIAN_POINT('',(57.60610990902,24.,12.961692780645));
#5668 = CARTESIAN_POINT('',(47.228733080728,67.145,12.407039295466));
#5669 = CARTESIAN_POINT('',(60.936500538492,24.,13.056341760218));
#5670 = CARTESIAN_POINT('',(49.953620336463,67.145,12.479746410201));
#5671 = CARTESIAN_POINT('',(67.580117853525,24.,13.222306314104));
#5672 = CARTESIAN_POINT('',(55.38928009032,67.145,12.607885153206));
#5673 = CARTESIAN_POINT('',(70.911901313559,24.,13.294083740273));
#5674 = CARTESIAN_POINT('',(58.115235302538,67.145,12.66367654311));
#5675 = CARTESIAN_POINT('',(77.472407287297,24.,13.407133611406));
#5676 = CARTESIAN_POINT('',(63.48277046893,67.145,12.751346396482));
#5677 = CARTESIAN_POINT('',(80.723758670929,24.,13.449487010623));
#5678 = CARTESIAN_POINT('',(66.142865966426,67.145,12.784071667239));
#5679 = CARTESIAN_POINT('',(87.039378911141,24.,13.496258486454));
#5680 = CARTESIAN_POINT('',(71.310030600235,67.145,12.820628175167));
#5681 = CARTESIAN_POINT('',(90.130391705763,24.,13.502637192452));
#5682 = CARTESIAN_POINT('',(73.838978882744,67.145,12.825958653462));
#5683 = CARTESIAN_POINT('',(96.045559521411,24.,13.473535778417));
#5684 = CARTESIAN_POINT('',(78.678345086372,67.145,12.802884346283));
#5685 = CARTESIAN_POINT('',(98.900430138828,24.,13.441062592395));
#5686 = CARTESIAN_POINT('',(81.013909002113,67.145,12.776917918083));
#5687 = CARTESIAN_POINT('',(104.26893287503,24.,13.327272090267));
#5688 = CARTESIAN_POINT('',(85.406643247249,67.145,12.691643877122));
#5689 = CARTESIAN_POINT('',(106.81697199615,24.,13.250920374762));
#5690 = CARTESIAN_POINT('',(87.491882605418,67.145,12.635722617057));
#5691 = CARTESIAN_POINT('',(111.50784085759,24.,13.062689580405));
#5692 = CARTESIAN_POINT('',(91.328816678194,67.145,12.48265923938));
#5693 = CARTESIAN_POINT('',(113.68785083138,24.,12.95607376504));
#5694 = CARTESIAN_POINT('',(93.111219702351,67.145,12.391571202054));
#5695 = CARTESIAN_POINT('',(117.58182528455,24.,12.669847199259));
#5696 = CARTESIAN_POINT('',(96.301468431353,67.145,12.192977492852));
#5697 = CARTESIAN_POINT('',(119.33601833503,24.,12.506207084908));
#5698 = CARTESIAN_POINT('',(97.740987386845,67.145,12.090431932323));
#5699 = CARTESIAN_POINT('',(122.3485762226,24.,12.215353231694));
#5700 = CARTESIAN_POINT('',(100.1979485116,67.145,11.807374002202));
#5701 = CARTESIAN_POINT('',(123.64485039863,24.,12.085342750348));
#5702 = CARTESIAN_POINT('',(101.25051057815,67.145,11.65144990369));
#5703 = CARTESIAN_POINT('',(125.66945934374,24.,11.605667123352));
#5704 = CARTESIAN_POINT('',(102.93096315188,67.145,11.412209396444));
#5705 = CARTESIAN_POINT('',(126.43840017735,24.,11.360653822696));
#5706 = CARTESIAN_POINT('',(103.57766140344,67.145,11.322583381738));
#5707 = CARTESIAN_POINT('',(127.47444753889,24.,11.279750403538));
#5708 = CARTESIAN_POINT('',(104.43102503871,67.145,11.292447216753));
#5709 = CARTESIAN_POINT('',(127.73618455534,24.,11.279652713445));
#5710 = CARTESIAN_POINT('',(104.64514321374,67.145,11.292229307376));
#5711 = CARTESIAN_POINT('',(128.,24.,11.3));
#5712 = CARTESIAN_POINT('',(104.85957321424,67.145,11.3));
#5713 = DEFINITIONAL_REPRESENTATION('',(#5714),#5718);
#5714 = LINE('',#5715,#5716);
#5715 = CARTESIAN_POINT('',(0.,0.));
#5716 = VECTOR('',#5717,1.);
#5717 = DIRECTION('',(0.,1.));
#5718 = ( GEOMETRIC_REPRESENTATION_CONTEXT(2) 
PARAMETRIC_REPRESENTATION_CONTEXT() REPRESENTATION_CONTEXT('2D SPACE',''
  ) );
#5719 = ORIENTED_EDGE('',*,*,#5439,.F.);
#5720 = ORIENTED_EDGE('',*,*,#5318,.F.);
#5721 = ADVANCED_FACE('',(#5722),#5250,.F.);
#5722 = FACE_BOUND('',#5723,.T.);
#5723 = EDGE_LOOP('',(#5724,#5786,#5807,#5808));
#5724 = ORIENTED_EDGE('',*,*,#5725,.T.);
#5725 = EDGE_CURVE('',#5463,#5726,#5728,.T.);
#5726 = VERTEX_POINT('',#5727);
#5727 = CARTESIAN_POINT('',(80.110123822002,113.29,11.3));
#5728 = SURFACE_CURVE('',#5729,(#5753,#5780),.PCURVE_S1.);
#5729 = B_SPLINE_CURVE_WITH_KNOTS('',3,(#5730,#5731,#5732,#5733,#5734,
    #5735,#5736,#5737,#5738,#5739,#5740,#5741,#5742,#5743,#5744,#5745,
    #5746,#5747,#5748,#5749,#5750,#5751,#5752),.UNSPECIFIED.,.F.,.F.,(4,
    1,1,1,1,1,1,1,1,1,1,1,1,1,1,1,1,1,1,1,4),(0.,0.430681688932,
    1.712121943197,3.812767450877,6.680893347932,10.245876856011,
    14.419936249644,19.10029233365,24.17501214876,29.515448709612,
    34.989823573597,40.463321433115,45.801302388431,50.872714915064,
    55.553414377027,59.729293326428,63.299193055537,66.17772109655,
    68.286204644984,69.567644899249,69.998326588181),.UNSPECIFIED.);
#5730 = CARTESIAN_POINT('',(10.146900381607,113.29,11.4));
#5731 = CARTESIAN_POINT('',(10.290460944584,113.29,11.4));
#5732 = CARTESIAN_POINT('',(10.86116827403,113.29,11.39999918086));
#5733 = CARTESIAN_POINT('',(12.13209052475,113.29,11.400011860165));
#5734 = CARTESIAN_POINT('',(14.215496189608,113.29,11.399915037822));
#5735 = CARTESIAN_POINT('',(17.060070690769,113.29,11.40048500923));
#5736 = CARTESIAN_POINT('',(20.595847420537,113.29,11.397556325641));
#5737 = CARTESIAN_POINT('',(24.735393962726,113.29,11.411336084638));
#5738 = CARTESIAN_POINT('',(29.379556181388,113.29,11.35052035913));
#5739 = CARTESIAN_POINT('',(34.406707082864,113.29,11.605656604561));
#5740 = CARTESIAN_POINT('',(39.700740871315,113.29,11.759661746886));
#5741 = CARTESIAN_POINT('',(45.12805073464,113.29,11.914691975053));
#5742 = CARTESIAN_POINT('',(50.555548701048,113.29,12.027032532873));
#5743 = CARTESIAN_POINT('',(55.849499490754,113.29,12.094396261683));
#5744 = CARTESIAN_POINT('',(60.879613744104,113.29,12.104785706645));
#5745 = CARTESIAN_POINT('',(65.522237535363,113.29,12.052683799666));
#5746 = CARTESIAN_POINT('',(69.662743728256,113.29,11.93528155879));
#5747 = CARTESIAN_POINT('',(73.200834683423,113.29,11.758741363804));
#5748 = CARTESIAN_POINT('',(76.04246159768,113.29,11.525095544663));
#5749 = CARTESIAN_POINT('',(78.121008165057,113.29,11.269296241093));
#5750 = CARTESIAN_POINT('',(79.3959050382,113.29,11.301157368321));
#5751 = CARTESIAN_POINT('',(79.966593642778,113.29,11.300704099092));
#5752 = CARTESIAN_POINT('',(80.110123822002,113.29,11.3));
#5753 = PCURVE('',#5250,#5754);
#5754 = DEFINITIONAL_REPRESENTATION('',(#5755),#5779);
#5755 = B_SPLINE_CURVE_WITH_KNOTS('',3,(#5756,#5757,#5758,#5759,#5760,
    #5761,#5762,#5763,#5764,#5765,#5766,#5767,#5768,#5769,#5770,#5771,
    #5772,#5773,#5774,#5775,#5776,#5777,#5778),.UNSPECIFIED.,.F.,.F.,(4,
    1,1,1,1,1,1,1,1,1,1,1,1,1,1,1,1,1,1,1,4),(0.,0.430681688932,
    1.712121943197,3.812767450877,6.680893347932,10.245876856011,
    14.419936249644,19.10029233365,24.17501214876,29.515448709612,
    34.989823573597,40.463321433115,45.801302388431,50.872714915064,
    55.553414377027,59.729293326428,63.299193055537,66.17772109655,
    68.286204644984,69.567644899249,69.998326588181),.UNSPECIFIED.);
#5756 = CARTESIAN_POINT('',(0.,0.));
#5757 = CARTESIAN_POINT('',(0.143548686254,1.846596129726E-03));
#5758 = CARTESIAN_POINT('',(0.714208811783,9.186692445103E-03));
#5759 = CARTESIAN_POINT('',(1.985025756382,2.554703652699E-02));
#5760 = CARTESIAN_POINT('',(4.068260307102,5.224872978991E-02));
#5761 = CARTESIAN_POINT('',(6.912592145988,8.940795235512E-02));
#5762 = CARTESIAN_POINT('',(10.448114033149,0.131959631009));
#5763 = CARTESIAN_POINT('',(14.587140865056,0.198984562682));
#5764 = CARTESIAN_POINT('',(19.231701136289,0.197910970338));
#5765 = CARTESIAN_POINT('',(24.255154367072,0.517689531339));
#5766 = CARTESIAN_POINT('',(29.546769238587,0.73977822687));
#5767 = CARTESIAN_POINT('',(34.971635973573,0.964606231874));
#5768 = CARTESIAN_POINT('',(40.397239906354,1.146750517774));
#5769 = CARTESIAN_POINT('',(45.689886240376,1.282203900011));
#5770 = CARTESIAN_POINT('',(50.719450716091,1.357294025488));
#5771 = CARTESIAN_POINT('',(55.362360602767,1.364913742239));
#5772 = CARTESIAN_POINT('',(59.504034378675,1.300779870519));
#5773 = CARTESIAN_POINT('',(63.044103436363,1.16976416811));
#5774 = CARTESIAN_POINT('',(65.888500611749,0.972689062401));
#5775 = CARTESIAN_POINT('',(67.970165526331,0.74364692685));
#5776 = CARTESIAN_POINT('',(69.244547103137,0.791904208963));
#5777 = CARTESIAN_POINT('',(69.81519432514,0.798791651765));
#5778 = CARTESIAN_POINT('',(69.958721686866,0.799933816231));
#5779 = ( GEOMETRIC_REPRESENTATION_CONTEXT(2) 
PARAMETRIC_REPRESENTATION_CONTEXT() REPRESENTATION_CONTEXT('2D SPACE',''
  ) );
#5780 = PCURVE('',#5476,#5781);
#5781 = DEFINITIONAL_REPRESENTATION('',(#5782),#5785);
#5782 = B_SPLINE_CURVE_WITH_KNOTS('',1,(#5783,#5784),.UNSPECIFIED.,.F.,
  .F.,(2,2),(0.,69.998326588181),.PIECEWISE_BEZIER_KNOTS.);
#5783 = CARTESIAN_POINT('',(0.,1.));
#5784 = CARTESIAN_POINT('',(104.44427886912,1.));
#5785 = ( GEOMETRIC_REPRESENTATION_CONTEXT(2) 
PARAMETRIC_REPRESENTATION_CONTEXT() REPRESENTATION_CONTEXT('2D SPACE',''
  ) );
#5786 = ORIENTED_EDGE('',*,*,#5787,.T.);
#5787 = EDGE_CURVE('',#5726,#5235,#5788,.T.);
#5788 = SURFACE_CURVE('',#5789,(#5793,#5800),.PCURVE_S1.);
#5789 = LINE('',#5790,#5791);
#5790 = CARTESIAN_POINT('',(80.110123822002,113.29,11.3));
#5791 = VECTOR('',#5792,1.);
#5792 = DIRECTION('',(0.,0.,-1.));
#5793 = PCURVE('',#5250,#5794);
#5794 = DEFINITIONAL_REPRESENTATION('',(#5795),#5799);
#5795 = LINE('',#5796,#5797);
#5796 = CARTESIAN_POINT('',(69.958721686866,0.799933816231));
#5797 = VECTOR('',#5798,1.);
#5798 = DIRECTION('',(1.286283705935E-02,-0.999917270289));
#5799 = ( GEOMETRIC_REPRESENTATION_CONTEXT(2) 
PARAMETRIC_REPRESENTATION_CONTEXT() REPRESENTATION_CONTEXT('2D SPACE',''
  ) );
#5800 = PCURVE('',#5278,#5801);
#5801 = DEFINITIONAL_REPRESENTATION('',(#5802),#5806);
#5802 = LINE('',#5803,#5804);
#5803 = CARTESIAN_POINT('',(0.,0.));
#5804 = VECTOR('',#5805,1.);
#5805 = DIRECTION('',(1.,0.));
#5806 = ( GEOMETRIC_REPRESENTATION_CONTEXT(2) 
PARAMETRIC_REPRESENTATION_CONTEXT() REPRESENTATION_CONTEXT('2D SPACE',''
  ) );
#5807 = ORIENTED_EDGE('',*,*,#5234,.T.);
#5808 = ORIENTED_EDGE('',*,*,#5568,.T.);
#5809 = ADVANCED_FACE('',(#5810),#5306,.T.);
#5810 = FACE_BOUND('',#5811,.F.);
#5811 = EDGE_LOOP('',(#5812,#5875,#5896,#5897));
#5812 = ORIENTED_EDGE('',*,*,#5813,.T.);
#5813 = EDGE_CURVE('',#5594,#5814,#5816,.T.);
#5814 = VERTEX_POINT('',#5815);
#5815 = CARTESIAN_POINT('',(128.,24.,11.3));
#5816 = SURFACE_CURVE('',#5817,(#5841,#5868),.PCURVE_S1.);
#5817 = B_SPLINE_CURVE_WITH_KNOTS('',3,(#5818,#5819,#5820,#5821,#5822,
    #5823,#5824,#5825,#5826,#5827,#5828,#5829,#5830,#5831,#5832,#5833,
    #5834,#5835,#5836,#5837,#5838,#5839,#5840),.UNSPECIFIED.,.F.,.F.,(4,
    1,1,1,1,1,1,1,1,1,1,1,1,1,1,1,1,1,1,1,4),(0.,0.78486828706,
    3.120147086184,6.948334082992,12.175166608597,18.672324858893,
    26.28701873464,34.82401750254,44.07282726358,53.805468713547,
    63.782111179751,73.757061816779,83.484966161552,92.727038032492,
    101.25711592806,108.86737351534,115.37363326783,120.62053078922,
    124.48771886738,126.87441250484,127.6592807919),.UNSPECIFIED.);
#5818 = CARTESIAN_POINT('',(0.5,24.,11.4));
#5819 = CARTESIAN_POINT('',(0.761622762353,24.,11.4));
#5820 = CARTESIAN_POINT('',(1.801672276165,24.,11.400005224353));
#5821 = CARTESIAN_POINT('',(4.117776128642,24.,11.399924357598));
#5822 = CARTESIAN_POINT('',(7.914599572764,24.,11.400541876371));
#5823 = CARTESIAN_POINT('',(13.098321292321,24.,11.396906592579));
#5824 = CARTESIAN_POINT('',(19.546284655678,24.,11.415594113444));
#5825 = CARTESIAN_POINT('',(27.084836460589,24.,11.861136732539));
#5826 = CARTESIAN_POINT('',(35.545190886549,24.,12.185774270027));
#5827 = CARTESIAN_POINT('',(44.71101106341,24.,12.546397137253));
#5828 = CARTESIAN_POINT('',(54.358336919401,24.,12.869375488494));
#5829 = CARTESIAN_POINT('',(64.249145941786,24.,13.150519739972));
#5830 = CARTESIAN_POINT('',(74.140103871588,24.,13.363682145264));
#5831 = CARTESIAN_POINT('',(83.787766368992,24.,13.489482538585));
#5832 = CARTESIAN_POINT('',(92.954574015206,24.,13.508585002342));
#5833 = CARTESIAN_POINT('',(101.41541513331,24.,13.41264604878));
#5834 = CARTESIAN_POINT('',(108.96073056738,24.,13.186898916592));
#5835 = CARTESIAN_POINT('',(115.40980966413,24.,12.872410833093));
#5836 = CARTESIAN_POINT('',(120.59310262319,24.,12.389013454574));
#5837 = CARTESIAN_POINT('',(124.41219955424,24.,12.01120929707));
#5838 = CARTESIAN_POINT('',(126.67899779872,24.,11.280047295281));
#5839 = CARTESIAN_POINT('',(127.73618455534,24.,11.279652713445));
#5840 = CARTESIAN_POINT('',(128.,24.,11.3));
#5841 = PCURVE('',#5306,#5842);
#5842 = DEFINITIONAL_REPRESENTATION('',(#5843),#5867);
#5843 = B_SPLINE_CURVE_WITH_KNOTS('',3,(#5844,#5845,#5846,#5847,#5848,
    #5849,#5850,#5851,#5852,#5853,#5854,#5855,#5856,#5857,#5858,#5859,
    #5860,#5861,#5862,#5863,#5864,#5865,#5866),.UNSPECIFIED.,.F.,.F.,(4,
    1,1,1,1,1,1,1,1,1,1,1,1,1,1,1,1,1,1,1,4),(0.,0.78486828706,
    3.120147086184,6.948334082992,12.175166608597,18.672324858893,
    26.28701873464,34.82401750254,44.07282726358,53.805468713547,
    63.782111179751,73.757061816779,83.484966161552,92.727038032492,
    101.25711592806,108.86737351534,115.37363326783,120.62053078922,
    124.48771886738,126.87441250484,127.6592807919),.UNSPECIFIED.);
#5844 = CARTESIAN_POINT('',(0.,0.));
#5845 = CARTESIAN_POINT('',(0.26161624466,1.846702903479E-03));
#5846 = CARTESIAN_POINT('',(1.301639811295,9.193270209972E-03));
#5847 = CARTESIAN_POINT('',(3.617686534496,2.546096654484E-02));
#5848 = CARTESIAN_POINT('',(7.414411031164,5.287890891452E-02));
#5849 = CARTESIAN_POINT('',(12.598029271111,8.58337809553E-02));
#5850 = CARTESIAN_POINT('',(19.045700090543,0.150034737876));
#5851 = CARTESIAN_POINT('',(26.580919162428,0.648778238541));
#5852 = CARTESIAN_POINT('',(35.038771317269,1.033126349582));
#5853 = CARTESIAN_POINT('',(44.201817640286,1.458438528059));
#5854 = CARTESIAN_POINT('',(53.846623366268,1.849505907313));
#5855 = CARTESIAN_POINT('',(63.735201485025,2.200458890887));
#5856 = CARTESIAN_POINT('',(73.624408367389,2.483432772962));
#5857 = CARTESIAN_POINT('',(83.270942536131,2.677329482739));
#5858 = CARTESIAN_POINT('',(92.437386976103,2.761136736093));
#5859 = CARTESIAN_POINT('',(100.89869451223,2.724922269112));
#5860 = CARTESIAN_POINT('',(108.44541544262,2.552440484118));
#5861 = CARTESIAN_POINT('',(114.89655373686,2.283482012502));
#5862 = CARTESIAN_POINT('',(120.08312969858,1.83668371545));
#5863 = CARTESIAN_POINT('',(123.90479827258,1.485846629694));
#5864 = CARTESIAN_POINT('',(126.17670106026,0.770703373185));
#5865 = CARTESIAN_POINT('',(127.23386426487,0.777771110021));
#5866 = CARTESIAN_POINT('',(127.49752951288,0.799980069949));
#5867 = ( GEOMETRIC_REPRESENTATION_CONTEXT(2) 
PARAMETRIC_REPRESENTATION_CONTEXT() REPRESENTATION_CONTEXT('2D SPACE',''
  ) );
#5868 = PCURVE('',#5628,#5869);
#5869 = DEFINITIONAL_REPRESENTATION('',(#5870),#5874);
#5870 = LINE('',#5871,#5872);
#5871 = CARTESIAN_POINT('',(0.,0.));
#5872 = VECTOR('',#5873,1.);
#5873 = DIRECTION('',(1.,0.));
#5874 = ( GEOMETRIC_REPRESENTATION_CONTEXT(2) 
PARAMETRIC_REPRESENTATION_CONTEXT() REPRESENTATION_CONTEXT('2D SPACE',''
  ) );
#5875 = ORIENTED_EDGE('',*,*,#5876,.T.);
#5876 = EDGE_CURVE('',#5814,#5263,#5877,.T.);
#5877 = SURFACE_CURVE('',#5878,(#5882,#5889),.PCURVE_S1.);
#5878 = LINE('',#5879,#5880);
#5879 = CARTESIAN_POINT('',(128.,24.,11.3));
#5880 = VECTOR('',#5881,1.);
#5881 = DIRECTION('',(0.,0.,-1.));
#5882 = PCURVE('',#5306,#5883);
#5883 = DEFINITIONAL_REPRESENTATION('',(#5884),#5888);
#5884 = LINE('',#5885,#5886);
#5885 = CARTESIAN_POINT('',(127.49752951288,0.799980069949));
#5886 = VECTOR('',#5887,1.);
#5887 = DIRECTION('',(7.05864767602E-03,-0.999975087436));
#5888 = ( GEOMETRIC_REPRESENTATION_CONTEXT(2) 
PARAMETRIC_REPRESENTATION_CONTEXT() REPRESENTATION_CONTEXT('2D SPACE',''
  ) );
#5889 = PCURVE('',#5278,#5890);
#5890 = DEFINITIONAL_REPRESENTATION('',(#5891),#5895);
#5891 = LINE('',#5892,#5893);
#5892 = CARTESIAN_POINT('',(0.,-101.3219834998));
#5893 = VECTOR('',#5894,1.);
#5894 = DIRECTION('',(1.,0.));
#5895 = ( GEOMETRIC_REPRESENTATION_CONTEXT(2) 
PARAMETRIC_REPRESENTATION_CONTEXT() REPRESENTATION_CONTEXT('2D SPACE',''
  ) );
#5896 = ORIENTED_EDGE('',*,*,#5290,.T.);
#5897 = ORIENTED_EDGE('',*,*,#5593,.T.);
#5898 = ADVANCED_FACE('',(#5899),#5278,.T.);
#5899 = FACE_BOUND('',#5900,.T.);
#5900 = EDGE_LOOP('',(#5901,#5902,#5923,#5942,#5943));
#5901 = ORIENTED_EDGE('',*,*,#5787,.F.);
#5902 = ORIENTED_EDGE('',*,*,#5903,.F.);
#5903 = EDGE_CURVE('',#5904,#5726,#5906,.T.);
#5904 = VERTEX_POINT('',#5905);
#5905 = CARTESIAN_POINT('',(104.85957321424,67.145,11.3));
#5906 = SURFACE_CURVE('',#5907,(#5910,#5916),.PCURVE_S1.);
#5907 = B_SPLINE_CURVE_WITH_KNOTS('',1,(#5908,#5909),.UNSPECIFIED.,.F.,
  .F.,(2,2),(0.,1.),.PIECEWISE_BEZIER_KNOTS.);
#5908 = CARTESIAN_POINT('',(104.85957321424,67.145,11.3));
#5909 = CARTESIAN_POINT('',(80.110123822002,113.29,11.3));
#5910 = PCURVE('',#5278,#5911);
#5911 = DEFINITIONAL_REPRESENTATION('',(#5912),#5915);
#5912 = B_SPLINE_CURVE_WITH_KNOTS('',1,(#5913,#5914),.UNSPECIFIED.,.F.,
  .F.,(2,2),(0.,1.),.PIECEWISE_BEZIER_KNOTS.);
#5913 = CARTESIAN_POINT('',(0.,-52.36311937059));
#5914 = CARTESIAN_POINT('',(0.,0.));
#5915 = ( GEOMETRIC_REPRESENTATION_CONTEXT(2) 
PARAMETRIC_REPRESENTATION_CONTEXT() REPRESENTATION_CONTEXT('2D SPACE',''
  ) );
#5916 = PCURVE('',#5476,#5917);
#5917 = DEFINITIONAL_REPRESENTATION('',(#5918),#5922);
#5918 = LINE('',#5919,#5920);
#5919 = CARTESIAN_POINT('',(104.44427886912,0.));
#5920 = VECTOR('',#5921,1.);
#5921 = DIRECTION('',(0.,1.));
#5922 = ( GEOMETRIC_REPRESENTATION_CONTEXT(2) 
PARAMETRIC_REPRESENTATION_CONTEXT() REPRESENTATION_CONTEXT('2D SPACE',''
  ) );
#5923 = ORIENTED_EDGE('',*,*,#5924,.F.);
#5924 = EDGE_CURVE('',#5814,#5904,#5925,.T.);
#5925 = SURFACE_CURVE('',#5926,(#5929,#5935),.PCURVE_S1.);
#5926 = B_SPLINE_CURVE_WITH_KNOTS('',1,(#5927,#5928),.UNSPECIFIED.,.F.,
  .F.,(2,2),(0.,1.),.PIECEWISE_BEZIER_KNOTS.);
#5927 = CARTESIAN_POINT('',(128.,24.,11.3));
#5928 = CARTESIAN_POINT('',(104.85957321424,67.145,11.3));
#5929 = PCURVE('',#5278,#5930);
#5930 = DEFINITIONAL_REPRESENTATION('',(#5931),#5934);
#5931 = B_SPLINE_CURVE_WITH_KNOTS('',1,(#5932,#5933),.UNSPECIFIED.,.F.,
  .F.,(2,2),(0.,1.),.PIECEWISE_BEZIER_KNOTS.);
#5932 = CARTESIAN_POINT('',(0.,-101.3219834998));
#5933 = CARTESIAN_POINT('',(0.,-52.36311937059));
#5934 = ( GEOMETRIC_REPRESENTATION_CONTEXT(2) 
PARAMETRIC_REPRESENTATION_CONTEXT() REPRESENTATION_CONTEXT('2D SPACE',''
  ) );
#5935 = PCURVE('',#5628,#5936);
#5936 = DEFINITIONAL_REPRESENTATION('',(#5937),#5941);
#5937 = LINE('',#5938,#5939);
#5938 = CARTESIAN_POINT('',(127.6592807919,0.));
#5939 = VECTOR('',#5940,1.);
#5940 = DIRECTION('',(0.,1.));
#5941 = ( GEOMETRIC_REPRESENTATION_CONTEXT(2) 
PARAMETRIC_REPRESENTATION_CONTEXT() REPRESENTATION_CONTEXT('2D SPACE',''
  ) );
#5942 = ORIENTED_EDGE('',*,*,#5876,.T.);
#5943 = ORIENTED_EDGE('',*,*,#5262,.T.);
#5944 = ADVANCED_FACE('',(#5945),#5364,.F.);
#5945 = FACE_BOUND('',#5946,.F.);
#5946 = EDGE_LOOP('',(#5947,#5970,#5997,#5998));
#5947 = ORIENTED_EDGE('',*,*,#5948,.T.);
#5948 = EDGE_CURVE('',#5344,#5949,#5951,.T.);
#5949 = VERTEX_POINT('',#5950);
#5950 = CARTESIAN_POINT('',(26.584341260667,34.62579187895,14.9));
#5951 = SEAM_CURVE('',#5952,(#5956,#5963),.PCURVE_S1.);
#5952 = LINE('',#5953,#5954);
#5953 = CARTESIAN_POINT('',(26.584341260667,34.62579187895,10.4));
#5954 = VECTOR('',#5955,1.);
#5955 = DIRECTION('',(0.,0.,1.));
#5956 = PCURVE('',#5364,#5957);
#5957 = DEFINITIONAL_REPRESENTATION('',(#5958),#5962);
#5958 = LINE('',#5959,#5960);
#5959 = CARTESIAN_POINT('',(6.28318530718,-0.));
#5960 = VECTOR('',#5961,1.);
#5961 = DIRECTION('',(0.,1.));
#5962 = ( GEOMETRIC_REPRESENTATION_CONTEXT(2) 
PARAMETRIC_REPRESENTATION_CONTEXT() REPRESENTATION_CONTEXT('2D SPACE',''
  ) );
#5963 = PCURVE('',#5364,#5964);
#5964 = DEFINITIONAL_REPRESENTATION('',(#5965),#5969);
#5965 = LINE('',#5966,#5967);
#5966 = CARTESIAN_POINT('',(0.,-0.));
#5967 = VECTOR('',#5968,1.);
#5968 = DIRECTION('',(0.,1.));
#5969 = ( GEOMETRIC_REPRESENTATION_CONTEXT(2) 
PARAMETRIC_REPRESENTATION_CONTEXT() REPRESENTATION_CONTEXT('2D SPACE',''
  ) );
#5970 = ORIENTED_EDGE('',*,*,#5971,.F.);
#5971 = EDGE_CURVE('',#5949,#5949,#5972,.T.);
#5972 = SURFACE_CURVE('',#5973,(#5978,#5985),.PCURVE_S1.);
#5973 = CIRCLE('',#5974,0.8);
#5974 = AXIS2_PLACEMENT_3D('',#5975,#5976,#5977);
#5975 = CARTESIAN_POINT('',(25.784341260667,34.62579187895,14.9));
#5976 = DIRECTION('',(0.,0.,1.));
#5977 = DIRECTION('',(1.,0.,-0.));
#5978 = PCURVE('',#5364,#5979);
#5979 = DEFINITIONAL_REPRESENTATION('',(#5980),#5984);
#5980 = LINE('',#5981,#5982);
#5981 = CARTESIAN_POINT('',(0.,4.5));
#5982 = VECTOR('',#5983,1.);
#5983 = DIRECTION('',(1.,0.));
#5984 = ( GEOMETRIC_REPRESENTATION_CONTEXT(2) 
PARAMETRIC_REPRESENTATION_CONTEXT() REPRESENTATION_CONTEXT('2D SPACE',''
  ) );
#5985 = PCURVE('',#5986,#5991);
#5986 = PLANE('',#5987);
#5987 = AXIS2_PLACEMENT_3D('',#5988,#5989,#5990);
#5988 = CARTESIAN_POINT('',(25.784341260667,34.62579187895,14.9));
#5989 = DIRECTION('',(0.,0.,1.));
#5990 = DIRECTION('',(1.,0.,-0.));
#5991 = DEFINITIONAL_REPRESENTATION('',(#5992),#5996);
#5992 = CIRCLE('',#5993,0.8);
#5993 = AXIS2_PLACEMENT_2D('',#5994,#5995);
#5994 = CARTESIAN_POINT('',(0.,0.));
#5995 = DIRECTION('',(1.,0.));
#5996 = ( GEOMETRIC_REPRESENTATION_CONTEXT(2) 
PARAMETRIC_REPRESENTATION_CONTEXT() REPRESENTATION_CONTEXT('2D SPACE',''
  ) );
#5997 = ORIENTED_EDGE('',*,*,#5948,.F.);
#5998 = ORIENTED_EDGE('',*,*,#5343,.T.);
#5999 = ADVANCED_FACE('',(#6000),#5423,.T.);
#6000 = FACE_BOUND('',#6001,.F.);
#6001 = EDGE_LOOP('',(#6002,#6003,#6027,#6059));
#6002 = ORIENTED_EDGE('',*,*,#5408,.T.);
#6003 = ORIENTED_EDGE('',*,*,#6004,.T.);
#6004 = EDGE_CURVE('',#5385,#6005,#6007,.T.);
#6005 = VERTEX_POINT('',#6006);
#6006 = CARTESIAN_POINT('',(95.345,67.145,34.9));
#6007 = SEAM_CURVE('',#6008,(#6013,#6020),.PCURVE_S1.);
#6008 = CIRCLE('',#6009,1.509554754077);
#6009 = AXIS2_PLACEMENT_3D('',#6010,#6011,#6012);
#6010 = CARTESIAN_POINT('',(93.838333333333,67.145,34.993333333333));
#6011 = DIRECTION('',(0.,1.,-0.));
#6012 = DIRECTION('',(-6.182838554301E-02,0.,0.998086795194));
#6013 = PCURVE('',#5423,#6014);
#6014 = DEFINITIONAL_REPRESENTATION('',(#6015),#6019);
#6015 = LINE('',#6016,#6017);
#6016 = CARTESIAN_POINT('',(-0.,4.65052113452));
#6017 = VECTOR('',#6018,1.);
#6018 = DIRECTION('',(-0.,1.));
#6019 = ( GEOMETRIC_REPRESENTATION_CONTEXT(2) 
PARAMETRIC_REPRESENTATION_CONTEXT() REPRESENTATION_CONTEXT('2D SPACE',''
  ) );
#6020 = PCURVE('',#5423,#6021);
#6021 = DEFINITIONAL_REPRESENTATION('',(#6022),#6026);
#6022 = LINE('',#6023,#6024);
#6023 = CARTESIAN_POINT('',(-6.28318530718,4.65052113452));
#6024 = VECTOR('',#6025,1.);
#6025 = DIRECTION('',(-0.,1.));
#6026 = ( GEOMETRIC_REPRESENTATION_CONTEXT(2) 
PARAMETRIC_REPRESENTATION_CONTEXT() REPRESENTATION_CONTEXT('2D SPACE',''
  ) );
#6027 = ORIENTED_EDGE('',*,*,#6028,.F.);
#6028 = EDGE_CURVE('',#6005,#6005,#6029,.T.);
#6029 = SURFACE_CURVE('',#6030,(#6035,#6042),.PCURVE_S1.);
#6030 = CIRCLE('',#6031,45.345);
#6031 = AXIS2_PLACEMENT_3D('',#6032,#6033,#6034);
#6032 = CARTESIAN_POINT('',(50.,67.145,34.9));
#6033 = DIRECTION('',(0.,0.,1.));
#6034 = DIRECTION('',(1.,0.,-0.));
#6035 = PCURVE('',#5423,#6036);
#6036 = DEFINITIONAL_REPRESENTATION('',(#6037),#6041);
#6037 = LINE('',#6038,#6039);
#6038 = CARTESIAN_POINT('',(-0.,6.345053153044));
#6039 = VECTOR('',#6040,1.);
#6040 = DIRECTION('',(-1.,0.));
#6041 = ( GEOMETRIC_REPRESENTATION_CONTEXT(2) 
PARAMETRIC_REPRESENTATION_CONTEXT() REPRESENTATION_CONTEXT('2D SPACE',''
  ) );
#6042 = PCURVE('',#6043,#6053);
#6043 = SURFACE_OF_REVOLUTION('',#6044,#6050);
#6044 = B_SPLINE_CURVE_WITH_KNOTS('',3,(#6045,#6046,#6047,#6048,#6049),
  .UNSPECIFIED.,.F.,.F.,(4,1,4),(0.,8.579627031521,23.7911647093),
  .UNSPECIFIED.);
#6045 = CARTESIAN_POINT('',(95.345,67.145,34.9));
#6046 = CARTESIAN_POINT('',(94.296578640022,67.145,31.904510400063));
#6047 = CARTESIAN_POINT('',(90.314919892794,67.145,24.894221787894));
#6048 = CARTESIAN_POINT('',(92.639923247212,67.145,18.280891759591));
#6049 = CARTESIAN_POINT('',(92.83735,67.145,11.7));
#6050 = AXIS1_PLACEMENT('',#6051,#6052);
#6051 = CARTESIAN_POINT('',(50.,67.145,0.));
#6052 = DIRECTION('',(0.,0.,1.));
#6053 = DEFINITIONAL_REPRESENTATION('',(#6054),#6058);
#6054 = LINE('',#6055,#6056);
#6055 = CARTESIAN_POINT('',(0.,0.));
#6056 = VECTOR('',#6057,1.);
#6057 = DIRECTION('',(1.,0.));
#6058 = ( GEOMETRIC_REPRESENTATION_CONTEXT(2) 
PARAMETRIC_REPRESENTATION_CONTEXT() REPRESENTATION_CONTEXT('2D SPACE',''
  ) );
#6059 = ORIENTED_EDGE('',*,*,#6004,.F.);
#6060 = ADVANCED_FACE('',(#6061),#5476,.T.);
#6061 = FACE_BOUND('',#6062,.T.);
#6062 = EDGE_LOOP('',(#6063,#6105,#6466,#6948,#6988,#6989,#6990));
#6063 = ORIENTED_EDGE('',*,*,#6064,.T.);
#6064 = EDGE_CURVE('',#5440,#6065,#6067,.T.);
#6065 = VERTEX_POINT('',#6066);
#6066 = CARTESIAN_POINT('',(7.055787363066,67.145,11.400401291634));
#6067 = SURFACE_CURVE('',#6068,(#6092,#6099),.PCURVE_S1.);
#6068 = B_SPLINE_CURVE_WITH_KNOTS('',3,(#6069,#6070,#6071,#6072,#6073,
    #6074,#6075,#6076,#6077,#6078,#6079,#6080,#6081,#6082,#6083,#6084,
    #6085,#6086,#6087,#6088,#6089,#6090,#6091),.UNSPECIFIED.,.F.,.F.,(4,
    1,1,1,1,1,1,1,1,1,1,1,1,1,1,1,1,1,1,1,4),(0.,0.642419760525,
    2.553860535528,5.68725630942,9.965452479102,15.28310565636,
    21.51045316265,28.497392636784,36.067025397521,44.032783944922,
    52.19839242075,60.362760963019,68.325047704316,75.889742269119,
    82.871609377383,89.10035382164,94.424957833637,98.717862008289,
    101.87985565561,103.8018591086,104.44427886912),.UNSPECIFIED.);
#6069 = CARTESIAN_POINT('',(0.5,67.145,11.4));
#6070 = CARTESIAN_POINT('',(0.714139920175,67.145,11.4));
#6071 = CARTESIAN_POINT('',(1.565426779701,67.145,11.399992813284));
#6072 = CARTESIAN_POINT('',(3.461178660727,67.145,11.400104055074));
#6073 = CARTESIAN_POINT('',(6.568857929702,67.145,11.399254584943));
#6074 = CARTESIAN_POINT('',(10.811929651991,67.145,11.404255225002));
#6075 = CARTESIAN_POINT('',(16.086379911024,67.145,11.37855853137));
#6076 = CARTESIAN_POINT('',(22.263451787167,67.145,11.499514472095));
#6077 = CARTESIAN_POINT('',(29.184165570171,67.145,11.822422106912));
#6078 = CARTESIAN_POINT('',(36.687242849439,67.145,12.080035590757));
#6079 = CARTESIAN_POINT('',(44.583418687699,67.145,12.336484620782));
#6080 = CARTESIAN_POINT('',(52.679171529681,67.145,12.55245640633));
#6081 = CARTESIAN_POINT('',(60.774968761962,67.145,12.718093844215));
#6082 = CARTESIAN_POINT('',(68.671577719277,67.145,12.81515253376));
#6083 = CARTESIAN_POINT('',(76.174747775775,67.145,12.830843236149));
#6084 = CARTESIAN_POINT('',(83.099444493907,67.145,12.753677699485));
#6085 = CARTESIAN_POINT('',(89.276608779254,67.145,12.587795357161));
#6086 = CARTESIAN_POINT('',(94.550738692273,67.145,12.317908344669));
#6087 = CARTESIAN_POINT('',(98.80415764554,67.145,12.014624000305));
#6088 = CARTESIAN_POINT('',(101.89381673282,67.145,11.555947685487));
#6089 = CARTESIAN_POINT('',(103.79032923017,67.145,11.293109713424));
#6090 = CARTESIAN_POINT('',(104.64504945742,67.145,11.292225909757));
#6091 = CARTESIAN_POINT('',(104.85957321424,67.145,11.3));
#6092 = PCURVE('',#5476,#6093);
#6093 = DEFINITIONAL_REPRESENTATION('',(#6094),#6098);
#6094 = LINE('',#6095,#6096);
#6095 = CARTESIAN_POINT('',(0.,0.));
#6096 = VECTOR('',#6097,1.);
#6097 = DIRECTION('',(1.,0.));
#6098 = ( GEOMETRIC_REPRESENTATION_CONTEXT(2) 
PARAMETRIC_REPRESENTATION_CONTEXT() REPRESENTATION_CONTEXT('2D SPACE',''
  ) );
#6099 = PCURVE('',#5628,#6100);
#6100 = DEFINITIONAL_REPRESENTATION('',(#6101),#6104);
#6101 = B_SPLINE_CURVE_WITH_KNOTS('',1,(#6102,#6103),.UNSPECIFIED.,.F.,
  .F.,(2,2),(0.,104.44427886912),.PIECEWISE_BEZIER_KNOTS.);
#6102 = CARTESIAN_POINT('',(0.,1.));
#6103 = CARTESIAN_POINT('',(127.6592807919,1.));
#6104 = ( GEOMETRIC_REPRESENTATION_CONTEXT(2) 
PARAMETRIC_REPRESENTATION_CONTEXT() REPRESENTATION_CONTEXT('2D SPACE',''
  ) );
#6105 = ORIENTED_EDGE('',*,*,#6106,.F.);
#6106 = EDGE_CURVE('',#6107,#6065,#6109,.T.);
#6107 = VERTEX_POINT('',#6108);
#6108 = CARTESIAN_POINT('',(36.147685053801,107.68081041072,11.7));
#6109 = SURFACE_CURVE('',#6110,(#6225,#6343),.PCURVE_S1.);
#6110 = B_SPLINE_CURVE_WITH_KNOTS('',8,(#6111,#6112,#6113,#6114,#6115,
    #6116,#6117,#6118,#6119,#6120,#6121,#6122,#6123,#6124,#6125,#6126,
    #6127,#6128,#6129,#6130,#6131,#6132,#6133,#6134,#6135,#6136,#6137,
    #6138,#6139,#6140,#6141,#6142,#6143,#6144,#6145,#6146,#6147,#6148,
    #6149,#6150,#6151,#6152,#6153,#6154,#6155,#6156,#6157,#6158,#6159,
    #6160,#6161,#6162,#6163,#6164,#6165,#6166,#6167,#6168,#6169,#6170,
    #6171,#6172,#6173,#6174,#6175,#6176,#6177,#6178,#6179,#6180,#6181,
    #6182,#6183,#6184,#6185,#6186,#6187,#6188,#6189,#6190,#6191,#6192,
    #6193,#6194,#6195,#6196,#6197,#6198,#6199,#6200,#6201,#6202,#6203,
    #6204,#6205,#6206,#6207,#6208,#6209,#6210,#6211,#6212,#6213,#6214,
    #6215,#6216,#6217,#6218,#6219,#6220,#6221,#6222,#6223,#6224),
  .UNSPECIFIED.,.F.,.F.,(9,7,7,7,7,7,7,7,7,7,7,7,7,7,7,7,9),(0.,
    2.364495270684E-02,4.159274669282E-02,0.187754807612,0.204657770015,
    0.303302739729,0.32481207242,0.340186722403,0.385205622036,
    0.454553877062,0.485648477586,0.515342484943,0.619675883762,
    0.678109101557,0.802733803802,0.931583310593,1.),.UNSPECIFIED.);
#6111 = CARTESIAN_POINT('',(36.147685053801,107.68081041072,11.7));
#6112 = CARTESIAN_POINT('',(36.038501362105,107.64571504445,
    11.696537434172));
#6113 = CARTESIAN_POINT('',(35.929315595104,107.61023907402,
    11.693043648198));
#6114 = CARTESIAN_POINT('',(35.820127454688,107.574381119,
    11.689517665011));
#6115 = CARTESIAN_POINT('',(35.710936663378,107.5381397175,
    11.68595852837));
#6116 = CARTESIAN_POINT('',(35.601742964323,107.50151332618,
    11.682365302864));
#6117 = CARTESIAN_POINT('',(35.492546121304,107.46450032027,
    11.678737073903));
#6118 = CARTESIAN_POINT('',(35.38334591873,107.42709899355,
    11.675072947728));
#6119 = CARTESIAN_POINT('',(35.191250621994,107.36062182141,
    11.668562871551));
#6120 = CARTESIAN_POINT('',(35.108357032598,107.33171131731,
    11.665732508021));
#6121 = CARTESIAN_POINT('',(35.025461306244,107.30257526487,
    11.662880577199));
#6122 = CARTESIAN_POINT('',(34.94256336227,107.27321285547,
    11.660006704173));
#6123 = CARTESIAN_POINT('',(34.859663126565,107.2436232531,
    11.657110522737));
#6124 = CARTESIAN_POINT('',(34.776760531564,107.21380559428,
    11.654191675393));
#6125 = CARTESIAN_POINT('',(34.693855516253,107.18375898814,
    11.651249813347));
#6126 = CARTESIAN_POINT('',(33.935771476543,106.90691898255,
    11.624136659235));
#6127 = CARTESIAN_POINT('',(33.260438670945,106.64510914581,
    11.598448897622));
#6128 = CARTESIAN_POINT('',(32.584964945466,106.36679176306,
    11.57247532472));
#6129 = CARTESIAN_POINT('',(31.909327361746,106.07103855906,
    11.547378738144));
#6130 = CARTESIAN_POINT('',(31.233492637828,105.75720574904,
    11.524206876495));
#6131 = CARTESIAN_POINT('',(30.557450212658,105.42481145926,
    11.503868939235));
#6132 = CARTESIAN_POINT('',(29.881241216507,105.07339565847,
    11.487113192587));
#6133 = CARTESIAN_POINT('',(29.12676697582,104.65951751247,
    11.473048465251));
#6134 = CARTESIAN_POINT('',(29.048558898265,104.6163540908,
    11.471646160668));
#6135 = CARTESIAN_POINT('',(28.970349983316,104.5729288365,
    11.470297527319));
#6136 = CARTESIAN_POINT('',(28.892140338159,104.52924157951,
    11.469000648269));
#6137 = CARTESIAN_POINT('',(28.813930080779,104.48529209095,
    11.4677536326));
#6138 = CARTESIAN_POINT('',(28.73571933996,104.44108008305,
    11.466554615406));
#6139 = CARTESIAN_POINT('',(28.657508255285,104.39660520917,
    11.465401757797));
#6140 = CARTESIAN_POINT('',(28.122859284096,104.09077715017,
    11.457824024432));
#6141 = CARTESIAN_POINT('',(27.666420008329,103.82072385792,
    11.452865295254));
#6142 = CARTESIAN_POINT('',(27.210001413647,103.54162310689,
    11.449057173488));
#6143 = CARTESIAN_POINT('',(26.753645771253,103.25333814248,
    11.446072183336));
#6144 = CARTESIAN_POINT('',(26.297410995548,102.95569746809,
    11.443618259389));
#6145 = CARTESIAN_POINT('',(25.841368260009,102.64850479773,
    11.441441390837));
#6146 = CARTESIAN_POINT('',(25.385601593144,102.33154102885,
    11.439327909581));
#6147 = CARTESIAN_POINT('',(24.830912135642,101.93326031,11.436622031501
    ));
#6148 = CARTESIAN_POINT('',(24.731632866391,101.86148621446,
    11.436132506871));
#6149 = CARTESIAN_POINT('',(24.632372734074,101.78923344153,
    11.435636069761));
#6150 = CARTESIAN_POINT('',(24.533132874327,101.71649943653,
    11.435131038412));
#6151 = CARTESIAN_POINT('',(24.433914471125,101.64328159742,
    11.434615827902));
#6152 = CARTESIAN_POINT('',(24.334718756781,101.56957727471,
    11.434088950144));
#6153 = CARTESIAN_POINT('',(24.235547011947,101.49538377148,
    11.43354901389));
#6154 = CARTESIAN_POINT('',(24.06553170457,101.36731396689,
    11.432598524526));
#6155 = CARTESIAN_POINT('',(23.994675773435,101.31367824755,
    11.432195030459));
#6156 = CARTESIAN_POINT('',(23.92383325664,101.25979017993,
    11.43178378524));
#6157 = CARTESIAN_POINT('',(23.853004636653,101.20564883992,
    11.431363885669));
#6158 = CARTESIAN_POINT('',(23.782190440442,101.15125314267,
    11.430935206187));
#6159 = CARTESIAN_POINT('',(23.711391248393,101.09660179404,
    11.430498649489));
#6160 = CARTESIAN_POINT('',(23.640607665676,101.04169343543,
    11.430055424183));
#6161 = CARTESIAN_POINT('',(23.362624422582,100.82499270223,
    11.428287474442));
#6162 = CARTESIAN_POINT('',(23.155547412102,100.66124533502,
    11.426912339301));
#6163 = CARTESIAN_POINT('',(22.948623931549,100.4952541399,
    11.425492404774));
#6164 = CARTESIAN_POINT('',(22.741869811955,100.32698835906,
    11.424039697169));
#6165 = CARTESIAN_POINT('',(22.535302008451,100.15641721767,
    11.422565808393));
#6166 = CARTESIAN_POINT('',(22.328938600274,99.983509923882,
    11.421081895949));
#6167 = CARTESIAN_POINT('',(22.122798790762,99.808235668796,
    11.419598682937));
#6168 = CARTESIAN_POINT('',(21.599735665427,99.356873105423,
    11.415858605498));
#6169 = CARTESIAN_POINT('',(21.283148163963,99.077493670458,
    11.41361677621));
#6170 = CARTESIAN_POINT('',(20.967214239568,98.792312341117,
    11.41143841835));
#6171 = CARTESIAN_POINT('',(20.652015792337,98.501217538045,
    11.409358274644));
#6172 = CARTESIAN_POINT('',(20.337642989184,98.204099400969,
    11.407408201944));
#6173 = CARTESIAN_POINT('',(20.024194467166,97.900850106646,
    11.405616990778));
#6174 = CARTESIAN_POINT('',(19.711777536803,97.591364186793,
    11.404010184914));
#6175 = CARTESIAN_POINT('',(19.260940491245,97.133928032579,
    11.401982036922));
#6176 = CARTESIAN_POINT('',(19.121603488041,96.991042892613,
    11.401395380211));
#6177 = CARTESIAN_POINT('',(18.982508040902,96.846873953658,
    11.400853940523));
#6178 = CARTESIAN_POINT('',(18.843664858193,96.701413009188,
    11.400354309368));
#6179 = CARTESIAN_POINT('',(18.705085640706,96.554650371461,
    11.399904055831));
#6180 = CARTESIAN_POINT('',(18.566782293088,96.406577081184,
    11.399506892166));
#6181 = CARTESIAN_POINT('',(18.428766330937,96.257186635101,
    11.399151206504));
#6182 = CARTESIAN_POINT('',(18.159537636795,95.962543639183,
    11.398539996144));
#6183 = CARTESIAN_POINT('',(18.028298460449,95.817407919237,
    11.398280090092));
#6184 = CARTESIAN_POINT('',(17.89734371563,95.671056915671,
    11.398056730238));
#6185 = CARTESIAN_POINT('',(17.766684602688,95.52348414058,
    11.397867817146));
#6186 = CARTESIAN_POINT('',(17.63633269461,95.374683335185,
    11.397711263613));
#6187 = CARTESIAN_POINT('',(17.506299937025,95.224648469829,
    11.397584994666));
#6188 = CARTESIAN_POINT('',(17.376598648199,95.073373743983,
    11.397486947567));
#6189 = CARTESIAN_POINT('',(16.79272998125,94.384956014231,
    11.397162527841));
#6190 = CARTESIAN_POINT('',(16.342467433973,93.833683470469,
    11.39723311631));
#6191 = CARTESIAN_POINT('',(15.89700240364,93.266793531862,
    11.397538391296));
#6192 = CARTESIAN_POINT('',(15.456946371776,92.684092863389,
    11.397992940744));
#6193 = CARTESIAN_POINT('',(15.022971662948,92.085447962517,
    11.398517470579));
#6194 = CARTESIAN_POINT('',(14.595807694713,91.470798150751,
    11.399041674985));
#6195 = CARTESIAN_POINT('',(14.176235589571,90.840170812297,
    11.39950689283));
#6196 = CARTESIAN_POINT('',(13.534808990143,89.831634232728,
    11.400071101007));
#6197 = CARTESIAN_POINT('',(13.307177861997,89.464600672057,
    11.400241179459));
#6198 = CARTESIAN_POINT('',(13.082333511904,89.092624134206,
    11.400365889061));
#6199 = CARTESIAN_POINT('',(12.860429056909,88.715735025142,
    11.400474984255));
#6200 = CARTESIAN_POINT('',(12.641616687474,88.333981626473,
    11.400546307481));
#6201 = CARTESIAN_POINT('',(12.426054978377,87.947418014659,
    11.400602730602));
#6202 = CARTESIAN_POINT('',(12.213902232357,87.556115076964,
    11.400638309383));
#6203 = CARTESIAN_POINT('',(11.560458146455,86.315665390366,
    11.400702954444));
#6204 = CARTESIAN_POINT('',(11.131784563075,85.449902745915,
    11.400677196559));
#6205 = CARTESIAN_POINT('',(10.72091578516,84.563778161513,11.4006117117
    ));
#6206 = CARTESIAN_POINT('',(10.329419466211,83.658386386068,
    11.400529190711));
#6207 = CARTESIAN_POINT('',(9.958791866085,82.735020906011,
    11.400444816705));
#6208 = CARTESIAN_POINT('',(9.610430952269,81.79518975213,
    11.400367083213));
#6209 = CARTESIAN_POINT('',(9.285603961779,80.840632911484,
    11.400299588232));
#6210 = CARTESIAN_POINT('',(8.67503822535,78.87325838256,11.400186128941
    ));
#6211 = CARTESIAN_POINT('',(8.390945857783,77.859395230617,
    11.400140914694));
#6212 = CARTESIAN_POINT('',(8.134355932401,76.833926237467,
    11.400109747018));
#6213 = CARTESIAN_POINT('',(7.90620851743,75.799010599683,
    11.400091084408));
#6214 = CARTESIAN_POINT('',(7.707184632339,74.756783683049,
    11.400083318916));
#6215 = CARTESIAN_POINT('',(7.537727167478,73.709349590535,
    11.400086420242));
#6216 = CARTESIAN_POINT('',(7.398058228924,72.658774976734,
    11.400102163232));
#6217 = CARTESIAN_POINT('',(7.229856468665,71.048655836425,
    11.400149280027));
#6218 = CARTESIAN_POINT('',(7.179919712471,70.489882031659,
    11.400169862173));
#6219 = CARTESIAN_POINT('',(7.138384452464,69.931046886822,
    11.400195022474));
#6220 = CARTESIAN_POINT('',(7.105236821943,69.372421658991,
    11.400225169901));
#6221 = CARTESIAN_POINT('',(7.080448897752,68.814264807021,
    11.400260695347));
#6222 = CARTESIAN_POINT('',(7.063980323057,68.256822128615,
    11.40030188182));
#6223 = CARTESIAN_POINT('',(7.055779930118,67.700326897402,
    11.400348814639));
#6224 = CARTESIAN_POINT('',(7.055787363066,67.145,11.400401291634));
#6225 = PCURVE('',#5476,#6226);
#6226 = DEFINITIONAL_REPRESENTATION('',(#6227),#6342);
#6227 = B_SPLINE_CURVE_WITH_KNOTS('',8,(#6228,#6229,#6230,#6231,#6232,
    #6233,#6234,#6235,#6236,#6237,#6238,#6239,#6240,#6241,#6242,#6243,
    #6244,#6245,#6246,#6247,#6248,#6249,#6250,#6251,#6252,#6253,#6254,
    #6255,#6256,#6257,#6258,#6259,#6260,#6261,#6262,#6263,#6264,#6265,
    #6266,#6267,#6268,#6269,#6270,#6271,#6272,#6273,#6274,#6275,#6276,
    #6277,#6278,#6279,#6280,#6281,#6282,#6283,#6284,#6285,#6286,#6287,
    #6288,#6289,#6290,#6291,#6292,#6293,#6294,#6295,#6296,#6297,#6298,
    #6299,#6300,#6301,#6302,#6303,#6304,#6305,#6306,#6307,#6308,#6309,
    #6310,#6311,#6312,#6313,#6314,#6315,#6316,#6317,#6318,#6319,#6320,
    #6321,#6322,#6323,#6324,#6325,#6326,#6327,#6328,#6329,#6330,#6331,
    #6332,#6333,#6334,#6335,#6336,#6337,#6338,#6339,#6340,#6341),
  .UNSPECIFIED.,.F.,.F.,(9,7,7,7,7,7,7,7,7,7,7,7,7,7,7,7,9),(0.,
    2.364495270684E-02,4.159274669282E-02,0.187754807612,0.204657770015,
    0.303302739729,0.32481207242,0.340186722403,0.385205622036,
    0.454553877062,0.485648477586,0.515342484943,0.619675883762,
    0.678109101557,0.802733803802,0.931583310593,1.),.UNSPECIFIED.);
#6228 = CARTESIAN_POINT('',(38.264424360827,0.878444260716));
#6229 = CARTESIAN_POINT('',(38.107441685474,0.877683715342));
#6230 = CARTESIAN_POINT('',(37.950547254098,0.876914921964));
#6231 = CARTESIAN_POINT('',(37.793742776036,0.876137850666));
#6232 = CARTESIAN_POINT('',(37.637029991068,0.875352469769));
#6233 = CARTESIAN_POINT('',(37.480410669419,0.874558745827));
#6234 = CARTESIAN_POINT('',(37.323886611762,0.873756643629));
#6235 = CARTESIAN_POINT('',(37.167459649211,0.872946126201));
#6236 = CARTESIAN_POINT('',(36.892470258015,0.871505511354));
#6237 = CARTESIAN_POINT('',(36.773865886101,0.870878997016));
#6238 = CARTESIAN_POINT('',(36.655319339349,0.870247594861));
#6239 = CARTESIAN_POINT('',(36.536831440299,0.869611287365));
#6240 = CARTESIAN_POINT('',(36.418403022262,0.868970056411));
#6241 = CARTESIAN_POINT('',(36.300034929329,0.868323883287));
#6242 = CARTESIAN_POINT('',(36.181728016361,0.867672748687));
#6243 = CARTESIAN_POINT('',(35.10052839697,0.86167339869));
#6244 = CARTESIAN_POINT('',(34.141699753284,0.855999764781));
#6245 = CARTESIAN_POINT('',(33.187512192361,0.849968398809));
#6246 = CARTESIAN_POINT('',(32.238510912975,0.84355918429));
#6247 = CARTESIAN_POINT('',(31.295266635702,0.836758169878));
#6248 = CARTESIAN_POINT('',(30.358388981066,0.829554912976));
#6249 = CARTESIAN_POINT('',(29.428549360897,0.821939444327));
#6250 = CARTESIAN_POINT('',(28.39987465311,0.812970365424));
#6251 = CARTESIAN_POINT('',(28.293348529925,0.812034978672));
#6252 = CARTESIAN_POINT('',(28.186927450261,0.811093917792));
#6253 = CARTESIAN_POINT('',(28.080612430522,0.810147179099));
#6254 = CARTESIAN_POINT('',(27.974404499148,0.809194757633));
#6255 = CARTESIAN_POINT('',(27.868304696622,0.808236647157));
#6256 = CARTESIAN_POINT('',(27.762314075469,0.80727284016));
#6257 = CARTESIAN_POINT('',(27.038520333471,0.800645295269));
#6258 = CARTESIAN_POINT('',(26.424368588696,0.794793018917));
#6259 = CARTESIAN_POINT('',(25.814179628449,0.788744676712));
#6260 = CARTESIAN_POINT('',(25.208180386568,0.782497305071));
#6261 = CARTESIAN_POINT('',(24.606618555572,0.77604718752));
#6262 = CARTESIAN_POINT('',(24.009759790591,0.769390070381));
#6263 = CARTESIAN_POINT('',(23.41788712984,0.762521205523));
#6264 = CARTESIAN_POINT('',(22.703399088695,0.75389013566));
#6265 = CARTESIAN_POINT('',(22.575747283991,0.752334732137));
#6266 = CARTESIAN_POINT('',(22.448350434418,0.750768955283));
#6267 = CARTESIAN_POINT('',(22.321211818766,0.749192749735));
#6268 = CARTESIAN_POINT('',(22.194334777746,0.747606059106));
#6269 = CARTESIAN_POINT('',(22.067722713995,0.746008825977));
#6270 = CARTESIAN_POINT('',(21.941379092071,0.744400991906));
#6271 = CARTESIAN_POINT('',(21.72519271593,0.741625614192));
#6272 = CARTESIAN_POINT('',(21.635216955187,0.74046328416));
#6273 = CARTESIAN_POINT('',(21.545381441671,0.739295485533));
#6274 = CARTESIAN_POINT('',(21.455687448987,0.738122198286));
#6275 = CARTESIAN_POINT('',(21.36613632573,0.736943398909));
#6276 = CARTESIAN_POINT('',(21.276729511763,0.735759059357));
#6277 = CARTESIAN_POINT('',(21.187468483976,0.734569150188));
#6278 = CARTESIAN_POINT('',(20.837418116855,0.729873067553));
#6279 = CARTESIAN_POINT('',(20.577743650607,0.726324527793));
#6280 = CARTESIAN_POINT('',(20.319367332948,0.722727362442));
#6281 = CARTESIAN_POINT('',(20.062326462088,0.719080904953));
#6282 = CARTESIAN_POINT('',(19.80665953425,0.71538448841));
#6283 = CARTESIAN_POINT('',(19.552406243671,0.711637445528));
#6284 = CARTESIAN_POINT('',(19.299607482607,0.707839108653));
#6285 = CARTESIAN_POINT('',(18.661193147904,0.698057711679));
#6286 = CARTESIAN_POINT('',(18.277633309114,0.692003330165));
#6287 = CARTESIAN_POINT('',(17.897778651836,0.685823216841));
#6288 = CARTESIAN_POINT('',(17.521790322932,0.67951495369));
#6289 = CARTESIAN_POINT('',(17.149837368617,0.673076159952));
#6290 = CARTESIAN_POINT('',(16.782096313825,0.666504499006));
#6291 = CARTESIAN_POINT('',(16.418750741577,0.65979768527));
#6292 = CARTESIAN_POINT('',(15.899128932664,0.649884668601));
#6293 = CARTESIAN_POINT('',(15.739189082659,0.646788230417));
#6294 = CARTESIAN_POINT('',(15.580188725018,0.643663971257));
#6295 = CARTESIAN_POINT('',(15.422145017499,0.640511713277));
#6296 = CARTESIAN_POINT('',(15.265076321471,0.637331246537));
#6297 = CARTESIAN_POINT('',(15.109000974083,0.634122376881));
#6298 = CARTESIAN_POINT('',(14.953936358093,0.630884963378));
#6299 = CARTESIAN_POINT('',(14.65280432777,0.624499807979));
#6300 = CARTESIAN_POINT('',(14.506646203715,0.621354597881));
#6301 = CARTESIAN_POINT('',(14.361442944768,0.618183051591));
#6302 = CARTESIAN_POINT('',(14.217210849053,0.61498502851));
#6303 = CARTESIAN_POINT('',(14.073966439279,0.611760393004));
#6304 = CARTESIAN_POINT('',(13.931726462734,0.608509014407));
#6305 = CARTESIAN_POINT('',(13.790507891288,0.605230767017));
#6306 = CARTESIAN_POINT('',(13.157789055562,0.590312190145));
#6307 = CARTESIAN_POINT('',(12.678072260833,0.578365661945));
#6308 = CARTESIAN_POINT('',(12.211919899885,0.56608069199));
#6309 = CARTESIAN_POINT('',(11.760110892112,0.553453090549));
#6310 = CARTESIAN_POINT('',(11.323448457898,0.540479964514));
#6311 = CARTESIAN_POINT('',(10.902746371609,0.527159998933));
#6312 = CARTESIAN_POINT('',(10.498813723285,0.513493787242));
#6313 = CARTESIAN_POINT('',(9.896043765034,0.49163797232));
#6314 = CARTESIAN_POINT('',(9.685157107446,0.483684054005));
#6315 = CARTESIAN_POINT('',(9.479916964395,0.475623017319));
#6316 = CARTESIAN_POINT('',(9.280464667698,0.467455521186));
#6317 = CARTESIAN_POINT('',(9.086931340913,0.459182611907));
#6318 = CARTESIAN_POINT('',(8.899448903376,0.450805461364));
#6319 = CARTESIAN_POINT('',(8.718139878506,0.442325605742));
#6320 = CARTESIAN_POINT('',(8.16984640972,0.415444043566));
#6321 = CARTESIAN_POINT('',(7.825143537693,0.396682256927));
#6322 = CARTESIAN_POINT('',(7.510203221344,0.377479210348));
#6323 = CARTESIAN_POINT('',(7.225997227423,0.357858627935));
#6324 = CARTESIAN_POINT('',(6.973260803487,0.337848540601));
#6325 = CARTESIAN_POINT('',(6.75247673525,0.317481628608));
#6326 = CARTESIAN_POINT('',(6.563861129365,0.296795598905));
#6327 = CARTESIAN_POINT('',(6.245534983772,0.254160979143));
#6328 = CARTESIAN_POINT('',(6.118010925116,0.232189733029));
#6329 = CARTESIAN_POINT('',(6.024725923671,0.209966978816));
#6330 = CARTESIAN_POINT('',(5.965261126354,0.187539508066));
#6331 = CARTESIAN_POINT('',(5.938906178319,0.164953595905));
#6332 = CARTESIAN_POINT('',(5.944721655332,0.142254839973));
#6333 = CARTESIAN_POINT('',(5.981589399201,0.119488026368));
#6334 = CARTESIAN_POINT('',(6.083646695861,8.459542391212E-02));
#6335 = CARTESIAN_POINT('',(6.127444725443,7.248633723391E-02));
#6336 = CARTESIAN_POINT('',(6.179458952697,6.037592126606E-02));
#6337 = CARTESIAN_POINT('',(6.239494948008,4.82700543719E-02));
#6338 = CARTESIAN_POINT('',(6.3073518686,3.617433756682E-02));
#6339 = CARTESIAN_POINT('',(6.382824582703,2.409409748868E-02));
#6340 = CARTESIAN_POINT('',(6.465705793705,1.203438936833E-02));
#6341 = CARTESIAN_POINT('',(6.555788164315,0.));
#6342 = ( GEOMETRIC_REPRESENTATION_CONTEXT(2) 
PARAMETRIC_REPRESENTATION_CONTEXT() REPRESENTATION_CONTEXT('2D SPACE',''
  ) );
#6343 = PCURVE('',#6344,#6349);
#6344 = TOROIDAL_SURFACE('',#6345,42.158988837511,0.793061448817);
#6345 = AXIS2_PLACEMENT_3D('',#6346,#6347,#6348);
#6346 = CARTESIAN_POINT('',(50.,67.145,11.289180581245));
#6347 = DIRECTION('',(-0.,-0.,-1.));
#6348 = DIRECTION('',(1.,0.,-0.));
#6349 = DEFINITIONAL_REPRESENTATION('',(#6350),#6465);
#6350 = B_SPLINE_CURVE_WITH_KNOTS('',8,(#6351,#6352,#6353,#6354,#6355,
    #6356,#6357,#6358,#6359,#6360,#6361,#6362,#6363,#6364,#6365,#6366,
    #6367,#6368,#6369,#6370,#6371,#6372,#6373,#6374,#6375,#6376,#6377,
    #6378,#6379,#6380,#6381,#6382,#6383,#6384,#6385,#6386,#6387,#6388,
    #6389,#6390,#6391,#6392,#6393,#6394,#6395,#6396,#6397,#6398,#6399,
    #6400,#6401,#6402,#6403,#6404,#6405,#6406,#6407,#6408,#6409,#6410,
    #6411,#6412,#6413,#6414,#6415,#6416,#6417,#6418,#6419,#6420,#6421,
    #6422,#6423,#6424,#6425,#6426,#6427,#6428,#6429,#6430,#6431,#6432,
    #6433,#6434,#6435,#6436,#6437,#6438,#6439,#6440,#6441,#6442,#6443,
    #6444,#6445,#6446,#6447,#6448,#6449,#6450,#6451,#6452,#6453,#6454,
    #6455,#6456,#6457,#6458,#6459,#6460,#6461,#6462,#6463,#6464),
  .UNSPECIFIED.,.F.,.F.,(9,7,7,7,7,7,7,7,7,7,7,7,7,7,7,7,9),(0.,
    2.364495270684E-02,4.159274669282E-02,0.187754807612,0.204657770015,
    0.303302739729,0.32481207242,0.340186722403,0.385205622036,
    0.454553877062,0.485648477586,0.515342484943,0.619675883762,
    0.678109101557,0.802733803802,0.931583310593,1.),.UNSPECIFIED.);
#6351 = CARTESIAN_POINT('',(-1.90008502529,5.738654125811));
#6352 = CARTESIAN_POINT('',(-1.9027618091,5.743758436051));
#6353 = CARTESIAN_POINT('',(-1.905441212393,5.748890738845));
#6354 = CARTESIAN_POINT('',(-1.908123282976,5.754052326737));
#6355 = CARTESIAN_POINT('',(-1.910808069118,5.759244447982));
#6356 = CARTESIAN_POINT('',(-1.913495619549,5.764468306545));
#6357 = CARTESIAN_POINT('',(-1.916185983468,5.7697250621));
#6358 = CARTESIAN_POINT('',(-1.918879210534,5.775015830031));
#6359 = CARTESIAN_POINT('',(-1.923621866758,5.784384289808));
#6360 = CARTESIAN_POINT('',(-1.925670061248,5.788447110996));
#6361 = CARTESIAN_POINT('',(-1.927719956316,5.79253061684));
#6362 = CARTESIAN_POINT('',(-1.929771574153,5.796635264377));
#6363 = CARTESIAN_POINT('',(-1.931824937165,5.800761495838));
#6364 = CARTESIAN_POINT('',(-1.933880067972,5.804909738651));
#6365 = CARTESIAN_POINT('',(-1.935936989409,5.809080405436));
#6366 = CARTESIAN_POINT('',(-1.95476151582,5.847424549703));
#6367 = CARTESIAN_POINT('',(-1.971647434951,5.883076509161));
#6368 = CARTESIAN_POINT('',(-1.988671375327,5.918409271898));
#6369 = CARTESIAN_POINT('',(-2.005851796108,5.951965342164));
#6370 = CARTESIAN_POINT('',(-2.023206069689,5.98255270806));
#6371 = CARTESIAN_POINT('',(-2.040749966095,6.009168841469));
#6372 = CARTESIAN_POINT('',(-2.058498110657,6.030971347668));
#6373 = CARTESIAN_POINT('',(-2.078543067595,6.049211084566));
#6374 = CARTESIAN_POINT('',(-2.080623817204,6.051028672902));
#6375 = CARTESIAN_POINT('',(-2.082707516229,6.052775817351));
#6376 = CARTESIAN_POINT('',(-2.084794181104,6.054455128971));
#6377 = CARTESIAN_POINT('',(-2.086883828647,6.056069171009));
#6378 = CARTESIAN_POINT('',(-2.088976476066,6.057620458898));
#6379 = CARTESIAN_POINT('',(-2.091072140953,6.059111460258));
#6380 = CARTESIAN_POINT('',(-2.105418767176,6.068908307711));
#6381 = CARTESIAN_POINT('',(-2.117769939491,6.075301199494));
#6382 = CARTESIAN_POINT('',(-2.13022812808,6.080203817419));
#6383 = CARTESIAN_POINT('',(-2.142797295817,6.084043886335));
#6384 = CARTESIAN_POINT('',(-2.155481576918,6.087198767848));
#6385 = CARTESIAN_POINT('',(-2.168285290708,6.089995750324));
#6386 = CARTESIAN_POINT('',(-2.181212990867,6.092710169786));
#6387 = CARTESIAN_POINT('',(-2.197116506,6.096183058279));
#6388 = CARTESIAN_POINT('',(-2.199969581508,6.096811260158));
#6389 = CARTESIAN_POINT('',(-2.202828825053,6.097448247298));
#6390 = CARTESIAN_POINT('',(-2.205694285341,6.098096173744));
#6391 = CARTESIAN_POINT('',(-2.208566011374,6.098757067666));
#6392 = CARTESIAN_POINT('',(-2.211444052448,6.099432831357));
#6393 = CARTESIAN_POINT('',(-2.214328458153,6.100125241232));
#6394 = CARTESIAN_POINT('',(-2.219285606964,6.101343953607));
#6395 = CARTESIAN_POINT('',(-2.221355212909,6.101861257081));
#6396 = CARTESIAN_POINT('',(-2.223428114543,6.102388441663));
#6397 = CARTESIAN_POINT('',(-2.225504329177,6.102926661068));
#6398 = CARTESIAN_POINT('',(-2.227583875751,6.103476072018));
#6399 = CARTESIAN_POINT('',(-2.229666775401,6.104035513625));
#6400 = CARTESIAN_POINT('',(-2.231753049955,6.10460343347));
#6401 = CARTESIAN_POINT('',(-2.239961528964,6.106868496127));
#6402 = CARTESIAN_POINT('',(-2.246109438724,6.108629705392));
#6403 = CARTESIAN_POINT('',(-2.252286961134,6.110447643584));
#6404 = CARTESIAN_POINT('',(-2.258494606875,6.112306851926));
#6405 = CARTESIAN_POINT('',(-2.264732883803,6.114192457448));
#6406 = CARTESIAN_POINT('',(-2.271002296949,6.116090172987));
#6407 = CARTESIAN_POINT('',(-2.277303348514,6.117986297187));
#6408 = CARTESIAN_POINT('',(-2.293392343429,6.122765897455));
#6409 = CARTESIAN_POINT('',(-2.30322438171,6.125629242414));
#6410 = CARTESIAN_POINT('',(-2.313134496141,6.1284099957));
#6411 = CARTESIAN_POINT('',(-2.323124467619,6.131064005358));
#6412 = CARTESIAN_POINT('',(-2.333196012888,6.133550905746));
#6413 = CARTESIAN_POINT('',(-2.3433507829,6.135834302134));
#6414 = CARTESIAN_POINT('',(-2.353590361177,6.137881955299));
#6415 = CARTESIAN_POINT('',(-2.368546223907,6.140465886809));
#6416 = CARTESIAN_POINT('',(-2.373193535124,6.141213201956));
#6417 = CARTESIAN_POINT('',(-2.377858332967,6.141902830381));
#6418 = CARTESIAN_POINT('',(-2.38254073682,6.142539134068));
#6419 = CARTESIAN_POINT('',(-2.387240880722,6.143112497501));
#6420 = CARTESIAN_POINT('',(-2.391958888269,6.143618214586));
#6421 = CARTESIAN_POINT('',(-2.396694852308,6.144071087003));
#6422 = CARTESIAN_POINT('',(-2.405988775561,6.144849259223));
#6423 = CARTESIAN_POINT('',(-2.410545142464,6.14518014018));
#6424 = CARTESIAN_POINT('',(-2.415118072515,6.145464478746));
#6425 = CARTESIAN_POINT('',(-2.419707650369,6.145704955532));
#6426 = CARTESIAN_POINT('',(-2.424313955268,6.145904233701));
#6427 = CARTESIAN_POINT('',(-2.428937061043,6.146064958963));
#6428 = CARTESIAN_POINT('',(-2.433577036111,6.146189759578));
#6429 = CARTESIAN_POINT('',(-2.454596537031,6.146602695934));
#6430 = CARTESIAN_POINT('',(-2.471168157801,6.146512832927));
#6431 = CARTESIAN_POINT('',(-2.487951594871,6.146124301477));
#6432 = CARTESIAN_POINT('',(-2.5049484998,6.145545738896));
#6433 = CARTESIAN_POINT('',(-2.522159299457,6.144878000297));
#6434 = CARTESIAN_POINT('',(-2.539583055765,6.144210576262));
#6435 = CARTESIAN_POINT('',(-2.557217272382,6.143618203563));
#6436 = CARTESIAN_POINT('',(-2.585049372727,6.142899740756));
#6437 = CARTESIAN_POINT('',(-2.595105733984,6.142683152005));
#6438 = CARTESIAN_POINT('',(-2.605225916352,6.142524332006));
#6439 = CARTESIAN_POINT('',(-2.615409006959,6.142385395982));
#6440 = CARTESIAN_POINT('',(-2.625653836868,6.142294560615));
#6441 = CARTESIAN_POINT('',(-2.635959123081,6.142222702113));
#6442 = CARTESIAN_POINT('',(-2.646323332173,6.142177389665));
#6443 = CARTESIAN_POINT('',(-2.67897120212,6.142095058908));
#6444 = CARTESIAN_POINT('',(-2.701460251164,6.142127863481));
#6445 = CARTESIAN_POINT('',(-2.724192289868,6.14221126471));
#6446 = CARTESIAN_POINT('',(-2.747146124323,6.142316361409));
#6447 = CARTESIAN_POINT('',(-2.770298676177,6.142423814986));
#6448 = CARTESIAN_POINT('',(-2.793624557054,6.142522809209));
#6449 = CARTESIAN_POINT('',(-2.817095498913,6.142608764172));
#6450 = CARTESIAN_POINT('',(-2.865063289341,6.142753253005));
#6451 = CARTESIAN_POINT('',(-2.889572022976,6.142810831827));
#6452 = CARTESIAN_POINT('',(-2.914171138175,6.142850522411));
#6453 = CARTESIAN_POINT('',(-2.938829169799,6.142874288221));
#6454 = CARTESIAN_POINT('',(-2.963517247803,6.142884177139));
#6455 = CARTESIAN_POINT('',(-2.988208532404,6.142880227824));
#6456 = CARTESIAN_POINT('',(-3.012877727292,6.142860179979));
#6457 = CARTESIAN_POINT('',(-3.050574995524,6.142800178592));
#6458 = CARTESIAN_POINT('',(-3.063637000298,6.142773967964));
#6459 = CARTESIAN_POINT('',(-3.07668350803,6.14274192711));
#6460 = CARTESIAN_POINT('',(-3.089711647122,6.142703535119));
#6461 = CARTESIAN_POINT('',(-3.10271883143,6.142658294059));
#6462 = CARTESIAN_POINT('',(-3.115702740146,6.14260584334));
#6463 = CARTESIAN_POINT('',(-3.128661297689,6.142546074078));
#6464 = CARTESIAN_POINT('',(-3.141592653588,6.142479243455));
#6465 = ( GEOMETRIC_REPRESENTATION_CONTEXT(2) 
PARAMETRIC_REPRESENTATION_CONTEXT() REPRESENTATION_CONTEXT('2D SPACE',''
  ) );
#6466 = ORIENTED_EDGE('',*,*,#6467,.T.);
#6467 = EDGE_CURVE('',#6107,#6468,#6470,.T.);
#6468 = VERTEX_POINT('',#6469);
#6469 = CARTESIAN_POINT('',(92.811215093297,67.145,12.401282563757));
#6470 = SURFACE_CURVE('',#6471,(#6628,#6788),.PCURVE_S1.);
#6471 = B_SPLINE_CURVE_WITH_KNOTS('',8,(#6472,#6473,#6474,#6475,#6476,
    #6477,#6478,#6479,#6480,#6481,#6482,#6483,#6484,#6485,#6486,#6487,
    #6488,#6489,#6490,#6491,#6492,#6493,#6494,#6495,#6496,#6497,#6498,
    #6499,#6500,#6501,#6502,#6503,#6504,#6505,#6506,#6507,#6508,#6509,
    #6510,#6511,#6512,#6513,#6514,#6515,#6516,#6517,#6518,#6519,#6520,
    #6521,#6522,#6523,#6524,#6525,#6526,#6527,#6528,#6529,#6530,#6531,
    #6532,#6533,#6534,#6535,#6536,#6537,#6538,#6539,#6540,#6541,#6542,
    #6543,#6544,#6545,#6546,#6547,#6548,#6549,#6550,#6551,#6552,#6553,
    #6554,#6555,#6556,#6557,#6558,#6559,#6560,#6561,#6562,#6563,#6564,
    #6565,#6566,#6567,#6568,#6569,#6570,#6571,#6572,#6573,#6574,#6575,
    #6576,#6577,#6578,#6579,#6580,#6581,#6582,#6583,#6584,#6585,#6586,
    #6587,#6588,#6589,#6590,#6591,#6592,#6593,#6594,#6595,#6596,#6597,
    #6598,#6599,#6600,#6601,#6602,#6603,#6604,#6605,#6606,#6607,#6608,
    #6609,#6610,#6611,#6612,#6613,#6614,#6615,#6616,#6617,#6618,#6619,
    #6620,#6621,#6622,#6623,#6624,#6625,#6626,#6627),.UNSPECIFIED.,.F.,
  .F.,(9,7,7,7,7,7,7,7,7,7,7,7,7,7,7,7,7,7,7,7,7,7,9),(0.,
    6.306955420627E-02,9.461039843011E-02,0.126507232546,0.157410853928,
    0.204477085854,0.252070815286,0.315002224415,0.37954173113,
    0.411948635153,0.46250114663,0.515356742117,0.563650953934,
    0.603404807108,0.670053871476,0.68804939424,0.705191425719,
    0.776486405275,0.853098282985,0.89569058665,0.947411184807,
    0.973471908083,1.),.UNSPECIFIED.);
#6472 = CARTESIAN_POINT('',(36.1476850538,107.68081041071,11.7));
#6473 = CARTESIAN_POINT('',(36.628054099661,107.8444866833,
    11.715152633223));
#6474 = CARTESIAN_POINT('',(37.108337693898,108.00088612312,
    11.729697575727));
#6475 = CARTESIAN_POINT('',(37.588559880799,108.15013658089,
    11.743717382711));
#6476 = CARTESIAN_POINT('',(38.068747507744,108.29235423285,
    11.757301861434));
#6477 = CARTESIAN_POINT('',(38.548930344956,108.42764412749,
    11.770547114054));
#6478 = CARTESIAN_POINT('',(39.029141205259,108.55610073236,
    11.783554580463));
#6479 = CARTESIAN_POINT('',(39.50941606383,108.67780848082,
    11.796430081124));
#6480 = CARTESIAN_POINT('',(40.230029446101,108.85037030372,
    11.815710485707));
#6481 = CARTESIAN_POINT('',(40.470290306341,108.90622908216,
    11.822133035585));
#6482 = CARTESIAN_POINT('',(40.710581501707,108.96042788185,
    11.828567020937));
#6483 = CARTESIAN_POINT('',(40.950908911114,109.01297726143,
    11.834977539477));
#6484 = CARTESIAN_POINT('',(41.191277279913,109.06388474707,
    11.841393596348));
#6485 = CARTESIAN_POINT('',(41.431692619789,109.11315945876,
    11.847786507563));
#6486 = CARTESIAN_POINT('',(41.672160356791,109.16080853325,
    11.854164395158));
#6487 = CARTESIAN_POINT('',(42.155927114346,109.25338926986,
    11.866945952828));
#6488 = CARTESIAN_POINT('',(42.399227418651,109.29828417115,
    11.87334964367));
#6489 = CARTESIAN_POINT('',(42.642593278592,109.34153109233,
    11.879726005012));
#6490 = CARTESIAN_POINT('',(42.886030801091,109.38313668657,
    11.886070614376));
#6491 = CARTESIAN_POINT('',(43.129546205608,109.42310700816,
    11.892379005516));
#6492 = CARTESIAN_POINT('',(43.373145824145,109.46144751242,
    11.898646668415));
#6493 = CARTESIAN_POINT('',(43.616836101247,109.49816305578,
    11.904869049288));
#6494 = CARTESIAN_POINT('',(44.096819962155,109.56725994252,
    11.917021850762));
#6495 = CARTESIAN_POINT('',(44.333107566653,109.59974064815,
    11.922955360303));
#6496 = CARTESIAN_POINT('',(44.569492368494,109.63070389091,
    11.928837874934));
#6497 = CARTESIAN_POINT('',(44.805980410821,109.66015302827,
    11.934665191935));
#6498 = CARTESIAN_POINT('',(45.042577818914,109.68809089694,
    11.940433110136));
#6499 = CARTESIAN_POINT('',(45.279290800195,109.71451981281,
    11.946137429919));
#6500 = CARTESIAN_POINT('',(45.516125644226,109.73944157101,
    11.951773953212));
#6501 = CARTESIAN_POINT('',(46.113983618211,109.7985198358,
    11.965813266099));
#6502 = CARTESIAN_POINT('',(46.475175852717,109.83068920475,
    11.974122288244));
#6503 = CARTESIAN_POINT('',(46.836687656794,109.85936957134,
    11.98226501573));
#6504 = CARTESIAN_POINT('',(47.198541640496,109.88456210749,
    11.990241022076));
#6505 = CARTESIAN_POINT('',(47.560760793358,109.90626513841,
    11.998049988525));
#6506 = CARTESIAN_POINT('',(47.923368484401,109.92447414263,
    12.005691704041));
#6507 = CARTESIAN_POINT('',(48.286388462127,109.93918175195,
    12.013166065309));
#6508 = CARTESIAN_POINT('',(49.017374705379,109.96169923079,
    12.027861981914));
#6509 = CARTESIAN_POINT('',(49.385350608933,109.96942989625,
    12.035080021552));
#6510 = CARTESIAN_POINT('',(49.753797660061,109.97355918037,
    12.042125705543));
#6511 = CARTESIAN_POINT('',(50.122741139069,109.97407326401,
    12.049002295839));
#6512 = CARTESIAN_POINT('',(50.492206560501,109.97095544424,
    12.055707094333));
#6513 = CARTESIAN_POINT('',(50.862219746475,109.96418577452,
    12.062239234386));
#6514 = CARTESIAN_POINT('',(51.232806903342,109.95374078142,
    12.068604657746));
#6515 = CARTESIAN_POINT('',(52.094802401322,109.92088838461,
    12.082984806531));
#6516 = CARTESIAN_POINT('',(52.586659212511,109.89571080149,
    12.090869257638));
#6517 = CARTESIAN_POINT('',(53.079627351244,109.86400012918,
    12.098436150781));
#6518 = CARTESIAN_POINT('',(53.573768843212,109.82568507924,
    12.105671656079));
#6519 = CARTESIAN_POINT('',(54.06914582042,109.78068362473,
    12.112562365951));
#6520 = CARTESIAN_POINT('',(54.565820839001,109.72890236628,
    12.119095386158));
#6521 = CARTESIAN_POINT('',(55.063857197023,109.67023589827,
    12.125258426842));
#6522 = CARTESIAN_POINT('',(56.075544151063,109.53721838141,
    12.136969095144));
#6523 = CARTESIAN_POINT('',(56.589266279036,109.46250507206,
    12.142497438569));
#6524 = CARTESIAN_POINT('',(57.10455560688,109.38029894879,
    12.147608803638));
#6525 = CARTESIAN_POINT('',(57.621481118018,109.29045803245,
    12.152301822878));
#6526 = CARTESIAN_POINT('',(58.140109196632,109.19282661088,
    12.15655614758));
#6527 = CARTESIAN_POINT('',(58.660504926402,109.08723343736,
    12.160349334222));
#6528 = CARTESIAN_POINT('',(59.182733563313,108.97348942669,
    12.163675841358));
#6529 = CARTESIAN_POINT('',(59.970036188958,108.79007645528,
    12.167947563174));
#6530 = CARTESIAN_POINT('',(60.233690845034,108.72665848151,
    12.169253954661));
#6531 = CARTESIAN_POINT('',(60.497831377809,108.66110704406,
    12.170437212535));
#6532 = CARTESIAN_POINT('',(60.762465513745,108.59339477256,
    12.171495848579));
#6533 = CARTESIAN_POINT('',(61.027600742113,108.5234930569,
    12.172428475369));
#6534 = CARTESIAN_POINT('',(61.293244314993,108.45137204725,
    12.17323380627));
#6535 = CARTESIAN_POINT('',(61.559403247281,108.37700065403,
    12.173910655437));
#6536 = CARTESIAN_POINT('',(62.242088196965,108.18077148539,
    12.175311660184));
#6537 = CARTESIAN_POINT('',(62.659361504257,108.05564187278,
    12.175850802548));
#6538 = CARTESIAN_POINT('',(63.077930538392,107.9248347621,
    12.176064843232));
#6539 = CARTESIAN_POINT('',(63.497820993378,107.78821743197,
    12.175976486045));
#6540 = CARTESIAN_POINT('',(63.919049504566,107.64565424463,
    12.175532586676));
#6541 = CARTESIAN_POINT('',(64.341635599376,107.4969961038,
    12.174757919912));
#6542 = CARTESIAN_POINT('',(64.765592026131,107.34208790503,
    12.173629914325));
#6543 = CARTESIAN_POINT('',(65.635645930802,107.01208885236,
    12.170598687885));
#6544 = CARTESIAN_POINT('',(66.081868747428,106.83640137201,
    12.168661465574));
#6545 = CARTESIAN_POINT('',(66.529612431988,106.65351044551,
    12.166333125575));
#6546 = CARTESIAN_POINT('',(66.978882247463,106.46321613002,
    12.1636013391));
#6547 = CARTESIAN_POINT('',(67.429676312916,106.2653060761,
    12.160481061602));
#6548 = CARTESIAN_POINT('',(67.881982694316,106.0595590822,12.1569508844
    ));
#6549 = CARTESIAN_POINT('',(68.335782707225,105.84573902725,
    12.153034535145));
#6550 = CARTESIAN_POINT('',(69.207023174466,105.42062890256,
    12.144788504772));
#6551 = CARTESIAN_POINT('',(69.624217506385,105.21071504282,
    12.140522795785));
#6552 = CARTESIAN_POINT('',(70.042608599425,104.9936687138,
    12.135921702277));
#6553 = CARTESIAN_POINT('',(70.462163326907,104.76929488181,
    12.130980730798));
#6554 = CARTESIAN_POINT('',(70.882836808136,104.53739197559,
    12.125697977235));
#6555 = CARTESIAN_POINT('',(71.304572006868,104.29775195069,
    12.12007444761));
#6556 = CARTESIAN_POINT('',(71.727299329773,104.05016035382,
    12.114114378863));
#6557 = CARTESIAN_POINT('',(72.499657081791,103.58386177462,
    12.102648856556));
#6558 = CARTESIAN_POINT('',(72.8489915517,103.3677912357,12.097249740798
    ));
#6559 = CARTESIAN_POINT('',(73.198893001495,103.14606219296,
    12.091630911734));
#6560 = CARTESIAN_POINT('',(73.549306339915,102.91855034797,
    12.085802089051));
#6561 = CARTESIAN_POINT('',(73.900166383383,102.68513173384,
    12.079767735904));
#6562 = CARTESIAN_POINT('',(74.25139872044,102.44568196201,
    12.073536632137));
#6563 = CARTESIAN_POINT('',(74.602920095491,102.20007606393,
    12.06712762548));
#6564 = CARTESIAN_POINT('',(75.54430122908,101.52589828753,
    12.049511320286));
#6565 = CARTESIAN_POINT('',(76.134500316733,101.08596699641,
    12.037992100287));
#6566 = CARTESIAN_POINT('',(76.724794706494,100.62781728653,
    12.026030106265));
#6567 = CARTESIAN_POINT('',(77.314636452357,100.15089905603,
    12.013699146185));
#6568 = CARTESIAN_POINT('',(77.903364591313,99.6547072533,12.00110645746
    ));
#6569 = CARTESIAN_POINT('',(78.490203122708,99.138802764949,
    11.988391322461));
#6570 = CARTESIAN_POINT('',(79.074259926958,98.60284020833,
    11.97572080036));
#6571 = CARTESIAN_POINT('',(79.811201029302,97.896416183621,
    11.959924203153));
#6572 = CARTESIAN_POINT('',(79.967597843478,97.744752952464,
    11.956582779501));
#6573 = CARTESIAN_POINT('',(80.123696795871,97.591608996868,
    11.953262030698));
#6574 = CARTESIAN_POINT('',(80.279476972388,97.436981253235,
    11.94996576762));
#6575 = CARTESIAN_POINT('',(80.434916815129,97.280867532513,
    11.946697885674));
#6576 = CARTESIAN_POINT('',(80.589994122383,97.123266520188,
    11.943462364794));
#6577 = CARTESIAN_POINT('',(80.744686048632,96.964177776292,
    11.940263269449));
#6578 = CARTESIAN_POINT('',(81.045934826849,96.650641491677,
    11.93409603008));
#6579 = CARTESIAN_POINT('',(81.192529560196,96.496331750262,
    11.931123739813));
#6580 = CARTESIAN_POINT('',(81.338733041281,96.340672899324,
    11.928192782736));
#6581 = CARTESIAN_POINT('',(81.484524461011,96.183666287046,
    11.925306092033));
#6582 = CARTESIAN_POINT('',(81.629882510547,96.025314197119,
    11.922465428537));
#6583 = CARTESIAN_POINT('',(81.774785427354,95.865619824242,
    11.919672180108));
#6584 = CARTESIAN_POINT('',(81.919211041244,95.704587249619,
    11.916928161004));
#6585 = CARTESIAN_POINT('',(82.661734804395,94.866929881153,
    11.903041224543));
#6586 = CARTESIAN_POINT('',(83.251773282385,94.168478354575,
    11.89274537584));
#6587 = CARTESIAN_POINT('',(83.831519841175,93.447333416092,
    11.883521853132));
#6588 = CARTESIAN_POINT('',(84.399222303406,92.704166911177,
    11.875601843868));
#6589 = CARTESIAN_POINT('',(84.953127538492,91.93988253714,
    11.869254062836));
#6590 = CARTESIAN_POINT('',(85.491506689245,91.155647213646,
    11.864757137237));
#6591 = CARTESIAN_POINT('',(86.012686814202,90.352927238001,
    11.862365048975));
#6592 = CARTESIAN_POINT('',(87.054958244967,88.653023743047,
    11.862158805345));
#6593 = CARTESIAN_POINT('',(87.573274308626,87.753048042539,
    11.86469973278));
#6594 = CARTESIAN_POINT('',(88.068054961164,86.83583588007,
    11.870125669783));
#6595 = CARTESIAN_POINT('',(88.53770880363,85.903644495171,
    11.878592822662));
#6596 = CARTESIAN_POINT('',(88.980996611859,84.95873469397,
    11.890138802039));
#6597 = CARTESIAN_POINT('',(89.396996586109,84.003353231191,
    11.904672551972));
#6598 = CARTESIAN_POINT('',(89.785073452051,83.03971749072,
    11.921991756822));
#6599 = CARTESIAN_POINT('',(90.344869643056,81.530890278873,
    11.952855514864));
#6600 = CARTESIAN_POINT('',(90.536160077138,80.989848182561,
    11.964662159038));
#6601 = CARTESIAN_POINT('',(90.718668307578,80.44721474108,
    11.977202432048));
#6602 = CARTESIAN_POINT('',(90.892366547723,79.90330924114,
    11.990424894751));
#6603 = CARTESIAN_POINT('',(91.057250380737,79.35843158731,
    12.004274409123));
#6604 = CARTESIAN_POINT('',(91.213335508262,78.81286219846,
    12.018694652148));
#6605 = CARTESIAN_POINT('',(91.360654499077,78.266861904197,
    12.0336306297));
#6606 = CARTESIAN_POINT('',(91.667556835963,77.057423452987,
    12.067732367499));
#6607 = CARTESIAN_POINT('',(91.823000614765,76.39390096337,
    12.087118454178));
#6608 = CARTESIAN_POINT('',(91.96567078488,75.730526817879,
    12.10709818231));
#6609 = CARTESIAN_POINT('',(92.095680413216,75.067689064371,
    12.127588419329));
#6610 = CARTESIAN_POINT('',(92.213163650828,74.405742572925,
    12.14852076241));
#6611 = CARTESIAN_POINT('',(92.318270332232,73.745009956924,
    12.169847326625));
#6612 = CARTESIAN_POINT('',(92.411161246107,73.085782195423,
    12.191545727108));
#6613 = CARTESIAN_POINT('',(92.53273876972,72.097039580001,
    12.224747572619));
#6614 = CARTESIAN_POINT('',(92.570414361637,71.766209573669,
    12.235969043197));
#6615 = CARTESIAN_POINT('',(92.605052426818,71.435862488165,
    12.247285634611));
#6616 = CARTESIAN_POINT('',(92.63667553536,71.106029255031,
    12.258685394484));
#6617 = CARTESIAN_POINT('',(92.665306303072,70.776739850394,
    12.270162245687));
#6618 = CARTESIAN_POINT('',(92.690967541237,70.44802285469,
    12.28171158567));
#6619 = CARTESIAN_POINT('',(92.713682527244,70.119904769342,
    12.293323720891));
#6620 = CARTESIAN_POINT('',(92.753621250308,69.459043913408,
    12.31687189187));
#6621 = CARTESIAN_POINT('',(92.770739139227,69.126324030649,
    12.328809729103));
#6622 = CARTESIAN_POINT('',(92.784852706997,68.794277916676,
    12.340799518974));
#6623 = CARTESIAN_POINT('',(92.795986542094,68.462930965919,
    12.35283417863));
#6624 = CARTESIAN_POINT('',(92.804165197795,68.132307353278,
    12.364906702524));
#6625 = CARTESIAN_POINT('',(92.809413192177,67.802430034114,
    12.377010162417));
#6626 = CARTESIAN_POINT('',(92.811755008115,67.473320744257,
    12.389137707372));
#6627 = CARTESIAN_POINT('',(92.811215093285,67.145,12.401282563759));
#6628 = PCURVE('',#5476,#6629);
#6629 = DEFINITIONAL_REPRESENTATION('',(#6630),#6787);
#6630 = B_SPLINE_CURVE_WITH_KNOTS('',8,(#6631,#6632,#6633,#6634,#6635,
    #6636,#6637,#6638,#6639,#6640,#6641,#6642,#6643,#6644,#6645,#6646,
    #6647,#6648,#6649,#6650,#6651,#6652,#6653,#6654,#6655,#6656,#6657,
    #6658,#6659,#6660,#6661,#6662,#6663,#6664,#6665,#6666,#6667,#6668,
    #6669,#6670,#6671,#6672,#6673,#6674,#6675,#6676,#6677,#6678,#6679,
    #6680,#6681,#6682,#6683,#6684,#6685,#6686,#6687,#6688,#6689,#6690,
    #6691,#6692,#6693,#6694,#6695,#6696,#6697,#6698,#6699,#6700,#6701,
    #6702,#6703,#6704,#6705,#6706,#6707,#6708,#6709,#6710,#6711,#6712,
    #6713,#6714,#6715,#6716,#6717,#6718,#6719,#6720,#6721,#6722,#6723,
    #6724,#6725,#6726,#6727,#6728,#6729,#6730,#6731,#6732,#6733,#6734,
    #6735,#6736,#6737,#6738,#6739,#6740,#6741,#6742,#6743,#6744,#6745,
    #6746,#6747,#6748,#6749,#6750,#6751,#6752,#6753,#6754,#6755,#6756,
    #6757,#6758,#6759,#6760,#6761,#6762,#6763,#6764,#6765,#6766,#6767,
    #6768,#6769,#6770,#6771,#6772,#6773,#6774,#6775,#6776,#6777,#6778,
    #6779,#6780,#6781,#6782,#6783,#6784,#6785,#6786),.UNSPECIFIED.,.F.,
  .F.,(9,7,7,7,7,7,7,7,7,7,7,7,7,7,7,7,7,7,7,7,7,7,9),(0.,
    6.306955420627E-02,9.461039843011E-02,0.126507232546,0.157410853928,
    0.204477085854,0.252070815286,0.315002224415,0.37954173113,
    0.411948635153,0.46250114663,0.515356742117,0.563650953934,
    0.603404807108,0.670053871476,0.68804939424,0.705191425719,
    0.776486405275,0.853098282985,0.89569058665,0.947411184807,
    0.973471908083,1.),.UNSPECIFIED.);
#6631 = CARTESIAN_POINT('',(38.264424360829,0.878444260716));
#6632 = CARTESIAN_POINT('',(38.955930543343,0.881991259796));
#6633 = CARTESIAN_POINT('',(39.649239600691,0.885380563942));
#6634 = CARTESIAN_POINT('',(40.344208354022,0.888614943784));
#6635 = CARTESIAN_POINT('',(41.04069942057,0.891696916954));
#6636 = CARTESIAN_POINT('',(41.738581045686,0.894628759941));
#6637 = CARTESIAN_POINT('',(42.43772693486,0.897412519934));
#6638 = CARTESIAN_POINT('',(43.138016085751,0.900050026673));
#6639 = CARTESIAN_POINT('',(44.190058352189,0.903789582917));
#6640 = CARTESIAN_POINT('',(44.54104070158,0.905000088464));
#6641 = CARTESIAN_POINT('',(44.892264981948,0.906174620909));
#6642 = CARTESIAN_POINT('',(45.243717191186,0.907313409067));
#6643 = CARTESIAN_POINT('',(45.595382935732,0.908416616038));
#6644 = CARTESIAN_POINT('',(45.947248551598,0.909484439457));
#6645 = CARTESIAN_POINT('',(46.299300231502,0.910517033985));
#6646 = CARTESIAN_POINT('',(47.007724193498,0.912523334486));
#6647 = CARTESIAN_POINT('',(47.364100333059,0.913496243822));
#6648 = CARTESIAN_POINT('',(47.720638955655,0.914433440077));
#6649 = CARTESIAN_POINT('',(48.077326215702,0.91533506743));
#6650 = CARTESIAN_POINT('',(48.434148384766,0.916201257084));
#6651 = CARTESIAN_POINT('',(48.791091851565,0.91703212726));
#6652 = CARTESIAN_POINT('',(49.148143121967,0.9178277832));
#6653 = CARTESIAN_POINT('',(49.851313611277,0.919325169412));
#6654 = CARTESIAN_POINT('',(50.197426987731,0.920029052945));
#6655 = CARTESIAN_POINT('',(50.543616778627,0.920700051813));
#6656 = CARTESIAN_POINT('',(50.889870843308,0.921338238775));
#6657 = CARTESIAN_POINT('',(51.23617707019,0.921943675305));
#6658 = CARTESIAN_POINT('',(51.582523376758,0.92251641159));
#6659 = CARTESIAN_POINT('',(51.928897709566,0.923056486532));
#6660 = CARTESIAN_POINT('',(52.802840709569,0.924336760988));
#6661 = CARTESIAN_POINT('',(53.330430218236,0.9250338976));
#6662 = CARTESIAN_POINT('',(53.858014148503,0.925655424669));
#6663 = CARTESIAN_POINT('',(54.385549754103,0.926201367591));
#6664 = CARTESIAN_POINT('',(54.912993964234,0.926671690073));
#6665 = CARTESIAN_POINT('',(55.440303383566,0.92706629413));
#6666 = CARTESIAN_POINT('',(55.967434292238,0.927385020088));
#6667 = CARTESIAN_POINT('',(57.027156355215,0.927872992324));
#6668 = CARTESIAN_POINT('',(57.559742074912,0.928040522186));
#6669 = CARTESIAN_POINT('',(58.09205425639,0.92813000716));
#6670 = CARTESIAN_POINT('',(58.624046345911,0.928141147774));
#6671 = CARTESIAN_POINT('',(59.155670949184,0.928073582062));
#6672 = CARTESIAN_POINT('',(59.686879631376,0.927926877766));
#6673 = CARTESIAN_POINT('',(60.217622770041,0.927700526198));
#6674 = CARTESIAN_POINT('',(61.448949361392,0.926988587813));
#6675 = CARTESIAN_POINT('',(62.149145204473,0.926442968935));
#6676 = CARTESIAN_POINT('',(62.84832153761,0.925755772655));
#6677 = CARTESIAN_POINT('',(63.546356928567,0.924925454096));
#6678 = CARTESIAN_POINT('',(64.243124111352,0.923950235664));
#6679 = CARTESIAN_POINT('',(64.938489714565,0.922828093321));
#6680 = CARTESIAN_POINT('',(65.63231398975,0.921556742838));
#6681 = CARTESIAN_POINT('',(67.034273379158,0.918674144142));
#6682 = CARTESIAN_POINT('',(67.74231791166,0.917055045445));
#6683 = CARTESIAN_POINT('',(68.448427488264,0.915273571325));
#6684 = CARTESIAN_POINT('',(69.152432978552,0.913326644977));
#6685 = CARTESIAN_POINT('',(69.854154453591,0.91121089199));
#6686 = CARTESIAN_POINT('',(70.553399801617,0.908922601308));
#6687 = CARTESIAN_POINT('',(71.249963122422,0.906457675299));
#6688 = CARTESIAN_POINT('',(72.291931136684,0.902482965766));
#6689 = CARTESIAN_POINT('',(72.639504541992,0.901108646257));
#6690 = CARTESIAN_POINT('',(72.986318047758,0.899688092839));
#6691 = CARTESIAN_POINT('',(73.332342534342,0.898220712376));
#6692 = CARTESIAN_POINT('',(73.677547676988,0.896705884861));
#6693 = CARTESIAN_POINT('',(74.021901945824,0.895142963425));
#6694 = CARTESIAN_POINT('',(74.365372605863,0.893531274332));
#6695 = CARTESIAN_POINT('',(75.242284694029,0.889278827292));
#6696 = CARTESIAN_POINT('',(75.774409265768,0.886567165951));
#6697 = CARTESIAN_POINT('',(76.304172280702,0.883732468569));
#6698 = CARTESIAN_POINT('',(76.831434221939,0.880771858966));
#6699 = CARTESIAN_POINT('',(77.356051576927,0.87768239776));
#6700 = CARTESIAN_POINT('',(77.877864719554,0.874460853913));
#6701 = CARTESIAN_POINT('',(78.396707439402,0.871103866184));
#6702 = CARTESIAN_POINT('',(79.451589299886,0.863952516034));
#6703 = CARTESIAN_POINT('',(79.987330994979,0.860145224228));
#6704 = CARTESIAN_POINT('',(80.519424254126,0.856181827836));
#6705 = CARTESIAN_POINT('',(81.047649235847,0.852057993933));
#6706 = CARTESIAN_POINT('',(81.571766371505,0.84776912073));
#6707 = CARTESIAN_POINT('',(82.091519746342,0.843310414611));
#6708 = CARTESIAN_POINT('',(82.60663258453,0.838676758636));
#6709 = CARTESIAN_POINT('',(83.582961880573,0.829464273541));
#6710 = CARTESIAN_POINT('',(84.044988538113,0.824915268021));
#6711 = CARTESIAN_POINT('',(84.50266790507,0.820211696041));
#6712 = CARTESIAN_POINT('',(84.955757853003,0.815349331061));
#6713 = CARTESIAN_POINT('',(85.403997783955,0.810323804867));
#6714 = CARTESIAN_POINT('',(85.847109044677,0.805130608965));
#6715 = CARTESIAN_POINT('',(86.284795340857,0.799765095976));
#6716 = CARTESIAN_POINT('',(87.072305219576,0.789660023288));
#6717 = CARTESIAN_POINT('',(87.423976097587,0.78497759748));
#6718 = CARTESIAN_POINT('',(87.771581028681,0.780172547253));
#6719 = CARTESIAN_POINT('',(88.114933170072,0.775242178957));
#6720 = CARTESIAN_POINT('',(88.453836687891,0.770183806129));
#6721 = CARTESIAN_POINT('',(88.788085423576,0.764994733167));
#6722 = CARTESIAN_POINT('',(89.117462406609,0.7596722519));
#6723 = CARTESIAN_POINT('',(89.985420183771,0.745062266498));
#6724 = CARTESIAN_POINT('',(90.514765972056,0.73552859457));
#6725 = CARTESIAN_POINT('',(91.028741373193,0.725600114563));
#6726 = CARTESIAN_POINT('',(91.526204979396,0.715264905321));
#6727 = CARTESIAN_POINT('',(92.005933252993,0.704512021959));
#6728 = CARTESIAN_POINT('',(92.466644240677,0.693331948531));
#6729 = CARTESIAN_POINT('',(92.907027204387,0.681717200311));
#6730 = CARTESIAN_POINT('',(93.438842659428,0.666408412257));
#6731 = CARTESIAN_POINT('',(93.55032926272,0.663121745638));
#6732 = CARTESIAN_POINT('',(93.660211931902,0.659802990505));
#6733 = CARTESIAN_POINT('',(93.768464775991,0.656452080469));
#6734 = CARTESIAN_POINT('',(93.875062059817,0.65306896809));
#6735 = CARTESIAN_POINT('',(93.979978204018,0.649653624882));
#6736 = CARTESIAN_POINT('',(94.083187785044,0.646206041311));
#6737 = CARTESIAN_POINT('',(94.281330400606,0.639411452848));
#6738 = CARTESIAN_POINT('',(94.376423944485,0.636067434181));
#6739 = CARTESIAN_POINT('',(94.469924215934,0.632694179203));
#6740 = CARTESIAN_POINT('',(94.561809855604,0.629291717132));
#6741 = CARTESIAN_POINT('',(94.65206002471,0.625860097456));
#6742 = CARTESIAN_POINT('',(94.740654334103,0.622399389408));
#6743 = CARTESIAN_POINT('',(94.827572773327,0.618909681431));
#6744 = CARTESIAN_POINT('',(95.267243857959,0.600756959175));
#6745 = CARTESIAN_POINT('',(95.592414120046,0.585620941696));
#6746 = CARTESIAN_POINT('',(95.88681973845,0.569993139367));
#6747 = CARTESIAN_POINT('',(96.149197493102,0.55388811163));
#6748 = CARTESIAN_POINT('',(96.378546676128,0.537325442348));
#6749 = CARTESIAN_POINT('',(96.574167885313,0.520330419626));
#6750 = CARTESIAN_POINT('',(96.735701566255,0.50293481933));
#6751 = CARTESIAN_POINT('',(97.000136857095,0.466096516265));
#6752 = CARTESIAN_POINT('',(97.097800517467,0.446593304638));
#6753 = CARTESIAN_POINT('',(97.156145504524,0.426716564743));
#6754 = CARTESIAN_POINT('',(97.175734423912,0.406515212811));
#6755 = CARTESIAN_POINT('',(97.157587355205,0.386038242366));
#6756 = CARTESIAN_POINT('',(97.103078336794,0.365334342425));
#6757 = CARTESIAN_POINT('',(97.013845247183,0.344451565516));
#6758 = CARTESIAN_POINT('',(96.823813817036,0.311754042234));
#6759 = CARTESIAN_POINT('',(96.745739532601,0.300029216222));
#6760 = CARTESIAN_POINT('',(96.657796762832,0.288269904455));
#6761 = CARTESIAN_POINT('',(96.560303569194,0.276483026138));
#6762 = CARTESIAN_POINT('',(96.453584940636,0.264675080449));
#6763 = CARTESIAN_POINT('',(96.337968193043,0.252852144294));
#6764 = CARTESIAN_POINT('',(96.213778368693,0.241019870066));
#6765 = CARTESIAN_POINT('',(95.920503621285,0.214810346798));
#6766 = CARTESIAN_POINT('',(95.74750282083,0.2004312702));
#6767 = CARTESIAN_POINT('',(95.562900155154,0.186055408341));
#6768 = CARTESIAN_POINT('',(95.367252602012,0.171691170536));
#6769 = CARTESIAN_POINT('',(95.161098281448,0.157346247111));
#6770 = CARTESIAN_POINT('',(94.944950885787,0.143027629362));
#6771 = CARTESIAN_POINT('',(94.719295454301,0.128741623045));
#6772 = CARTESIAN_POINT('',(94.36632097933,0.107314759562));
#6773 = CARTESIAN_POINT('',(94.245757888344,0.100145401965));
#6774 = CARTESIAN_POINT('',(94.122955021406,9.298650965793E-02));
#6775 = CARTESIAN_POINT('',(93.997971554063,8.583875295333E-02));
#6776 = CARTESIAN_POINT('',(93.870864034697,7.870278145831E-02));
#6777 = CARTESIAN_POINT('',(93.74168717315,7.15792145344E-02));
#6778 = CARTESIAN_POINT('',(93.610495033802,6.446862648915E-02));
#6779 = CARTESIAN_POINT('',(93.341795468742,5.014722967619E-02));
#6780 = CARTESIAN_POINT('',(93.204217153205,4.293691689977E-02));
#6781 = CARTESIAN_POINT('',(93.064659045166,3.574120524736E-02));
#6782 = CARTESIAN_POINT('',(92.923174280197,2.856064504188E-02));
#6783 = CARTESIAN_POINT('',(92.779814385705,2.139576017418E-02));
#6784 = CARTESIAN_POINT('',(92.63462928093,1.424704810303E-02));
#6785 = CARTESIAN_POINT('',(92.487667276946,7.114979855127E-03));
#6786 = CARTESIAN_POINT('',(92.338975076659,2.50859022152E-11));
#6787 = ( GEOMETRIC_REPRESENTATION_CONTEXT(2) 
PARAMETRIC_REPRESENTATION_CONTEXT() REPRESENTATION_CONTEXT('2D SPACE',''
  ) );
#6788 = PCURVE('',#6043,#6789);
#6789 = DEFINITIONAL_REPRESENTATION('',(#6790),#6947);
#6790 = B_SPLINE_CURVE_WITH_KNOTS('',8,(#6791,#6792,#6793,#6794,#6795,
    #6796,#6797,#6798,#6799,#6800,#6801,#6802,#6803,#6804,#6805,#6806,
    #6807,#6808,#6809,#6810,#6811,#6812,#6813,#6814,#6815,#6816,#6817,
    #6818,#6819,#6820,#6821,#6822,#6823,#6824,#6825,#6826,#6827,#6828,
    #6829,#6830,#6831,#6832,#6833,#6834,#6835,#6836,#6837,#6838,#6839,
    #6840,#6841,#6842,#6843,#6844,#6845,#6846,#6847,#6848,#6849,#6850,
    #6851,#6852,#6853,#6854,#6855,#6856,#6857,#6858,#6859,#6860,#6861,
    #6862,#6863,#6864,#6865,#6866,#6867,#6868,#6869,#6870,#6871,#6872,
    #6873,#6874,#6875,#6876,#6877,#6878,#6879,#6880,#6881,#6882,#6883,
    #6884,#6885,#6886,#6887,#6888,#6889,#6890,#6891,#6892,#6893,#6894,
    #6895,#6896,#6897,#6898,#6899,#6900,#6901,#6902,#6903,#6904,#6905,
    #6906,#6907,#6908,#6909,#6910,#6911,#6912,#6913,#6914,#6915,#6916,
    #6917,#6918,#6919,#6920,#6921,#6922,#6923,#6924,#6925,#6926,#6927,
    #6928,#6929,#6930,#6931,#6932,#6933,#6934,#6935,#6936,#6937,#6938,
    #6939,#6940,#6941,#6942,#6943,#6944,#6945,#6946),.UNSPECIFIED.,.F.,
  .F.,(9,7,7,7,7,7,7,7,7,7,7,7,7,7,7,7,7,7,7,7,7,7,9),(0.,
    6.306955420627E-02,9.461039843011E-02,0.126507232546,0.157410853928,
    0.204477085854,0.252070815286,0.315002224415,0.37954173113,
    0.411948635153,0.46250114663,0.515356742117,0.563650953934,
    0.603404807108,0.670053871476,0.68804939424,0.705191425719,
    0.776486405275,0.853098282985,0.89569058665,0.947411184807,
    0.973471908083,1.),.UNSPECIFIED.);
#6791 = CARTESIAN_POINT('',(1.90008502529,23.7911647093));
#6792 = CARTESIAN_POINT('',(1.88823816584,23.77948975401));
#6793 = CARTESIAN_POINT('',(1.876447837541,23.768275697963));
#6794 = CARTESIAN_POINT('',(1.864710028258,23.757459949993));
#6795 = CARTESIAN_POINT('',(1.853020847995,23.746974056781));
#6796 = CARTESIAN_POINT('',(1.841376505001,23.736744445806));
#6797 = CARTESIAN_POINT('',(1.829773281888,23.726693168293));
#6798 = CARTESIAN_POINT('',(1.818207511739,23.716738642159));
#6799 = CARTESIAN_POINT('',(1.800908466123,23.701824314948));
#6800 = CARTESIAN_POINT('',(1.79514984028,23.696854836577));
#6801 = CARTESIAN_POINT('',(1.789399226034,23.69187518668));
#6802 = CARTESIAN_POINT('',(1.783656143312,23.686912364386));
#6803 = CARTESIAN_POINT('',(1.777920157647,23.681943942208));
#6804 = CARTESIAN_POINT('',(1.772190799808,23.676992118688));
#6805 = CARTESIAN_POINT('',(1.766467627065,23.67205062865));
#6806 = CARTESIAN_POINT('',(1.754968218459,23.662145067762));
#6807 = CARTESIAN_POINT('',(1.749192113309,23.657180952086));
#6808 = CARTESIAN_POINT('',(1.743421409589,23.652236703938));
#6809 = CARTESIAN_POINT('',(1.737655646047,23.647315771702));
#6810 = CARTESIAN_POINT('',(1.731894363208,23.642421642646));
#6811 = CARTESIAN_POINT('',(1.72613710338,23.637557842924));
#6812 = CARTESIAN_POINT('',(1.720383410654,23.632727937573));
#6813 = CARTESIAN_POINT('',(1.709061314341,23.623292350799));
#6814 = CARTESIAN_POINT('',(1.703492719538,23.618684346182));
#6815 = CARTESIAN_POINT('',(1.697926633442,23.614114812378));
#6816 = CARTESIAN_POINT('',(1.692362643384,23.60958704777));
#6817 = CARTESIAN_POINT('',(1.686800337073,23.605104353411));
#6818 = CARTESIAN_POINT('',(1.681239302597,23.600670033029));
#6819 = CARTESIAN_POINT('',(1.675679128425,23.596287393018));
#6820 = CARTESIAN_POINT('',(1.661651939217,23.585368728306));
#6821 = CARTESIAN_POINT('',(1.653185515415,23.578904306859));
#6822 = CARTESIAN_POINT('',(1.644718690734,23.572567051751));
#6823 = CARTESIAN_POINT('',(1.636250016493,23.566357448914));
#6824 = CARTESIAN_POINT('',(1.627778036596,23.560275896567));
#6825 = CARTESIAN_POINT('',(1.61930128753,23.554322705219));
#6826 = CARTESIAN_POINT('',(1.610818298367,23.548498097665));
#6827 = CARTESIAN_POINT('',(1.593741723064,23.537042483313));
#6828 = CARTESIAN_POINT('',(1.58514796439,23.53141417726));
#6829 = CARTESIAN_POINT('',(1.576544776285,23.52591859745));
#6830 = CARTESIAN_POINT('',(1.567930610732,23.520553334168));
#6831 = CARTESIAN_POINT('',(1.559303905994,23.515320628781));
#6832 = CARTESIAN_POINT('',(1.55066308113,23.510221287378));
#6833 = CARTESIAN_POINT('',(1.542006530357,23.505250792985));
#6834 = CARTESIAN_POINT('',(1.52186342892,23.494019113593));
#6835 = CARTESIAN_POINT('',(1.510363909927,23.4878587465));
#6836 = CARTESIAN_POINT('',(1.498830264998,23.481944509547));
#6837 = CARTESIAN_POINT('',(1.48725864638,23.476287493298));
#6838 = CARTESIAN_POINT('',(1.475645128959,23.470898460977));
#6839 = CARTESIAN_POINT('',(1.463985684232,23.465787772625));
#6840 = CARTESIAN_POINT('',(1.452276154268,23.460965309262));
#6841 = CARTESIAN_POINT('',(1.428447691301,23.451799858933));
#6842 = CARTESIAN_POINT('',(1.416325995222,23.447471907804));
#6843 = CARTESIAN_POINT('',(1.404142470953,23.443469435132));
#6844 = CARTESIAN_POINT('',(1.391892324474,23.4397937627));
#6845 = CARTESIAN_POINT('',(1.379570653013,23.436461062646));
#6846 = CARTESIAN_POINT('',(1.3671723843,23.433489131073));
#6847 = CARTESIAN_POINT('',(1.354692205527,23.430882504491));
#6848 = CARTESIAN_POINT('',(1.335814016973,23.427534874344));
#6849 = CARTESIAN_POINT('',(1.329481436668,23.426511024656));
#6850 = CARTESIAN_POINT('',(1.323126112831,23.425583624733));
#6851 = CARTESIAN_POINT('',(1.316747333504,23.424753858745));
#6852 = CARTESIAN_POINT('',(1.310344372229,23.42402282957));
#6853 = CARTESIAN_POINT('',(1.303916488057,23.423391558797));
#6854 = CARTESIAN_POINT('',(1.297462925542,23.42286098672));
#6855 = CARTESIAN_POINT('',(1.280874549565,23.421762739816));
#6856 = CARTESIAN_POINT('',(1.270701849315,23.421340082491));
#6857 = CARTESIAN_POINT('',(1.260461868752,23.421172279631));
#6858 = CARTESIAN_POINT('',(1.250151528451,23.421241547344));
#6859 = CARTESIAN_POINT('',(1.239767840035,23.421589547982));
#6860 = CARTESIAN_POINT('',(1.229307554946,23.422196840835));
#6861 = CARTESIAN_POINT('',(1.21876741601,23.423081081145));
#6862 = CARTESIAN_POINT('',(1.197036567097,23.425457057602));
#6863 = CARTESIAN_POINT('',(1.185838180725,23.426975438336));
#6864 = CARTESIAN_POINT('',(1.174544874107,23.428800244491));
#6865 = CARTESIAN_POINT('',(1.163152661962,23.430941039433));
#6866 = CARTESIAN_POINT('',(1.151657446765,23.433385991259));
#6867 = CARTESIAN_POINT('',(1.140055095334,23.436151718259));
#6868 = CARTESIAN_POINT('',(1.128341283415,23.439219466232));
#6869 = CARTESIAN_POINT('',(1.105702770839,23.445677455931));
#6870 = CARTESIAN_POINT('',(1.094797320389,23.449017696382));
#6871 = CARTESIAN_POINT('',(1.083791844761,23.452619944894));
#6872 = CARTESIAN_POINT('',(1.07268298723,23.456487549342));
#6873 = CARTESIAN_POINT('',(1.061467408769,23.46062180881));
#6874 = CARTESIAN_POINT('',(1.050141777017,23.465021726808));
#6875 = CARTESIAN_POINT('',(1.038702755258,23.46968376448));
#6876 = CARTESIAN_POINT('',(1.017634751239,23.478649753183));
#6877 = CARTESIAN_POINT('',(1.008043480767,23.482870965232));
#6878 = CARTESIAN_POINT('',(0.998371328465,23.487262985319));
#6879 = CARTESIAN_POINT('',(0.98861649886,23.491818083383));
#6880 = CARTESIAN_POINT('',(0.978777302619,23.496532628813));
#6881 = CARTESIAN_POINT('',(0.968852120754,23.501399622756));
#6882 = CARTESIAN_POINT('',(0.958839386046,23.506404214702));
#6883 = CARTESIAN_POINT('',(0.931801743301,23.520156363439));
#6884 = CARTESIAN_POINT('',(0.914616073996,23.529144868311));
#6885 = CARTESIAN_POINT('',(0.897173704803,23.538474467607));
#6886 = CARTESIAN_POINT('',(0.879469268637,23.548086969351));
#6887 = CARTESIAN_POINT('',(0.861499101195,23.557898272126));
#6888 = CARTESIAN_POINT('',(0.843261474804,23.567799580633));
#6889 = CARTESIAN_POINT('',(0.824756968371,23.57766084147));
#6890 = CARTESIAN_POINT('',(0.800921537258,23.589948839666));
#6891 = CARTESIAN_POINT('',(0.795834935072,23.592547731339));
#6892 = CARTESIAN_POINT('',(0.790729246161,23.595130181995));
#6893 = CARTESIAN_POINT('',(0.785604568412,23.597693235961));
#6894 = CARTESIAN_POINT('',(0.780461018311,23.600233874037));
#6895 = CARTESIAN_POINT('',(0.775298730948,23.602749013496));
#6896 = CARTESIAN_POINT('',(0.770117860015,23.605235508085));
#6897 = CARTESIAN_POINT('',(0.759965887042,23.610028369351));
#6898 = CARTESIAN_POINT('',(0.754996490844,23.612337987853));
#6899 = CARTESIAN_POINT('',(0.750010537718,23.614615204934));
#6900 = CARTESIAN_POINT('',(0.745008195803,23.61685775535));
#6901 = CARTESIAN_POINT('',(0.73998965183,23.619064285849));
#6902 = CARTESIAN_POINT('',(0.734955110088,23.621233733817));
#6903 = CARTESIAN_POINT('',(0.729904791387,23.623364705923));
#6904 = CARTESIAN_POINT('',(0.703769647427,23.634147949005));
#6905 = CARTESIAN_POINT('',(0.682428500957,23.642138664621));
#6906 = CARTESIAN_POINT('',(0.660836146963,23.649293797354));
#6907 = CARTESIAN_POINT('',(0.639015592602,23.655435216892));
#6908 = CARTESIAN_POINT('',(0.616992541556,23.66035590955));
#6909 = CARTESIAN_POINT('',(0.594795936163,23.663841201997));
#6910 = CARTESIAN_POINT('',(0.572458697919,23.665695168007));
#6911 = CARTESIAN_POINT('',(0.525905145863,23.665855014597));
#6912 = CARTESIAN_POINT('',(0.501667128253,23.663885694871));
#6913 = CARTESIAN_POINT('',(0.477351695962,23.659680426979));
#6914 = CARTESIAN_POINT('',(0.453000677986,23.653117071552));
#6915 = CARTESIAN_POINT('',(0.428651623125,23.644163754418));
#6916 = CARTESIAN_POINT('',(0.40433861641,23.632886727887));
#6917 = CARTESIAN_POINT('',(0.38009293871,23.619437520859));
#6918 = CARTESIAN_POINT('',(0.342517749739,23.595447675108));
#6919 = CARTESIAN_POINT('',(0.329120431281,23.586266657085));
#6920 = CARTESIAN_POINT('',(0.315755736024,23.576510491144));
#6921 = CARTESIAN_POINT('',(0.302427225993,23.566218185884));
#6922 = CARTESIAN_POINT('',(0.289137940995,23.555431664379));
#6923 = CARTESIAN_POINT('',(0.275890436234,23.544193837528));
#6924 = CARTESIAN_POINT('',(0.262686819924,23.532546677404));
#6925 = CARTESIAN_POINT('',(0.233550760294,23.505936362305));
#6926 = CARTESIAN_POINT('',(0.217640085942,23.490797620461));
#6927 = CARTESIAN_POINT('',(0.201799568959,23.475182810235));
#6928 = CARTESIAN_POINT('',(0.186031304077,23.459155563459));
#6929 = CARTESIAN_POINT('',(0.170336762966,23.442768253673));
#6930 = CARTESIAN_POINT('',(0.15471685334,23.426057407212));
#6931 = CARTESIAN_POINT('',(0.139171953821,23.409039670348));
#6932 = CARTESIAN_POINT('',(0.115906961537,23.382975502307));
#6933 = CARTESIAN_POINT('',(0.108131039844,23.374162348685));
#6934 = CARTESIAN_POINT('',(0.100374148918,23.36527033739));
#6935 = CARTESIAN_POINT('',(9.263622973857E-02,23.356308733992));
#6936 = CARTESIAN_POINT('',(8.491721609772E-02,23.347282205739));
#6937 = CARTESIAN_POINT('',(7.721702378592E-02,23.338194275984));
#6938 = CARTESIAN_POINT('',(6.953553367745E-02,23.329052477859));
#6939 = CARTESIAN_POINT('',(5.407227022797E-02,23.310504792489));
#6940 = CARTESIAN_POINT('',(4.629117556816E-02,23.301097323343));
#6941 = CARTESIAN_POINT('',(3.852918975823E-02,23.291644201287));
#6942 = CARTESIAN_POINT('',(3.078615812247E-02,23.282150935318));
#6943 = CARTESIAN_POINT('',(2.306191227642E-02,23.2726229886));
#6944 = CARTESIAN_POINT('',(1.535627012681E-02,23.263065778471));
#6945 = CARTESIAN_POINT('',(7.669035871601E-03,23.253484676436));
#6946 = CARTESIAN_POINT('',(0.,23.243885008171));
#6947 = ( GEOMETRIC_REPRESENTATION_CONTEXT(2) 
PARAMETRIC_REPRESENTATION_CONTEXT() REPRESENTATION_CONTEXT('2D SPACE',''
  ) );
#6948 = ORIENTED_EDGE('',*,*,#6949,.T.);
#6949 = EDGE_CURVE('',#6468,#5904,#6950,.T.);
#6950 = SURFACE_CURVE('',#6951,(#6975,#6982),.PCURVE_S1.);
#6951 = B_SPLINE_CURVE_WITH_KNOTS('',3,(#6952,#6953,#6954,#6955,#6956,
    #6957,#6958,#6959,#6960,#6961,#6962,#6963,#6964,#6965,#6966,#6967,
    #6968,#6969,#6970,#6971,#6972,#6973,#6974),.UNSPECIFIED.,.F.,.F.,(4,
    1,1,1,1,1,1,1,1,1,1,1,1,1,1,1,1,1,1,1,4),(0.,0.642419760525,
    2.553860535528,5.68725630942,9.965452479102,15.28310565636,
    21.51045316265,28.497392636784,36.067025397521,44.032783944922,
    52.19839242075,60.362760963019,68.325047704316,75.889742269119,
    82.871609377383,89.10035382164,94.424957833637,98.717862008289,
    101.87985565561,103.8018591086,104.44427886912),.UNSPECIFIED.);
#6952 = CARTESIAN_POINT('',(0.5,67.145,11.4));
#6953 = CARTESIAN_POINT('',(0.714139920175,67.145,11.4));
#6954 = CARTESIAN_POINT('',(1.565426779701,67.145,11.399992813284));
#6955 = CARTESIAN_POINT('',(3.461178660727,67.145,11.400104055074));
#6956 = CARTESIAN_POINT('',(6.568857929702,67.145,11.399254584943));
#6957 = CARTESIAN_POINT('',(10.811929651991,67.145,11.404255225002));
#6958 = CARTESIAN_POINT('',(16.086379911024,67.145,11.37855853137));
#6959 = CARTESIAN_POINT('',(22.263451787167,67.145,11.499514472095));
#6960 = CARTESIAN_POINT('',(29.184165570171,67.145,11.822422106912));
#6961 = CARTESIAN_POINT('',(36.687242849439,67.145,12.080035590757));
#6962 = CARTESIAN_POINT('',(44.583418687699,67.145,12.336484620782));
#6963 = CARTESIAN_POINT('',(52.679171529681,67.145,12.55245640633));
#6964 = CARTESIAN_POINT('',(60.774968761962,67.145,12.718093844215));
#6965 = CARTESIAN_POINT('',(68.671577719277,67.145,12.81515253376));
#6966 = CARTESIAN_POINT('',(76.174747775775,67.145,12.830843236149));
#6967 = CARTESIAN_POINT('',(83.099444493907,67.145,12.753677699485));
#6968 = CARTESIAN_POINT('',(89.276608779254,67.145,12.587795357161));
#6969 = CARTESIAN_POINT('',(94.550738692273,67.145,12.317908344669));
#6970 = CARTESIAN_POINT('',(98.80415764554,67.145,12.014624000305));
#6971 = CARTESIAN_POINT('',(101.89381673282,67.145,11.555947685487));
#6972 = CARTESIAN_POINT('',(103.79032923017,67.145,11.293109713424));
#6973 = CARTESIAN_POINT('',(104.64504945742,67.145,11.292225909757));
#6974 = CARTESIAN_POINT('',(104.85957321424,67.145,11.3));
#6975 = PCURVE('',#5476,#6976);
#6976 = DEFINITIONAL_REPRESENTATION('',(#6977),#6981);
#6977 = LINE('',#6978,#6979);
#6978 = CARTESIAN_POINT('',(0.,0.));
#6979 = VECTOR('',#6980,1.);
#6980 = DIRECTION('',(1.,0.));
#6981 = ( GEOMETRIC_REPRESENTATION_CONTEXT(2) 
PARAMETRIC_REPRESENTATION_CONTEXT() REPRESENTATION_CONTEXT('2D SPACE',''
  ) );
#6982 = PCURVE('',#5628,#6983);
#6983 = DEFINITIONAL_REPRESENTATION('',(#6984),#6987);
#6984 = B_SPLINE_CURVE_WITH_KNOTS('',1,(#6985,#6986),.UNSPECIFIED.,.F.,
  .F.,(2,2),(0.,104.44427886912),.PIECEWISE_BEZIER_KNOTS.);
#6985 = CARTESIAN_POINT('',(0.,1.));
#6986 = CARTESIAN_POINT('',(127.6592807919,1.));
#6987 = ( GEOMETRIC_REPRESENTATION_CONTEXT(2) 
PARAMETRIC_REPRESENTATION_CONTEXT() REPRESENTATION_CONTEXT('2D SPACE',''
  ) );
#6988 = ORIENTED_EDGE('',*,*,#5903,.T.);
#6989 = ORIENTED_EDGE('',*,*,#5725,.F.);
#6990 = ORIENTED_EDGE('',*,*,#5462,.F.);
#6991 = ADVANCED_FACE('',(#6992),#5628,.T.);
#6992 = FACE_BOUND('',#6993,.T.);
#6993 = EDGE_LOOP('',(#6994,#6995,#6996,#6997,#6998,#7543,#7693,#8068));
#6994 = ORIENTED_EDGE('',*,*,#5616,.F.);
#6995 = ORIENTED_EDGE('',*,*,#5813,.T.);
#6996 = ORIENTED_EDGE('',*,*,#5924,.T.);
#6997 = ORIENTED_EDGE('',*,*,#6949,.F.);
#6998 = ORIENTED_EDGE('',*,*,#6999,.T.);
#6999 = EDGE_CURVE('',#6468,#7000,#7002,.T.);
#7000 = VERTEX_POINT('',#7001);
#7001 = CARTESIAN_POINT('',(26.295699415334,31.46691346444,
    11.782755878485));
#7002 = SURFACE_CURVE('',#7003,(#7181,#7362),.PCURVE_S1.);
#7003 = B_SPLINE_CURVE_WITH_KNOTS('',8,(#7004,#7005,#7006,#7007,#7008,
    #7009,#7010,#7011,#7012,#7013,#7014,#7015,#7016,#7017,#7018,#7019,
    #7020,#7021,#7022,#7023,#7024,#7025,#7026,#7027,#7028,#7029,#7030,
    #7031,#7032,#7033,#7034,#7035,#7036,#7037,#7038,#7039,#7040,#7041,
    #7042,#7043,#7044,#7045,#7046,#7047,#7048,#7049,#7050,#7051,#7052,
    #7053,#7054,#7055,#7056,#7057,#7058,#7059,#7060,#7061,#7062,#7063,
    #7064,#7065,#7066,#7067,#7068,#7069,#7070,#7071,#7072,#7073,#7074,
    #7075,#7076,#7077,#7078,#7079,#7080,#7081,#7082,#7083,#7084,#7085,
    #7086,#7087,#7088,#7089,#7090,#7091,#7092,#7093,#7094,#7095,#7096,
    #7097,#7098,#7099,#7100,#7101,#7102,#7103,#7104,#7105,#7106,#7107,
    #7108,#7109,#7110,#7111,#7112,#7113,#7114,#7115,#7116,#7117,#7118,
    #7119,#7120,#7121,#7122,#7123,#7124,#7125,#7126,#7127,#7128,#7129,
    #7130,#7131,#7132,#7133,#7134,#7135,#7136,#7137,#7138,#7139,#7140,
    #7141,#7142,#7143,#7144,#7145,#7146,#7147,#7148,#7149,#7150,#7151,
    #7152,#7153,#7154,#7155,#7156,#7157,#7158,#7159,#7160,#7161,#7162,
    #7163,#7164,#7165,#7166,#7167,#7168,#7169,#7170,#7171,#7172,#7173,
    #7174,#7175,#7176,#7177,#7178,#7179,#7180),.UNSPECIFIED.,.F.,.F.,(9,
    7,7,7,7,7,7,7,7,7,7,7,7,7,7,7,7,7,7,7,7,7,7,7,7,9),(0.,
    4.354243577999E-02,7.299840135817E-02,9.081568935615E-02,
    0.100773977996,0.105990507663,0.111227419174,0.140555761885,
    0.171215332065,0.237208660222,0.27317284177,0.312124270204,
    0.35434783457,0.401782630463,0.45630820007,0.524732765731,
    0.611311276757,0.655672638559,0.700336140268,0.744754616298,
    0.778760523395,0.881923911125,0.948418075043,0.975189478696,
    0.987366289682,1.),.UNSPECIFIED.);
#7004 = CARTESIAN_POINT('',(92.811215093285,67.145,12.401282563759));
#7005 = CARTESIAN_POINT('',(92.810175477024,66.538040384259,
    12.424667715444));
#7006 = CARTESIAN_POINT('',(92.799288660757,65.935240675903,
    12.448053770801));
#7007 = CARTESIAN_POINT('',(92.778792435165,65.336672005918,
    12.471374423395));
#7008 = CARTESIAN_POINT('',(92.748916344084,64.742396219549,
    12.49456849805));
#7009 = CARTESIAN_POINT('',(92.70988135103,64.152465713819,12.5175809838
    ));
#7010 = CARTESIAN_POINT('',(92.661899505729,63.566923275047,
    12.540364066839));
#7011 = CARTESIAN_POINT('',(92.605173610643,62.985801916369,
    12.562878163475));
#7012 = CARTESIAN_POINT('',(92.495737922214,62.019009107777,
    12.600121007111));
#7013 = CARTESIAN_POINT('',(92.44766601176,61.630929408506,
    12.61501170004));
#7014 = CARTESIAN_POINT('',(92.395741151175,61.244894488508,
    12.629757268558));
#7015 = CARTESIAN_POINT('',(92.340021550948,60.860910848804,
    12.644345868979));
#7016 = CARTESIAN_POINT('',(92.280563578958,60.478986483423,
    12.658775222691));
#7017 = CARTESIAN_POINT('',(92.217421965157,60.0991290874,
    12.673045132416));
#7018 = CARTESIAN_POINT('',(92.150649933228,59.721343809489,
    12.687149193891));
#7019 = CARTESIAN_POINT('',(92.037745091764,59.118377923017,
    12.709516122319));
#7020 = CARTESIAN_POINT('',(91.993881823689,58.89188024087,
    12.717884944343));
#7021 = CARTESIAN_POINT('',(91.948720525897,58.666143866537,
    12.726191898199));
#7022 = CARTESIAN_POINT('',(91.902272407554,58.441169902186,
    12.734436431704));
#7023 = CARTESIAN_POINT('',(91.854548480336,58.216959388546,
    12.74261803596));
#7024 = CARTESIAN_POINT('',(91.805559558431,57.993513304901,
    12.750736245358));
#7025 = CARTESIAN_POINT('',(91.755316258536,57.7708325691,
    12.758790637577));
#7026 = CARTESIAN_POINT('',(91.675052174608,57.424887435421,
    12.771246646679));
#7027 = CARTESIAN_POINT('',(91.645886761312,57.30109618725,
    12.775692404636));
#7028 = CARTESIAN_POINT('',(91.616334580453,57.177544444993,
    12.780118040364));
#7029 = CARTESIAN_POINT('',(91.586397434813,57.054232356806,
    12.784523489965));
#7030 = CARTESIAN_POINT('',(91.556077109479,56.931160067042,
    12.788908692733));
#7031 = CARTESIAN_POINT('',(91.525375371843,56.808327716255,
    12.793273591153));
#7032 = CARTESIAN_POINT('',(91.494293971599,56.685735441192,
    12.797618130902));
#7033 = CARTESIAN_POINT('',(91.446355048855,56.4992907172,
    12.804207404285));
#7034 = CARTESIAN_POINT('',(91.42977175057,56.435263974544,
    12.806466947088));
#7035 = CARTESIAN_POINT('',(91.413084994919,56.371303166039,
    12.808720881872));
#7036 = CARTESIAN_POINT('',(91.396295029665,56.307408310673,
    12.810969201453));
#7037 = CARTESIAN_POINT('',(91.3794021013,56.243579427216,12.81321189885
    ));
#7038 = CARTESIAN_POINT('',(91.362406455049,56.179816534217,
    12.815448967285));
#7039 = CARTESIAN_POINT('',(91.345308334867,56.116119650009,
    12.817680400183));
#7040 = CARTESIAN_POINT('',(91.310840427393,55.988609319109,
    12.822140678693));
#7041 = CARTESIAN_POINT('',(91.293469839702,55.924796389434,
    12.824369480119));
#7042 = CARTESIAN_POINT('',(91.275996465913,55.861050022022,12.826592589
    ));
#7043 = CARTESIAN_POINT('',(91.25842055033,55.797370235042,
    12.82880999907));
#7044 = CARTESIAN_POINT('',(91.240742336011,55.733757046489,
    12.831021704244));
#7045 = CARTESIAN_POINT('',(91.222962064773,55.670210474182,
    12.833227698618));
#7046 = CARTESIAN_POINT('',(91.205079977189,55.606730535768,
    12.835427976473));
#7047 = CARTESIAN_POINT('',(91.086382165061,55.188183003853,
    12.849912731228));
#7048 = CARTESIAN_POINT('',(90.982482275351,54.835139260897,
    12.862023437983));
#7049 = CARTESIAN_POINT('',(90.875438567701,54.484188997181,
    12.873953732371));
#7050 = CARTESIAN_POINT('',(90.765291881094,54.135335126862,
    12.885702804969));
#7051 = CARTESIAN_POINT('',(90.65208196926,53.788580500931,12.8972699571
    ));
#7052 = CARTESIAN_POINT('',(90.535847500675,53.44392790721,
    12.908654600823));
#7053 = CARTESIAN_POINT('',(90.416626058557,53.101380070351,
    12.919856258943));
#7054 = CARTESIAN_POINT('',(90.166736781553,52.405046480299,
    12.942392997233));
#7055 = CARTESIAN_POINT('',(90.035795147346,52.051456638451,
    12.953711278098));
#7056 = CARTESIAN_POINT('',(89.901671019162,51.700172816989,
    12.964826950369));
#7057 = CARTESIAN_POINT('',(89.764405043579,51.351198990871,
    12.975745496926));
#7058 = CARTESIAN_POINT('',(89.624036852835,51.004537612308,
    12.986460855791));
#7059 = CARTESIAN_POINT('',(89.48060504098,50.660191023429,
    12.996965645743));
#7060 = CARTESIAN_POINT('',(89.334147136592,50.318162991559,
    13.007262314126));
#7061 = CARTESIAN_POINT('',(88.863020939887,49.247253026945,
    13.03905199377));
#7062 = CARTESIAN_POINT('',(88.527493325159,48.526808395972,
    13.0597744591));
#7063 = CARTESIAN_POINT('',(88.178479749185,47.817150022409,
    13.079491758929));
#7064 = CARTESIAN_POINT('',(87.816325854394,47.118313706492,
    13.098189353884));
#7065 = CARTESIAN_POINT('',(87.441361098079,46.430341511051,
    13.115859902192));
#7066 = CARTESIAN_POINT('',(87.053899805733,45.753279869127,
    13.132502941104));
#7067 = CARTESIAN_POINT('',(86.654242224393,45.087177691589,
    13.148124568322));
#7068 = CARTESIAN_POINT('',(86.018385362463,44.07508033449,
    13.170700482731));
#7069 = CARTESIAN_POINT('',(85.790558868615,43.721346796997,
    13.178364426562));
#7070 = CARTESIAN_POINT('',(85.559242885799,43.370892222717,
    13.185728702988));
#7071 = CARTESIAN_POINT('',(85.324483265755,43.023726381336,
    13.192802335246));
#7072 = CARTESIAN_POINT('',(85.08632505998,42.679858228373,
    13.199582327286));
#7073 = CARTESIAN_POINT('',(84.844812484208,42.339296871129,
    13.206063977626));
#7074 = CARTESIAN_POINT('',(84.599988879695,42.002052686268,
    13.212252556387));
#7075 = CARTESIAN_POINT('',(84.083197854333,41.306482683797,
    13.224529172347));
#7076 = CARTESIAN_POINT('',(83.810665088408,40.948732674947,
    13.230566616055));
#7077 = CARTESIAN_POINT('',(83.534352591334,40.594898534033,
    13.236258843673));
#7078 = CARTESIAN_POINT('',(83.254313596906,40.244993708402,
    13.241606509551));
#7079 = CARTESIAN_POINT('',(82.970600526629,39.899032083479,
    13.246610510251));
#7080 = CARTESIAN_POINT('',(82.683264989725,39.557027982771,
    13.251271984545));
#7081 = CARTESIAN_POINT('',(82.392357783126,39.218996167863,
    13.255592313415));
#7082 = CARTESIAN_POINT('',(81.778766340651,38.522845933401,
    13.263888336517));
#7083 = CARTESIAN_POINT('',(81.455465778135,38.165425706316,
    13.267804643737));
#7084 = CARTESIAN_POINT('',(81.128090970324,37.812710361304,
    13.271323916566));
#7085 = CARTESIAN_POINT('',(80.796704892018,37.464719795378,
    13.274448545107));
#7086 = CARTESIAN_POINT('',(80.461369762641,37.121474506189,
    13.27718129456));
#7087 = CARTESIAN_POINT('',(80.122147082448,36.782995499792,
    13.279525165077));
#7088 = CARTESIAN_POINT('',(79.779097668744,36.449304198413,
    13.281483251611));
#7089 = CARTESIAN_POINT('',(79.042661694069,35.750949906191,
    13.284828385862));
#7090 = CARTESIAN_POINT('',(78.648288279862,35.387547386515,
    13.286114545757));
#7091 = CARTESIAN_POINT('',(78.249246698615,35.030245730192,
    13.286919397478));
#7092 = CARTESIAN_POINT('',(77.845621577135,34.679076536939,
    13.287245700969));
#7093 = CARTESIAN_POINT('',(77.43749691989,34.334072065189,
    13.287096662098));
#7094 = CARTESIAN_POINT('',(77.024956109013,33.99526523209,
    13.286475932656));
#7095 = CARTESIAN_POINT('',(76.6080819043,33.662689613503,
    13.285387610352));
#7096 = CARTESIAN_POINT('',(75.702879191273,32.961290914041,
    13.282052961067));
#7097 = CARTESIAN_POINT('',(75.213185099668,32.594481138352,
    13.279657826539));
#7098 = CARTESIAN_POINT('',(74.717999039026,32.236001821799,
    13.276657677147));
#7099 = CARTESIAN_POINT('',(74.217445469987,31.885905836175,
    13.273060072007));
#7100 = CARTESIAN_POINT('',(73.71164849208,31.544247055722,
    13.268873249751));
#7101 = CARTESIAN_POINT('',(73.200731892601,31.211080192663,
    13.264106090837));
#7102 = CARTESIAN_POINT('',(72.684819195486,30.886460632718,
    13.258768079863));
#7103 = CARTESIAN_POINT('',(71.510495913333,30.173872855173,
    13.245466802359));
#7104 = CARTESIAN_POINT('',(70.849285258134,29.790850145305,
    13.237181043612));
#7105 = CARTESIAN_POINT('',(70.180645354292,29.42148607128,
    13.228023265532));
#7106 = CARTESIAN_POINT('',(69.504820566203,29.065892587456,
    13.218005736411));
#7107 = CARTESIAN_POINT('',(68.822056077964,28.724183324719,
    13.207141688339));
#7108 = CARTESIAN_POINT('',(68.132597958385,28.39647324291,
    13.195445286612));
#7109 = CARTESIAN_POINT('',(67.436693225984,28.082878283245,
    13.18293159914));
#7110 = CARTESIAN_POINT('',(65.846209275395,27.404726711696,
    13.152768877525));
#7111 = CARTESIAN_POINT('',(64.947906864981,27.048724611496,
    13.134638158916));
#7112 = CARTESIAN_POINT('',(64.040184506865,26.71574463329,
    13.115256939581));
#7113 = CARTESIAN_POINT('',(63.123550332387,26.406026422219,
    13.094659974956));
#7114 = CARTESIAN_POINT('',(62.19851861137,26.119811876083,
    13.072883608873));
#7115 = CARTESIAN_POINT('',(61.265609678352,25.85734425067,
    13.049965859279));
#7116 = CARTESIAN_POINT('',(60.3253499538,25.618867849739,
    13.025947227128));
#7117 = CARTESIAN_POINT('',(58.893005397819,25.294855584912,
    12.988024224117));
#7118 = CARTESIAN_POINT('',(58.405949195368,25.191446015625,
    12.974898816669));
#7119 = CARTESIAN_POINT('',(57.917175330873,25.094432678651,
    12.961501906577));
#7120 = CARTESIAN_POINT('',(57.426756311055,25.00384873617,
    12.947839519143));
#7121 = CARTESIAN_POINT('',(56.934765271425,24.919727425688,
    12.933917804532));
#7122 = CARTESIAN_POINT('',(56.441275976288,24.842102060038,
    12.91974303777));
#7123 = CARTESIAN_POINT('',(55.946362818743,24.771006027377,
    12.905321618743));
#7124 = CARTESIAN_POINT('',(54.950458841746,24.641500026874,
    12.875898667621));
#7125 = CARTESIAN_POINT('',(54.449449666522,24.58317981862,
    12.86089487012));
#7126 = CARTESIAN_POINT('',(53.947150187811,24.531545914579,
    12.84564761945));
#7127 = CARTESIAN_POINT('',(53.44363664666,24.486633734268,
    12.830188103524));
#7128 = CARTESIAN_POINT('',(52.938988870077,24.448475762733,
    12.81448633798));
#7129 = CARTESIAN_POINT('',(52.433285227647,24.417106952953,
    12.798561916944));
#7130 = CARTESIAN_POINT('',(51.926606033123,24.39256107176,
    12.782408914073));
#7131 = CARTESIAN_POINT('',(50.914242468558,24.357280736036,
    12.749741551839));
#7132 = CARTESIAN_POINT('',(50.408568054491,24.346471254455,
    12.733229535341));
#7133 = CARTESIAN_POINT('',(49.902088161604,24.34247754615,
    12.716495487317));
#7134 = CARTESIAN_POINT('',(49.394883155939,24.345333303596,
    12.699540884356));
#7135 = CARTESIAN_POINT('',(48.88703433124,24.355072304341,
    12.68236744895));
#7136 = CARTESIAN_POINT('',(48.37862390895,24.371728411003,
    12.664977149492));
#7137 = CARTESIAN_POINT('',(47.869735038214,24.39533557127,
    12.647372200274));
#7138 = CARTESIAN_POINT('',(46.970554614067,24.449348637119,
    12.615914612283));
#7139 = CARTESIAN_POINT('',(46.580426360723,24.476863499531,
    12.602149635373));
#7140 = CARTESIAN_POINT('',(46.190104715238,24.508487739431,
    12.588262280124));
#7141 = CARTESIAN_POINT('',(45.799627889268,24.544236558468,
    12.574251669942));
#7142 = CARTESIAN_POINT('',(45.409034285455,24.584125408231,
    12.560121015974));
#7143 = CARTESIAN_POINT('',(45.018362730254,24.628169725574,
    12.545872633544));
#7144 = CARTESIAN_POINT('',(44.627652628771,24.676384758664,
    12.531504586406));
#7145 = CARTESIAN_POINT('',(43.051652592028,24.887756027623,
    12.473089078054));
#7146 = CARTESIAN_POINT('',(41.866380766069,25.085253643219,
    12.428115874137));
#7147 = CARTESIAN_POINT('',(40.68220952825,25.321723162481,
    12.382355694124));
#7148 = CARTESIAN_POINT('',(39.500269480603,25.597614086939,
    12.336053308013));
#7149 = CARTESIAN_POINT('',(38.321739399744,25.913377671705,
    12.289434644778));
#7150 = CARTESIAN_POINT('',(37.147845305758,26.269467043617,
    12.242696134379));
#7151 = CARTESIAN_POINT('',(35.979859410824,26.666341091515,
    12.195994380845));
#7152 = CARTESIAN_POINT('',(34.070928514103,27.386870347997,
    12.119426978028));
#7153 = CARTESIAN_POINT('',(33.325767216837,27.686405536115,
    12.089471770311));
#7154 = CARTESIAN_POINT('',(32.583976305127,28.003193209393,
    12.059418649284));
#7155 = CARTESIAN_POINT('',(31.845928679036,28.337349698278,
    12.029138509023));
#7156 = CARTESIAN_POINT('',(31.112008566304,28.688993095699,
    11.998528546041));
#7157 = CARTESIAN_POINT('',(30.382611199324,29.058244205508,
    11.967515773629));
#7158 = CARTESIAN_POINT('',(29.658142492133,29.445227490919,
    11.936060536199));
#7159 = CARTESIAN_POINT('',(28.64949025781,30.013067626555,
    11.891316467918));
#7160 = CARTESIAN_POINT('',(28.360828587192,30.178958296784,
    11.878400745055));
#7161 = CARTESIAN_POINT('',(28.073061049963,30.347752352615,
    11.865412605679));
#7162 = CARTESIAN_POINT('',(27.786215387499,30.519458189117,
    11.852352791092));
#7163 = CARTESIAN_POINT('',(27.500319738127,30.694084277461,
    11.839223033248));
#7164 = CARTESIAN_POINT('',(27.215402637118,30.871639164916,
    11.826026054761));
#7165 = CARTESIAN_POINT('',(26.931493016693,31.052131474848,
    11.812765568902));
#7166 = CARTESIAN_POINT('',(26.519957219445,31.319005767674,
    11.793388081439));
#7167 = CARTESIAN_POINT('',(26.39150872375,31.403051155525,
    11.78731816641));
#7168 = CARTESIAN_POINT('',(26.263277562911,31.487706744425,
    11.781234628297));
#7169 = CARTESIAN_POINT('',(26.135266352187,31.572973649234,
    11.775142715757));
#7170 = CARTESIAN_POINT('',(26.007478009999,31.658852489512,
    11.769039649051));
#7171 = CARTESIAN_POINT('',(25.879915469116,31.745343896034,
    11.762922853939));
#7172 = CARTESIAN_POINT('',(25.752581350213,31.832449085657,
    11.756799261059));
#7173 = CARTESIAN_POINT('',(25.493606243095,32.011180614028,
    11.744317519081));
#7174 = CARTESIAN_POINT('',(25.361982931572,32.102853947091,
    11.73795894413));
#7175 = CARTESIAN_POINT('',(25.23061151528,32.195190295626,
    11.731602197059));
#7176 = CARTESIAN_POINT('',(25.099495093955,32.288190821458,
    11.72525178098));
#7177 = CARTESIAN_POINT('',(24.968636798056,32.381856682182,
    11.718912099322));
#7178 = CARTESIAN_POINT('',(24.83803978876,32.476189031158,
    11.712587455838));
#7179 = CARTESIAN_POINT('',(24.707707257965,32.571189017515,
    11.7062820546));
#7180 = CARTESIAN_POINT('',(24.577642428288,32.666857786149,11.7));
#7181 = PCURVE('',#5628,#7182);
#7182 = DEFINITIONAL_REPRESENTATION('',(#7183),#7361);
#7183 = B_SPLINE_CURVE_WITH_KNOTS('',8,(#7184,#7185,#7186,#7187,#7188,
    #7189,#7190,#7191,#7192,#7193,#7194,#7195,#7196,#7197,#7198,#7199,
    #7200,#7201,#7202,#7203,#7204,#7205,#7206,#7207,#7208,#7209,#7210,
    #7211,#7212,#7213,#7214,#7215,#7216,#7217,#7218,#7219,#7220,#7221,
    #7222,#7223,#7224,#7225,#7226,#7227,#7228,#7229,#7230,#7231,#7232,
    #7233,#7234,#7235,#7236,#7237,#7238,#7239,#7240,#7241,#7242,#7243,
    #7244,#7245,#7246,#7247,#7248,#7249,#7250,#7251,#7252,#7253,#7254,
    #7255,#7256,#7257,#7258,#7259,#7260,#7261,#7262,#7263,#7264,#7265,
    #7266,#7267,#7268,#7269,#7270,#7271,#7272,#7273,#7274,#7275,#7276,
    #7277,#7278,#7279,#7280,#7281,#7282,#7283,#7284,#7285,#7286,#7287,
    #7288,#7289,#7290,#7291,#7292,#7293,#7294,#7295,#7296,#7297,#7298,
    #7299,#7300,#7301,#7302,#7303,#7304,#7305,#7306,#7307,#7308,#7309,
    #7310,#7311,#7312,#7313,#7314,#7315,#7316,#7317,#7318,#7319,#7320,
    #7321,#7322,#7323,#7324,#7325,#7326,#7327,#7328,#7329,#7330,#7331,
    #7332,#7333,#7334,#7335,#7336,#7337,#7338,#7339,#7340,#7341,#7342,
    #7343,#7344,#7345,#7346,#7347,#7348,#7349,#7350,#7351,#7352,#7353,
    #7354,#7355,#7356,#7357,#7358,#7359,#7360),.UNSPECIFIED.,.F.,.F.,(9,
    7,7,7,7,7,7,7,7,7,7,7,7,7,7,7,7,7,7,7,7,7,7,7,7,9),(0.,
    4.354243577999E-02,7.299840135817E-02,9.081568935615E-02,
    0.100773977996,0.105990507663,0.111227419174,0.140555761885,
    0.171215332065,0.237208660222,0.27317284177,0.312124270204,
    0.35434783457,0.401782630463,0.45630820007,0.524732765731,
    0.611311276757,0.655672638559,0.700336140268,0.744754616298,
    0.778760523395,0.881923911125,0.948418075043,0.975189478696,
    0.987366289682,1.),.UNSPECIFIED.);
#7184 = CARTESIAN_POINT('',(112.86331118279,0.999999999996));
#7185 = CARTESIAN_POINT('',(112.50889546349,0.985932098368));
#7186 = CARTESIAN_POINT('',(112.14738827466,0.971960613651));
#7187 = CARTESIAN_POINT('',(111.77918639979,0.958087194485));
#7188 = CARTESIAN_POINT('',(111.40466040518,0.944313274299));
#7189 = CARTESIAN_POINT('',(111.02415505327,0.930640067534));
#7190 = CARTESIAN_POINT('',(110.63798971609,0.917068565881));
#7191 = CARTESIAN_POINT('',(110.24645878855,0.903599534509));
#7192 = CARTESIAN_POINT('',(109.58151863196,0.881191542653));
#7193 = CARTESIAN_POINT('',(109.31087476211,0.872196764596));
#7194 = CARTESIAN_POINT('',(109.03798419815,0.863249379731));
#7195 = CARTESIAN_POINT('',(108.76292860566,0.854349538737));
#7196 = CARTESIAN_POINT('',(108.48578354361,0.845497426896));
#7197 = CARTESIAN_POINT('',(108.20662016594,0.836693222561));
#7198 = CARTESIAN_POINT('',(107.92550753413,0.827937045069));
#7199 = CARTESIAN_POINT('',(107.47133141757,0.813961708727));
#7200 = CARTESIAN_POINT('',(107.29946307695,0.808712023198));
#7201 = CARTESIAN_POINT('',(107.12691977739,0.803479983));
#7202 = CARTESIAN_POINT('',(106.95371554249,0.798265613679));
#7203 = CARTESIAN_POINT('',(106.77986400377,0.793068939357));
#7204 = CARTESIAN_POINT('',(106.60537840074,0.78788998273));
#7205 = CARTESIAN_POINT('',(106.43027158088,0.782728765074));
#7206 = CARTESIAN_POINT('',(106.1563465259,0.774710567515));
#7207 = CARTESIAN_POINT('',(106.05794689409,0.771841376457));
#7208 = CARTESIAN_POINT('',(105.95935928332,0.768977736586));
#7209 = CARTESIAN_POINT('',(105.8605858393,0.766119651334));
#7210 = CARTESIAN_POINT('',(105.76162867439,0.763267124048));
#7211 = CARTESIAN_POINT('',(105.6624898675,0.760420157985));
#7212 = CARTESIAN_POINT('',(105.56317146417,0.757578756315));
#7213 = CARTESIAN_POINT('',(105.41155570069,0.753257404501));
#7214 = CARTESIAN_POINT('',(105.35938719496,0.751773414638));
#7215 = CARTESIAN_POINT('',(105.30717024873,0.750290952973));
#7216 = CARTESIAN_POINT('',(105.25490514909,0.748810019948));
#7217 = CARTESIAN_POINT('',(105.20259218077,0.747330615998));
#7218 = CARTESIAN_POINT('',(105.15023162618,0.745852741551));
#7219 = CARTESIAN_POINT('',(105.0978237654,0.744376397033));
#7220 = CARTESIAN_POINT('',(104.99270903692,0.741421006353));
#7221 = CARTESIAN_POINT('',(104.94000180111,0.739941972174));
#7222 = CARTESIAN_POINT('',(104.88724744969,0.738464480751));
#7223 = CARTESIAN_POINT('',(104.83444626143,0.736988532508));
#7224 = CARTESIAN_POINT('',(104.7815985128,0.735514127859));
#7225 = CARTESIAN_POINT('',(104.72870447807,0.734041267219));
#7226 = CARTESIAN_POINT('',(104.67576442921,0.732569950997));
#7227 = CARTESIAN_POINT('',(104.32604161831,0.722868999973));
#7228 = CARTESIAN_POINT('',(104.02787006504,0.714686273285));
#7229 = CARTESIAN_POINT('',(103.72831108235,0.706552068541));
#7230 = CARTESIAN_POINT('',(103.427409893,0.698466453282));
#7231 = CARTESIAN_POINT('',(103.12520983631,0.69042949359));
#7232 = CARTESIAN_POINT('',(102.82175236817,0.682441254078));
#7233 = CARTESIAN_POINT('',(102.51707706102,0.674501797899));
#7234 = CARTESIAN_POINT('',(101.89148322161,0.658362416973));
#7235 = CARTESIAN_POINT('',(101.57045540264,0.650167032992));
#7236 = CARTESIAN_POINT('',(101.24818154594,0.642025097161));
#7237 = CARTESIAN_POINT('',(100.92470250153,0.633936701608));
#7238 = CARTESIAN_POINT('',(100.60005850145,0.625901903171));
#7239 = CARTESIAN_POINT('',(100.27428820457,0.617920756135));
#7240 = CARTESIAN_POINT('',(99.947427656282,0.609993347817));
#7241 = CARTESIAN_POINT('',(98.913688374495,0.585172164259));
#7242 = CARTESIAN_POINT('',(98.202979772733,0.568473945903));
#7243 = CARTESIAN_POINT('',(97.487730604395,0.552025727718));
#7244 = CARTESIAN_POINT('',(96.768258307532,0.535828339471));
#7245 = CARTESIAN_POINT('',(96.044854655061,0.51988275608));
#7246 = CARTESIAN_POINT('',(95.317787097144,0.504190053752));
#7247 = CARTESIAN_POINT('',(94.587300103567,0.488751366128));
#7248 = CARTESIAN_POINT('',(93.453783207287,0.465293320999));
#7249 = CARTESIAN_POINT('',(93.053001615425,0.45709460649));
#7250 = CARTESIAN_POINT('',(92.651308478231,0.448971890665));
#7251 = CARTESIAN_POINT('',(92.248738605461,0.440925399961));
#7252 = CARTESIAN_POINT('',(91.845326067791,0.432955341949));
#7253 = CARTESIAN_POINT('',(91.441103687385,0.425061927712));
#7254 = CARTESIAN_POINT('',(91.036102442785,0.417245397758));
#7255 = CARTESIAN_POINT('',(90.190900081966,0.401123715003));
#7256 = CARTESIAN_POINT('',(89.750569642773,0.392831908099));
#7257 = CARTESIAN_POINT('',(89.309399106814,0.384630861839));
#7258 = CARTESIAN_POINT('',(88.867425112063,0.376520887899));
#7259 = CARTESIAN_POINT('',(88.424682920836,0.368502308112));
#7260 = CARTESIAN_POINT('',(87.981206419795,0.360575454462));
#7261 = CARTESIAN_POINT('',(87.537028119944,0.352740669089));
#7262 = CARTESIAN_POINT('',(86.609960414194,0.336605537916));
#7263 = CARTESIAN_POINT('',(86.126953891141,0.328321374581));
#7264 = CARTESIAN_POINT('',(85.643199368805,0.320146259388));
#7265 = CARTESIAN_POINT('',(85.158735179794,0.312080653503));
#7266 = CARTESIAN_POINT('',(84.673598249164,0.304125032013));
#7267 = CARTESIAN_POINT('',(84.187824135599,0.296279881789));
#7268 = CARTESIAN_POINT('',(83.701447072581,0.288545699349));
#7269 = CARTESIAN_POINT('',(82.667453949122,0.272359483282));
#7270 = CARTESIAN_POINT('',(82.119688869921,0.263936664423));
#7271 = CARTESIAN_POINT('',(81.571251497539,0.25565524928));
#7272 = CARTESIAN_POINT('',(81.022187029925,0.247515970262));
#7273 = CARTESIAN_POINT('',(80.472539137404,0.239519575042));
#7274 = CARTESIAN_POINT('',(79.922349962681,0.231666826564));
#7275 = CARTESIAN_POINT('',(79.371660120836,0.223958503036));
#7276 = CARTESIAN_POINT('',(78.186968602193,0.207701724743));
#7277 = CARTESIAN_POINT('',(77.552819130378,0.199199933674));
#7278 = CARTESIAN_POINT('',(76.918119783965,0.190891223127));
#7279 = CARTESIAN_POINT('',(76.282928234654,0.182776818546));
#7280 = CARTESIAN_POINT('',(75.64730037965,0.174857968611));
#7281 = CARTESIAN_POINT('',(75.011290395554,0.167135941422));
#7282 = CARTESIAN_POINT('',(74.374950792248,0.159612020691));
#7283 = CARTESIAN_POINT('',(72.939435128795,0.143095905787));
#7284 = CARTESIAN_POINT('',(72.140099809111,0.134218336894));
#7285 = CARTESIAN_POINT('',(71.340427274947,0.125657343175));
#7286 = CARTESIAN_POINT('',(70.54051588273,0.117415519468));
#7287 = CARTESIAN_POINT('',(69.740461684381,0.109495499472));
#7288 = CARTESIAN_POINT('',(68.940358533584,0.101899947686));
#7289 = CARTESIAN_POINT('',(68.14029819206,9.463155135577E-02));
#7290 = CARTESIAN_POINT('',(66.328211229692,7.891358701347E-02));
#7291 = CARTESIAN_POINT('',(65.316266876588,7.066229253669E-02));
#7292 = CARTESIAN_POINT('',(64.304718644985,6.294459690091E-02));
#7293 = CARTESIAN_POINT('',(63.293746674716,5.576605451892E-02));
#7294 = CARTESIAN_POINT('',(62.283530599661,4.913227201491E-02));
#7295 = CARTESIAN_POINT('',(61.27424988965,4.304888748801E-02));
#7296 = CARTESIAN_POINT('',(60.266083911589,3.75215633269E-02));
#7297 = CARTESIAN_POINT('',(58.743307457119,3.001171827354E-02));
#7298 = CARTESIAN_POINT('',(58.227743409653,2.76149267731E-02));
#7299 = CARTESIAN_POINT('',(57.712543902128,2.536638494961E-02));
#7300 = CARTESIAN_POINT('',(57.197733527076,2.326686142472E-02));
#7301 = CARTESIAN_POINT('',(56.683337134855,2.131712656596E-02));
#7302 = CARTESIAN_POINT('',(56.169379833649,1.951795248669E-02));
#7303 = CARTESIAN_POINT('',(55.655886989471,1.787011304617E-02));
#7304 = CARTESIAN_POINT('',(54.626387462635,1.486846742089E-02));
#7305 = CARTESIAN_POINT('',(54.110387616441,1.351674165302E-02));
#7306 = CARTESIAN_POINT('',(53.594910919367,1.231998874908E-02));
#7307 = CARTESIAN_POINT('',(53.079983773597,1.127902965044E-02));
#7308 = CARTESIAN_POINT('',(52.565633625849,1.039461728435E-02));
#7309 = CARTESIAN_POINT('',(52.05188795551,9.667561778946E-03));
#7310 = CARTESIAN_POINT('',(51.538774977457,9.098645770313E-03));
#7311 = CARTESIAN_POINT('',(50.516683031355,8.280930259264E-03));
#7312 = CARTESIAN_POINT('',(50.007697014778,8.030391805657E-03));
#7313 = CARTESIAN_POINT('',(49.49939343315,7.937827005446E-03));
#7314 = CARTESIAN_POINT('',(48.991801168466,8.004016771268E-03));
#7315 = CARTESIAN_POINT('',(48.484949841597,8.229743987514E-03));
#7316 = CARTESIAN_POINT('',(47.978869812291,8.615793510323E-03));
#7317 = CARTESIAN_POINT('',(47.473592179173,9.162952167586E-03));
#7318 = CARTESIAN_POINT('',(46.582956885975,1.041484846725E-02));
#7319 = CARTESIAN_POINT('',(46.197254031409,1.105257850344E-02));
#7320 = CARTESIAN_POINT('',(45.812054524311,1.178555428048E-02));
#7321 = CARTESIAN_POINT('',(45.427373028937,1.261412813694E-02));
#7322 = CARTESIAN_POINT('',(45.04322453209,1.353865820445E-02));
#7323 = CARTESIAN_POINT('',(44.659624374416,1.455950227312E-02));
#7324 = CARTESIAN_POINT('',(44.276588273426,1.567701375974E-02));
#7325 = CARTESIAN_POINT('',(42.733879214149,2.057610447615E-02));
#7326 = CARTESIAN_POINT('',(41.578976041894,2.515363641717E-02));
#7327 = CARTESIAN_POINT('',(40.429855762384,3.063444576384E-02));
#7328 = CARTESIAN_POINT('',(39.286998841651,3.702895090832E-02));
#7329 = CARTESIAN_POINT('',(38.150933875128,4.434761088666E-02));
#7330 = CARTESIAN_POINT('',(37.022239413586,5.260092811722E-02));
#7331 = CARTESIAN_POINT('',(35.901546937697,6.179953856797E-02));
#7332 = CARTESIAN_POINT('',(34.072801938998,7.849971834504E-02));
#7333 = CARTESIAN_POINT('',(33.359676133491,8.544224211648E-02));
#7334 = CARTESIAN_POINT('',(32.650353375557,9.278463806682E-02));
#7335 = CARTESIAN_POINT('',(31.945034248544,0.100529602463));
#7336 = CARTESIAN_POINT('',(31.243934721387,0.108679872423));
#7337 = CARTESIAN_POINT('',(30.547286761689,0.117238247897));
#7338 = CARTESIAN_POINT('',(29.855338948804,0.12620761365));
#7339 = CARTESIAN_POINT('',(28.891769373905,0.139368817396));
#7340 = CARTESIAN_POINT('',(28.615987017865,0.143213774407));
#7341 = CARTESIAN_POINT('',(28.3410275156,0.147126025092));
#7342 = CARTESIAN_POINT('',(28.066908965056,0.151105764031));
#7343 = CARTESIAN_POINT('',(27.793650065322,0.155153187564));
#7344 = CARTESIAN_POINT('',(27.521270116633,0.159268493798));
#7345 = CARTESIAN_POINT('',(27.249789020364,0.163451882602));
#7346 = CARTESIAN_POINT('',(26.856163907871,0.169637403353));
#7347 = CARTESIAN_POINT('',(26.733290746751,0.171585378503));
#7348 = CARTESIAN_POINT('',(26.61060972577,0.173547496684));
#7349 = CARTESIAN_POINT('',(26.488122815224,0.175523783735));
#7350 = CARTESIAN_POINT('',(26.365832004365,0.177514254016));
#7351 = CARTESIAN_POINT('',(26.243739313172,0.179518922147));
#7352 = CARTESIAN_POINT('',(26.121846804896,0.181537816332));
#7353 = CARTESIAN_POINT('',(25.873900258071,0.185680394345));
#7354 = CARTESIAN_POINT('',(25.747861679934,0.187805167391));
#7355 = CARTESIAN_POINT('',(25.622043172438,0.189945307582));
#7356 = CARTESIAN_POINT('',(25.496447112528,0.192100841846));
#7357 = CARTESIAN_POINT('',(25.371075914416,0.194271797014));
#7358 = CARTESIAN_POINT('',(25.245932029585,0.196458199818));
#7359 = CARTESIAN_POINT('',(25.121017946785,0.198660076892));
#7360 = CARTESIAN_POINT('',(24.996336192037,0.200877454772));
#7361 = ( GEOMETRIC_REPRESENTATION_CONTEXT(2) 
PARAMETRIC_REPRESENTATION_CONTEXT() REPRESENTATION_CONTEXT('2D SPACE',''
  ) );
#7362 = PCURVE('',#6043,#7363);
#7363 = DEFINITIONAL_REPRESENTATION('',(#7364),#7542);
#7364 = B_SPLINE_CURVE_WITH_KNOTS('',8,(#7365,#7366,#7367,#7368,#7369,
    #7370,#7371,#7372,#7373,#7374,#7375,#7376,#7377,#7378,#7379,#7380,
    #7381,#7382,#7383,#7384,#7385,#7386,#7387,#7388,#7389,#7390,#7391,
    #7392,#7393,#7394,#7395,#7396,#7397,#7398,#7399,#7400,#7401,#7402,
    #7403,#7404,#7405,#7406,#7407,#7408,#7409,#7410,#7411,#7412,#7413,
    #7414,#7415,#7416,#7417,#7418,#7419,#7420,#7421,#7422,#7423,#7424,
    #7425,#7426,#7427,#7428,#7429,#7430,#7431,#7432,#7433,#7434,#7435,
    #7436,#7437,#7438,#7439,#7440,#7441,#7442,#7443,#7444,#7445,#7446,
    #7447,#7448,#7449,#7450,#7451,#7452,#7453,#7454,#7455,#7456,#7457,
    #7458,#7459,#7460,#7461,#7462,#7463,#7464,#7465,#7466,#7467,#7468,
    #7469,#7470,#7471,#7472,#7473,#7474,#7475,#7476,#7477,#7478,#7479,
    #7480,#7481,#7482,#7483,#7484,#7485,#7486,#7487,#7488,#7489,#7490,
    #7491,#7492,#7493,#7494,#7495,#7496,#7497,#7498,#7499,#7500,#7501,
    #7502,#7503,#7504,#7505,#7506,#7507,#7508,#7509,#7510,#7511,#7512,
    #7513,#7514,#7515,#7516,#7517,#7518,#7519,#7520,#7521,#7522,#7523,
    #7524,#7525,#7526,#7527,#7528,#7529,#7530,#7531,#7532,#7533,#7534,
    #7535,#7536,#7537,#7538,#7539,#7540,#7541),.UNSPECIFIED.,.F.,.F.,(9,
    7,7,7,7,7,7,7,7,7,7,7,7,7,7,7,7,7,7,7,7,7,7,7,7,9),(0.,
    4.354243577999E-02,7.299840135817E-02,9.081568935615E-02,
    0.100773977996,0.105990507663,0.111227419174,0.140555761885,
    0.171215332065,0.237208660222,0.27317284177,0.312124270204,
    0.35434783457,0.401782630463,0.45630820007,0.524732765731,
    0.611311276757,0.655672638559,0.700336140268,0.744754616298,
    0.778760523395,0.881923911125,0.948418075043,0.975189478696,
    0.987366289682,1.),.UNSPECIFIED.);
#7365 = CARTESIAN_POINT('',(6.28318530718,23.243885008171));
#7366 = CARTESIAN_POINT('',(6.269007722768,23.225400664566));
#7367 = CARTESIAN_POINT('',(6.254926519995,23.206897506356));
#7368 = CARTESIAN_POINT('',(6.240939010662,23.188427901951));
#7369 = CARTESIAN_POINT('',(6.227042543961,23.170040470388));
#7370 = CARTESIAN_POINT('',(6.213234481453,23.151779208191));
#7371 = CARTESIAN_POINT('',(6.199512172047,23.133682616239));
#7372 = CARTESIAN_POINT('',(6.185872926979,23.115782826626));
#7373 = CARTESIAN_POINT('',(6.16314153044,23.08614569668));
#7374 = CARTESIAN_POINT('',(6.154005869593,23.074288426048));
#7375 = CARTESIAN_POINT('',(6.144906200985,23.062539324408));
#7376 = CARTESIAN_POINT('',(6.135841694533,23.050908083078));
#7377 = CARTESIAN_POINT('',(6.126811587481,23.039396783227));
#7378 = CARTESIAN_POINT('',(6.117815140987,23.028005850427));
#7379 = CARTESIAN_POINT('',(6.108851586283,23.016740658489));
#7380 = CARTESIAN_POINT('',(6.09451776127,22.998865397119));
#7381 = CARTESIAN_POINT('',(6.089127108326,22.992174790279));
#7382 = CARTESIAN_POINT('',(6.083748057286,22.985531297692));
#7383 = CARTESIAN_POINT('',(6.078380446599,22.978935420476));
#7384 = CARTESIAN_POINT('',(6.073024116577,22.972387625292));
#7385 = CARTESIAN_POINT('',(6.067678909397,22.965888344352));
#7386 = CARTESIAN_POINT('',(6.062344669097,22.959437975416));
#7387 = CARTESIAN_POINT('',(6.054045916278,22.949459236418));
#7388 = CARTESIAN_POINT('',(6.051073968773,22.945896984841));
#7389 = CARTESIAN_POINT('',(6.048105372181,22.942350191185));
#7390 = CARTESIAN_POINT('',(6.045140099811,22.93881891701));
#7391 = CARTESIAN_POINT('',(6.042178125161,22.935303221303));
#7392 = CARTESIAN_POINT('',(6.039219421923,22.931803160484));
#7393 = CARTESIAN_POINT('',(6.03626396398,22.928318788403));
#7394 = CARTESIAN_POINT('',(6.031765230755,22.923033155175));
#7395 = CARTESIAN_POINT('',(6.030219619521,22.921220473212));
#7396 = CARTESIAN_POINT('',(6.028674887979,22.919412117851));
#7397 = CARTESIAN_POINT('',(6.027131032417,22.917608096326));
#7398 = CARTESIAN_POINT('',(6.025588049137,22.915808415709));
#7399 = CARTESIAN_POINT('',(6.024045934458,22.914013082904));
#7400 = CARTESIAN_POINT('',(6.02250468471,22.912222104654));
#7401 = CARTESIAN_POINT('',(6.01941788922,22.908641889807));
#7402 = CARTESIAN_POINT('',(6.017872350221,22.906852687366));
#7403 = CARTESIAN_POINT('',(6.016327675548,22.905067886868));
#7404 = CARTESIAN_POINT('',(6.01478386152,22.903287494818));
#7405 = CARTESIAN_POINT('',(6.013240904471,22.901511517575));
#7406 = CARTESIAN_POINT('',(6.011698800748,22.89973996135));
#7407 = CARTESIAN_POINT('',(6.010157546714,22.897972832205));
#7408 = CARTESIAN_POINT('',(5.999990372254,22.88633848618));
#7409 = CARTESIAN_POINT('',(5.991390142166,22.876605892756));
#7410 = CARTESIAN_POINT('',(5.982815812381,22.867013353068));
#7411 = CARTESIAN_POINT('',(5.97426676098,22.857561771709));
#7412 = CARTESIAN_POINT('',(5.96574238023,22.848251960577));
#7413 = CARTESIAN_POINT('',(5.95724207658,22.839084638874));
#7414 = CARTESIAN_POINT('',(5.948765270666,22.830060433107));
#7415 = CARTESIAN_POINT('',(5.931473798604,22.811896228396));
#7416 = CARTESIAN_POINT('',(5.922661266504,22.80276938478));
#7417 = CARTESIAN_POINT('',(5.913873145029,22.793801602507));
#7418 = CARTESIAN_POINT('',(5.905108822403,22.784988718786));
#7419 = CARTESIAN_POINT('',(5.896367669474,22.776335884893));
#7420 = CARTESIAN_POINT('',(5.887649068915,22.767849319016));
#7421 = CARTESIAN_POINT('',(5.878952447004,22.759527309041));
#7422 = CARTESIAN_POINT('',(5.85160418824,22.733823413848));
#7423 = CARTESIAN_POINT('',(5.83303037653,22.717051939129));
#7424 = CARTESIAN_POINT('',(5.814549956083,22.701079645393));
#7425 = CARTESIAN_POINT('',(5.796157549053,22.685920745463));
#7426 = CARTESIAN_POINT('',(5.777848147864,22.671583506652));
#7427 = CARTESIAN_POINT('',(5.759617034814,22.658070466457));
#7428 = CARTESIAN_POINT('',(5.741459701664,22.645378648251));
#7429 = CARTESIAN_POINT('',(5.713514444208,22.627026184954));
#7430 = CARTESIAN_POINT('',(5.703677759372,22.620793812126));
#7431 = CARTESIAN_POINT('',(5.693861018044,22.61480315275));
#7432 = CARTESIAN_POINT('',(5.684063564931,22.609047133056));
#7433 = CARTESIAN_POINT('',(5.674284742933,22.603528441395));
#7434 = CARTESIAN_POINT('',(5.664523909912,22.598251140911));
#7435 = CARTESIAN_POINT('',(5.654780458333,22.593211169587));
#7436 = CARTESIAN_POINT('',(5.634519188325,22.583210729664));
#7437 = CARTESIAN_POINT('',(5.624004275327,22.578291267247));
#7438 = CARTESIAN_POINT('',(5.613508281981,22.573651875746));
#7439 = CARTESIAN_POINT('',(5.603030469287,22.569292267385));
#7440 = CARTESIAN_POINT('',(5.592570118903,22.565211936146));
#7441 = CARTESIAN_POINT('',(5.58212653315,22.561410157764));
#7442 = CARTESIAN_POINT('',(5.571699035007,22.557885989731));
#7443 = CARTESIAN_POINT('',(5.550000229873,22.551117726502));
#7444 = CARTESIAN_POINT('',(5.538731626959,22.547921985762));
#7445 = CARTESIAN_POINT('',(5.52748031682,22.54504972791));
#7446 = CARTESIAN_POINT('',(5.516245486004,22.542499182402));
#7447 = CARTESIAN_POINT('',(5.505026346652,22.540268244383));
#7448 = CARTESIAN_POINT('',(5.493822132993,22.538354589756));
#7449 = CARTESIAN_POINT('',(5.482632097844,22.536755790244));
#7450 = CARTESIAN_POINT('',(5.458899505994,22.534024303941));
#7451 = CARTESIAN_POINT('',(5.446360474871,22.532973976432));
#7452 = CARTESIAN_POINT('',(5.433837386038,22.532316657675));
#7453 = CARTESIAN_POINT('',(5.42132923634,22.532050157002));
#7454 = CARTESIAN_POINT('',(5.408835049162,22.532171881334));
#7455 = CARTESIAN_POINT('',(5.396353874429,22.532678835187));
#7456 = CARTESIAN_POINT('',(5.383884788611,22.533567620666));
#7457 = CARTESIAN_POINT('',(5.357106736948,22.536290623941));
#7458 = CARTESIAN_POINT('',(5.342801371515,22.538246329359));
#7459 = CARTESIAN_POINT('',(5.328509423305,22.540695835104));
#7460 = CARTESIAN_POINT('',(5.31422956314,22.543632774923));
#7461 = CARTESIAN_POINT('',(5.29996050066,22.547050170802));
#7462 = CARTESIAN_POINT('',(5.285700977215,22.550940468829));
#7463 = CARTESIAN_POINT('',(5.271449758754,22.555295575054));
#7464 = CARTESIAN_POINT('',(5.239330558013,22.56614464998));
#7465 = CARTESIAN_POINT('',(5.221466671005,22.57290096546));
#7466 = CARTESIAN_POINT('',(5.203611557233,22.580365853355));
#7467 = CARTESIAN_POINT('',(5.185762886166,22.588528401406));
#7468 = CARTESIAN_POINT('',(5.167918389894,22.597376807686));
#7469 = CARTESIAN_POINT('',(5.150075845815,22.606898418744));
#7470 = CARTESIAN_POINT('',(5.132233059339,22.617079767754));
#7471 = CARTESIAN_POINT('',(5.091808062028,22.641605963219));
#7472 = CARTESIAN_POINT('',(5.069224451264,22.656338814747));
#7473 = CARTESIAN_POINT('',(5.046632576784,22.672076122291));
#7474 = CARTESIAN_POINT('',(5.024028130066,22.68878686923));
#7475 = CARTESIAN_POINT('',(5.001406872298,22.706438627196));
#7476 = CARTESIAN_POINT('',(4.978764582598,22.724997536082));
#7477 = CARTESIAN_POINT('',(4.956097013754,22.74442770415));
#7478 = CARTESIAN_POINT('',(4.921770216186,22.775072099709));
#7479 = CARTESIAN_POINT('',(4.91013281838,22.785672699753));
#7480 = CARTESIAN_POINT('',(4.898487090666,22.796486635677));
#7481 = CARTESIAN_POINT('',(4.886832458669,22.807508620154));
#7482 = CARTESIAN_POINT('',(4.875168345001,22.818733271213));
#7483 = CARTESIAN_POINT('',(4.863494169262,22.83015511225));
#7484 = CARTESIAN_POINT('',(4.851809348043,22.841768572017));
#7485 = CARTESIAN_POINT('',(4.828337581388,22.865447761625));
#7486 = CARTESIAN_POINT('',(4.816550482828,22.877515218217));
#7487 = CARTESIAN_POINT('',(4.804751404249,22.889770778744));
#7488 = CARTESIAN_POINT('',(4.792939717877,22.902188956537));
#7489 = CARTESIAN_POINT('',(4.781114848343,22.914793472222));
#7490 = CARTESIAN_POINT('',(4.769276169774,22.927568131285));
#7491 = CARTESIAN_POINT('',(4.757423071128,22.940517292311));
#7492 = CARTESIAN_POINT('',(4.733751885244,22.966686996026));
#7493 = CARTESIAN_POINT('',(4.72193396453,22.979905763604));
#7494 = CARTESIAN_POINT('',(4.710100548379,22.993293029084));
#7495 = CARTESIAN_POINT('',(4.698251014208,23.006847186722));
#7496 = CARTESIAN_POINT('',(4.686384729966,23.020566433576));
#7497 = CARTESIAN_POINT('',(4.674501054131,23.034448769499));
#7498 = CARTESIAN_POINT('',(4.662599335708,23.048491997148));
#7499 = CARTESIAN_POINT('',(4.641552875219,23.073566281736));
#7500 = CARTESIAN_POINT('',(4.632415874712,23.084531867111));
#7501 = CARTESIAN_POINT('',(4.623267613282,23.095588575265));
#7502 = CARTESIAN_POINT('',(4.614107792336,23.106736905482));
#7503 = CARTESIAN_POINT('',(4.604936104437,23.117974113616));
#7504 = CARTESIAN_POINT('',(4.595752238959,23.129298168182));
#7505 = CARTESIAN_POINT('',(4.586555885617,23.140710414522));
#7506 = CARTESIAN_POINT('',(4.549408957966,23.187080260935));
#7507 = CARTESIAN_POINT('',(4.521353525425,23.222715414976));
#7508 = CARTESIAN_POINT('',(4.493170873666,23.258905847654));
#7509 = CARTESIAN_POINT('',(4.464851308204,23.295454080495));
#7510 = CARTESIAN_POINT('',(4.436384842103,23.332179598915));
#7511 = CARTESIAN_POINT('',(4.407760991807,23.368927059744));
#7512 = CARTESIAN_POINT('',(4.378968513916,23.405573931856));
#7513 = CARTESIAN_POINT('',(4.331320201102,23.465540279338));
#7514 = CARTESIAN_POINT('',(4.312570330192,23.488971281761));
#7515 = CARTESIAN_POINT('',(4.293742440966,23.51244981844));
#7516 = CARTESIAN_POINT('',(4.274833439595,23.536076395644));
#7517 = CARTESIAN_POINT('',(4.255840110737,23.559930289211));
#7518 = CARTESIAN_POINT('',(4.236759060663,23.584067049107));
#7519 = CARTESIAN_POINT('',(4.217586660374,23.608516003993));
#7520 = CARTESIAN_POINT('',(4.190561576873,23.643247168822));
#7521 = CARTESIAN_POINT('',(4.182788731198,23.653267274462));
#7522 = CARTESIAN_POINT('',(4.175000201435,23.663338169114));
#7523 = CARTESIAN_POINT('',(4.167195731439,23.673459176433));
#7524 = CARTESIAN_POINT('',(4.159375059183,23.68362885731));
#7525 = CARTESIAN_POINT('',(4.151537916757,23.693845009878));
#7526 = CARTESIAN_POINT('',(4.14368403037,23.704104669512));
#7527 = CARTESIAN_POINT('',(4.132233084545,23.719088746482));
#7528 = CARTESIAN_POINT('',(4.128649526265,23.723781268247));
#7529 = CARTESIAN_POINT('',(4.12506242261,23.728483138081));
#7530 = CARTESIAN_POINT('',(4.121471739901,23.73319029442));
#7531 = CARTESIAN_POINT('',(4.117877456197,23.737904877715));
#7532 = CARTESIAN_POINT('',(4.114279549107,23.74262886864));
#7533 = CARTESIAN_POINT('',(4.110677981922,23.747356906587));
#7534 = CARTESIAN_POINT('',(4.103332183419,23.756991638357));
#7535 = CARTESIAN_POINT('',(4.09958766997,23.761898568725));
#7536 = CARTESIAN_POINT('',(4.095839144238,23.766802795267));
#7537 = CARTESIAN_POINT('',(4.092086569516,23.771700845885));
#7538 = CARTESIAN_POINT('',(4.088329908928,23.776589330254));
#7539 = CARTESIAN_POINT('',(4.084569125425,23.781464939829));
#7540 = CARTESIAN_POINT('',(4.080804181791,23.786324447841));
#7541 = CARTESIAN_POINT('',(4.077035040636,23.7911647093));
#7542 = ( GEOMETRIC_REPRESENTATION_CONTEXT(2) 
PARAMETRIC_REPRESENTATION_CONTEXT() REPRESENTATION_CONTEXT('2D SPACE',''
  ) );
#7543 = ORIENTED_EDGE('',*,*,#7544,.T.);
#7544 = EDGE_CURVE('',#7000,#7545,#7547,.T.);
#7545 = VERTEX_POINT('',#7546);
#7546 = CARTESIAN_POINT('',(22.622011695742,34.136229091556,
    11.608062003154));
#7547 = SURFACE_CURVE('',#7548,(#7586,#7637),.PCURVE_S1.);
#7548 = B_SPLINE_CURVE_WITH_KNOTS('',8,(#7549,#7550,#7551,#7552,#7553,
    #7554,#7555,#7556,#7557,#7558,#7559,#7560,#7561,#7562,#7563,#7564,
    #7565,#7566,#7567,#7568,#7569,#7570,#7571,#7572,#7573,#7574,#7575,
    #7576,#7577,#7578,#7579,#7580,#7581,#7582,#7583,#7584,#7585),
  .UNSPECIFIED.,.F.,.F.,(9,7,7,7,7,9),(0.497430613749,0.515553121767,
    0.650598260529,0.783278833148,1.,1.054248267336),.UNSPECIFIED.);
#7549 = CARTESIAN_POINT('',(26.295699417732,31.466913441276,
    11.782755907907));
#7550 = CARTESIAN_POINT('',(26.27802934557,31.464053017793,
    11.781944130718));
#7551 = CARTESIAN_POINT('',(26.260343252923,31.461305924927,
    11.781130738367));
#7552 = CARTESIAN_POINT('',(26.242641536759,31.458672174826,
    11.78031574901));
#7553 = CARTESIAN_POINT('',(26.224924587309,31.456151787357,
    11.7794991806));
#7554 = CARTESIAN_POINT('',(26.207192788053,31.453744790313,
    11.778681050892));
#7555 = CARTESIAN_POINT('',(26.189446515702,31.45145121964,
    11.777861377437));
#7556 = CARTESIAN_POINT('',(26.171686140193,31.449271119656,
    11.777040177582));
#7557 = CARTESIAN_POINT('',(26.021463033911,31.431804848543,
    11.770086812261));
#7558 = CARTESIAN_POINT('',(25.888297334902,31.422713752217,
    11.763873886861));
#7559 = CARTESIAN_POINT('',(25.754587737881,31.419951084722,
    11.757586790143));
#7560 = CARTESIAN_POINT('',(25.620513925863,31.423557399082,
    11.751238318015));
#7561 = CARTESIAN_POINT('',(25.486263016782,31.433595067765,
    11.744844257901));
#7562 = CARTESIAN_POINT('',(25.352030125631,31.450149379516,
    11.738421682217));
#7563 = CARTESIAN_POINT('',(25.2180189266,31.47332963618,11.731987241846
    ));
#7564 = CARTESIAN_POINT('',(24.953204358617,31.532686619205,
    11.719236294361));
#7565 = CARTESIAN_POINT('',(24.822410678787,31.568624082657,
    11.712921577666));
#7566 = CARTESIAN_POINT('',(24.692253457968,31.611210137878,
    11.706626407084));
#7567 = CARTESIAN_POINT('',(24.562964303215,31.660597169161,
    11.70036765335));
#7568 = CARTESIAN_POINT('',(24.434813095333,31.71695490989,
    11.694163772587));
#7569 = CARTESIAN_POINT('',(24.308108236566,31.78046879407,
    11.688034632117));
#7570 = CARTESIAN_POINT('',(24.183198197011,31.851344196598,
    11.682001349869));
#7571 = CARTESIAN_POINT('',(23.860016578515,32.057993749974,
    11.666424223592));
#7572 = CARTESIAN_POINT('',(23.665600699895,32.206305714566,
    11.657087415521));
#7573 = CARTESIAN_POINT('',(23.478546854333,32.375945888419,
    11.648153902293));
#7574 = CARTESIAN_POINT('',(23.301317043078,32.568005921988,
    11.63975023095));
#7575 = CARTESIAN_POINT('',(23.137352714734,32.783101721844,
    11.632040395558));
#7576 = CARTESIAN_POINT('',(22.990744332525,33.020942638544,
    11.625201657011));
#7577 = CARTESIAN_POINT('',(22.866178825778,33.280164928817,
    11.619421151284));
#7578 = CARTESIAN_POINT('',(22.743464494222,33.626551647584,
    11.61372712237));
#7579 = CARTESIAN_POINT('',(22.720573645827,33.696954537118,
    11.612665007334));
#7580 = CARTESIAN_POINT('',(22.699432312094,33.768327799663,
    11.611683560629));
#7581 = CARTESIAN_POINT('',(22.680106771837,33.840578477043,
    11.610785295534));
#7582 = CARTESIAN_POINT('',(22.662656020318,33.913606130783,
    11.609972390937));
#7583 = CARTESIAN_POINT('',(22.647130828089,33.987302609164,
    11.609246666353));
#7584 = CARTESIAN_POINT('',(22.633572551641,34.061551760351,
    11.608609544789));
#7585 = CARTESIAN_POINT('',(22.622011695893,34.136229091581,
    11.608062003448));
#7586 = PCURVE('',#5628,#7587);
#7587 = DEFINITIONAL_REPRESENTATION('',(#7588),#7636);
#7588 = B_SPLINE_CURVE_WITH_KNOTS('',3,(#7589,#7590,#7591,#7592,#7593,
    #7594,#7595,#7596,#7597,#7598,#7599,#7600,#7601,#7602,#7603,#7604,
    #7605,#7606,#7607,#7608,#7609,#7610,#7611,#7612,#7613,#7614,#7615,
    #7616,#7617,#7618,#7619,#7620,#7621,#7622,#7623,#7624,#7625,#7626,
    #7627,#7628,#7629,#7630,#7631,#7632,#7633,#7634,#7635),
  .UNSPECIFIED.,.F.,.F.,(4,1,1,1,1,1,1,1,1,1,1,1,1,1,1,1,1,1,1,1,1,1,1,1
    ,1,1,1,1,1,1,1,1,1,1,1,1,1,1,1,1,1,1,1,1,4),(0.497430613749,
    0.510085560421,0.522740507094,0.535395453766,0.548050400439,
    0.560705347111,0.573360293783,0.586015240456,0.598670187128,
    0.611325133801,0.623980080473,0.636635027146,0.649289973818,
    0.66194492049,0.674599867163,0.687254813835,0.699909760508,
    0.71256470718,0.725219653853,0.737874600525,0.750529547197,
    0.76318449387,0.775839440542,0.788494387215,0.801149333887,
    0.81380428056,0.826459227232,0.839114173904,0.851769120577,
    0.864424067249,0.877079013922,0.889733960594,0.902388907267,
    0.915043853939,0.927698800611,0.940353747284,0.953008693956,
    0.965663640629,0.978318587301,0.990973533974,1.003628480646,
    1.016283427319,1.028938373991,1.041593320663,1.054248267336),
  .QUASI_UNIFORM_KNOTS.);
#7589 = CARTESIAN_POINT('',(26.641615109377,0.173065556641));
#7590 = CARTESIAN_POINT('',(26.606991338359,0.172942109397));
#7591 = CARTESIAN_POINT('',(26.537712117233,0.172719093637));
#7592 = CARTESIAN_POINT('',(26.433758154099,0.172456382567));
#7593 = CARTESIAN_POINT('',(26.329834826079,0.172265654175));
#7594 = CARTESIAN_POINT('',(26.225987387159,0.17214710054));
#7595 = CARTESIAN_POINT('',(26.122264754576,0.172100980565));
#7596 = CARTESIAN_POINT('',(26.01871650536,0.172127617856));
#7597 = CARTESIAN_POINT('',(25.915393739957,0.172227402812));
#7598 = CARTESIAN_POINT('',(25.812348879691,0.172400793675));
#7599 = CARTESIAN_POINT('',(25.709635801645,0.172648317646));
#7600 = CARTESIAN_POINT('',(25.607309689261,0.172970572817));
#7601 = CARTESIAN_POINT('',(25.505427684013,0.17336822675));
#7602 = CARTESIAN_POINT('',(25.404046618833,0.173842027643));
#7603 = CARTESIAN_POINT('',(25.303231625647,0.174392768498));
#7604 = CARTESIAN_POINT('',(25.203053720507,0.175021296414));
#7605 = CARTESIAN_POINT('',(25.103576405888,0.175728588925));
#7606 = CARTESIAN_POINT('',(25.004872602312,0.176515674902));
#7607 = CARTESIAN_POINT('',(24.907020186694,0.17738364932));
#7608 = CARTESIAN_POINT('',(24.810103205183,0.178333665748));
#7609 = CARTESIAN_POINT('',(24.714211561051,0.179366938233));
#7610 = CARTESIAN_POINT('',(24.619441320519,0.18048474032));
#7611 = CARTESIAN_POINT('',(24.525894263522,0.181688418577));
#7612 = CARTESIAN_POINT('',(24.43368002789,0.182979363378));
#7613 = CARTESIAN_POINT('',(24.342908825597,0.184359148577));
#7614 = CARTESIAN_POINT('',(24.253737485707,0.185828765673));
#7615 = CARTESIAN_POINT('',(24.166278899158,0.18739005988));
#7616 = CARTESIAN_POINT('',(24.080673186326,0.189044708246));
#7617 = CARTESIAN_POINT('',(23.997079529484,0.190794262197));
#7618 = CARTESIAN_POINT('',(23.915676939495,0.192640084822));
#7619 = CARTESIAN_POINT('',(23.83666257687,0.194583316538));
#7620 = CARTESIAN_POINT('',(23.760250687935,0.196624833294));
#7621 = CARTESIAN_POINT('',(23.686671335162,0.198765206612));
#7622 = CARTESIAN_POINT('',(23.616169127212,0.201004662525));
#7623 = CARTESIAN_POINT('',(23.549001870044,0.203343039133));
#7624 = CARTESIAN_POINT('',(23.485439110801,0.20577974286));
#7625 = CARTESIAN_POINT('',(23.425760568621,0.208313698324));
#7626 = CARTESIAN_POINT('',(23.37025424578,0.210943305749));
#7627 = CARTESIAN_POINT('',(23.319214731984,0.213666347888));
#7628 = CARTESIAN_POINT('',(23.272939476035,0.216480056022));
#7629 = CARTESIAN_POINT('',(23.231730971831,0.219380545016));
#7630 = CARTESIAN_POINT('',(23.195874790197,0.222364556984));
#7631 = CARTESIAN_POINT('',(23.165717410792,0.2254214126));
#7632 = CARTESIAN_POINT('',(23.141530383687,0.228541143233));
#7633 = CARTESIAN_POINT('',(23.123539197226,0.231714033559));
#7634 = CARTESIAN_POINT('',(23.115783395885,0.23385724493));
#7635 = CARTESIAN_POINT('',(23.112995056806,0.234934038512));
#7636 = ( GEOMETRIC_REPRESENTATION_CONTEXT(2) 
PARAMETRIC_REPRESENTATION_CONTEXT() REPRESENTATION_CONTEXT('2D SPACE',''
  ) );
#7637 = PCURVE('',#7638,#7643);
#7638 = CYLINDRICAL_SURFACE('',#7639,3.2);
#7639 = AXIS2_PLACEMENT_3D('',#7640,#7641,#7642);
#7640 = CARTESIAN_POINT('',(25.784341260667,34.62579187895,10.5));
#7641 = DIRECTION('',(0.,0.,1.));
#7642 = DIRECTION('',(1.,0.,-0.));
#7643 = DEFINITIONAL_REPRESENTATION('',(#7644),#7692);
#7644 = B_SPLINE_CURVE_WITH_KNOTS('',3,(#7645,#7646,#7647,#7648,#7649,
    #7650,#7651,#7652,#7653,#7654,#7655,#7656,#7657,#7658,#7659,#7660,
    #7661,#7662,#7663,#7664,#7665,#7666,#7667,#7668,#7669,#7670,#7671,
    #7672,#7673,#7674,#7675,#7676,#7677,#7678,#7679,#7680,#7681,#7682,
    #7683,#7684,#7685,#7686,#7687,#7688,#7689,#7690,#7691),
  .UNSPECIFIED.,.F.,.F.,(4,1,1,1,1,1,1,1,1,1,1,1,1,1,1,1,1,1,1,1,1,1,1,1
    ,1,1,1,1,1,1,1,1,1,1,1,1,1,1,1,1,1,1,1,1,4),(0.497430613749,
    0.510085560421,0.522740507094,0.535395453766,0.548050400439,
    0.560705347111,0.573360293783,0.586015240456,0.598670187128,
    0.611325133801,0.623980080473,0.636635027146,0.649289973818,
    0.66194492049,0.674599867163,0.687254813835,0.699909760508,
    0.71256470718,0.725219653853,0.737874600525,0.750529547197,
    0.76318449387,0.775839440542,0.788494387215,0.801149333887,
    0.81380428056,0.826459227232,0.839114173904,0.851769120577,
    0.864424067249,0.877079013922,0.889733960594,0.902388907267,
    0.915043853939,0.927698800611,0.940353747284,0.953008693956,
    0.965663640629,0.978318587301,0.990973533974,1.003628480646,
    1.016283427319,1.028938373991,1.041593320663,1.054248267336),
  .QUASI_UNIFORM_KNOTS.);
#7645 = CARTESIAN_POINT('',(4.872876441847,1.282755907907));
#7646 = CARTESIAN_POINT('',(4.862460554977,1.28124433887));
#7647 = CARTESIAN_POINT('',(4.841633760926,1.278206276882));
#7648 = CARTESIAN_POINT('',(4.810397284618,1.273607240959));
#7649 = CARTESIAN_POINT('',(4.77915507593,1.268969100106));
#7650 = CARTESIAN_POINT('',(4.747891467669,1.264294660117));
#7651 = CARTESIAN_POINT('',(4.716591731079,1.259587255428));
#7652 = CARTESIAN_POINT('',(4.685241067577,1.254850602876));
#7653 = CARTESIAN_POINT('',(4.653824748436,1.250088736009));
#7654 = CARTESIAN_POINT('',(4.622327935265,1.245305916875));
#7655 = CARTESIAN_POINT('',(4.590735596199,1.240506557338));
#7656 = CARTESIAN_POINT('',(4.559032330544,1.235695124831));
#7657 = CARTESIAN_POINT('',(4.527202441541,1.230876100798));
#7658 = CARTESIAN_POINT('',(4.495229091834,1.226053743979));
#7659 = CARTESIAN_POINT('',(4.463096870106,1.221232581617));
#7660 = CARTESIAN_POINT('',(4.430790880428,1.216417862101));
#7661 = CARTESIAN_POINT('',(4.398292318726,1.211614129381));
#7662 = CARTESIAN_POINT('',(4.365583637331,1.206826399753));
#7663 = CARTESIAN_POINT('',(4.332646995595,1.20205984249));
#7664 = CARTESIAN_POINT('',(4.299464474141,1.197319854096));
#7665 = CARTESIAN_POINT('',(4.266017786252,1.192612025085));
#7666 = CARTESIAN_POINT('',(4.232288173473,1.18794214429));
#7667 = CARTESIAN_POINT('',(4.198255973325,1.183316161777));
#7668 = CARTESIAN_POINT('',(4.163901191316,1.178740281021));
#7669 = CARTESIAN_POINT('',(4.129200233245,1.174220576697));
#7670 = CARTESIAN_POINT('',(4.094143800177,1.169765280763));
#7671 = CARTESIAN_POINT('',(4.058701517536,1.165380248208));
#7672 = CARTESIAN_POINT('',(4.022848301757,1.161072474682));
#7673 = CARTESIAN_POINT('',(3.98656159673,1.15684968256));
#7674 = CARTESIAN_POINT('',(3.949821816152,1.152720345598));
#7675 = CARTESIAN_POINT('',(3.912611967426,1.148693592591));
#7676 = CARTESIAN_POINT('',(3.874917540958,1.144779141958));
#7677 = CARTESIAN_POINT('',(3.836726379278,1.140987227976));
#7678 = CARTESIAN_POINT('',(3.798028606293,1.137328530004));
#7679 = CARTESIAN_POINT('',(3.758816605469,1.133814102154));
#7680 = CARTESIAN_POINT('',(3.719085045098,1.13045530319));
#7681 = CARTESIAN_POINT('',(3.678831018368,1.12726372836));
#7682 = CARTESIAN_POINT('',(3.638054100206,1.124251132229));
#7683 = CARTESIAN_POINT('',(3.596757143779,1.121429377585));
#7684 = CARTESIAN_POINT('',(3.554944853907,1.11881027153));
#7685 = CARTESIAN_POINT('',(3.512631332078,1.116405796974));
#7686 = CARTESIAN_POINT('',(3.469814981172,1.114226830785));
#7687 = CARTESIAN_POINT('',(3.426592220504,1.112288219261));
#7688 = CARTESIAN_POINT('',(3.383038084379,1.110601222709));
#7689 = CARTESIAN_POINT('',(3.339216654726,1.109174972175));
#7690 = CARTESIAN_POINT('',(3.309874862246,1.10840245088));
#7691 = CARTESIAN_POINT('',(3.295184192736,1.108062003448));
#7692 = ( GEOMETRIC_REPRESENTATION_CONTEXT(2) 
PARAMETRIC_REPRESENTATION_CONTEXT() REPRESENTATION_CONTEXT('2D SPACE',''
  ) );
#7693 = ORIENTED_EDGE('',*,*,#7694,.F.);
#7694 = EDGE_CURVE('',#6065,#7545,#7695,.T.);
#7695 = SURFACE_CURVE('',#7696,(#7818,#7943),.PCURVE_S1.);
#7696 = B_SPLINE_CURVE_WITH_KNOTS('',8,(#7697,#7698,#7699,#7700,#7701,
    #7702,#7703,#7704,#7705,#7706,#7707,#7708,#7709,#7710,#7711,#7712,
    #7713,#7714,#7715,#7716,#7717,#7718,#7719,#7720,#7721,#7722,#7723,
    #7724,#7725,#7726,#7727,#7728,#7729,#7730,#7731,#7732,#7733,#7734,
    #7735,#7736,#7737,#7738,#7739,#7740,#7741,#7742,#7743,#7744,#7745,
    #7746,#7747,#7748,#7749,#7750,#7751,#7752,#7753,#7754,#7755,#7756,
    #7757,#7758,#7759,#7760,#7761,#7762,#7763,#7764,#7765,#7766,#7767,
    #7768,#7769,#7770,#7771,#7772,#7773,#7774,#7775,#7776,#7777,#7778,
    #7779,#7780,#7781,#7782,#7783,#7784,#7785,#7786,#7787,#7788,#7789,
    #7790,#7791,#7792,#7793,#7794,#7795,#7796,#7797,#7798,#7799,#7800,
    #7801,#7802,#7803,#7804,#7805,#7806,#7807,#7808,#7809,#7810,#7811,
    #7812,#7813,#7814,#7815,#7816,#7817),.UNSPECIFIED.,.F.,.F.,(9,7,7,7,
    7,7,7,7,7,7,7,7,7,7,7,7,7,9),(0.,8.990534203289E-02,0.18135002179,
    0.276124580388,0.375578081195,0.443510498638,0.515116390676,
    0.672990204702,0.716373260776,0.749799812179,0.803030309488,
    0.858708885459,0.936809497103,0.969743119147,0.985447396048,
    0.992920427908,0.996510480416,1.),.UNSPECIFIED.);
#7697 = CARTESIAN_POINT('',(7.055787363066,67.145,11.400401291634));
#7698 = CARTESIAN_POINT('',(7.055784945932,66.645441447522,
    11.400384226545));
#7699 = CARTESIAN_POINT('',(7.062424521025,66.145541085485,
    11.400371190399));
#7700 = CARTESIAN_POINT('',(7.075721897804,65.645566248536,
    11.400361842618));
#7701 = CARTESIAN_POINT('',(7.095678834431,65.145777275966,
    11.400355862956));
#7702 = CARTESIAN_POINT('',(7.122283765359,64.646427558369,
    11.400352946132));
#7703 = CARTESIAN_POINT('',(7.155512528919,64.147763584317,
    11.400352796456));
#7704 = CARTESIAN_POINT('',(7.195329094904,63.65002498702,
    11.400355122466));
#7705 = CARTESIAN_POINT('',(7.288837206231,62.648361864418,
    11.400364217834));
#7706 = CARTESIAN_POINT('',(7.342755043158,62.144473155283,
    11.400371058859));
#7707 = CARTESIAN_POINT('',(7.403390437164,61.642021358051,
    11.400379844373));
#7708 = CARTESIAN_POINT('',(7.47068285305,61.141236298259,
    11.400390244621));
#7709 = CARTESIAN_POINT('',(7.544561774476,60.64233510551,
    11.400401900884));
#7710 = CARTESIAN_POINT('',(7.624947892249,60.145522586453,
    11.400414416018));
#7711 = CARTESIAN_POINT('',(7.711754292607,59.65099159777,11.40042734499
    ));
#7712 = CARTESIAN_POINT('',(7.901412368828,58.648937003855,
    11.400453493415));
#7713 = CARTESIAN_POINT('',(8.004733536015,58.141594356025,
    11.400466705276));
#7714 = CARTESIAN_POINT('',(8.114747544149,57.637095202522,
    11.400479278254));
#7715 = CARTESIAN_POINT('',(8.231343985526,57.135623759797,
    11.400490598914));
#7716 = CARTESIAN_POINT('',(8.354406917915,56.637349377222,
    11.400500009295));
#7717 = CARTESIAN_POINT('',(8.483816134814,56.142427180422,
    11.400506833071));
#7718 = CARTESIAN_POINT('',(8.619448435706,55.650998714606,
    11.400510401713));
#7719 = CARTESIAN_POINT('',(8.909906473487,54.651303872879,
    11.400509743738));
#7720 = CARTESIAN_POINT('',(9.065349054244,54.143404459582,
    11.400505125225));
#7721 = CARTESIAN_POINT('',(9.227362527847,53.6396413518,11.400495507821
    ));
#7722 = CARTESIAN_POINT('',(9.395800527907,53.140146778304,
    11.400480224526));
#7723 = CARTESIAN_POINT('',(9.570515527706,52.645038914872,
    11.400458728134));
#7724 = CARTESIAN_POINT('',(9.75135993551,52.154422606326,11.40043066073
    ));
#7725 = CARTESIAN_POINT('',(9.938187189895,51.668390088573,
    11.400395923186));
#7726 = CARTESIAN_POINT('',(10.262454500929,50.858219633998,
    11.40032661739));
#7727 = CARTESIAN_POINT('',(10.396780097413,50.531594141536,
    11.400295496354));
#7728 = CARTESIAN_POINT('',(10.533783348555,50.207170722676,
    11.400261434079));
#7729 = CARTESIAN_POINT('',(10.673418444898,49.884972817179,
    11.400224577654));
#7730 = CARTESIAN_POINT('',(10.81564006349,49.565021815138,
    11.400185168738));
#7731 = CARTESIAN_POINT('',(10.960403367884,49.24733705698,
    11.400143543558));
#7732 = CARTESIAN_POINT('',(11.107664008137,48.931935833465,
    11.400100132915));
#7733 = CARTESIAN_POINT('',(11.415188088305,48.288799788832,
    11.400008375847));
#7734 = CARTESIAN_POINT('',(11.575724077508,47.961320713741,
    11.399960373094));
#7735 = CARTESIAN_POINT('',(11.738934556347,47.636413606578,
    11.399907819381));
#7736 = CARTESIAN_POINT('',(11.904770215021,47.314095950557,
    11.399863340893));
#7737 = CARTESIAN_POINT('',(12.073181820114,46.994382684033,
    11.399833611833));
#7738 = CARTESIAN_POINT('',(12.244120755978,46.67728680712,
    11.39982392625));
#7739 = CARTESIAN_POINT('',(12.417539956207,46.362820462382,
    11.39984668307));
#7740 = CARTESIAN_POINT('',(12.981106544576,45.363490735272,
    11.400052524675));
#7741 = CARTESIAN_POINT('',(13.380644800033,44.688829821707,
    11.400396891666));
#7742 = CARTESIAN_POINT('',(13.791516146029,44.027109433031,
    11.401054997712));
#7743 = CARTESIAN_POINT('',(14.213245170208,43.378411214955,
    11.402161952553));
#7744 = CARTESIAN_POINT('',(14.645373562547,42.742799890879,
    11.403877510136));
#7745 = CARTESIAN_POINT('',(15.087463211376,42.120326373879,
    11.40638630418));
#7746 = CARTESIAN_POINT('',(15.539101429087,41.511034160039,
    11.409897801124));
#7747 = CARTESIAN_POINT('',(16.126536087912,40.751172820164,
    11.415950747292));
#7748 = CARTESIAN_POINT('',(16.253855810723,40.588376020192,
    11.417348905147));
#7749 = CARTESIAN_POINT('',(16.38185940878,40.426579714062,
    11.418845298425));
#7750 = CARTESIAN_POINT('',(16.510538955006,40.26578514666,
    11.420444920278));
#7751 = CARTESIAN_POINT('',(16.639886662451,40.105993696905,
    11.422152902607));
#7752 = CARTESIAN_POINT('',(16.769894884295,39.947206877747,
    11.423974516058));
#7753 = CARTESIAN_POINT('',(16.900556113842,39.789426336165,
    11.425915170021));
#7754 = CARTESIAN_POINT('',(17.133034645992,39.511860992183,
    11.429571677629));
#7755 = CARTESIAN_POINT('',(17.234589602462,39.3916666177,
    11.431236906479));
#7756 = CARTESIAN_POINT('',(17.336524485938,39.272071550045,
    11.432978636772));
#7757 = CARTESIAN_POINT('',(17.438835982468,39.15307670319,
    11.434799454673));
#7758 = CARTESIAN_POINT('',(17.541520832148,39.034683084754,
    11.436701994929));
#7759 = CARTESIAN_POINT('',(17.644575829121,38.916891796003,
    11.438688940866));
#7760 = CARTESIAN_POINT('',(17.747997821573,38.799704031851,
    11.440763024391));
#7761 = CARTESIAN_POINT('',(18.017058749562,38.497467215932,
    11.446373115294));
#7762 = CARTESIAN_POINT('',(18.183256438651,38.313346837802,
    11.450045575882));
#7763 = CARTESIAN_POINT('',(18.350365186382,38.130768272349,
    11.453969045793));
#7764 = CARTESIAN_POINT('',(18.518370488828,37.949729062389,
    11.458117096004));
#7765 = CARTESIAN_POINT('',(18.687260694445,37.77023708429,
    11.462508492345));
#7766 = CARTESIAN_POINT('',(18.857022734172,37.592293465627,
    11.46712999419));
#7767 = CARTESIAN_POINT('',(19.027644497556,37.415903071898,
    11.47198377956));
#7768 = CARTESIAN_POINT('',(19.378469119488,37.05819557494,
    11.48238155668));
#7769 = CARTESIAN_POINT('',(19.558751732021,36.877024930462,
    11.487947169394));
#7770 = CARTESIAN_POINT('',(19.739947921787,36.697562356826,
    11.493759316646));
#7771 = CARTESIAN_POINT('',(19.922044081377,36.519812606434,
    11.499814003333));
#7772 = CARTESIAN_POINT('',(20.105026769352,36.343780525489,
    11.506106567273));
#7773 = CARTESIAN_POINT('',(20.288882710237,36.169471053998,
    11.512631679199));
#7774 = CARTESIAN_POINT('',(20.473598794523,35.996889225768,
    11.519383342764));
#7775 = CARTESIAN_POINT('',(20.919452607614,35.586389357552,
    11.536133924412));
#7776 = CARTESIAN_POINT('',(21.181410036304,35.350147797238,
    11.54634559665));
#7777 = CARTESIAN_POINT('',(21.444998410677,35.11732934858,
    11.556971519099));
#7778 = CARTESIAN_POINT('',(21.710182186894,34.887947852016,
    11.567990690976));
#7779 = CARTESIAN_POINT('',(21.976926075575,34.66201668217,
    11.579379521356));
#7780 = CARTESIAN_POINT('',(22.245194886024,34.439548302698,
    11.591111847666));
#7781 = CARTESIAN_POINT('',(22.51495337046,34.220553821145,
    11.603158954178));
#7782 = CARTESIAN_POINT('',(22.900531580821,33.914165317556,
    11.620689197871));
#7783 = CARTESIAN_POINT('',(23.015155674957,33.823907447987,
    11.625939222576));
#7784 = CARTESIAN_POINT('',(23.130035695626,33.7342696454,
    11.631237320831));
#7785 = CARTESIAN_POINT('',(23.245168979901,33.645252542762,
    11.636581070663));
#7786 = CARTESIAN_POINT('',(23.360552856964,33.556856695697,
    11.641967971904));
#7787 = CARTESIAN_POINT('',(23.476184648104,33.469082582489,
    11.647395446194));
#7788 = CARTESIAN_POINT('',(23.592061666719,33.381930604082,
    11.652860836979));
#7789 = CARTESIAN_POINT('',(23.763552400677,33.254139799774,
    11.660984337356));
#7790 = CARTESIAN_POINT('',(23.818978730486,33.213020049306,
    11.663615265103));
#7791 = CARTESIAN_POINT('',(23.874459915336,33.172041866366,
    11.666253896352));
#7792 = CARTESIAN_POINT('',(23.929995662226,33.131205279214,
    11.668899930784));
#7793 = CARTESIAN_POINT('',(23.985585677557,33.090510310677,
    11.671553064164));
#7794 = CARTESIAN_POINT('',(24.04122966714,33.049956978148,
    11.674212988342));
#7795 = CARTESIAN_POINT('',(24.09692733619,33.00954529359,
    11.676879391251));
#7796 = CARTESIAN_POINT('',(24.179208066487,32.950112380737,
    11.680823723093));
#7797 = CARTESIAN_POINT('',(24.205749832061,32.930981574468,
    11.682096884791));
#7798 = CARTESIAN_POINT('',(24.232303654219,32.911882845381,
    11.683371407958));
#7799 = CARTESIAN_POINT('',(24.258869501098,32.892816193814,
    11.684647258352));
#7800 = CARTESIAN_POINT('',(24.285447340799,32.873781619788,
    11.685924401535));
#7801 = CARTESIAN_POINT('',(24.312037141387,32.854779123008,
    11.687202802872));
#7802 = CARTESIAN_POINT('',(24.338638870889,32.83580870286,
    11.688482427529));
#7803 = CARTESIAN_POINT('',(24.378037711927,32.807772357457,
    11.690378544389));
#7804 = CARTESIAN_POINT('',(24.391459625707,32.798230626292,
    11.691024633043));
#7805 = CARTESIAN_POINT('',(24.404960189121,32.788643947363,
    11.691674668611));
#7806 = CARTESIAN_POINT('',(24.418215570627,32.77924206962,
    11.69231305265));
#7807 = CARTESIAN_POINT('',(24.431137257262,32.770086482561,
    11.692935500634));
#7808 = CARTESIAN_POINT('',(24.44387315525,32.761071190265,
    11.693549116473));
#7809 = CARTESIAN_POINT('',(24.456808690609,32.751923485432,
    11.69417246704));
#7810 = CARTESIAN_POINT('',(24.483941826868,32.732758117754,
    11.695480274932));
#7811 = CARTESIAN_POINT('',(24.497318537979,32.723319710424,
    11.696125157439));
#7812 = CARTESIAN_POINT('',(24.510698696663,32.713889039916,
    11.696770331469));
#7813 = CARTESIAN_POINT('',(24.524081624311,32.704466579157,
    11.697415759973));
#7814 = CARTESIAN_POINT('',(24.537467045351,32.695052518312,
    11.698061425338));
#7815 = CARTESIAN_POINT('',(24.550855552118,32.685646438714,
    11.698707351822));
#7816 = CARTESIAN_POINT('',(24.564247799343,32.676247877961,
    11.699353566682));
#7817 = CARTESIAN_POINT('',(24.577642428288,32.666857786149,11.7));
#7818 = PCURVE('',#5628,#7819);
#7819 = DEFINITIONAL_REPRESENTATION('',(#7820),#7942);
#7820 = B_SPLINE_CURVE_WITH_KNOTS('',8,(#7821,#7822,#7823,#7824,#7825,
    #7826,#7827,#7828,#7829,#7830,#7831,#7832,#7833,#7834,#7835,#7836,
    #7837,#7838,#7839,#7840,#7841,#7842,#7843,#7844,#7845,#7846,#7847,
    #7848,#7849,#7850,#7851,#7852,#7853,#7854,#7855,#7856,#7857,#7858,
    #7859,#7860,#7861,#7862,#7863,#7864,#7865,#7866,#7867,#7868,#7869,
    #7870,#7871,#7872,#7873,#7874,#7875,#7876,#7877,#7878,#7879,#7880,
    #7881,#7882,#7883,#7884,#7885,#7886,#7887,#7888,#7889,#7890,#7891,
    #7892,#7893,#7894,#7895,#7896,#7897,#7898,#7899,#7900,#7901,#7902,
    #7903,#7904,#7905,#7906,#7907,#7908,#7909,#7910,#7911,#7912,#7913,
    #7914,#7915,#7916,#7917,#7918,#7919,#7920,#7921,#7922,#7923,#7924,
    #7925,#7926,#7927,#7928,#7929,#7930,#7931,#7932,#7933,#7934,#7935,
    #7936,#7937,#7938,#7939,#7940,#7941),.UNSPECIFIED.,.F.,.F.,(9,7,7,7,
    7,7,7,7,7,7,7,7,7,7,7,7,7,9),(0.,8.990534203289E-02,0.18135002179,
    0.276124580388,0.375578081195,0.443510498638,0.515116390676,
    0.672990204702,0.716373260776,0.749799812179,0.803030309488,
    0.858708885459,0.936809497103,0.969743119147,0.985447396048,
    0.992920427908,0.996510480416,1.),.UNSPECIFIED.);
#7821 = CARTESIAN_POINT('',(8.012953999416,1.));
#7822 = CARTESIAN_POINT('',(7.992329308097,0.98842140335));
#7823 = CARTESIAN_POINT('',(7.979930162038,0.976834884355));
#7824 = CARTESIAN_POINT('',(7.975702332067,0.965246639206));
#7825 = CARTESIAN_POINT('',(7.979574797969,0.953662701958));
#7826 = CARTESIAN_POINT('',(7.991461258059,0.942088945611));
#7827 = CARTESIAN_POINT('',(8.011261638741,0.930531083192));
#7828 = CARTESIAN_POINT('',(8.038863604077,0.918994668838));
#7829 = CARTESIAN_POINT('',(8.110028590228,0.895778464814));
#7830 = CARTESIAN_POINT('',(8.153857114911,0.884099505279));
#7831 = CARTESIAN_POINT('',(8.205500185799,0.872453849995));
#7832 = CARTESIAN_POINT('',(8.264817532225,0.86084682578));
#7833 = CARTESIAN_POINT('',(8.331659816308,0.849283465187));
#7834 = CARTESIAN_POINT('',(8.405870382811,0.837768515157));
#7835 = CARTESIAN_POINT('',(8.487287008992,0.826306445655));
#7836 = CARTESIAN_POINT('',(8.667421372084,0.803081168243));
#7837 = CARTESIAN_POINT('',(8.766661456908,0.791322154503));
#7838 = CARTESIAN_POINT('',(8.873279139497,0.779629046298));
#7839 = CARTESIAN_POINT('',(8.987085811729,0.768006113334));
#7840 = CARTESIAN_POINT('',(9.107890540782,0.756457280733));
#7841 = CARTESIAN_POINT('',(9.235501583117,0.744986143943));
#7842 = CARTESIAN_POINT('',(9.369727898462,0.733595983651));
#7843 = CARTESIAN_POINT('',(9.657977340785,0.710425399765));
#7844 = CARTESIAN_POINT('',(9.812650516202,0.698653481506));
#7845 = CARTESIAN_POINT('',(9.974182071758,0.686977433116));
#7846 = CARTESIAN_POINT('',(10.142356353073,0.675400319349));
#7847 = CARTESIAN_POINT('',(10.31696120612,0.663924879241));
#7848 = CARTESIAN_POINT('',(10.497789013669,0.652553542851));
#7849 = CARTESIAN_POINT('',(10.684637731735,0.641288447991));
#7850 = CARTESIAN_POINT('',(11.008919397745,0.622510595295));
#7851 = CARTESIAN_POINT('',(11.143244748455,0.614940181748));
#7852 = CARTESIAN_POINT('',(11.280225467786,0.607420807108));
#7853 = CARTESIAN_POINT('',(11.419800433273,0.599953014652));
#7854 = CARTESIAN_POINT('',(11.561909910341,0.592537300154));
#7855 = CARTESIAN_POINT('',(11.706495552306,0.585174111878));
#7856 = CARTESIAN_POINT('',(11.853500400373,0.577863850584));
#7857 = CARTESIAN_POINT('',(12.160314531666,0.562957464106));
#7858 = CARTESIAN_POINT('',(12.320386377065,0.555367266514));
#7859 = CARTESIAN_POINT('',(12.483018879361,0.547836681112));
#7860 = CARTESIAN_POINT('',(12.648150615655,0.54036611312));
#7861 = CARTESIAN_POINT('',(12.81572092195,0.532955908774));
#7862 = CARTESIAN_POINT('',(12.985670635857,0.525606369385));
#7863 = CARTESIAN_POINT('',(13.157943434782,0.518317776391));
#7864 = CARTESIAN_POINT('',(13.717304919889,0.495155655007));
#7865 = CARTESIAN_POINT('',(14.113144665645,0.479518595937));
#7866 = CARTESIAN_POINT('',(14.519420903696,0.464181467911));
#7867 = CARTESIAN_POINT('',(14.93558919535,0.449146163286));
#7868 = CARTESIAN_POINT('',(15.361142070166,0.434414182197));
#7869 = CARTESIAN_POINT('',(15.795610483515,0.419986704691));
#7870 = CARTESIAN_POINT('',(16.238567922049,0.405864738905));
#7871 = CARTESIAN_POINT('',(16.813589074198,0.3882529336));
#7872 = CARTESIAN_POINT('',(16.938153137451,0.384479685252));
#7873 = CARTESIAN_POINT('',(17.063321339552,0.380729626007));
#7874 = CARTESIAN_POINT('',(17.189085911001,0.377002784718));
#7875 = CARTESIAN_POINT('',(17.315439320063,0.373299193346));
#7876 = CARTESIAN_POINT('',(17.442374272764,0.369618886957));
#7877 = CARTESIAN_POINT('',(17.569883712897,0.365961903724));
#7878 = CARTESIAN_POINT('',(17.79664395914,0.359528589458));
#7879 = CARTESIAN_POINT('',(17.895664103285,0.356742765505));
#7880 = CARTESIAN_POINT('',(17.995018136707,0.353970832079));
#7881 = CARTESIAN_POINT('',(18.094703032474,0.351212810365));
#7882 = CARTESIAN_POINT('',(18.194715854463,0.348468723717));
#7883 = CARTESIAN_POINT('',(18.295053757358,0.345738597659));
#7884 = CARTESIAN_POINT('',(18.395713986653,0.343022459888));
#7885 = CARTESIAN_POINT('',(18.657500472318,0.336017318714));
#7886 = CARTESIAN_POINT('',(18.819117452511,0.331749839791));
#7887 = CARTESIAN_POINT('',(18.981535727812,0.327518096474));
#7888 = CARTESIAN_POINT('',(19.144740716868,0.323322031809));
#7889 = CARTESIAN_POINT('',(19.308723327875,0.319161828353));
#7890 = CARTESIAN_POINT('',(19.473471489987,0.315037512241));
#7891 = CARTESIAN_POINT('',(19.63897509972,0.310949196243));
#7892 = CARTESIAN_POINT('',(19.979118428134,0.302658374665));
#7893 = CARTESIAN_POINT('',(20.153828258328,0.298459263657));
#7894 = CARTESIAN_POINT('',(20.329341763887,0.294299741727));
#7895 = CARTESIAN_POINT('',(20.505647662963,0.290179919027));
#7896 = CARTESIAN_POINT('',(20.682734979586,0.28609990788));
#7897 = CARTESIAN_POINT('',(20.860593043665,0.282059822784));
#7898 = CARTESIAN_POINT('',(21.039211490985,0.27805978041));
#7899 = CARTESIAN_POINT('',(21.470181719898,0.268545355373));
#7900 = CARTESIAN_POINT('',(21.723259447974,0.26306982958));
#7901 = CARTESIAN_POINT('',(21.977785393902,0.257673643495));
#7902 = CARTESIAN_POINT('',(22.233732384862,0.252357117905));
#7903 = CARTESIAN_POINT('',(22.491073898338,0.247120562804));
#7904 = CARTESIAN_POINT('',(22.749783831717,0.241964267069));
#7905 = CARTESIAN_POINT('',(23.009836271881,0.236888488148));
#7906 = CARTESIAN_POINT('',(23.381419864214,0.229787120583));
#7907 = CARTESIAN_POINT('',(23.491868565134,0.227695154664));
#7908 = CARTESIAN_POINT('',(23.602549427494,0.225617560445));
#7909 = CARTESIAN_POINT('',(23.713460505559,0.223554352596));
#7910 = CARTESIAN_POINT('',(23.824599847927,0.221505543996));
#7911 = CARTESIAN_POINT('',(23.935965497528,0.219471145729));
#7912 = CARTESIAN_POINT('',(24.047555491623,0.21745116709));
#7913 = CARTESIAN_POINT('',(24.212685180505,0.214489275693));
#7914 = CARTESIAN_POINT('',(24.266053062956,0.213536216231));
#7915 = CARTESIAN_POINT('',(24.319471295249,0.212586437973));
#7916 = CARTESIAN_POINT('',(24.372939662752,0.211639941574));
#7917 = CARTESIAN_POINT('',(24.426457950119,0.210696727562));
#7918 = CARTESIAN_POINT('',(24.480025941284,0.209756796341));
#7919 = CARTESIAN_POINT('',(24.533643419464,0.208820148188));
#7920 = CARTESIAN_POINT('',(24.612848007448,0.207442632535));
#7921 = CARTESIAN_POINT('',(24.638397004422,0.206999225274));
#7922 = CARTESIAN_POINT('',(24.66395713464,0.206556561488));
#7923 = CARTESIAN_POINT('',(24.689528374613,0.206114641182));
#7924 = CARTESIAN_POINT('',(24.715110700798,0.205673464359));
#7925 = CARTESIAN_POINT('',(24.740704089608,0.205233031012));
#7926 = CARTESIAN_POINT('',(24.766308517401,0.204793341126));
#7927 = CARTESIAN_POINT('',(24.804229646784,0.204143524336));
#7928 = CARTESIAN_POINT('',(24.817148051325,0.203922369366));
#7929 = CARTESIAN_POINT('',(24.830142038434,0.203700172612));
#7930 = CARTESIAN_POINT('',(24.842899930418,0.203482259117));
#7931 = CARTESIAN_POINT('',(24.855336550607,0.203270054063));
#7932 = CARTESIAN_POINT('',(24.867594266389,0.203061100713));
#7933 = CARTESIAN_POINT('',(24.880044032239,0.20284907835));
#7934 = CARTESIAN_POINT('',(24.906158003808,0.202404870037));
#7935 = CARTESIAN_POINT('',(24.919032604171,0.202186092643));
#7936 = CARTESIAN_POINT('',(24.931909210057,0.201967541452));
#7937 = CARTESIAN_POINT('',(24.944788867332,0.201749161595));
#7938 = CARTESIAN_POINT('',(24.957671995094,0.201530930982));
#7939 = CARTESIAN_POINT('',(24.970557663293,0.201312898102));
#7940 = CARTESIAN_POINT('',(24.983444844371,0.20109511654));
#7941 = CARTESIAN_POINT('',(24.996335638934,0.200877476216));
#7942 = ( GEOMETRIC_REPRESENTATION_CONTEXT(2) 
PARAMETRIC_REPRESENTATION_CONTEXT() REPRESENTATION_CONTEXT('2D SPACE',''
  ) );
#7943 = PCURVE('',#6344,#7944);
#7944 = DEFINITIONAL_REPRESENTATION('',(#7945),#8067);
#7945 = B_SPLINE_CURVE_WITH_KNOTS('',8,(#7946,#7947,#7948,#7949,#7950,
    #7951,#7952,#7953,#7954,#7955,#7956,#7957,#7958,#7959,#7960,#7961,
    #7962,#7963,#7964,#7965,#7966,#7967,#7968,#7969,#7970,#7971,#7972,
    #7973,#7974,#7975,#7976,#7977,#7978,#7979,#7980,#7981,#7982,#7983,
    #7984,#7985,#7986,#7987,#7988,#7989,#7990,#7991,#7992,#7993,#7994,
    #7995,#7996,#7997,#7998,#7999,#8000,#8001,#8002,#8003,#8004,#8005,
    #8006,#8007,#8008,#8009,#8010,#8011,#8012,#8013,#8014,#8015,#8016,
    #8017,#8018,#8019,#8020,#8021,#8022,#8023,#8024,#8025,#8026,#8027,
    #8028,#8029,#8030,#8031,#8032,#8033,#8034,#8035,#8036,#8037,#8038,
    #8039,#8040,#8041,#8042,#8043,#8044,#8045,#8046,#8047,#8048,#8049,
    #8050,#8051,#8052,#8053,#8054,#8055,#8056,#8057,#8058,#8059,#8060,
    #8061,#8062,#8063,#8064,#8065,#8066),.UNSPECIFIED.,.F.,.F.,(9,7,7,7,
    7,7,7,7,7,7,7,7,7,7,7,7,7,9),(0.,8.990534203289E-02,0.18135002179,
    0.276124580388,0.375578081195,0.443510498638,0.515116390676,
    0.672990204702,0.716373260776,0.749799812179,0.803030309488,
    0.858708885459,0.936809497103,0.969743119147,0.985447396048,
    0.992920427908,0.996510480416,1.),.UNSPECIFIED.);
#7946 = CARTESIAN_POINT('',(-3.14159265359,6.142479243455));
#7947 = CARTESIAN_POINT('',(-3.153225386426,6.142500976226));
#7948 = CARTESIAN_POINT('',(-3.164866076799,6.142517577973));
#7949 = CARTESIAN_POINT('',(-3.176510900001,6.14252948249));
#7950 = CARTESIAN_POINT('',(-3.188156205881,6.142537097653));
#7951 = CARTESIAN_POINT('',(-3.199798502624,6.14254081226));
#7952 = CARTESIAN_POINT('',(-3.211434440534,6.142541002875));
#7953 = CARTESIAN_POINT('',(-3.223060795817,6.142538040677));
#7954 = CARTESIAN_POINT('',(-3.246486959186,6.14252645761));
#7955 = CARTESIAN_POINT('',(-3.258286426418,6.142517745473));
#7956 = CARTESIAN_POINT('',(-3.27006963162,6.142506556989));
#7957 = CARTESIAN_POINT('',(-3.281833602249,6.142493312091));
#7958 = CARTESIAN_POINT('',(-3.293575600434,6.142478467599));
#7959 = CARTESIAN_POINT('',(-3.305293105759,6.142462529273));
#7960 = CARTESIAN_POINT('',(-3.316983798043,6.142446063868));
#7961 = CARTESIAN_POINT('',(-3.340731934426,6.142412763032));
#7962 = CARTESIAN_POINT('',(-3.352787271352,6.142395937269));
#7963 = CARTESIAN_POINT('',(-3.364809225184,6.142379925096));
#7964 = CARTESIAN_POINT('',(-3.376795733351,6.142365507755));
#7965 = CARTESIAN_POINT('',(-3.388744980587,6.142353523208));
#7966 = CARTESIAN_POINT('',(-3.400655383099,6.142344832807));
#7967 = CARTESIAN_POINT('',(-3.412525572733,6.142340287971));
#7968 = CARTESIAN_POINT('',(-3.436767168126,6.142341125934));
#7969 = CARTESIAN_POINT('',(-3.449134375861,6.142347007824));
#7970 = CARTESIAN_POINT('',(-3.461454696517,6.142359256046));
#7971 = CARTESIAN_POINT('',(-3.473727044254,6.142378720021));
#7972 = CARTESIAN_POINT('',(-3.485950544211,6.142406096566));
#7973 = CARTESIAN_POINT('',(-3.498124521496,6.14244184137));
#7974 = CARTESIAN_POINT('',(-3.510248490175,6.142486080485));
#7975 = CARTESIAN_POINT('',(-3.530569135745,6.142574342219));
#7976 = CARTESIAN_POINT('',(-3.538792643326,6.142613975023));
#7977 = CARTESIAN_POINT('',(-3.546992567591,6.142657353233));
#7978 = CARTESIAN_POINT('',(-3.555168839276,6.142704289442));
#7979 = CARTESIAN_POINT('',(-3.563321417267,6.142754475816));
#7980 = CARTESIAN_POINT('',(-3.571450288597,6.1428074841));
#7981 = CARTESIAN_POINT('',(-3.579555468448,6.142862765614));
#7982 = CARTESIAN_POINT('',(-3.596155544138,6.142979613006));
#7983 = CARTESIAN_POINT('',(-3.604647804995,6.143040741213));
#7984 = CARTESIAN_POINT('',(-3.613113840094,6.143107664089));
#7985 = CARTESIAN_POINT('',(-3.621553704517,6.143164302939));
#7986 = CARTESIAN_POINT('',(-3.62996748488,6.143202159244));
#7987 = CARTESIAN_POINT('',(-3.638355292403,6.143214492714));
#7988 = CARTESIAN_POINT('',(-3.646717250019,6.14318551502));
#7989 = CARTESIAN_POINT('',(-3.673432957808,6.142923394284));
#7990 = CARTESIAN_POINT('',(-3.691687197617,6.14248483879));
#7991 = CARTESIAN_POINT('',(-3.709818113994,6.141646835862));
#7992 = CARTESIAN_POINT('',(-3.727827631752,6.140237029917));
#7993 = CARTESIAN_POINT('',(-3.745717745752,6.138051715022));
#7994 = CARTESIAN_POINT('',(-3.763490547812,6.134855015007));
#7995 = CARTESIAN_POINT('',(-3.78114824898,6.130377460084));
#7996 = CARTESIAN_POINT('',(-3.803514474679,6.122647735782));
#7997 = CARTESIAN_POINT('',(-3.808327221882,6.120861745805));
#7998 = CARTESIAN_POINT('',(-3.813131481548,6.11894967169));
#7999 = CARTESIAN_POINT('',(-3.817927294856,6.116904975276));
#8000 = CARTESIAN_POINT('',(-3.822714701376,6.114720898575));
#8001 = CARTESIAN_POINT('',(-3.827493739076,6.112390463775));
#8002 = CARTESIAN_POINT('',(-3.832264444314,6.109906473235));
#8003 = CARTESIAN_POINT('',(-3.840696276608,6.105223570618));
#8004 = CARTESIAN_POINT('',(-3.844360774878,6.10309005782));
#8005 = CARTESIAN_POINT('',(-3.848020362514,6.10085757839));
#8006 = CARTESIAN_POINT('',(-3.851675054394,6.098522647232));
#8007 = CARTESIAN_POINT('',(-3.855324864418,6.096081686862));
#8008 = CARTESIAN_POINT('',(-3.858969805512,6.093531027409));
#8009 = CARTESIAN_POINT('',(-3.862609889619,6.090866906614));
#8010 = CARTESIAN_POINT('',(-3.872034104529,6.083656138744));
#8011 = CARTESIAN_POINT('',(-3.877810794604,6.078931419316));
#8012 = CARTESIAN_POINT('',(-3.883575202951,6.073878459781));
#8013 = CARTESIAN_POINT('',(-3.889327477944,6.068529772958));
#8014 = CARTESIAN_POINT('',(-3.895067627952,6.062859682717));
#8015 = CARTESIAN_POINT('',(-3.900795758907,6.056883313621));
#8016 = CARTESIAN_POINT('',(-3.906511924428,6.050595783382));
#8017 = CARTESIAN_POINT('',(-3.918182812883,6.037100659489));
#8018 = CARTESIAN_POINT('',(-3.924136417834,6.029863841531));
#8019 = CARTESIAN_POINT('',(-3.930077091986,6.022291037935));
#8020 = CARTESIAN_POINT('',(-3.936004915565,6.01438431684));
#8021 = CARTESIAN_POINT('',(-3.94191997033,6.006146217123));
#8022 = CARTESIAN_POINT('',(-3.947822339572,5.997579748398));
#8023 = CARTESIAN_POINT('',(-3.953712108116,5.988688391015));
#8024 = CARTESIAN_POINT('',(-3.967833415621,5.966553964733));
#8025 = CARTESIAN_POINT('',(-3.976052848117,5.953000304094));
#8026 = CARTESIAN_POINT('',(-3.984247899422,5.938825965668));
#8027 = CARTESIAN_POINT('',(-3.99241882085,5.924043388106));
#8028 = CARTESIAN_POINT('',(-4.000565878576,5.90866660685));
#8029 = CARTESIAN_POINT('',(-4.008689356801,5.892711263797));
#8030 = CARTESIAN_POINT('',(-4.016789560919,5.876194616964));
#8031 = CARTESIAN_POINT('',(-4.028272855725,5.85194204876));
#8032 = CARTESIAN_POINT('',(-4.031674810967,5.844652103108));
#8033 = CARTESIAN_POINT('',(-4.035072711037,5.837267127667));
#8034 = CARTESIAN_POINT('',(-4.038466581473,5.829788597625));
#8035 = CARTESIAN_POINT('',(-4.041856448719,5.822218048884));
#8036 = CARTESIAN_POINT('',(-4.045242340122,5.814557078061));
#8037 = CARTESIAN_POINT('',(-4.048624283938,5.806807342491));
#8038 = CARTESIAN_POINT('',(-4.053613108347,5.795233619337));
#8039 = CARTESIAN_POINT('',(-4.0552230164,5.791476886519));
#8040 = CARTESIAN_POINT('',(-4.056832036655,5.787700548586));
#8041 = CARTESIAN_POINT('',(-4.058440172337,5.783904796181));
#8042 = CARTESIAN_POINT('',(-4.060047426728,5.780089823771));
#8043 = CARTESIAN_POINT('',(-4.061653803162,5.77625582965));
#8044 = CARTESIAN_POINT('',(-4.06325930503,5.772403015934));
#8045 = CARTESIAN_POINT('',(-4.06562751482,5.766689332454));
#8046 = CARTESIAN_POINT('',(-4.066390896603,5.764842861461));
#8047 = CARTESIAN_POINT('',(-4.0671540815,5.7629921978));
#8048 = CARTESIAN_POINT('',(-4.067917069885,5.761137363905));
#8049 = CARTESIAN_POINT('',(-4.068679862136,5.759278382432));
#8050 = CARTESIAN_POINT('',(-4.069442458634,5.757415276257));
#8051 = CARTESIAN_POINT('',(-4.070204859762,5.755548068477));
#8052 = CARTESIAN_POINT('',(-4.071333230557,5.752777814578));
#8053 = CARTESIAN_POINT('',(-4.07171750654,5.751833330561));
#8054 = CARTESIAN_POINT('',(-4.072103889581,5.750882438524));
#8055 = CARTESIAN_POINT('',(-4.072483114464,5.749947965122));
#8056 = CARTESIAN_POINT('',(-4.072852666038,5.749036254812));
#8057 = CARTESIAN_POINT('',(-4.073216790231,5.748136969166));
#8058 = CARTESIAN_POINT('',(-4.073586505045,5.747222886179));
#8059 = CARTESIAN_POINT('',(-4.074361709867,5.745303765314));
#8060 = CARTESIAN_POINT('',(-4.074743754314,5.744356834559));
#8061 = CARTESIAN_POINT('',(-4.075125763713,5.743408863571));
#8062 = CARTESIAN_POINT('',(-4.075507718885,5.742459903351));
#8063 = CARTESIAN_POINT('',(-4.075889612139,5.74150997626));
#8064 = CARTESIAN_POINT('',(-4.076271460529,5.740559042955));
#8065 = CARTESIAN_POINT('',(-4.076653282884,5.739607059667));
#8066 = CARTESIAN_POINT('',(-4.077035040636,5.738654125811));
#8067 = ( GEOMETRIC_REPRESENTATION_CONTEXT(2) 
PARAMETRIC_REPRESENTATION_CONTEXT() REPRESENTATION_CONTEXT('2D SPACE',''
  ) );
#8068 = ORIENTED_EDGE('',*,*,#6064,.F.);
#8069 = ADVANCED_FACE('',(#8070),#5986,.F.);
#8070 = FACE_BOUND('',#8071,.F.);
#8071 = EDGE_LOOP('',(#8072));
#8072 = ORIENTED_EDGE('',*,*,#5971,.T.);
#8073 = ADVANCED_FACE('',(#8074),#6043,.F.);
#8074 = FACE_BOUND('',#8075,.F.);
#8075 = EDGE_LOOP('',(#8076,#8077,#8100,#8101,#8139,#8173,#8211,#8233,
    #8234));
#8076 = ORIENTED_EDGE('',*,*,#6028,.T.);
#8077 = ORIENTED_EDGE('',*,*,#8078,.T.);
#8078 = EDGE_CURVE('',#6005,#6468,#8079,.T.);
#8079 = SEAM_CURVE('',#8080,(#8086,#8093),.PCURVE_S1.);
#8080 = B_SPLINE_CURVE_WITH_KNOTS('',3,(#8081,#8082,#8083,#8084,#8085),
  .UNSPECIFIED.,.F.,.F.,(4,1,4),(0.,8.579627031521,23.7911647093),
  .UNSPECIFIED.);
#8081 = CARTESIAN_POINT('',(95.345,67.145,34.9));
#8082 = CARTESIAN_POINT('',(94.296578640022,67.145,31.904510400063));
#8083 = CARTESIAN_POINT('',(90.314919892794,67.145,24.894221787894));
#8084 = CARTESIAN_POINT('',(92.639923247212,67.145,18.280891759591));
#8085 = CARTESIAN_POINT('',(92.83735,67.145,11.7));
#8086 = PCURVE('',#6043,#8087);
#8087 = DEFINITIONAL_REPRESENTATION('',(#8088),#8092);
#8088 = LINE('',#8089,#8090);
#8089 = CARTESIAN_POINT('',(0.,0.));
#8090 = VECTOR('',#8091,1.);
#8091 = DIRECTION('',(0.,1.));
#8092 = ( GEOMETRIC_REPRESENTATION_CONTEXT(2) 
PARAMETRIC_REPRESENTATION_CONTEXT() REPRESENTATION_CONTEXT('2D SPACE',''
  ) );
#8093 = PCURVE('',#6043,#8094);
#8094 = DEFINITIONAL_REPRESENTATION('',(#8095),#8099);
#8095 = LINE('',#8096,#8097);
#8096 = CARTESIAN_POINT('',(6.28318530718,0.));
#8097 = VECTOR('',#8098,1.);
#8098 = DIRECTION('',(0.,1.));
#8099 = ( GEOMETRIC_REPRESENTATION_CONTEXT(2) 
PARAMETRIC_REPRESENTATION_CONTEXT() REPRESENTATION_CONTEXT('2D SPACE',''
  ) );
#8100 = ORIENTED_EDGE('',*,*,#6999,.T.);
#8101 = ORIENTED_EDGE('',*,*,#8102,.T.);
#8102 = EDGE_CURVE('',#7000,#8103,#8105,.T.);
#8103 = VERTEX_POINT('',#8104);
#8104 = CARTESIAN_POINT('',(26.637660881737,31.541663862103,15.5));
#8105 = SURFACE_CURVE('',#8106,(#8115,#8127),.PCURVE_S1.);
#8106 = B_SPLINE_CURVE_WITH_KNOTS('',7,(#8107,#8108,#8109,#8110,#8111,
    #8112,#8113,#8114),.UNSPECIFIED.,.F.,.F.,(8,8),(0.,1.),
  .PIECEWISE_BEZIER_KNOTS.);
#8107 = CARTESIAN_POINT('',(26.29198542736,31.466314485452,11.7));
#8108 = CARTESIAN_POINT('',(26.316130843328,31.470194012995,
    12.253143706586));
#8109 = CARTESIAN_POINT('',(26.350754668596,31.475978108215,
    12.803128254708));
#8110 = CARTESIAN_POINT('',(26.394903245841,31.483858742006,
    13.34973611871));
#8111 = CARTESIAN_POINT('',(26.447244152739,31.494148238226,
    13.892807306258));
#8112 = CARTESIAN_POINT('',(26.506222294032,31.507149043774,
    14.432235625896));
#8113 = CARTESIAN_POINT('',(26.570231471508,31.523007418353,
    14.967966922667));
#8114 = CARTESIAN_POINT('',(26.637661185911,31.541663946263,15.5000024)
  );
#8115 = PCURVE('',#6043,#8116);
#8116 = DEFINITIONAL_REPRESENTATION('',(#8117),#8126);
#8117 = B_SPLINE_CURVE_WITH_KNOTS('',7,(#8118,#8119,#8120,#8121,#8122,
    #8123,#8124,#8125),.UNSPECIFIED.,.F.,.F.,(8,8),(0.,1.),
  .PIECEWISE_BEZIER_KNOTS.);
#8118 = CARTESIAN_POINT('',(4.125897053321,23.7911647093));
#8119 = CARTESIAN_POINT('',(4.126316390999,23.364972908282));
#8120 = CARTESIAN_POINT('',(4.126915233423,22.931255322322));
#8121 = CARTESIAN_POINT('',(4.127673152948,22.489964015849));
#8122 = CARTESIAN_POINT('',(4.128561115339,22.041049671674));
#8123 = CARTESIAN_POINT('',(4.129545951385,21.584470319146));
#8124 = CARTESIAN_POINT('',(4.130595247146,21.120203920327));
#8125 = CARTESIAN_POINT('',(4.131678773418,20.648260768108));
#8126 = ( GEOMETRIC_REPRESENTATION_CONTEXT(2) 
PARAMETRIC_REPRESENTATION_CONTEXT() REPRESENTATION_CONTEXT('2D SPACE',''
  ) );
#8127 = PCURVE('',#7638,#8128);
#8128 = DEFINITIONAL_REPRESENTATION('',(#8129),#8138);
#8129 = B_SPLINE_CURVE_WITH_KNOTS('',7,(#8130,#8131,#8132,#8133,#8134,
    #8135,#8136,#8137),.UNSPECIFIED.,.F.,.F.,(8,8),(0.,1.),
  .PIECEWISE_BEZIER_KNOTS.);
#8130 = CARTESIAN_POINT('',(4.871700823904,1.2));
#8131 = CARTESIAN_POINT('',(4.879343042208,1.753143706586));
#8132 = CARTESIAN_POINT('',(4.890312700181,2.303128254708));
#8133 = CARTESIAN_POINT('',(4.904325913924,2.84973611871));
#8134 = CARTESIAN_POINT('',(4.920990225114,3.392807306258));
#8135 = CARTESIAN_POINT('',(4.939853873988,3.932235625896));
#8136 = CARTESIAN_POINT('',(4.96045396659,4.467966922667));
#8137 = CARTESIAN_POINT('',(4.982317428766,5.0000024));
#8138 = ( GEOMETRIC_REPRESENTATION_CONTEXT(2) 
PARAMETRIC_REPRESENTATION_CONTEXT() REPRESENTATION_CONTEXT('2D SPACE',''
  ) );
#8139 = ORIENTED_EDGE('',*,*,#8140,.T.);
#8140 = EDGE_CURVE('',#8103,#8141,#8143,.T.);
#8141 = VERTEX_POINT('',#8142);
#8142 = CARTESIAN_POINT('',(22.585028294546,34.559485432727,15.5));
#8143 = SURFACE_CURVE('',#8144,(#8150,#8159),.PCURVE_S1.);
#8144 = B_SPLINE_CURVE_WITH_KNOTS('',4,(#8145,#8146,#8147,#8148,#8149),
  .UNSPECIFIED.,.F.,.F.,(5,5),(0.,1.),.PIECEWISE_BEZIER_KNOTS.);
#8145 = CARTESIAN_POINT('',(26.815207474944,31.42579187895,15.5));
#8146 = CARTESIAN_POINT('',(25.710367449283,32.142926667648,15.5));
#8147 = CARTESIAN_POINT('',(24.635101760057,32.905627939673,15.5));
#8148 = CARTESIAN_POINT('',(23.592234360966,33.712062631429,15.5));
#8149 = CARTESIAN_POINT('',(22.584341260667,34.560063463109,15.5));
#8150 = PCURVE('',#6043,#8151);
#8151 = DEFINITIONAL_REPRESENTATION('',(#8152),#8158);
#8152 = B_SPLINE_CURVE_WITH_KNOTS('',4,(#8153,#8154,#8155,#8156,#8157),
  .UNSPECIFIED.,.F.,.F.,(5,5),(0.,1.),.PIECEWISE_BEZIER_KNOTS.);
#8153 = CARTESIAN_POINT('',(4.136657453133,20.648262897033));
#8154 = CARTESIAN_POINT('',(4.105726195589,20.648262897033));
#8155 = CARTESIAN_POINT('',(4.074794915421,20.648262897033));
#8156 = CARTESIAN_POINT('',(4.043863637116,20.648262897033));
#8157 = CARTESIAN_POINT('',(4.01293237846,20.648262897033));
#8158 = ( GEOMETRIC_REPRESENTATION_CONTEXT(2) 
PARAMETRIC_REPRESENTATION_CONTEXT() REPRESENTATION_CONTEXT('2D SPACE',''
  ) );
#8159 = PCURVE('',#8160,#8165);
#8160 = PLANE('',#8161);
#8161 = AXIS2_PLACEMENT_3D('',#8162,#8163,#8164);
#8162 = CARTESIAN_POINT('',(25.784341260667,34.62579187895,15.5));
#8163 = DIRECTION('',(0.,0.,1.));
#8164 = DIRECTION('',(1.,0.,-0.));
#8165 = DEFINITIONAL_REPRESENTATION('',(#8166),#8172);
#8166 = B_SPLINE_CURVE_WITH_KNOTS('',4,(#8167,#8168,#8169,#8170,#8171),
  .UNSPECIFIED.,.F.,.F.,(5,5),(0.,1.),.PIECEWISE_BEZIER_KNOTS.);
#8167 = CARTESIAN_POINT('',(1.030866214277,-3.2));
#8168 = CARTESIAN_POINT('',(-7.397381138443E-02,-2.482865211302));
#8169 = CARTESIAN_POINT('',(-1.14923950061,-1.720163939277));
#8170 = CARTESIAN_POINT('',(-2.192106899701,-0.913729247521));
#8171 = CARTESIAN_POINT('',(-3.2,-6.572841584094E-02));
#8172 = ( GEOMETRIC_REPRESENTATION_CONTEXT(2) 
PARAMETRIC_REPRESENTATION_CONTEXT() REPRESENTATION_CONTEXT('2D SPACE',''
  ) );
#8173 = ORIENTED_EDGE('',*,*,#8174,.T.);
#8174 = EDGE_CURVE('',#8141,#8175,#8177,.T.);
#8175 = VERTEX_POINT('',#8176);
#8176 = CARTESIAN_POINT('',(22.611901398241,34.206715132648,11.7));
#8177 = SURFACE_CURVE('',#8178,(#8187,#8199),.PCURVE_S1.);
#8178 = B_SPLINE_CURVE_WITH_KNOTS('',7,(#8179,#8180,#8181,#8182,#8183,
    #8184,#8185,#8186),.UNSPECIFIED.,.F.,.F.,(8,8),(0.,1.),
  .PIECEWISE_BEZIER_KNOTS.);
#8179 = CARTESIAN_POINT('',(22.585028288007,34.559485748261,15.5000024)
  );
#8180 = CARTESIAN_POINT('',(22.586477969587,34.489537690109,
    14.967966922783));
#8181 = CARTESIAN_POINT('',(22.589628200917,34.423668585913,
    14.432235626049));
#8182 = CARTESIAN_POINT('',(22.59407437588,34.363438413864,
    13.892807306331));
#8183 = CARTESIAN_POINT('',(22.599216072045,34.310344089966,
    13.349736118607));
#8184 = CARTESIAN_POINT('',(22.604317875499,34.26578881122,
    12.80312825442));
#8185 = CARTESIAN_POINT('',(22.608698722262,34.230959610619,
    12.253143706265));
#8186 = CARTESIAN_POINT('',(22.611901398241,34.206715132648,11.7));
#8187 = PCURVE('',#6043,#8188);
#8188 = DEFINITIONAL_REPRESENTATION('',(#8189),#8198);
#8189 = B_SPLINE_CURVE_WITH_KNOTS('',7,(#8190,#8191,#8192,#8193,#8194,
    #8195,#8196,#8197),.UNSPECIFIED.,.F.,.F.,(8,8),(0.,1.),
  .PIECEWISE_BEZIER_KNOTS.);
#8190 = CARTESIAN_POINT('',(4.012953457787,20.648260768108));
#8191 = CARTESIAN_POINT('',(4.014036984059,21.120203920225));
#8192 = CARTESIAN_POINT('',(4.01508627982,21.584470319015));
#8193 = CARTESIAN_POINT('',(4.016071115867,22.041049671618));
#8194 = CARTESIAN_POINT('',(4.016959078258,22.489964015941));
#8195 = CARTESIAN_POINT('',(4.017716997783,22.931255322556));
#8196 = CARTESIAN_POINT('',(4.018315840206,23.36497290853));
#8197 = CARTESIAN_POINT('',(4.018735177885,23.7911647093));
#8198 = ( GEOMETRIC_REPRESENTATION_CONTEXT(2) 
PARAMETRIC_REPRESENTATION_CONTEXT() REPRESENTATION_CONTEXT('2D SPACE',''
  ) );
#8199 = PCURVE('',#7638,#8200);
#8200 = DEFINITIONAL_REPRESENTATION('',(#8201),#8210);
#8201 = B_SPLINE_CURVE_WITH_KNOTS('',7,(#8202,#8203,#8204,#8205,#8206,
    #8207,#8208,#8209),.UNSPECIFIED.,.F.,.F.,(8,8),(0.,1.),
  .PIECEWISE_BEZIER_KNOTS.);
#8202 = CARTESIAN_POINT('',(3.162314802439,5.0000024));
#8203 = CARTESIAN_POINT('',(3.18417826461,4.467966922783));
#8204 = CARTESIAN_POINT('',(3.204778357212,3.932235626049));
#8205 = CARTESIAN_POINT('',(3.223642006089,3.392807306331));
#8206 = CARTESIAN_POINT('',(3.240306317286,2.849736118607));
#8207 = CARTESIAN_POINT('',(3.254319531032,2.30312825442));
#8208 = CARTESIAN_POINT('',(3.265289189001,1.753143706265));
#8209 = CARTESIAN_POINT('',(3.272931407301,1.2));
#8210 = ( GEOMETRIC_REPRESENTATION_CONTEXT(2) 
PARAMETRIC_REPRESENTATION_CONTEXT() REPRESENTATION_CONTEXT('2D SPACE',''
  ) );
#8211 = ORIENTED_EDGE('',*,*,#8212,.F.);
#8212 = EDGE_CURVE('',#6107,#8175,#8213,.T.);
#8213 = SURFACE_CURVE('',#8214,(#8219,#8226),.PCURVE_S1.);
#8214 = CIRCLE('',#8215,42.83735);
#8215 = AXIS2_PLACEMENT_3D('',#8216,#8217,#8218);
#8216 = CARTESIAN_POINT('',(50.,67.145,11.7));
#8217 = DIRECTION('',(0.,0.,1.));
#8218 = DIRECTION('',(1.,0.,-0.));
#8219 = PCURVE('',#6043,#8220);
#8220 = DEFINITIONAL_REPRESENTATION('',(#8221),#8225);
#8221 = LINE('',#8222,#8223);
#8222 = CARTESIAN_POINT('',(0.,23.7911647093));
#8223 = VECTOR('',#8224,1.);
#8224 = DIRECTION('',(1.,0.));
#8225 = ( GEOMETRIC_REPRESENTATION_CONTEXT(2) 
PARAMETRIC_REPRESENTATION_CONTEXT() REPRESENTATION_CONTEXT('2D SPACE',''
  ) );
#8226 = PCURVE('',#6344,#8227);
#8227 = DEFINITIONAL_REPRESENTATION('',(#8228),#8232);
#8228 = LINE('',#8229,#8230);
#8229 = CARTESIAN_POINT('',(-0.,5.738654125811));
#8230 = VECTOR('',#8231,1.);
#8231 = DIRECTION('',(-1.,0.));
#8232 = ( GEOMETRIC_REPRESENTATION_CONTEXT(2) 
PARAMETRIC_REPRESENTATION_CONTEXT() REPRESENTATION_CONTEXT('2D SPACE',''
  ) );
#8233 = ORIENTED_EDGE('',*,*,#6467,.T.);
#8234 = ORIENTED_EDGE('',*,*,#8078,.F.);
#8235 = ADVANCED_FACE('',(#8236),#6344,.T.);
#8236 = FACE_BOUND('',#8237,.F.);
#8237 = EDGE_LOOP('',(#8238,#8239,#8240,#8241));
#8238 = ORIENTED_EDGE('',*,*,#7694,.F.);
#8239 = ORIENTED_EDGE('',*,*,#6106,.F.);
#8240 = ORIENTED_EDGE('',*,*,#8212,.T.);
#8241 = ORIENTED_EDGE('',*,*,#8242,.T.);
#8242 = EDGE_CURVE('',#8175,#7545,#8243,.T.);
#8243 = SURFACE_CURVE('',#8244,(#8252,#8263),.PCURVE_S1.);
#8244 = B_SPLINE_CURVE_WITH_KNOTS('',6,(#8245,#8246,#8247,#8248,#8249,
    #8250,#8251),.UNSPECIFIED.,.F.,.F.,(7,7),(0.,1.),
  .PIECEWISE_BEZIER_KNOTS.);
#8245 = CARTESIAN_POINT('',(22.611901398241,34.206715132648,11.7));
#8246 = CARTESIAN_POINT('',(22.617260549271,34.166145989865,
    11.654148638521));
#8247 = CARTESIAN_POINT('',(22.622614693087,34.130408753956,
    11.60599202672));
#8248 = CARTESIAN_POINT('',(22.627615208595,34.100044236519,
    11.555827832278));
#8249 = CARTESIAN_POINT('',(22.631902258951,34.075612139973,
    11.504002196419));
#8250 = CARTESIAN_POINT('',(22.63516667961,34.057609033942,
    11.450939038942));
#8251 = CARTESIAN_POINT('',(22.637249531206,34.046297576685,
    11.397162522254));
#8252 = PCURVE('',#6344,#8253);
#8253 = DEFINITIONAL_REPRESENTATION('',(#8254),#8262);
#8254 = B_SPLINE_CURVE_WITH_KNOTS('',6,(#8255,#8256,#8257,#8258,#8259,
    #8260,#8261),.UNSPECIFIED.,.F.,.F.,(7,7),(0.,1.),
  .PIECEWISE_BEZIER_KNOTS.);
#8255 = CARTESIAN_POINT('',(-4.018735177885,5.738654125811));
#8256 = CARTESIAN_POINT('',(-4.019436870458,5.806245497509));
#8257 = CARTESIAN_POINT('',(-4.020065265126,5.873914974294));
#8258 = CARTESIAN_POINT('',(-4.020606517409,5.941765441169));
#8259 = CARTESIAN_POINT('',(-4.02104630859,6.009845653613));
#8260 = CARTESIAN_POINT('',(-4.021372089391,6.078156498312));
#8261 = CARTESIAN_POINT('',(-4.021577296632,6.146602695934));
#8262 = ( GEOMETRIC_REPRESENTATION_CONTEXT(2) 
PARAMETRIC_REPRESENTATION_CONTEXT() REPRESENTATION_CONTEXT('2D SPACE',''
  ) );
#8263 = PCURVE('',#7638,#8264);
#8264 = DEFINITIONAL_REPRESENTATION('',(#8265),#8273);
#8265 = B_SPLINE_CURVE_WITH_KNOTS('',6,(#8266,#8267,#8268,#8269,#8270,
    #8271,#8272),.UNSPECIFIED.,.F.,.F.,(7,7),(0.,1.),
  .PIECEWISE_BEZIER_KNOTS.);
#8266 = CARTESIAN_POINT('',(3.272931407301,1.2));
#8267 = CARTESIAN_POINT('',(3.285719401571,1.154148638521));
#8268 = CARTESIAN_POINT('',(3.297010216704,1.10599202672));
#8269 = CARTESIAN_POINT('',(3.306625853715,1.055827832278));
#8270 = CARTESIAN_POINT('',(3.314377380039,1.004002196419));
#8271 = CARTESIAN_POINT('',(3.320095061764,0.950939038942));
#8272 = CARTESIAN_POINT('',(3.323689319011,0.897162522254));
#8273 = ( GEOMETRIC_REPRESENTATION_CONTEXT(2) 
PARAMETRIC_REPRESENTATION_CONTEXT() REPRESENTATION_CONTEXT('2D SPACE',''
  ) );
#8274 = ADVANCED_FACE('',(#8275),#7638,.T.);
#8275 = FACE_BOUND('',#8276,.T.);
#8276 = EDGE_LOOP('',(#8277,#8299,#8300,#8301,#8302));
#8277 = ORIENTED_EDGE('',*,*,#8278,.F.);
#8278 = EDGE_CURVE('',#8141,#8103,#8279,.T.);
#8279 = SURFACE_CURVE('',#8280,(#8285,#8292),.PCURVE_S1.);
#8280 = CIRCLE('',#8281,3.2);
#8281 = AXIS2_PLACEMENT_3D('',#8282,#8283,#8284);
#8282 = CARTESIAN_POINT('',(25.784341260667,34.62579187895,15.5));
#8283 = DIRECTION('',(0.,0.,1.));
#8284 = DIRECTION('',(1.,0.,-0.));
#8285 = PCURVE('',#7638,#8286);
#8286 = DEFINITIONAL_REPRESENTATION('',(#8287),#8291);
#8287 = LINE('',#8288,#8289);
#8288 = CARTESIAN_POINT('',(0.,5.));
#8289 = VECTOR('',#8290,1.);
#8290 = DIRECTION('',(1.,0.));
#8291 = ( GEOMETRIC_REPRESENTATION_CONTEXT(2) 
PARAMETRIC_REPRESENTATION_CONTEXT() REPRESENTATION_CONTEXT('2D SPACE',''
  ) );
#8292 = PCURVE('',#8160,#8293);
#8293 = DEFINITIONAL_REPRESENTATION('',(#8294),#8298);
#8294 = CIRCLE('',#8295,3.2);
#8295 = AXIS2_PLACEMENT_2D('',#8296,#8297);
#8296 = CARTESIAN_POINT('',(0.,0.));
#8297 = DIRECTION('',(1.,0.));
#8298 = ( GEOMETRIC_REPRESENTATION_CONTEXT(2) 
PARAMETRIC_REPRESENTATION_CONTEXT() REPRESENTATION_CONTEXT('2D SPACE',''
  ) );
#8299 = ORIENTED_EDGE('',*,*,#8174,.T.);
#8300 = ORIENTED_EDGE('',*,*,#8242,.T.);
#8301 = ORIENTED_EDGE('',*,*,#7544,.F.);
#8302 = ORIENTED_EDGE('',*,*,#8102,.T.);
#8303 = ADVANCED_FACE('',(#8304),#8160,.T.);
#8304 = FACE_BOUND('',#8305,.T.);
#8305 = EDGE_LOOP('',(#8306,#8307));
#8306 = ORIENTED_EDGE('',*,*,#8140,.T.);
#8307 = ORIENTED_EDGE('',*,*,#8278,.T.);
#8308 = ( GEOMETRIC_REPRESENTATION_CONTEXT(3) 
GLOBAL_UNCERTAINTY_ASSIGNED_CONTEXT((#8312)) 
GLOBAL_UNIT_ASSIGNED_CONTEXT((#8309,#8310,#8311)) REPRESENTATION_CONTEXT
('Context #1','3D Context with UNIT and UNCERTAINTY') );
#8309 = ( LENGTH_UNIT() NAMED_UNIT(*) SI_UNIT(.MILLI.,.METRE.) );
#8310 = ( NAMED_UNIT(*) PLANE_ANGLE_UNIT() SI_UNIT($,.RADIAN.) );
#8311 = ( NAMED_UNIT(*) SI_UNIT($,.STERADIAN.) SOLID_ANGLE_UNIT() );
#8312 = UNCERTAINTY_MEASURE_WITH_UNIT(LENGTH_MEASURE(2.E-06),#8309,
  'distance_accuracy_value','confusion accuracy');
#8313 = PRODUCT_RELATED_PRODUCT_CATEGORY('part',$,(#7));
ENDSEC;
END-ISO-10303-21;
